Algorithm: PageRank
Damping: 0.850000
Vertex ranks:
0 0.000067
1 0.000073
2 0.000063
3 0.000095
4 0.000109
5 0.000093
6 0.000093
7 0.000084
8 0.000091
9 0.000085
10 0.000074
11 0.000114
12 0.000137
13 0.000111
14 0.000108
15 0.000110
16 0.000111
17 0.000069
18 0.000085
19 0.000087
20 0.000058
21 0.000076
22 0.000070
23 0.000038
24 0.000110
25 0.000080
26 0.000093
27 0.000053
28 0.000084
29 0.000041
30 0.000161
31 0.000183
32 0.000158
33 0.000131
34 0.000127
35 0.000131
36 0.000043
37 0.000034
38 0.000064
39 0.000033
40 0.000107
41 0.000088
42 0.000059
43 0.000085
44 0.000138
45 0.000106
46 0.000025
47 0.000109
48 0.000136
49 0.000129
50 0.000074
51 0.000064
52 0.000093
53 0.000134
54 0.000191
55 0.000098
56 0.000166
57 0.000079
58 0.000119
59 0.000157
60 0.000134
61 0.000167
62 0.000138
63 0.000188
64 0.000119
65 0.000088
66 0.000074
67 0.000084
68 0.000109
69 0.000055
70 0.000137
71 0.000102
72 0.000194
73 0.000149
74 0.000085
75 0.000111
76 0.000108
77 0.000135
78 0.000096
79 0.000074
80 0.000078
81 0.000125
82 0.000171
83 0.000146
84 0.000113
85 0.000075
86 0.000109
87 0.000132
88 0.000111
89 0.000062
90 0.000062
91 0.000053
92 0.000072
93 0.000111
94 0.000104
95 0.000139
96 0.000122
97 0.000136
98 0.000073
99 0.000121
100 0.000108
101 0.000077
102 0.000055
103 0.000083
104 0.000065
105 0.000187
106 0.000097
107 0.000097
108 0.000068
109 0.000158
110 0.000113
111 0.000062
112 0.000104
113 0.000127
114 0.000052
115 0.000129
116 0.000146
117 0.000122
118 0.000095
119 0.000069
120 0.000064
121 0.000052
122 0.000124
123 0.000201
124 0.000174
125 0.000096
126 0.000120
127 0.000097
128 0.000085
129 0.000076
130 0.000204
131 0.000171
132 0.000059
133 0.000050
134 0.000110
135 0.000181
136 0.000131
137 0.000144
138 0.000113
139 0.000159
140 0.000252
141 0.000137
142 0.000159
143 0.000064
144 0.000084
145 0.000096
146 0.000139
147 0.000062
148 0.000093
149 0.000090
150 0.000067
151 0.000100
152 0.000125
153 0.000123
154 0.000084
155 0.000119
156 0.000173
157 0.000160
158 0.000086
159 0.000137
160 0.000135
161 0.000067
162 0.000065
163 0.000104
164 0.000108
165 0.000120
166 0.000056
167 0.000075
168 0.000092
169 0.000057
170 0.000071
171 0.000085
172 0.000112
173 0.000055
174 0.000061
175 0.000086
176 0.000177
177 0.000245
178 0.000116
179 0.000111
180 0.000097
181 0.000111
182 0.000094
183 0.000121
184 0.000082
185 0.000136
186 0.000085
187 0.000090
188 0.000125
189 0.000046
190 0.000120
191 0.000115
192 0.000084
193 0.000151
194 0.000082
195 0.000112
196 0.000221
197 0.000113
198 0.000063
199 0.000086
200 0.000096
201 0.000076
202 0.000115
203 0.000093
204 0.000068
205 0.000113
206 0.000136
207 0.000060
208 0.000209
209 0.000117
210 0.000093
211 0.000096
212 0.000051
213 0.000175
214 0.000143
215 0.000084
216 0.000059
217 0.000121
218 0.000070
219 0.000117
220 0.000129
221 0.000033
222 0.000093
223 0.000066
224 0.000103
225 0.000180
226 0.000084
227 0.000118
228 0.000067
229 0.000074
230 0.000091
231 0.000108
232 0.000110
233 0.000106
234 0.000083
235 0.000114
236 0.000035
237 0.000073
238 0.000079
239 0.000103
240 0.000081
241 0.000063
242 0.000069
243 0.000049
244 0.000085
245 0.000087
246 0.000060
247 0.000075
248 0.000097
249 0.000134
250 0.000124
251 0.000122
252 0.000025
253 0.000040
254 0.000050
255 0.000139
256 0.000092
257 0.000170
258 0.000144
259 0.000123
260 0.000115
261 0.000069
262 0.000099
263 0.000132
264 0.000221
265 0.000097
266 0.000042
267 0.000077
268 0.000106
269 0.000125
270 0.000104
271 0.000150
272 0.000065
273 0.000075
274 0.000064
275 0.000116
276 0.000120
277 0.000104
278 0.000103
279 0.000070
280 0.000041
281 0.000068
282 0.000061
283 0.000065
284 0.000067
285 0.000174
286 0.000116
287 0.000183
288 0.000062
289 0.000145
290 0.000092
291 0.000055
292 0.000037
293 0.000142
294 0.000035
295 0.000098
296 0.000141
297 0.000054
298 0.000060
299 0.000036
300 0.000127
301 0.000107
302 0.000128
303 0.000121
304 0.000100
305 0.000084
306 0.000112
307 0.000059
308 0.000120
309 0.000115
310 0.000091
311 0.000135
312 0.000096
313 0.000069
314 0.000110
315 0.000136
316 0.000093
317 0.000153
318 0.000093
319 0.000081
320 0.000081
321 0.000155
322 0.000131
323 0.000090
324 0.000167
325 0.000118
326 0.000049
327 0.000062
328 0.000116
329 0.000094
330 0.000098
331 0.000129
332 0.000131
333 0.000075
334 0.000057
335 0.000027
336 0.000049
337 0.000047
338 0.000112
339 0.000156
340 0.000063
341 0.000091
342 0.000052
343 0.000126
344 0.000069
345 0.000136
346 0.000090
347 0.000132
348 0.000139
349 0.000170
350 0.000081
351 0.000076
352 0.000138
353 0.000099
354 0.000083
355 0.000061
356 0.000086
357 0.000135
358 0.000127
359 0.000108
360 0.000108
361 0.000121
362 0.000104
363 0.000143
364 0.000206
365 0.000138
366 0.000056
367 0.000103
368 0.000088
369 0.000093
370 0.000068
371 0.000108
372 0.000058
373 0.000065
374 0.000157
375 0.000083
376 0.000167
377 0.000185
378 0.000133
379 0.000097
380 0.000098
381 0.000115
382 0.000066
383 0.000072
384 0.000113
385 0.000105
386 0.000025
387 0.000068
388 0.000123
389 0.000127
390 0.000186
391 0.000096
392 0.000085
393 0.000073
394 0.000090
395 0.000120
396 0.000161
397 0.000068
398 0.000113
399 0.000109
400 0.000080
401 0.000077
402 0.000075
403 0.000112
404 0.000062
405 0.000145
406 0.000138
407 0.000112
408 0.000057
409 0.000047
410 0.000096
411 0.000109
412 0.000093
413 0.000139
414 0.000067
415 0.000103
416 0.000122
417 0.000108
418 0.000057
419 0.000056
420 0.000060
421 0.000059
422 0.000236
423 0.000084
424 0.000090
425 0.000070
426 0.000047
427 0.000084
428 0.000076
429 0.000110
430 0.000148
431 0.000123
432 0.000111
433 0.000084
434 0.000077
435 0.000098
436 0.000127
437 0.000150
438 0.000082
439 0.000055
440 0.000162
441 0.000139
442 0.000088
443 0.000123
444 0.000183
445 0.000041
446 0.000146
447 0.000073
448 0.000127
449 0.000127
450 0.000094
451 0.000107
452 0.000090
453 0.000075
454 0.000099
455 0.000146
456 0.000044
457 0.000069
458 0.000060
459 0.000175
460 0.000065
461 0.000079
462 0.000115
463 0.000061
464 0.000121
465 0.000154
466 0.000158
467 0.000133
468 0.000146
469 0.000184
470 0.000130
471 0.000059
472 0.000078
473 0.000152
474 0.000115
475 0.000167
476 0.000113
477 0.000072
478 0.000145
479 0.000090
480 0.000102
481 0.000158
482 0.000090
483 0.000069
484 0.000066
485 0.000024
486 0.000179
487 0.000040
488 0.000057
489 0.000075
490 0.000130
491 0.000132
492 0.000070
493 0.000040
494 0.000036
495 0.000060
496 0.000087
497 0.000158
498 0.000082
499 0.000048
500 0.000098
501 0.000139
502 0.000067
503 0.000123
504 0.000081
505 0.000067
506 0.000059
507 0.000088
508 0.000124
509 0.000032
510 0.000148
511 0.000087
512 0.000081
513 0.000125
514 0.000127
515 0.000064
516 0.000105
517 0.000103
518 0.000110
519 0.000141
520 0.000193
521 0.000169
522 0.000156
523 0.000077
524 0.000035
525 0.000028
526 0.000113
527 0.000069
528 0.000128
529 0.000090
530 0.000101
531 0.000041
532 0.000027
533 0.000068
534 0.000112
535 0.000085
536 0.000052
537 0.000191
538 0.000185
539 0.000092
540 0.000112
541 0.000085
542 0.000044
543 0.000063
544 0.000034
545 0.000125
546 0.000063
547 0.000051
548 0.000056
549 0.000064
550 0.000062
551 0.000022
552 0.000176
553 0.000104
554 0.000066
555 0.000104
556 0.000057
557 0.000114
558 0.000104
559 0.000060
560 0.000070
561 0.000120
562 0.000088
563 0.000072
564 0.000048
565 0.000125
566 0.000090
567 0.000115
568 0.000039
569 0.000135
570 0.000098
571 0.000169
572 0.000072
573 0.000129
574 0.000173
575 0.000113
576 0.000192
577 0.000101
578 0.000159
579 0.000054
580 0.000033
581 0.000101
582 0.000182
583 0.000071
584 0.000067
585 0.000091
586 0.000072
587 0.000067
588 0.000060
589 0.000084
590 0.000152
591 0.000204
592 0.000053
593 0.000112
594 0.000056
595 0.000052
596 0.000137
597 0.000121
598 0.000083
599 0.000061
600 0.000168
601 0.000170
602 0.000059
603 0.000162
604 0.000106
605 0.000046
606 0.000057
607 0.000082
608 0.000061
609 0.000053
610 0.000115
611 0.000041
612 0.000131
613 0.000057
614 0.000070
615 0.000044
616 0.000103
617 0.000125
618 0.000232
619 0.000125
620 0.000039
621 0.000080
622 0.000057
623 0.000124
624 0.000086
625 0.000077
626 0.000119
627 0.000104
628 0.000103
629 0.000119
630 0.000077
631 0.000117
632 0.000102
633 0.000114
634 0.000129
635 0.000110
636 0.000076
637 0.000116
638 0.000048
639 0.000145
640 0.000109
641 0.000056
642 0.000062
643 0.000068
644 0.000071
645 0.000058
646 0.000113
647 0.000112
648 0.000083
649 0.000071
650 0.000078
651 0.000085
652 0.000052
653 0.000057
654 0.000043
655 0.000110
656 0.000117
657 0.000107
658 0.000070
659 0.000107
660 0.000086
661 0.000087
662 0.000034
663 0.000107
664 0.000067
665 0.000121
666 0.000062
667 0.000079
668 0.000113
669 0.000090
670 0.000028
671 0.000139
672 0.000082
673 0.000067
674 0.000064
675 0.000105
676 0.000139
677 0.000035
678 0.000069
679 0.000242
680 0.000079
681 0.000228
682 0.000115
683 0.000101
684 0.000132
685 0.000192
686 0.000122
687 0.000130
688 0.000184
689 0.000120
690 0.000144
691 0.000184
692 0.000121
693 0.000037
694 0.000072
695 0.000050
696 0.000062
697 0.000127
698 0.000099
699 0.000175
700 0.000225
701 0.000212
702 0.000184
703 0.000102
704 0.000090
705 0.000083
706 0.000085
707 0.000055
708 0.000054
709 0.000040
710 0.000104
711 0.000141
712 0.000185
713 0.000159
714 0.000050
715 0.000127
716 0.000059
717 0.000096
718 0.000179
719 0.000140
720 0.000205
721 0.000159
722 0.000113
723 0.000096
724 0.000063
725 0.000078
726 0.000076
727 0.000086
728 0.000083
729 0.000221
730 0.000163
731 0.000139
732 0.000074
733 0.000128
734 0.000139
735 0.000116
736 0.000071
737 0.000092
738 0.000148
739 0.000117
740 0.000101
741 0.000097
742 0.000120
743 0.000193
744 0.000205
745 0.000117
746 0.000052
747 0.000074
748 0.000084
749 0.000091
750 0.000087
751 0.000053
752 0.000145
753 0.000081
754 0.000073
755 0.000168
756 0.000126
757 0.000199
758 0.000074
759 0.000110
760 0.000116
761 0.000086
762 0.000055
763 0.000085
764 0.000103
765 0.000076
766 0.000052
767 0.000132
768 0.000067
769 0.000073
770 0.000109
771 0.000135
772 0.000159
773 0.000084
774 0.000119
775 0.000064
776 0.000075
777 0.000073
778 0.000117
779 0.000113
780 0.000066
781 0.000189
782 0.000100
783 0.000099
784 0.000158
785 0.000196
786 0.000158
787 0.000112
788 0.000039
789 0.000090
790 0.000104
791 0.000142
792 0.000111
793 0.000153
794 0.000076
795 0.000112
796 0.000081
797 0.000094
798 0.000103
799 0.000089
800 0.000028
801 0.000070
802 0.000068
803 0.000119
804 0.000065
805 0.000086
806 0.000177
807 0.000048
808 0.000074
809 0.000061
810 0.000163
811 0.000176
812 0.000077
813 0.000176
814 0.000122
815 0.000093
816 0.000049
817 0.000043
818 0.000081
819 0.000161
820 0.000061
821 0.000055
822 0.000039
823 0.000036
824 0.000088
825 0.000128
826 0.000059
827 0.000091
828 0.000080
829 0.000092
830 0.000085
831 0.000150
832 0.000066
833 0.000061
834 0.000104
835 0.000118
836 0.000129
837 0.000109
838 0.000064
839 0.000097
840 0.000147
841 0.000128
842 0.000125
843 0.000099
844 0.000145
845 0.000104
846 0.000133
847 0.000087
848 0.000154
849 0.000079
850 0.000073
851 0.000124
852 0.000083
853 0.000056
854 0.000067
855 0.000058
856 0.000023
857 0.000133
858 0.000116
859 0.000114
860 0.000075
861 0.000133
862 0.000045
863 0.000056
864 0.000043
865 0.000041
866 0.000134
867 0.000118
868 0.000107
869 0.000174
870 0.000090
871 0.000078
872 0.000063
873 0.000055
874 0.000072
875 0.000057
876 0.000025
877 0.000058
878 0.000067
879 0.000100
880 0.000090
881 0.000035
882 0.000115
883 0.000146
884 0.000083
885 0.000132
886 0.000177
887 0.000062
888 0.000053
889 0.000140
890 0.000058
891 0.000055
892 0.000046
893 0.000051
894 0.000133
895 0.000080
896 0.000115
897 0.000068
898 0.000184
899 0.000221
900 0.000253
901 0.000097
902 0.000035
903 0.000146
904 0.000069
905 0.000124
906 0.000075
907 0.000086
908 0.000075
909 0.000092
910 0.000076
911 0.000102
912 0.000230
913 0.000165
914 0.000053
915 0.000200
916 0.000121
917 0.000125
918 0.000079
919 0.000046
920 0.000068
921 0.000085
922 0.000061
923 0.000055
924 0.000089
925 0.000065
926 0.000043
927 0.000195
928 0.000100
929 0.000071
930 0.000134
931 0.000042
932 0.000044
933 0.000050
934 0.000065
935 0.000083
936 0.000084
937 0.000153
938 0.000058
939 0.000083
940 0.000086
941 0.000100
942 0.000119
943 0.000162
944 0.000055
945 0.000140
946 0.000073
947 0.000172
948 0.000095
949 0.000067
950 0.000085
951 0.000146
952 0.000095
953 0.000138
954 0.000123
955 0.000094
956 0.000120
957 0.000084
958 0.000049
959 0.000067
960 0.000047
961 0.000069
962 0.000034
963 0.000110
964 0.000080
965 0.000082
966 0.000101
967 0.000074
968 0.000100
969 0.000081
970 0.000048
971 0.000098
972 0.000071
973 0.000062
974 0.000176
975 0.000100
976 0.000124
977 0.000070
978 0.000077
979 0.000067
980 0.000092
981 0.000044
982 0.000129
983 0.000061
984 0.000117
985 0.000158
986 0.000062
987 0.000034
988 0.000048
989 0.000094
990 0.000124
991 0.000137
992 0.000107
993 0.000038
994 0.000103
995 0.000064
996 0.000173
997 0.000213
998 0.000103
999 0.000154
1000 0.000081
1001 0.000134
1002 0.000108
1003 0.000052
1004 0.000124
1005 0.000093
1006 0.000131
1007 0.000083
1008 0.000038
1009 0.000164
1010 0.000094
1011 0.000103
1012 0.000118
1013 0.000090
1014 0.000081
1015 0.000059
1016 0.000054
1017 0.000061
1018 0.000089
1019 0.000039
1020 0.000074
1021 0.000121
1022 0.000046
1023 0.000065
1024 0.000175
1025 0.000153
1026 0.000162
1027 0.000094
1028 0.000128
1029 0.000102
1030 0.000090
1031 0.000075
1032 0.000128
1033 0.000096
1034 0.000049
1035 0.000087
1036 0.000072
1037 0.000083
1038 0.000119
1039 0.000087
1040 0.000108
1041 0.000200
1042 0.000084
1043 0.000080
1044 0.000151
1045 0.000076
1046 0.000054
1047 0.000109
1048 0.000139
1049 0.000079
1050 0.000086
1051 0.000108
1052 0.000099
1053 0.000135
1054 0.000163
1055 0.000166
1056 0.000140
1057 0.000182
1058 0.000101
1059 0.000080
1060 0.000093
1061 0.000105
1062 0.000090
1063 0.000074
1064 0.000028
1065 0.000147
1066 0.000163
1067 0.000154
1068 0.000122
1069 0.000093
1070 0.000117
1071 0.000164
1072 0.000187
1073 0.000099
1074 0.000067
1075 0.000098
1076 0.000050
1077 0.000112
1078 0.000107
1079 0.000183
1080 0.000122
1081 0.000094
1082 0.000034
1083 0.000105
1084 0.000079
1085 0.000067
1086 0.000059
1087 0.000059
1088 0.000082
1089 0.000137
1090 0.000160
1091 0.000179
1092 0.000076
1093 0.000100
1094 0.000066
1095 0.000034
1096 0.000074
1097 0.000174
1098 0.000143
1099 0.000077
1100 0.000163
1101 0.000055
1102 0.000125
1103 0.000118
1104 0.000071
1105 0.000067
1106 0.000094
1107 0.000083
1108 0.000071
1109 0.000094
1110 0.000041
1111 0.000040
1112 0.000146
1113 0.000158
1114 0.000141
1115 0.000126
1116 0.000126
1117 0.000081
1118 0.000088
1119 0.000081
1120 0.000117
1121 0.000088
1122 0.000078
1123 0.000061
1124 0.000110
1125 0.000120
1126 0.000062
1127 0.000118
1128 0.000131
1129 0.000094
1130 0.000131
1131 0.000052
1132 0.000038
1133 0.000086
1134 0.000077
1135 0.000055
1136 0.000050
1137 0.000072
1138 0.000159
1139 0.000124
1140 0.000099
1141 0.000068
1142 0.000055
1143 0.000097
1144 0.000057
1145 0.000133
1146 0.000125
1147 0.000097
1148 0.000140
1149 0.000078
1150 0.000048
1151 0.000106
1152 0.000048
1153 0.000126
1154 0.000135
1155 0.000096
1156 0.000097
1157 0.000112
1158 0.000126
1159 0.000080
1160 0.000126
1161 0.000126
1162 0.000077
1163 0.000041
1164 0.000084
1165 0.000042
1166 0.000057
1167 0.000048
1168 0.000088
1169 0.000103
1170 0.000206
1171 0.000076
1172 0.000113
1173 0.000110
1174 0.000086
1175 0.000122
1176 0.000076
1177 0.000092
1178 0.000077
1179 0.000105
1180 0.000088
1181 0.000030
1182 0.000121
1183 0.000105
1184 0.000098
1185 0.000150
1186 0.000159
1187 0.000084
1188 0.000063
1189 0.000063
1190 0.000079
1191 0.000097
1192 0.000192
1193 0.000141
1194 0.000120
1195 0.000064
1196 0.000122
1197 0.000058
1198 0.000095
1199 0.000102
1200 0.000175
1201 0.000110
1202 0.000157
1203 0.000079
1204 0.000128
1205 0.000101
1206 0.000085
1207 0.000108
1208 0.000080
1209 0.000067
1210 0.000039
1211 0.000134
1212 0.000076
1213 0.000177
1214 0.000112
1215 0.000027
1216 0.000020
1217 0.000132
1218 0.000086
1219 0.000039
1220 0.000104
1221 0.000109
1222 0.000219
1223 0.000136
1224 0.000170
1225 0.000123
1226 0.000154
1227 0.000087
1228 0.000109
1229 0.000114
1230 0.000146
1231 0.000031
1232 0.000128
1233 0.000098
1234 0.000096
1235 0.000140
1236 0.000145
1237 0.000097
1238 0.000108
1239 0.000103
1240 0.000094
1241 0.000101
1242 0.000084
1243 0.000090
1244 0.000053
1245 0.000050
1246 0.000144
1247 0.000152
1248 0.000132
1249 0.000176
1250 0.000060
1251 0.000034
1252 0.000108
1253 0.000149
1254 0.000063
1255 0.000065
1256 0.000075
1257 0.000101
1258 0.000100
1259 0.000167
1260 0.000100
1261 0.000065
1262 0.000055
1263 0.000031
1264 0.000144
1265 0.000156
1266 0.000256
1267 0.000134
1268 0.000228
1269 0.000067
1270 0.000092
1271 0.000041
1272 0.000054
1273 0.000155
1274 0.000053
1275 0.000021
1276 0.000056
1277 0.000109
1278 0.000093
1279 0.000106
1280 0.000068
1281 0.000190
1282 0.000105
1283 0.000130
1284 0.000051
1285 0.000119
1286 0.000054
1287 0.000068
1288 0.000153
1289 0.000116
1290 0.000069
1291 0.000094
1292 0.000101
1293 0.000090
1294 0.000055
1295 0.000087
1296 0.000125
1297 0.000071
1298 0.000111
1299 0.000073
1300 0.000139
1301 0.000063
1302 0.000086
1303 0.000049
1304 0.000103
1305 0.000141
1306 0.000098
1307 0.000094
1308 0.000070
1309 0.000155
1310 0.000139
1311 0.000090
1312 0.000071
1313 0.000162
1314 0.000078
1315 0.000125
1316 0.000137
1317 0.000115
1318 0.000170
1319 0.000108
1320 0.000160
1321 0.000090
1322 0.000079
1323 0.000084
1324 0.000188
1325 0.000212
1326 0.000089
1327 0.000095
1328 0.000140
1329 0.000067
1330 0.000108
1331 0.000073
1332 0.000143
1333 0.000142
1334 0.000144
1335 0.000100
1336 0.000062
1337 0.000049
1338 0.000046
1339 0.000069
1340 0.000116
1341 0.000060
1342 0.000127
1343 0.000155
1344 0.000105
1345 0.000068
1346 0.000101
1347 0.000032
1348 0.000033
1349 0.000087
1350 0.000153
1351 0.000135
1352 0.000053
1353 0.000084
1354 0.000074
1355 0.000125
1356 0.000233
1357 0.000112
1358 0.000078
1359 0.000052
1360 0.000034
1361 0.000100
1362 0.000090
1363 0.000046
1364 0.000040
1365 0.000094
1366 0.000142
1367 0.000091
1368 0.000061
1369 0.000039
1370 0.000168
1371 0.000165
1372 0.000123
1373 0.000087
1374 0.000126
1375 0.000105
1376 0.000064
1377 0.000130
1378 0.000120
1379 0.000102
1380 0.000046
1381 0.000125
1382 0.000070
1383 0.000085
1384 0.000070
1385 0.000059
1386 0.000085
1387 0.000045
1388 0.000102
1389 0.000218
1390 0.000084
1391 0.000075
1392 0.000097
1393 0.000138
1394 0.000087
1395 0.000076
1396 0.000118
1397 0.000088
1398 0.000092
1399 0.000083
1400 0.000149
1401 0.000099
1402 0.000146
1403 0.000199
1404 0.000179
1405 0.000094
1406 0.000136
1407 0.000104
1408 0.000119
1409 0.000088
1410 0.000089
1411 0.000132
1412 0.000101
1413 0.000116
1414 0.000064
1415 0.000077
1416 0.000186
1417 0.000139
1418 0.000087
1419 0.000076
1420 0.000103
1421 0.000129
1422 0.000046
1423 0.000079
1424 0.000106
1425 0.000075
1426 0.000124
1427 0.000077
1428 0.000082
1429 0.000044
1430 0.000160
1431 0.000102
1432 0.000047
1433 0.000080
1434 0.000135
1435 0.000134
1436 0.000081
1437 0.000102
1438 0.000116
1439 0.000140
1440 0.000068
1441 0.000102
1442 0.000096
1443 0.000080
1444 0.000047
1445 0.000074
1446 0.000077
1447 0.000075
1448 0.000144
1449 0.000060
1450 0.000061
1451 0.000064
1452 0.000162
1453 0.000129
1454 0.000087
1455 0.000101
1456 0.000091
1457 0.000042
1458 0.000122
1459 0.000136
1460 0.000095
1461 0.000108
1462 0.000135
1463 0.000107
1464 0.000128
1465 0.000107
1466 0.000063
1467 0.000108
1468 0.000073
1469 0.000079
1470 0.000160
1471 0.000124
1472 0.000102
1473 0.000072
1474 0.000100
1475 0.000069
1476 0.000080
1477 0.000112
1478 0.000084
1479 0.000103
1480 0.000175
1481 0.000086
1482 0.000035
1483 0.000116
1484 0.000133
1485 0.000256
1486 0.000139
1487 0.000158
1488 0.000086
1489 0.000098
1490 0.000053
1491 0.000129
1492 0.000115
1493 0.000089
1494 0.000080
1495 0.000149
1496 0.000097
1497 0.000150
1498 0.000197
1499 0.000039
1500 0.000045
1501 0.000093
1502 0.000118
1503 0.000108
1504 0.000156
1505 0.000051
1506 0.000135
1507 0.000071
1508 0.000048
1509 0.000112
1510 0.000051
1511 0.000101
1512 0.000092
1513 0.000087
1514 0.000152
1515 0.000064
1516 0.000059
1517 0.000105
1518 0.000121
1519 0.000140
1520 0.000100
1521 0.000139
1522 0.000108
1523 0.000054
1524 0.000081
1525 0.000155
1526 0.000152
1527 0.000073
1528 0.000102
1529 0.000051
1530 0.000038
1531 0.000188
1532 0.000146
1533 0.000112
1534 0.000049
1535 0.000120
1536 0.000074
1537 0.000107
1538 0.000084
1539 0.000120
1540 0.000102
1541 0.000111
1542 0.000143
1543 0.000123
1544 0.000053
1545 0.000082
1546 0.000223
1547 0.000149
1548 0.000135
1549 0.000186
1550 0.000112
1551 0.000200
1552 0.000071
1553 0.000100
1554 0.000121
1555 0.000091
1556 0.000094
1557 0.000128
1558 0.000086
1559 0.000158
1560 0.000149
1561 0.000110
1562 0.000126
1563 0.000146
1564 0.000124
1565 0.000133
1566 0.000094
1567 0.000122
1568 0.000214
1569 0.000085
1570 0.000195
1571 0.000151
1572 0.000077
1573 0.000086
1574 0.000126
1575 0.000135
1576 0.000118
1577 0.000084
1578 0.000142
1579 0.000171
1580 0.000099
1581 0.000112
1582 0.000055
1583 0.000113
1584 0.000071
1585 0.000161
1586 0.000130
1587 0.000189
1588 0.000155
1589 0.000188
1590 0.000066
1591 0.000165
1592 0.000224
1593 0.000059
1594 0.000175
1595 0.000074
1596 0.000069
1597 0.000187
1598 0.000099
1599 0.000121
1600 0.000069
1601 0.000092
1602 0.000218
1603 0.000207
1604 0.000060
1605 0.000090
1606 0.000095
1607 0.000078
1608 0.000098
1609 0.000102
1610 0.000064
1611 0.000122
1612 0.000073
1613 0.000073
1614 0.000081
1615 0.000130
1616 0.000111
1617 0.000108
1618 0.000097
1619 0.000084
1620 0.000186
1621 0.000102
1622 0.000128
1623 0.000130
1624 0.000114
1625 0.000054
1626 0.000087
1627 0.000138
1628 0.000101
1629 0.000114
1630 0.000139
1631 0.000112
1632 0.000129
1633 0.000042
1634 0.000091
1635 0.000030
1636 0.000098
1637 0.000077
1638 0.000100
1639 0.000075
1640 0.000100
1641 0.000120
1642 0.000072
1643 0.000077
1644 0.000061
1645 0.000047
1646 0.000057
1647 0.000051
1648 0.000054
1649 0.000140
1650 0.000064
1651 0.000074
1652 0.000053
1653 0.000070
1654 0.000128
1655 0.000079
1656 0.000143
1657 0.000064
1658 0.000087
1659 0.000143
1660 0.000090
1661 0.000119
1662 0.000110
1663 0.000093
1664 0.000049
1665 0.000052
1666 0.000121
1667 0.000102
1668 0.000173
1669 0.000135
1670 0.000158
1671 0.000113
1672 0.000072
1673 0.000103
1674 0.000109
1675 0.000118
1676 0.000067
1677 0.000091
1678 0.000097
1679 0.000179
1680 0.000178
1681 0.000045
1682 0.000054
1683 0.000095
1684 0.000093
1685 0.000167
1686 0.000117
1687 0.000080
1688 0.000207
1689 0.000135
1690 0.000163
1691 0.000133
1692 0.000182
1693 0.000075
1694 0.000055
1695 0.000166
1696 0.000133
1697 0.000122
1698 0.000117
1699 0.000082
1700 0.000071
1701 0.000090
1702 0.000114
1703 0.000104
1704 0.000134
1705 0.000075
1706 0.000244
1707 0.000131
1708 0.000081
1709 0.000111
1710 0.000070
1711 0.000081
1712 0.000149
1713 0.000153
1714 0.000026
1715 0.000105
1716 0.000080
1717 0.000135
1718 0.000192
1719 0.000097
1720 0.000181
1721 0.000125
1722 0.000095
1723 0.000121
1724 0.000081
1725 0.000097
1726 0.000087
1727 0.000075
1728 0.000057
1729 0.000084
1730 0.000138
1731 0.000080
1732 0.000075
1733 0.000083
1734 0.000058
1735 0.000072
1736 0.000114
1737 0.000110
1738 0.000158
1739 0.000059
1740 0.000077
1741 0.000092
1742 0.000093
1743 0.000098
1744 0.000091
1745 0.000070
1746 0.000052
1747 0.000053
1748 0.000073
1749 0.000059
1750 0.000076
1751 0.000198
1752 0.000123
1753 0.000055
1754 0.000195
1755 0.000106
1756 0.000084
1757 0.000070
1758 0.000082
1759 0.000118
1760 0.000137
1761 0.000049
1762 0.000183
1763 0.000107
1764 0.000153
1765 0.000154
1766 0.000052
1767 0.000063
1768 0.000082
1769 0.000070
1770 0.000069
1771 0.000164
1772 0.000140
1773 0.000101
1774 0.000109
1775 0.000089
1776 0.000061
1777 0.000124
1778 0.000083
1779 0.000109
1780 0.000104
1781 0.000077
1782 0.000052
1783 0.000122
1784 0.000136
1785 0.000106
1786 0.000164
1787 0.000115
1788 0.000099
1789 0.000135
1790 0.000125
1791 0.000115
1792 0.000123
1793 0.000138
1794 0.000066
1795 0.000065
1796 0.000051
1797 0.000072
1798 0.000072
1799 0.000107
1800 0.000112
1801 0.000147
1802 0.000178
1803 0.000098
1804 0.000071
1805 0.000175
1806 0.000138
1807 0.000123
1808 0.000055
1809 0.000053
1810 0.000064
1811 0.000064
1812 0.000044
1813 0.000083
1814 0.000112
1815 0.000065
1816 0.000125
1817 0.000074
1818 0.000062
1819 0.000121
1820 0.000032
1821 0.000157
1822 0.000098
1823 0.000159
1824 0.000125
1825 0.000083
1826 0.000059
1827 0.000043
1828 0.000091
1829 0.000069
1830 0.000168
1831 0.000127
1832 0.000051
1833 0.000066
1834 0.000055
1835 0.000061
1836 0.000049
1837 0.000067
1838 0.000099
1839 0.000112
1840 0.000124
1841 0.000096
1842 0.000066
1843 0.000078
1844 0.000118
1845 0.000052
1846 0.000098
1847 0.000040
1848 0.000061
1849 0.000074
1850 0.000159
1851 0.000186
1852 0.000102
1853 0.000150
1854 0.000073
1855 0.000089
1856 0.000114
1857 0.000097
1858 0.000122
1859 0.000158
1860 0.000182
1861 0.000148
1862 0.000053
1863 0.000075
1864 0.000083
1865 0.000118
1866 0.000183
1867 0.000186
1868 0.000105
1869 0.000154
1870 0.000103
1871 0.000096
1872 0.000096
1873 0.000047
1874 0.000153
1875 0.000094
1876 0.000159
1877 0.000136
1878 0.000129
1879 0.000073
1880 0.000092
1881 0.000051
1882 0.000022
1883 0.000099
1884 0.000116
1885 0.000031
1886 0.000032
1887 0.000055
1888 0.000078
1889 0.000082
1890 0.000105
1891 0.000123
1892 0.000143
1893 0.000089
1894 0.000163
1895 0.000125
1896 0.000119
1897 0.000076
1898 0.000101
1899 0.000116
1900 0.000057
1901 0.000106
1902 0.000146
1903 0.000113
1904 0.000075
1905 0.000111
1906 0.000083
1907 0.000157
1908 0.000090
1909 0.000176
1910 0.000146
1911 0.000090
1912 0.000065
1913 0.000102
1914 0.000097
1915 0.000095
1916 0.000111
1917 0.000089
1918 0.000071
1919 0.000068
1920 0.000170
1921 0.000080
1922 0.000077
1923 0.000066
1924 0.000094
1925 0.000070
1926 0.000103
1927 0.000081
1928 0.000070
1929 0.000067
1930 0.000086
1931 0.000146
1932 0.000070
1933 0.000069
1934 0.000141
1935 0.000059
1936 0.000055
1937 0.000068
1938 0.000097
1939 0.000182
1940 0.000185
1941 0.000200
1942 0.000106
1943 0.000099
1944 0.000050
1945 0.000059
1946 0.000030
1947 0.000082
1948 0.000125
1949 0.000182
1950 0.000108
1951 0.000234
1952 0.000126
1953 0.000123
1954 0.000045
1955 0.000104
1956 0.000143
1957 0.000082
1958 0.000039
1959 0.000085
1960 0.000109
1961 0.000131
1962 0.000122
1963 0.000132
1964 0.000081
1965 0.000029
1966 0.000096
1967 0.000082
1968 0.000109
1969 0.000151
1970 0.000078
1971 0.000043
1972 0.000045
1973 0.000107
1974 0.000157
1975 0.000068
1976 0.000122
1977 0.000108
1978 0.000060
1979 0.000107
1980 0.000121
1981 0.000060
1982 0.000069
1983 0.000087
1984 0.000076
1985 0.000073
1986 0.000052
1987 0.000108
1988 0.000088
1989 0.000076
1990 0.000095
1991 0.000081
1992 0.000120
1993 0.000134
1994 0.000135
1995 0.000097
1996 0.000088
1997 0.000092
1998 0.000099
1999 0.000066
2000 0.000091
2001 0.000066
2002 0.000078
2003 0.000094
2004 0.000137
2005 0.000032
2006 0.000044
2007 0.000065
2008 0.000060
2009 0.000099
2010 0.000150
2011 0.000142
2012 0.000108
2013 0.000042
2014 0.000152
2015 0.000112
2016 0.000125
2017 0.000141
2018 0.000091
2019 0.000102
2020 0.000134
2021 0.000139
2022 0.000069
2023 0.000043
2024 0.000079
2025 0.000072
2026 0.000103
2027 0.000146
2028 0.000065
2029 0.000116
2030 0.000079
2031 0.000137
2032 0.000134
2033 0.000066
2034 0.000061
2035 0.000072
2036 0.000099
2037 0.000068
2038 0.000139
2039 0.000159
2040 0.000103
2041 0.000098
2042 0.000110
2043 0.000109
2044 0.000184
2045 0.000094
2046 0.000156
2047 0.000110
2048 0.000187
2049 0.000127
2050 0.000104
2051 0.000044
2052 0.000095
2053 0.000070
2054 0.000126
2055 0.000100
2056 0.000125
2057 0.000082
2058 0.000080
2059 0.000121
2060 0.000077
2061 0.000078
2062 0.000109
2063 0.000099
2064 0.000036
2065 0.000034
2066 0.000086
2067 0.000101
2068 0.000103
2069 0.000064
2070 0.000061
2071 0.000046
2072 0.000071
2073 0.000112
2074 0.000148
2075 0.000163
2076 0.000116
2077 0.000095
2078 0.000123
2079 0.000036
2080 0.000063
2081 0.000060
2082 0.000139
2083 0.000155
2084 0.000124
2085 0.000123
2086 0.000147
2087 0.000102
2088 0.000064
2089 0.000056
2090 0.000024
2091 0.000158
2092 0.000176
2093 0.000173
2094 0.000113
2095 0.000216
2096 0.000061
2097 0.000133
2098 0.000135
2099 0.000029
2100 0.000032
2101 0.000065
2102 0.000050
2103 0.000078
2104 0.000085
2105 0.000056
2106 0.000215
2107 0.000234
2108 0.000153
2109 0.000135
2110 0.000116
2111 0.000192
2112 0.000134
2113 0.000124
2114 0.000098
2115 0.000097
2116 0.000133
2117 0.000165
2118 0.000189
2119 0.000075
2120 0.000089
2121 0.000052
2122 0.000098
2123 0.000075
2124 0.000074
2125 0.000077
2126 0.000024
2127 0.000107
2128 0.000154
2129 0.000091
2130 0.000083
2131 0.000104
2132 0.000065
2133 0.000090
2134 0.000060
2135 0.000037
2136 0.000139
2137 0.000099
2138 0.000139
2139 0.000056
2140 0.000069
2141 0.000096
2142 0.000074
2143 0.000142
2144 0.000097
2145 0.000067
2146 0.000175
2147 0.000102
2148 0.000102
2149 0.000067
2150 0.000108
2151 0.000087
2152 0.000156
2153 0.000092
2154 0.000087
2155 0.000065
2156 0.000031
2157 0.000047
2158 0.000051
2159 0.000047
2160 0.000038
2161 0.000068
2162 0.000063
2163 0.000070
2164 0.000091
2165 0.000044
2166 0.000034
2167 0.000036
2168 0.000111
2169 0.000148
2170 0.000098
2171 0.000085
2172 0.000067
2173 0.000077
2174 0.000133
2175 0.000115
2176 0.000098
2177 0.000137
2178 0.000153
2179 0.000096
2180 0.000057
2181 0.000112
2182 0.000109
2183 0.000052
2184 0.000100
2185 0.000062
2186 0.000087
2187 0.000055
2188 0.000160
2189 0.000074
2190 0.000138
2191 0.000062
2192 0.000145
2193 0.000087
2194 0.000040
2195 0.000043
2196 0.000107
2197 0.000073
2198 0.000046
2199 0.000072
2200 0.000094
2201 0.000083
2202 0.000049
2203 0.000077
2204 0.000040
2205 0.000058
2206 0.000056
2207 0.000153
2208 0.000102
2209 0.000077
2210 0.000047
2211 0.000176
2212 0.000068
2213 0.000106
2214 0.000060
2215 0.000104
2216 0.000123
2217 0.000066
2218 0.000047
2219 0.000035
2220 0.000107
2221 0.000132
2222 0.000085
2223 0.000073
2224 0.000101
2225 0.000118
2226 0.000127
2227 0.000074
2228 0.000101
2229 0.000093
2230 0.000156
2231 0.000132
2232 0.000048
2233 0.000104
2234 0.000108
2235 0.000112
2236 0.000149
2237 0.000036
2238 0.000054
2239 0.000065
2240 0.000066
2241 0.000078
2242 0.000083
2243 0.000125
2244 0.000103
2245 0.000113
2246 0.000123
2247 0.000115
2248 0.000078
2249 0.000051
2250 0.000124
2251 0.000096
2252 0.000065
2253 0.000075
2254 0.000054
2255 0.000061
2256 0.000048
2257 0.000167
2258 0.000105
2259 0.000101
2260 0.000039
2261 0.000113
2262 0.000178
2263 0.000089
2264 0.000104
2265 0.000040
2266 0.000040
2267 0.000050
2268 0.000224
2269 0.000128
2270 0.000169
2271 0.000122
2272 0.000101
2273 0.000027
2274 0.000096
2275 0.000119
2276 0.000123
2277 0.000087
2278 0.000268
2279 0.000074
2280 0.000160
2281 0.000131
2282 0.000108
2283 0.000114
2284 0.000138
2285 0.000104
2286 0.000100
2287 0.000034
2288 0.000052
2289 0.000049
2290 0.000084
2291 0.000130
2292 0.000129
2293 0.000118
2294 0.000064
2295 0.000081
2296 0.000075
2297 0.000054
2298 0.000134
2299 0.000072
2300 0.000119
2301 0.000123
2302 0.000135
2303 0.000100
2304 0.000132
2305 0.000029
2306 0.000065
2307 0.000074
2308 0.000083
2309 0.000087
2310 0.000069
2311 0.000103
2312 0.000088
2313 0.000101
2314 0.000069
2315 0.000115
2316 0.000065
2317 0.000052
2318 0.000059
2319 0.000157
2320 0.000092
2321 0.000086
2322 0.000080
2323 0.000108
2324 0.000083
2325 0.000121
2326 0.000044
2327 0.000094
2328 0.000094
2329 0.000075
2330 0.000123
2331 0.000219
2332 0.000144
2333 0.000104
2334 0.000125
2335 0.000083
2336 0.000089
2337 0.000127
2338 0.000072
2339 0.000066
2340 0.000081
2341 0.000091
2342 0.000066
2343 0.000095
2344 0.000084
2345 0.000093
2346 0.000050
2347 0.000077
2348 0.000178
2349 0.000095
2350 0.000097
2351 0.000072
2352 0.000110
2353 0.000103
2354 0.000112
2355 0.000216
2356 0.000069
2357 0.000134
2358 0.000072
2359 0.000045
2360 0.000083
2361 0.000121
2362 0.000091
2363 0.000041
2364 0.000103
2365 0.000123
2366 0.000115
2367 0.000086
2368 0.000134
2369 0.000149
2370 0.000083
2371 0.000025
2372 0.000031
2373 0.000085
2374 0.000064
2375 0.000062
2376 0.000125
2377 0.000121
2378 0.000066
2379 0.000049
2380 0.000050
2381 0.000079
2382 0.000042
2383 0.000163
2384 0.000062
2385 0.000064
2386 0.000255
2387 0.000127
2388 0.000109
2389 0.000106
2390 0.000127
2391 0.000101
2392 0.000101
2393 0.000077
2394 0.000089
2395 0.000064
2396 0.000039
2397 0.000063
2398 0.000050
2399 0.000110
2400 0.000098
2401 0.000086
2402 0.000079
2403 0.000048
2404 0.000123
2405 0.000104
2406 0.000103
2407 0.000070
2408 0.000137
2409 0.000074
2410 0.000120
2411 0.000052
2412 0.000028
2413 0.000062
2414 0.000125
2415 0.000080
2416 0.000091
2417 0.000167
2418 0.000129
2419 0.000095
2420 0.000118
2421 0.000122
2422 0.000063
2423 0.000051
2424 0.000062
2425 0.000051
2426 0.000117
2427 0.000067
2428 0.000082
2429 0.000060
2430 0.000144
2431 0.000108
2432 0.000043
2433 0.000106
2434 0.000068
2435 0.000131
2436 0.000116
2437 0.000047
2438 0.000062
2439 0.000063
2440 0.000108
2441 0.000151
2442 0.000043
2443 0.000069
2444 0.000136
2445 0.000070
2446 0.000072
2447 0.000116
2448 0.000065
2449 0.000069
2450 0.000155
2451 0.000057
2452 0.000127
2453 0.000108
2454 0.000090
2455 0.000104
2456 0.000048
2457 0.000071
2458 0.000136
2459 0.000145
2460 0.000134
2461 0.000274
2462 0.000079
2463 0.000116
2464 0.000091
2465 0.000119
2466 0.000051
2467 0.000024
2468 0.000045
2469 0.000087
2470 0.000105
2471 0.000122
2472 0.000096
2473 0.000112
2474 0.000051
2475 0.000094
2476 0.000046
2477 0.000159
2478 0.000043
2479 0.000102
2480 0.000100
2481 0.000043
2482 0.000092
2483 0.000094
2484 0.000073
2485 0.000154
2486 0.000063
2487 0.000097
2488 0.000135
2489 0.000130
2490 0.000107
2491 0.000137
2492 0.000085
2493 0.000117
2494 0.000118
2495 0.000116
2496 0.000100
2497 0.000070
2498 0.000120
2499 0.000166
2500 0.000088
2501 0.000107
2502 0.000120
2503 0.000119
2504 0.000083
2505 0.000056
2506 0.000084
2507 0.000150
2508 0.000134
2509 0.000082
2510 0.000097
2511 0.000052
2512 0.000174
2513 0.000187
2514 0.000102
2515 0.000089
2516 0.000040
2517 0.000022
2518 0.000088
2519 0.000043
2520 0.000097
2521 0.000111
2522 0.000092
2523 0.000131
2524 0.000068
2525 0.000081
2526 0.000029
2527 0.000090
2528 0.000057
2529 0.000113
2530 0.000118
2531 0.000073
2532 0.000131
2533 0.000050
2534 0.000064
2535 0.000105
2536 0.000043
2537 0.000074
2538 0.000053
2539 0.000038
2540 0.000097
2541 0.000064
2542 0.000099
2543 0.000087
2544 0.000127
2545 0.000102
2546 0.000088
2547 0.000109
2548 0.000085
2549 0.000118
2550 0.000121
2551 0.000141
2552 0.000080
2553 0.000112
2554 0.000034
2555 0.000025
2556 0.000035
2557 0.000116
2558 0.000107
2559 0.000145
2560 0.000093
2561 0.000153
2562 0.000081
2563 0.000093
2564 0.000156
2565 0.000045
2566 0.000130
2567 0.000118
2568 0.000083
2569 0.000126
2570 0.000127
2571 0.000081
2572 0.000090
2573 0.000173
2574 0.000128
2575 0.000154
2576 0.000137
2577 0.000045
2578 0.000086
2579 0.000059
2580 0.000065
2581 0.000101
2582 0.000058
2583 0.000122
2584 0.000077
2585 0.000125
2586 0.000132
2587 0.000128
2588 0.000092
2589 0.000080
2590 0.000032
2591 0.000072
2592 0.000121
2593 0.000085
2594 0.000131
2595 0.000100
2596 0.000052
2597 0.000080
2598 0.000074
2599 0.000106
2600 0.000056
2601 0.000105
2602 0.000099
2603 0.000107
2604 0.000133
2605 0.000106
2606 0.000091
2607 0.000116
2608 0.000104
2609 0.000050
2610 0.000122
2611 0.000138
2612 0.000049
2613 0.000072
2614 0.000069
2615 0.000146
2616 0.000104
2617 0.000068
2618 0.000080
2619 0.000113
2620 0.000066
2621 0.000082
2622 0.000102
2623 0.000051
2624 0.000071
2625 0.000154
2626 0.000144
2627 0.000201
2628 0.000107
2629 0.000083
2630 0.000063
2631 0.000060
2632 0.000160
2633 0.000103
2634 0.000103
2635 0.000073
2636 0.000066
2637 0.000110
2638 0.000081
2639 0.000169
2640 0.000086
2641 0.000030
2642 0.000061
2643 0.000156
2644 0.000159
2645 0.000106
2646 0.000066
2647 0.000101
2648 0.000138
2649 0.000068
2650 0.000118
2651 0.000095
2652 0.000099
2653 0.000132
2654 0.000105
2655 0.000121
2656 0.000037
2657 0.000042
2658 0.000035
2659 0.000054
2660 0.000046
2661 0.000044
2662 0.000077
2663 0.000083
2664 0.000159
2665 0.000120
2666 0.000135
2667 0.000065
2668 0.000100
2669 0.000151
2670 0.000062
2671 0.000110
2672 0.000046
2673 0.000062
2674 0.000163
2675 0.000095
2676 0.000105
2677 0.000126
2678 0.000074
2679 0.000131
2680 0.000087
2681 0.000097
2682 0.000061
2683 0.000084
2684 0.000092
2685 0.000038
2686 0.000094
2687 0.000110
2688 0.000125
2689 0.000095
2690 0.000057
2691 0.000145
2692 0.000120
2693 0.000084
2694 0.000154
2695 0.000076
2696 0.000047
2697 0.000087
2698 0.000100
2699 0.000069
2700 0.000053
2701 0.000185
2702 0.000131
2703 0.000146
2704 0.000095
2705 0.000135
2706 0.000126
2707 0.000055
2708 0.000052
2709 0.000070
2710 0.000093
2711 0.000097
2712 0.000083
2713 0.000065
2714 0.000094
2715 0.000164
2716 0.000146
2717 0.000102
2718 0.000159
2719 0.000129
2720 0.000144
2721 0.000101
2722 0.000142
2723 0.000128
2724 0.000099
2725 0.000111
2726 0.000054
2727 0.000056
2728 0.000128
2729 0.000150
2730 0.000127
2731 0.000051
2732 0.000099
2733 0.000077
2734 0.000084
2735 0.000032
2736 0.000083
2737 0.000060
2738 0.000097
2739 0.000086
2740 0.000146
2741 0.000198
2742 0.000117
2743 0.000061
2744 0.000108
2745 0.000104
2746 0.000037
2747 0.000084
2748 0.000095
2749 0.000194
2750 0.000093
2751 0.000070
2752 0.000095
2753 0.000101
2754 0.000078
2755 0.000092
2756 0.000080
2757 0.000134
2758 0.000103
2759 0.000066
2760 0.000120
2761 0.000113
2762 0.000091
2763 0.000084
2764 0.000073
2765 0.000042
2766 0.000080
2767 0.000092
2768 0.000073
2769 0.000141
2770 0.000109
2771 0.000050
2772 0.000096
2773 0.000124
2774 0.000088
2775 0.000165
2776 0.000145
2777 0.000095
2778 0.000084
2779 0.000101
2780 0.000116
2781 0.000071
2782 0.000075
2783 0.000083
2784 0.000024
2785 0.000065
2786 0.000103
2787 0.000091
2788 0.000059
2789 0.000110
2790 0.000130
2791 0.000149
2792 0.000062
2793 0.000141
2794 0.000085
2795 0.000144
2796 0.000052
2797 0.000044
2798 0.000168
2799 0.000094
2800 0.000051
2801 0.000058
2802 0.000109
2803 0.000096
2804 0.000097
2805 0.000151
2806 0.000117
2807 0.000058
2808 0.000083
2809 0.000082
2810 0.000114
2811 0.000118
2812 0.000130
2813 0.000040
2814 0.000124
2815 0.000048
2816 0.000108
2817 0.000133
2818 0.000127
2819 0.000114
2820 0.000181
2821 0.000113
2822 0.000154
2823 0.000080
2824 0.000076
2825 0.000052
2826 0.000094
2827 0.000169
2828 0.000108
2829 0.000085
2830 0.000049
2831 0.000092
2832 0.000082
2833 0.000095
2834 0.000091
2835 0.000121
2836 0.000066
2837 0.000161
2838 0.000067
2839 0.000123
2840 0.000120
2841 0.000125
2842 0.000089
2843 0.000069
2844 0.000093
2845 0.000150
2846 0.000099
2847 0.000167
2848 0.000111
2849 0.000142
2850 0.000062
2851 0.000107
2852 0.000060
2853 0.000106
2854 0.000111
2855 0.000127
2856 0.000091
2857 0.000061
2858 0.000047
2859 0.000038
2860 0.000071
2861 0.000094
2862 0.000094
2863 0.000091
2864 0.000081
2865 0.000064
2866 0.000076
2867 0.000093
2868 0.000146
2869 0.000057
2870 0.000111
2871 0.000096
2872 0.000079
2873 0.000146
2874 0.000101
2875 0.000072
2876 0.000105
2877 0.000080
2878 0.000130
2879 0.000039
2880 0.000140
2881 0.000074
2882 0.000081
2883 0.000070
2884 0.000067
2885 0.000115
2886 0.000103
2887 0.000062
2888 0.000052
2889 0.000207
2890 0.000120
2891 0.000076
2892 0.000069
2893 0.000124
2894 0.000055
2895 0.000056
2896 0.000097
2897 0.000146
2898 0.000169
2899 0.000140
2900 0.000130
2901 0.000077
2902 0.000054
2903 0.000117
2904 0.000116
2905 0.000112
2906 0.000074
2907 0.000111
2908 0.000119
2909 0.000103
2910 0.000070
2911 0.000053
2912 0.000125
2913 0.000145
2914 0.000096
2915 0.000219
2916 0.000080
2917 0.000231
2918 0.000092
2919 0.000090
2920 0.000053
2921 0.000100
2922 0.000089
2923 0.000034
2924 0.000067
2925 0.000066
2926 0.000126
2927 0.000078
2928 0.000059
2929 0.000080
2930 0.000105
2931 0.000113
2932 0.000153
2933 0.000078
2934 0.000142
2935 0.000051
2936 0.000064
2937 0.000055
2938 0.000182
2939 0.000128
2940 0.000116
2941 0.000084
2942 0.000105
2943 0.000047
2944 0.000079
2945 0.000096
2946 0.000083
2947 0.000114
2948 0.000084
2949 0.000105
2950 0.000058
2951 0.000061
2952 0.000065
2953 0.000051
2954 0.000140
2955 0.000108
2956 0.000130
2957 0.000116
2958 0.000071
2959 0.000098
2960 0.000120
2961 0.000090
2962 0.000134
2963 0.000050
2964 0.000081
2965 0.000106
2966 0.000119
2967 0.000219
2968 0.000079
2969 0.000201
2970 0.000058
2971 0.000139
2972 0.000100
2973 0.000165
2974 0.000112
2975 0.000093
2976 0.000063
2977 0.000038
2978 0.000105
2979 0.000108
2980 0.000042
2981 0.000115
2982 0.000094
2983 0.000031
2984 0.000043
2985 0.000099
2986 0.000051
2987 0.000072
2988 0.000086
2989 0.000094
2990 0.000054
2991 0.000036
2992 0.000036
2993 0.000059
2994 0.000132
2995 0.000092
2996 0.000131
2997 0.000105
2998 0.000135
2999 0.000068
3000 0.000050
3001 0.000119
3002 0.000140
3003 0.000136
3004 0.000093
3005 0.000114
3006 0.000141
3007 0.000079
3008 0.000144
3009 0.000053
3010 0.000033
3011 0.000089
3012 0.000086
3013 0.000103
3014 0.000070
3015 0.000045
3016 0.000096
3017 0.000091
3018 0.000229
3019 0.000159
3020 0.000091
3021 0.000083
3022 0.000116
3023 0.000081
3024 0.000040
3025 0.000056
3026 0.000088
3027 0.000051
3028 0.000141
3029 0.000123
3030 0.000164
3031 0.000133
3032 0.000198
3033 0.000155
3034 0.000058
3035 0.000033
3036 0.000081
3037 0.000082
3038 0.000118
3039 0.000098
3040 0.000110
3041 0.000067
3042 0.000051
3043 0.000217
3044 0.000261
3045 0.000182
3046 0.000092
3047 0.000121
3048 0.000121
3049 0.000102
3050 0.000165
3051 0.000092
3052 0.000078
3053 0.000059
3054 0.000088
3055 0.000108
3056 0.000083
3057 0.000091
3058 0.000091
3059 0.000109
3060 0.000115
3061 0.000048
3062 0.000028
3063 0.000080
3064 0.000089
3065 0.000079
3066 0.000172
3067 0.000064
3068 0.000071
3069 0.000088
3070 0.000103
3071 0.000087
3072 0.000103
3073 0.000081
3074 0.000152
3075 0.000097
3076 0.000072
3077 0.000078
3078 0.000106
3079 0.000222
3080 0.000146
3081 0.000056
3082 0.000078
3083 0.000061
3084 0.000083
3085 0.000067
3086 0.000051
3087 0.000094
3088 0.000172
3089 0.000090
3090 0.000131
3091 0.000087
3092 0.000096
3093 0.000090
3094 0.000157
3095 0.000175
3096 0.000098
3097 0.000082
3098 0.000075
3099 0.000149
3100 0.000046
3101 0.000053
3102 0.000141
3103 0.000098
3104 0.000092
3105 0.000085
3106 0.000063
3107 0.000163
3108 0.000081
3109 0.000064
3110 0.000080
3111 0.000103
3112 0.000113
3113 0.000115
3114 0.000048
3115 0.000041
3116 0.000084
3117 0.000092
3118 0.000137
3119 0.000059
3120 0.000034
3121 0.000086
3122 0.000136
3123 0.000186
3124 0.000123
3125 0.000085
3126 0.000064
3127 0.000095
3128 0.000031
3129 0.000087
3130 0.000126
3131 0.000121
3132 0.000093
3133 0.000074
3134 0.000085
3135 0.000121
3136 0.000108
3137 0.000072
3138 0.000047
3139 0.000059
3140 0.000127
3141 0.000087
3142 0.000082
3143 0.000117
3144 0.000155
3145 0.000067
3146 0.000101
3147 0.000081
3148 0.000104
3149 0.000133
3150 0.000110
3151 0.000080
3152 0.000123
3153 0.000099
3154 0.000112
3155 0.000199
3156 0.000098
3157 0.000109
3158 0.000068
3159 0.000242
3160 0.000102
3161 0.000246
3162 0.000215
3163 0.000052
3164 0.000091
3165 0.000119
3166 0.000069
3167 0.000050
3168 0.000064
3169 0.000160
3170 0.000147
3171 0.000085
3172 0.000085
3173 0.000054
3174 0.000113
3175 0.000071
3176 0.000053
3177 0.000110
3178 0.000048
3179 0.000119
3180 0.000098
3181 0.000096
3182 0.000099
3183 0.000094
3184 0.000054
3185 0.000062
3186 0.000088
3187 0.000080
3188 0.000060
3189 0.000103
3190 0.000143
3191 0.000091
3192 0.000122
3193 0.000057
3194 0.000037
3195 0.000051
3196 0.000072
3197 0.000068
3198 0.000048
3199 0.000046
3200 0.000096
3201 0.000096
3202 0.000099
3203 0.000109
3204 0.000092
3205 0.000077
3206 0.000066
3207 0.000094
3208 0.000083
3209 0.000060
3210 0.000138
3211 0.000055
3212 0.000062
3213 0.000092
3214 0.000080
3215 0.000208
3216 0.000208
3217 0.000125
3218 0.000076
3219 0.000068
3220 0.000062
3221 0.000080
3222 0.000101
3223 0.000138
3224 0.000113
3225 0.000134
3226 0.000043
3227 0.000058
3228 0.000118
3229 0.000146
3230 0.000039
3231 0.000062
3232 0.000121
3233 0.000107
3234 0.000109
3235 0.000100
3236 0.000056
3237 0.000103
3238 0.000103
3239 0.000103
3240 0.000096
3241 0.000098
3242 0.000036
3243 0.000111
3244 0.000048
3245 0.000054
3246 0.000048
3247 0.000157
3248 0.000142
3249 0.000150
3250 0.000162
3251 0.000235
3252 0.000167
3253 0.000111
3254 0.000088
3255 0.000207
3256 0.000159
3257 0.000076
3258 0.000076
3259 0.000058
3260 0.000039
3261 0.000023
3262 0.000079
3263 0.000138
3264 0.000034
3265 0.000072
3266 0.000123
3267 0.000053
3268 0.000067
3269 0.000078
3270 0.000090
3271 0.000096
3272 0.000073
3273 0.000052
3274 0.000096
3275 0.000108
3276 0.000204
3277 0.000091
3278 0.000186
3279 0.000085
3280 0.000037
3281 0.000099
3282 0.000044
3283 0.000125
3284 0.000100
3285 0.000121
3286 0.000213
3287 0.000121
3288 0.000157
3289 0.000120
3290 0.000119
3291 0.000130
3292 0.000122
3293 0.000146
3294 0.000122
3295 0.000093
3296 0.000107
3297 0.000028
3298 0.000115
3299 0.000133
3300 0.000159
3301 0.000136
3302 0.000079
3303 0.000089
3304 0.000062
3305 0.000063
3306 0.000100
3307 0.000066
3308 0.000137
3309 0.000071
3310 0.000062
3311 0.000061
3312 0.000072
3313 0.000038
3314 0.000028
3315 0.000108
3316 0.000111
3317 0.000049
3318 0.000076
3319 0.000062
3320 0.000072
3321 0.000103
3322 0.000134
3323 0.000045
3324 0.000050
3325 0.000087
3326 0.000050
3327 0.000113
3328 0.000044
3329 0.000103
3330 0.000061
3331 0.000062
3332 0.000124
3333 0.000089
3334 0.000056
3335 0.000103
3336 0.000086
3337 0.000116
3338 0.000116
3339 0.000080
3340 0.000043
3341 0.000050
3342 0.000060
3343 0.000097
3344 0.000149
3345 0.000100
3346 0.000138
3347 0.000057
3348 0.000065
3349 0.000188
3350 0.000129
3351 0.000143
3352 0.000051
3353 0.000118
3354 0.000070
3355 0.000099
3356 0.000040
3357 0.000075
3358 0.000073
3359 0.000073
3360 0.000121
3361 0.000147
3362 0.000211
3363 0.000150
3364 0.000065
3365 0.000097
3366 0.000052
3367 0.000109
3368 0.000074
3369 0.000110
3370 0.000154
3371 0.000075
3372 0.000055
3373 0.000047
3374 0.000155
3375 0.000037
3376 0.000086
3377 0.000104
3378 0.000102
3379 0.000107
3380 0.000107
3381 0.000094
3382 0.000042
3383 0.000062
3384 0.000128
3385 0.000175
3386 0.000119
3387 0.000122
3388 0.000060
3389 0.000083
3390 0.000058
3391 0.000102
3392 0.000084
3393 0.000074
3394 0.000091
3395 0.000099
3396 0.000059
3397 0.000175
3398 0.000104
3399 0.000126
3400 0.000110
3401 0.000075
3402 0.000121
3403 0.000088
3404 0.000243
3405 0.000218
3406 0.000172
3407 0.000076
3408 0.000149
3409 0.000192
3410 0.000143
3411 0.000118
3412 0.000073
3413 0.000048
3414 0.000091
3415 0.000172
3416 0.000109
3417 0.000074
3418 0.000128
3419 0.000097
3420 0.000112
3421 0.000047
3422 0.000094
3423 0.000109
3424 0.000083
3425 0.000075
3426 0.000049
3427 0.000125
3428 0.000149
3429 0.000093
3430 0.000119
3431 0.000103
3432 0.000165
3433 0.000128
3434 0.000181
3435 0.000136
3436 0.000087
3437 0.000098
3438 0.000100
3439 0.000040
3440 0.000121
3441 0.000120
3442 0.000116
3443 0.000126
3444 0.000139
3445 0.000105
3446 0.000084
3447 0.000121
3448 0.000073
3449 0.000027
3450 0.000057
3451 0.000115
3452 0.000093
3453 0.000147
3454 0.000113
3455 0.000159
3456 0.000102
3457 0.000114
3458 0.000087
3459 0.000039
3460 0.000138
3461 0.000099
3462 0.000096
3463 0.000037
3464 0.000089
3465 0.000143
3466 0.000049
3467 0.000187
3468 0.000102
3469 0.000187
3470 0.000084
3471 0.000081
3472 0.000111
3473 0.000056
3474 0.000049
3475 0.000037
3476 0.000085
3477 0.000091
3478 0.000047
3479 0.000070
3480 0.000080
3481 0.000098
3482 0.000081
3483 0.000164
3484 0.000133
3485 0.000132
3486 0.000037
3487 0.000061
3488 0.000113
3489 0.000054
3490 0.000088
3491 0.000058
3492 0.000079
3493 0.000090
3494 0.000066
3495 0.000114
3496 0.000079
3497 0.000113
3498 0.000069
3499 0.000162
3500 0.000071
3501 0.000110
3502 0.000061
3503 0.000030
3504 0.000070
3505 0.000114
3506 0.000063
3507 0.000076
3508 0.000182
3509 0.000164
3510 0.000058
3511 0.000061
3512 0.000081
3513 0.000072
3514 0.000072
3515 0.000158
3516 0.000149
3517 0.000071
3518 0.000046
3519 0.000124
3520 0.000106
3521 0.000152
3522 0.000213
3523 0.000048
3524 0.000089
3525 0.000058
3526 0.000199
3527 0.000109
3528 0.000103
3529 0.000189
3530 0.000104
3531 0.000125
3532 0.000089
3533 0.000109
3534 0.000124
3535 0.000113
3536 0.000174
3537 0.000093
3538 0.000148
3539 0.000136
3540 0.000059
3541 0.000103
3542 0.000069
3543 0.000083
3544 0.000053
3545 0.000051
3546 0.000073
3547 0.000159
3548 0.000099
3549 0.000068
3550 0.000089
3551 0.000095
3552 0.000097
3553 0.000166
3554 0.000078
3555 0.000097
3556 0.000115
3557 0.000190
3558 0.000128
3559 0.000087
3560 0.000060
3561 0.000104
3562 0.000104
3563 0.000071
3564 0.000176
3565 0.000079
3566 0.000101
3567 0.000177
3568 0.000126
3569 0.000113
3570 0.000109
3571 0.000100
3572 0.000076
3573 0.000081
3574 0.000043
3575 0.000105
3576 0.000080
3577 0.000110
3578 0.000082
3579 0.000084
3580 0.000108
3581 0.000076
3582 0.000070
3583 0.000123
3584 0.000110
3585 0.000094
3586 0.000097
3587 0.000120
3588 0.000052
3589 0.000099
3590 0.000172
3591 0.000175
3592 0.000091
3593 0.000107
3594 0.000193
3595 0.000102
3596 0.000070
3597 0.000069
3598 0.000048
3599 0.000100
3600 0.000146
3601 0.000188
3602 0.000079
3603 0.000074
3604 0.000075
3605 0.000098
3606 0.000050
3607 0.000210
3608 0.000097
3609 0.000154
3610 0.000067
3611 0.000041
3612 0.000079
3613 0.000044
3614 0.000029
3615 0.000127
3616 0.000184
3617 0.000169
3618 0.000084
3619 0.000170
3620 0.000111
3621 0.000077
3622 0.000097
3623 0.000058
3624 0.000116
3625 0.000048
3626 0.000070
3627 0.000087
3628 0.000151
3629 0.000188
3630 0.000139
3631 0.000076
3632 0.000140
3633 0.000073
3634 0.000131
3635 0.000127
3636 0.000090
3637 0.000083
3638 0.000156
3639 0.000122
3640 0.000071
3641 0.000131
3642 0.000109
3643 0.000125
3644 0.000089
3645 0.000094
3646 0.000122
3647 0.000036
3648 0.000164
3649 0.000047
3650 0.000096
3651 0.000128
3652 0.000092
3653 0.000057
3654 0.000069
3655 0.000061
3656 0.000113
3657 0.000095
3658 0.000169
3659 0.000090
3660 0.000101
3661 0.000124
3662 0.000171
3663 0.000133
3664 0.000038
3665 0.000056
3666 0.000102
3667 0.000169
3668 0.000136
3669 0.000244
3670 0.000142
3671 0.000097
3672 0.000096
3673 0.000112
3674 0.000123
3675 0.000155
3676 0.000137
3677 0.000116
3678 0.000058
3679 0.000021
3680 0.000084
3681 0.000140
3682 0.000096
3683 0.000106
3684 0.000126
3685 0.000072
3686 0.000025
3687 0.000039
3688 0.000137
3689 0.000184
3690 0.000078
3691 0.000075
3692 0.000089
3693 0.000077
3694 0.000086
3695 0.000058
3696 0.000075
3697 0.000107
3698 0.000095
3699 0.000090
3700 0.000071
3701 0.000116
3702 0.000074
3703 0.000064
3704 0.000055
3705 0.000135
3706 0.000149
3707 0.000097
3708 0.000053
3709 0.000093
3710 0.000097
3711 0.000099
3712 0.000096
3713 0.000161
3714 0.000119
3715 0.000096
3716 0.000124
3717 0.000045
3718 0.000101
3719 0.000091
3720 0.000152
3721 0.000052
3722 0.000107
3723 0.000105
3724 0.000117
3725 0.000077
3726 0.000104
3727 0.000032
3728 0.000055
3729 0.000041
3730 0.000086
3731 0.000155
3732 0.000121
3733 0.000067
3734 0.000092
3735 0.000117
3736 0.000094
3737 0.000091
3738 0.000138
3739 0.000126
3740 0.000084
3741 0.000108
3742 0.000102
3743 0.000071
3744 0.000108
3745 0.000077
3746 0.000108
3747 0.000099
3748 0.000029
3749 0.000161
3750 0.000119
3751 0.000077
3752 0.000166
3753 0.000133
3754 0.000080
3755 0.000109
3756 0.000118
3757 0.000076
3758 0.000118
3759 0.000084
3760 0.000198
3761 0.000093
3762 0.000028
3763 0.000132
3764 0.000159
3765 0.000105
3766 0.000099
3767 0.000081
3768 0.000142
3769 0.000081
3770 0.000107
3771 0.000150
3772 0.000094
3773 0.000150
3774 0.000047
3775 0.000115
3776 0.000051
3777 0.000026
3778 0.000089
3779 0.000113
3780 0.000095
3781 0.000107
3782 0.000082
3783 0.000062
3784 0.000134
3785 0.000081
3786 0.000113
3787 0.000128
3788 0.000053
3789 0.000122
3790 0.000139
3791 0.000083
3792 0.000116
3793 0.000100
3794 0.000106
3795 0.000125
3796 0.000108
3797 0.000098
3798 0.000074
3799 0.000138
3800 0.000090
3801 0.000123
3802 0.000181
3803 0.000144
3804 0.000050
3805 0.000096
3806 0.000069
3807 0.000046
3808 0.000170
3809 0.000150
3810 0.000080
3811 0.000172
3812 0.000166
3813 0.000095
3814 0.000149
3815 0.000040
3816 0.000055
3817 0.000115
3818 0.000115
3819 0.000070
3820 0.000074
3821 0.000141
3822 0.000143
3823 0.000210
3824 0.000115
3825 0.000140
3826 0.000082
3827 0.000100
3828 0.000068
3829 0.000035
3830 0.000123
3831 0.000197
3832 0.000071
3833 0.000095
3834 0.000122
3835 0.000167
3836 0.000117
3837 0.000147
3838 0.000027
3839 0.000088
3840 0.000057
3841 0.000046
3842 0.000096
3843 0.000031
3844 0.000093
3845 0.000137
3846 0.000149
3847 0.000103
3848 0.000119
3849 0.000045
3850 0.000046
3851 0.000115
3852 0.000104
3853 0.000123
3854 0.000096
3855 0.000069
3856 0.000059
3857 0.000154
3858 0.000132
3859 0.000065
3860 0.000108
3861 0.000119
3862 0.000086
3863 0.000084
3864 0.000076
3865 0.000094
3866 0.000057
3867 0.000165
3868 0.000075
3869 0.000099
3870 0.000120
3871 0.000146
3872 0.000099
3873 0.000065
3874 0.000111
3875 0.000117
3876 0.000108
3877 0.000048
3878 0.000107
3879 0.000143
3880 0.000176
3881 0.000136
3882 0.000163
3883 0.000111
3884 0.000058
3885 0.000122
3886 0.000062
3887 0.000057
3888 0.000119
3889 0.000114
3890 0.000058
3891 0.000057
3892 0.000113
3893 0.000118
3894 0.000128
3895 0.000109
3896 0.000137
3897 0.000094
3898 0.000160
3899 0.000109
3900 0.000154
3901 0.000085
3902 0.000098
3903 0.000092
3904 0.000071
3905 0.000111
3906 0.000039
3907 0.000143
3908 0.000139
3909 0.000040
3910 0.000031
3911 0.000075
3912 0.000063
3913 0.000119
3914 0.000147
3915 0.000068
3916 0.000060
3917 0.000082
3918 0.000102
3919 0.000084
3920 0.000056
3921 0.000145
3922 0.000169
3923 0.000249
3924 0.000134
3925 0.000213
3926 0.000072
3927 0.000107
3928 0.000088
3929 0.000070
3930 0.000075
3931 0.000101
3932 0.000070
3933 0.000133
3934 0.000056
3935 0.000086
3936 0.000191
3937 0.000234
3938 0.000203
3939 0.000240
3940 0.000193
3941 0.000184
3942 0.000203
3943 0.000093
3944 0.000092
3945 0.000161
3946 0.000105
3947 0.000079
3948 0.000078
3949 0.000051
3950 0.000157
3951 0.000134
3952 0.000149
3953 0.000163
3954 0.000099
3955 0.000062
3956 0.000057
3957 0.000134
3958 0.000088
3959 0.000073
3960 0.000059
3961 0.000101
3962 0.000185
3963 0.000241
3964 0.000061
3965 0.000061
3966 0.000114
3967 0.000119
3968 0.000099
3969 0.000069
3970 0.000088
3971 0.000079
3972 0.000107
3973 0.000123
3974 0.000067
3975 0.000051
3976 0.000047
3977 0.000119
3978 0.000094
3979 0.000120
3980 0.000103
3981 0.000088
3982 0.000132
3983 0.000122
3984 0.000152
3985 0.000165
3986 0.000062
3987 0.000074
3988 0.000070
3989 0.000063
3990 0.000061
3991 0.000063
3992 0.000061
3993 0.000058
3994 0.000109
3995 0.000122
3996 0.000112
3997 0.000055
3998 0.000064
3999 0.000158
4000 0.000097
4001 0.000128
4002 0.000100
4003 0.000101
4004 0.000074
4005 0.000079
4006 0.000092
4007 0.000069
4008 0.000159
4009 0.000154
4010 0.000048
4011 0.000082
4012 0.000069
4013 0.000071
4014 0.000110
4015 0.000085
4016 0.000093
4017 0.000129
4018 0.000140
4019 0.000176
4020 0.000123
4021 0.000074
4022 0.000079
4023 0.000074
4024 0.000064
4025 0.000102
4026 0.000075
4027 0.000125
4028 0.000103
4029 0.000076
4030 0.000093
4031 0.000061
4032 0.000045
4033 0.000073
4034 0.000056
4035 0.000094
4036 0.000104
4037 0.000074
4038 0.000162
4039 0.000154
4040 0.000115
4041 0.000115
4042 0.000072
4043 0.000115
4044 0.000095
4045 0.000091
4046 0.000083
4047 0.000165
4048 0.000060
4049 0.000074
4050 0.000089
4051 0.000064
4052 0.000070
4053 0.000157
4054 0.000064
4055 0.000028
4056 0.000085
4057 0.000105
4058 0.000242
4059 0.000066
4060 0.000149
4061 0.000111
4062 0.000042
4063 0.000093
4064 0.000108
4065 0.000164
4066 0.000113
4067 0.000131
4068 0.000089
4069 0.000041
4070 0.000034
4071 0.000083
4072 0.000090
4073 0.000101
4074 0.000092
4075 0.000058
4076 0.000058
4077 0.000126
4078 0.000118
4079 0.000090
4080 0.000163
4081 0.000048
4082 0.000053
4083 0.000136
4084 0.000118
4085 0.000090
4086 0.000076
4087 0.000102
4088 0.000085
4089 0.000076
4090 0.000115
4091 0.000092
4092 0.000128
4093 0.000114
4094 0.000098
4095 0.000183
4096 0.000161
4097 0.000074
4098 0.000071
4099 0.000080
4100 0.000111
4101 0.000122
4102 0.000050
4103 0.000093
4104 0.000154
4105 0.000155
4106 0.000090
4107 0.000038
4108 0.000101
4109 0.000080
4110 0.000040
4111 0.000108
4112 0.000096
4113 0.000061
4114 0.000048
4115 0.000151
4116 0.000114
4117 0.000078
4118 0.000037
4119 0.000128
4120 0.000062
4121 0.000133
4122 0.000042
4123 0.000085
4124 0.000156
4125 0.000079
4126 0.000074
4127 0.000098
4128 0.000107
4129 0.000096
4130 0.000127
4131 0.000042
4132 0.000097
4133 0.000110
4134 0.000119
4135 0.000143
4136 0.000214
4137 0.000111
4138 0.000117
4139 0.000043
4140 0.000079
4141 0.000085
4142 0.000129
4143 0.000133
4144 0.000104
4145 0.000106
4146 0.000098
4147 0.000094
4148 0.000104
4149 0.000166
4150 0.000118
4151 0.000112
4152 0.000135
4153 0.000084
4154 0.000034
4155 0.000026
4156 0.000071
4157 0.000038
4158 0.000073
4159 0.000122
4160 0.000077
4161 0.000114
4162 0.000119
4163 0.000130
4164 0.000089
4165 0.000100
4166 0.000059
4167 0.000103
4168 0.000106
4169 0.000125
4170 0.000109
4171 0.000133
4172 0.000122
4173 0.000099
4174 0.000073
4175 0.000064
4176 0.000062
4177 0.000034
4178 0.000095
4179 0.000113
4180 0.000115
4181 0.000086
4182 0.000092
4183 0.000133
4184 0.000150
4185 0.000126
4186 0.000090
4187 0.000071
4188 0.000106
4189 0.000084
4190 0.000095
4191 0.000100
4192 0.000169
4193 0.000078
4194 0.000108
4195 0.000074
4196 0.000174
4197 0.000088
4198 0.000051
4199 0.000077
4200 0.000082
4201 0.000044
4202 0.000162
4203 0.000134
4204 0.000139
4205 0.000059
4206 0.000080
4207 0.000046
4208 0.000074
4209 0.000100
4210 0.000124
4211 0.000157
4212 0.000189
4213 0.000120
4214 0.000054
4215 0.000067
4216 0.000125
4217 0.000146
4218 0.000103
4219 0.000078
4220 0.000086
4221 0.000051
4222 0.000062
4223 0.000047
4224 0.000157
4225 0.000094
4226 0.000075
4227 0.000145
4228 0.000066
4229 0.000036
4230 0.000061
4231 0.000117
4232 0.000050
4233 0.000045
4234 0.000092
4235 0.000056
4236 0.000150
4237 0.000078
4238 0.000077
4239 0.000119
4240 0.000171
4241 0.000146
4242 0.000194
4243 0.000088
4244 0.000113
4245 0.000120
4246 0.000139
4247 0.000108
4248 0.000064
4249 0.000037
4250 0.000080
4251 0.000148
4252 0.000071
4253 0.000142
4254 0.000110
4255 0.000092
4256 0.000085
4257 0.000196
4258 0.000159
4259 0.000089
4260 0.000055
4261 0.000119
4262 0.000053
4263 0.000033
4264 0.000058
4265 0.000079
4266 0.000127
4267 0.000097
4268 0.000080
4269 0.000055
4270 0.000099
4271 0.000093
4272 0.000082
4273 0.000065
4274 0.000072
4275 0.000048
4276 0.000072
4277 0.000084
4278 0.000043
4279 0.000041
4280 0.000082
4281 0.000180
4282 0.000125
4283 0.000118
4284 0.000173
4285 0.000068
4286 0.000077
4287 0.000076
4288 0.000067
4289 0.000138
4290 0.000107
4291 0.000119
4292 0.000058
4293 0.000083
4294 0.000098
4295 0.000066
4296 0.000066
4297 0.000056
4298 0.000097
4299 0.000065
4300 0.000092
4301 0.000068
4302 0.000072
4303 0.000108
4304 0.000151
4305 0.000082
4306 0.000072
4307 0.000141
4308 0.000090
4309 0.000144
4310 0.000117
4311 0.000088
4312 0.000128
4313 0.000093
4314 0.000048
4315 0.000095
4316 0.000081
4317 0.000105
4318 0.000088
4319 0.000109
4320 0.000124
4321 0.000133
4322 0.000149
4323 0.000074
4324 0.000099
4325 0.000056
4326 0.000087
4327 0.000083
4328 0.000092
4329 0.000127
4330 0.000170
4331 0.000144
4332 0.000053
4333 0.000077
4334 0.000123
4335 0.000081
4336 0.000115
4337 0.000067
4338 0.000146
4339 0.000040
4340 0.000073
4341 0.000066
4342 0.000037
4343 0.000104
4344 0.000076
4345 0.000050
4346 0.000086
4347 0.000065
4348 0.000088
4349 0.000117
4350 0.000080
4351 0.000096
4352 0.000115
4353 0.000110
4354 0.000096
4355 0.000084
4356 0.000039
4357 0.000068
4358 0.000096
4359 0.000049
4360 0.000136
4361 0.000099
4362 0.000085
4363 0.000080
4364 0.000086
4365 0.000129
4366 0.000037
4367 0.000164
4368 0.000074
4369 0.000080
4370 0.000190
4371 0.000093
4372 0.000036
4373 0.000162
4374 0.000086
4375 0.000069
4376 0.000164
4377 0.000208
4378 0.000118
4379 0.000068
4380 0.000187
4381 0.000126
4382 0.000068
4383 0.000105
4384 0.000028
4385 0.000064
4386 0.000103
4387 0.000125
4388 0.000160
4389 0.000139
4390 0.000160
4391 0.000137
4392 0.000068
4393 0.000148
4394 0.000074
4395 0.000056
4396 0.000103
4397 0.000078
4398 0.000078
4399 0.000123
4400 0.000087
4401 0.000051
4402 0.000066
4403 0.000096
4404 0.000042
4405 0.000143
4406 0.000101
4407 0.000103
4408 0.000082
4409 0.000095
4410 0.000081
4411 0.000051
4412 0.000146
4413 0.000102
4414 0.000233
4415 0.000142
4416 0.000079
4417 0.000113
4418 0.000139
4419 0.000075
4420 0.000084
4421 0.000107
4422 0.000056
4423 0.000037
4424 0.000072
4425 0.000067
4426 0.000083
4427 0.000082
4428 0.000104
4429 0.000124
4430 0.000111
4431 0.000081
4432 0.000082
4433 0.000048
4434 0.000075
4435 0.000084
4436 0.000039
4437 0.000121
4438 0.000137
4439 0.000118
4440 0.000144
4441 0.000079
4442 0.000228
4443 0.000130
4444 0.000087
4445 0.000093
4446 0.000075
4447 0.000082
4448 0.000100
4449 0.000064
4450 0.000083
4451 0.000108
4452 0.000053
4453 0.000076
4454 0.000221
4455 0.000096
4456 0.000120
4457 0.000070
4458 0.000093
4459 0.000124
4460 0.000078
4461 0.000120
4462 0.000116
4463 0.000173
4464 0.000118
4465 0.000055
4466 0.000034
4467 0.000074
4468 0.000090
4469 0.000152
4470 0.000095
4471 0.000053
4472 0.000131
4473 0.000178
4474 0.000045
4475 0.000116
4476 0.000098
4477 0.000153
4478 0.000086
4479 0.000117
4480 0.000104
4481 0.000204
4482 0.000102
4483 0.000072
4484 0.000048
4485 0.000111
4486 0.000209
4487 0.000135
4488 0.000072
4489 0.000102
4490 0.000065
4491 0.000110
4492 0.000113
4493 0.000125
4494 0.000091
4495 0.000056
4496 0.000032
4497 0.000034
4498 0.000080
4499 0.000083
4500 0.000036
4501 0.000142
4502 0.000143
4503 0.000152
4504 0.000082
4505 0.000104
4506 0.000172
4507 0.000079
4508 0.000080
4509 0.000076
4510 0.000110
4511 0.000136
4512 0.000153
4513 0.000124
4514 0.000059
4515 0.000117
4516 0.000088
4517 0.000069
4518 0.000051
4519 0.000040
4520 0.000090
4521 0.000070
4522 0.000062
4523 0.000156
4524 0.000115
4525 0.000152
4526 0.000077
4527 0.000163
4528 0.000069
4529 0.000099
4530 0.000063
4531 0.000045
4532 0.000033
4533 0.000065
4534 0.000054
4535 0.000050
4536 0.000106
4537 0.000101
4538 0.000049
4539 0.000062
4540 0.000166
4541 0.000163
4542 0.000065
4543 0.000095
4544 0.000129
4545 0.000115
4546 0.000177
4547 0.000126
4548 0.000075
4549 0.000104
4550 0.000129
4551 0.000049
4552 0.000074
4553 0.000103
4554 0.000054
4555 0.000046
4556 0.000105
4557 0.000052
4558 0.000061
4559 0.000099
4560 0.000078
4561 0.000079
4562 0.000147
4563 0.000161
4564 0.000100
4565 0.000102
4566 0.000085
4567 0.000066
4568 0.000042
4569 0.000022
4570 0.000072
4571 0.000025
4572 0.000068
4573 0.000110
4574 0.000072
4575 0.000057
4576 0.000076
4577 0.000097
4578 0.000066
4579 0.000060
4580 0.000094
4581 0.000066
4582 0.000105
4583 0.000093
4584 0.000154
4585 0.000122
4586 0.000144
4587 0.000153
4588 0.000101
4589 0.000096
4590 0.000043
4591 0.000058
4592 0.000068
4593 0.000063
4594 0.000091
4595 0.000171
4596 0.000118
4597 0.000059
4598 0.000165
4599 0.000112
4600 0.000075
4601 0.000072
4602 0.000085
4603 0.000126
4604 0.000155
4605 0.000111
4606 0.000062
4607 0.000055
4608 0.000097
4609 0.000071
4610 0.000085
4611 0.000053
4612 0.000094
4613 0.000093
4614 0.000112
4615 0.000093
4616 0.000031
4617 0.000061
4618 0.000189
4619 0.000093
4620 0.000064
4621 0.000079
4622 0.000138
4623 0.000166
4624 0.000174
4625 0.000148
4626 0.000125
4627 0.000067
4628 0.000109
4629 0.000081
4630 0.000068
4631 0.000112
4632 0.000103
4633 0.000092
4634 0.000090
4635 0.000083
4636 0.000075
4637 0.000093
4638 0.000072
4639 0.000131
4640 0.000083
4641 0.000105
4642 0.000130
4643 0.000097
4644 0.000184
4645 0.000094
4646 0.000105
4647 0.000087
4648 0.000036
4649 0.000189
4650 0.000204
4651 0.000173
4652 0.000097
4653 0.000062
4654 0.000140
4655 0.000113
4656 0.000057
4657 0.000052
4658 0.000125
4659 0.000113
4660 0.000130
4661 0.000120
4662 0.000094
4663 0.000070
4664 0.000115
4665 0.000132
4666 0.000132
4667 0.000080
4668 0.000089
4669 0.000044
4670 0.000061
4671 0.000103
4672 0.000081
4673 0.000079
4674 0.000072
4675 0.000113
4676 0.000062
4677 0.000044
4678 0.000053
4679 0.000085
4680 0.000169
4681 0.000112
4682 0.000125
4683 0.000068
4684 0.000139
4685 0.000150
4686 0.000110
4687 0.000088
4688 0.000079
4689 0.000037
4690 0.000141
4691 0.000084
4692 0.000089
4693 0.000081
4694 0.000098
4695 0.000117
4696 0.000108
4697 0.000152
4698 0.000101
4699 0.000125
4700 0.000178
4701 0.000133
4702 0.000102
4703 0.000071
4704 0.000122
4705 0.000103
4706 0.000033
4707 0.000042
4708 0.000115
4709 0.000126
4710 0.000137
4711 0.000204
4712 0.000196
4713 0.000099
4714 0.000059
4715 0.000080
4716 0.000065
4717 0.000046
4718 0.000081
4719 0.000118
4720 0.000044
4721 0.000080
4722 0.000109
4723 0.000186
4724 0.000173
4725 0.000193
4726 0.000129
4727 0.000072
4728 0.000156
4729 0.000159
4730 0.000126
4731 0.000068
4732 0.000046
4733 0.000041
4734 0.000047
4735 0.000060
4736 0.000105
4737 0.000102
4738 0.000125
4739 0.000067
4740 0.000088
4741 0.000090
4742 0.000079
4743 0.000108
4744 0.000082
4745 0.000067
4746 0.000104
4747 0.000033
4748 0.000044
4749 0.000073
4750 0.000128
4751 0.000116
4752 0.000128
4753 0.000143
4754 0.000068
4755 0.000057
4756 0.000112
4757 0.000083
4758 0.000036
4759 0.000074
4760 0.000089
4761 0.000096
4762 0.000111
4763 0.000099
4764 0.000122
4765 0.000059
4766 0.000113
4767 0.000062
4768 0.000113
4769 0.000072
4770 0.000077
4771 0.000119
4772 0.000144
4773 0.000081
4774 0.000120
4775 0.000168
4776 0.000118
4777 0.000076
4778 0.000064
4779 0.000086
4780 0.000149
4781 0.000089
4782 0.000172
4783 0.000139
4784 0.000094
4785 0.000063
4786 0.000121
4787 0.000072
4788 0.000107
4789 0.000094
4790 0.000082
4791 0.000101
4792 0.000075
4793 0.000099
4794 0.000065
4795 0.000100
4796 0.000117
4797 0.000123
4798 0.000171
4799 0.000077
4800 0.000089
4801 0.000081
4802 0.000196
4803 0.000119
4804 0.000074
4805 0.000102
4806 0.000043
4807 0.000107
4808 0.000122
4809 0.000082
4810 0.000093
4811 0.000082
4812 0.000069
4813 0.000089
4814 0.000084
4815 0.000212
4816 0.000118
4817 0.000119
4818 0.000100
4819 0.000079
4820 0.000130
4821 0.000048
4822 0.000141
4823 0.000097
4824 0.000072
4825 0.000050
4826 0.000121
4827 0.000086
4828 0.000106
4829 0.000076
4830 0.000089
4831 0.000074
4832 0.000033
4833 0.000064
4834 0.000026
4835 0.000109
4836 0.000081
4837 0.000116
4838 0.000089
4839 0.000047
4840 0.000071
4841 0.000120
4842 0.000061
4843 0.000038
4844 0.000073
4845 0.000065
4846 0.000091
4847 0.000082
4848 0.000225
4849 0.000111
4850 0.000095
4851 0.000041
4852 0.000071
4853 0.000167
4854 0.000196
4855 0.000122
4856 0.000072
4857 0.000054
4858 0.000146
4859 0.000092
4860 0.000152
4861 0.000079
4862 0.000132
4863 0.000085
4864 0.000100
4865 0.000215
4866 0.000167
4867 0.000157
4868 0.000171
4869 0.000154
4870 0.000122
4871 0.000060
4872 0.000104
4873 0.000099
4874 0.000158
4875 0.000088
4876 0.000127
4877 0.000128
4878 0.000105
4879 0.000154
4880 0.000113
4881 0.000062
4882 0.000149
4883 0.000104
4884 0.000122
4885 0.000043
4886 0.000169
4887 0.000073
4888 0.000105
4889 0.000086
4890 0.000050
4891 0.000037
4892 0.000068
4893 0.000046
4894 0.000097
4895 0.000074
4896 0.000095
4897 0.000116
4898 0.000075
4899 0.000044
4900 0.000052
4901 0.000085
4902 0.000162
4903 0.000133
4904 0.000106
4905 0.000099
4906 0.000064
4907 0.000137
4908 0.000132
4909 0.000182
4910 0.000174
4911 0.000143
4912 0.000065
4913 0.000088
4914 0.000037
4915 0.000093
4916 0.000056
4917 0.000069
4918 0.000057
4919 0.000110
4920 0.000124
4921 0.000079
4922 0.000054
4923 0.000037
4924 0.000084
4925 0.000130
4926 0.000061
4927 0.000162
4928 0.000109
4929 0.000151
4930 0.000184
4931 0.000129
4932 0.000094
4933 0.000107
4934 0.000053
4935 0.000076
4936 0.000131
4937 0.000185
4938 0.000183
4939 0.000089
4940 0.000123
4941 0.000163
4942 0.000095
4943 0.000101
4944 0.000174
4945 0.000127
4946 0.000074
4947 0.000132
4948 0.000122
4949 0.000056
4950 0.000143
4951 0.000099
4952 0.000110
4953 0.000064
4954 0.000086
4955 0.000126
4956 0.000161
4957 0.000144
4958 0.000083
4959 0.000089
4960 0.000107
4961 0.000059
4962 0.000075
4963 0.000068
4964 0.000105
4965 0.000095
4966 0.000057
4967 0.000127
4968 0.000080
4969 0.000130
4970 0.000081
4971 0.000114
4972 0.000101
4973 0.000132
4974 0.000090
4975 0.000144
4976 0.000093
4977 0.000069
4978 0.000095
4979 0.000067
4980 0.000128
4981 0.000134
4982 0.000147
4983 0.000081
4984 0.000122
4985 0.000066
4986 0.000045
4987 0.000070
4988 0.000102
4989 0.000069
4990 0.000103
4991 0.000083
4992 0.000057
4993 0.000095
4994 0.000028
4995 0.000118
4996 0.000092
4997 0.000097
4998 0.000098
4999 0.000092
5000 0.000088
5001 0.000072
5002 0.000038
5003 0.000059
5004 0.000166
5005 0.000126
5006 0.000070
5007 0.000112
5008 0.000062
5009 0.000129
5010 0.000140
5011 0.000045
5012 0.000148
5013 0.000156
5014 0.000124
5015 0.000059
5016 0.000061
5017 0.000159
5018 0.000124
5019 0.000102
5020 0.000050
5021 0.000075
5022 0.000067
5023 0.000069
5024 0.000177
5025 0.000089
5026 0.000056
5027 0.000052
5028 0.000072
5029 0.000094
5030 0.000129
5031 0.000199
5032 0.000165
5033 0.000188
5034 0.000124
5035 0.000077
5036 0.000070
5037 0.000145
5038 0.000062
5039 0.000109
5040 0.000124
5041 0.000120
5042 0.000090
5043 0.000079
5044 0.000090
5045 0.000041
5046 0.000050
5047 0.000145
5048 0.000074
5049 0.000116
5050 0.000072
5051 0.000083
5052 0.000077
5053 0.000148
5054 0.000182
5055 0.000129
5056 0.000051
5057 0.000082
5058 0.000039
5059 0.000040
5060 0.000036
5061 0.000130
5062 0.000091
5063 0.000092
5064 0.000102
5065 0.000076
5066 0.000059
5067 0.000087
5068 0.000075
5069 0.000134
5070 0.000092
5071 0.000072
5072 0.000045
5073 0.000043
5074 0.000186
5075 0.000112
5076 0.000120
5077 0.000128
5078 0.000131
5079 0.000113
5080 0.000102
5081 0.000080
5082 0.000138
5083 0.000216
5084 0.000165
5085 0.000067
5086 0.000119
5087 0.000072
5088 0.000078
5089 0.000090
5090 0.000136
5091 0.000081
5092 0.000037
5093 0.000027
5094 0.000109
5095 0.000142
5096 0.000119
5097 0.000053
5098 0.000116
5099 0.000066
5100 0.000032
5101 0.000038
5102 0.000121
5103 0.000088
5104 0.000150
5105 0.000080
5106 0.000138
5107 0.000099
5108 0.000084
5109 0.000090
5110 0.000062
5111 0.000071
5112 0.000066
5113 0.000064
5114 0.000089
5115 0.000078
5116 0.000089
5117 0.000163
5118 0.000076
5119 0.000088
5120 0.000111
5121 0.000181
5122 0.000073
5123 0.000127
5124 0.000063
5125 0.000044
5126 0.000079
5127 0.000093
5128 0.000079
5129 0.000150
5130 0.000184
5131 0.000110
5132 0.000094
5133 0.000131
5134 0.000162
5135 0.000095
5136 0.000179
5137 0.000110
5138 0.000083
5139 0.000087
5140 0.000151
5141 0.000097
5142 0.000187
5143 0.000063
5144 0.000096
5145 0.000032
5146 0.000133
5147 0.000046
5148 0.000074
5149 0.000140
5150 0.000059
5151 0.000098
5152 0.000032
5153 0.000077
5154 0.000094
5155 0.000162
5156 0.000069
5157 0.000104
5158 0.000150
5159 0.000106
5160 0.000120
5161 0.000143
5162 0.000081
5163 0.000150
5164 0.000111
5165 0.000108
5166 0.000057
5167 0.000132
5168 0.000065
5169 0.000097
5170 0.000089
5171 0.000154
5172 0.000120
5173 0.000078
5174 0.000061
5175 0.000103
5176 0.000119
5177 0.000083
5178 0.000104
5179 0.000148
5180 0.000148
5181 0.000140
5182 0.000069
5183 0.000093
5184 0.000057
5185 0.000107
5186 0.000068
5187 0.000075
5188 0.000107
5189 0.000074
5190 0.000106
5191 0.000085
5192 0.000053
5193 0.000069
5194 0.000078
5195 0.000120
5196 0.000155
5197 0.000173
5198 0.000058
5199 0.000021
5200 0.000170
5201 0.000168
5202 0.000123
5203 0.000121
5204 0.000133
5205 0.000200
5206 0.000155
5207 0.000063
5208 0.000076
5209 0.000096
5210 0.000077
5211 0.000087
5212 0.000142
5213 0.000103
5214 0.000129
5215 0.000193
5216 0.000060
5217 0.000117
5218 0.000124
5219 0.000090
5220 0.000085
5221 0.000188
5222 0.000086
5223 0.000166
5224 0.000071
5225 0.000170
5226 0.000154
5227 0.000129
5228 0.000094
5229 0.000087
5230 0.000059
5231 0.000105
5232 0.000089
5233 0.000070
5234 0.000058
5235 0.000240
5236 0.000126
5237 0.000061
5238 0.000120
5239 0.000041
5240 0.000054
5241 0.000125
5242 0.000078
5243 0.000129
5244 0.000096
5245 0.000124
5246 0.000111
5247 0.000116
5248 0.000108
5249 0.000109
5250 0.000076
5251 0.000072
5252 0.000068
5253 0.000115
5254 0.000086
5255 0.000097
5256 0.000139
5257 0.000203
5258 0.000163
5259 0.000074
5260 0.000102
5261 0.000125
5262 0.000190
5263 0.000131
5264 0.000052
5265 0.000065
5266 0.000154
5267 0.000126
5268 0.000129
5269 0.000168
5270 0.000051
5271 0.000081
5272 0.000080
5273 0.000184
5274 0.000081
5275 0.000118
5276 0.000097
5277 0.000146
5278 0.000105
5279 0.000094
5280 0.000124
5281 0.000135
5282 0.000095
5283 0.000105
5284 0.000229
5285 0.000140
5286 0.000067
5287 0.000026
5288 0.000187
5289 0.000095
5290 0.000104
5291 0.000144
5292 0.000071
5293 0.000097
5294 0.000114
5295 0.000198
5296 0.000144
5297 0.000065
5298 0.000170
5299 0.000174
5300 0.000174
5301 0.000077
5302 0.000164
5303 0.000072
5304 0.000074
5305 0.000053
5306 0.000077
5307 0.000053
5308 0.000092
5309 0.000053
5310 0.000072
5311 0.000080
5312 0.000073
5313 0.000062
5314 0.000104
5315 0.000139
5316 0.000035
5317 0.000061
5318 0.000060
5319 0.000044
5320 0.000135
5321 0.000107
5322 0.000067
5323 0.000085
5324 0.000084
5325 0.000124
5326 0.000095
5327 0.000088
5328 0.000092
5329 0.000062
5330 0.000083
5331 0.000074
5332 0.000099
5333 0.000078
5334 0.000098
5335 0.000081
5336 0.000076
5337 0.000085
5338 0.000132
5339 0.000151
5340 0.000162
5341 0.000073
5342 0.000048
5343 0.000118
5344 0.000063
5345 0.000063
5346 0.000092
5347 0.000105
5348 0.000155
5349 0.000094
5350 0.000047
5351 0.000065
5352 0.000069
5353 0.000059
5354 0.000086
5355 0.000159
5356 0.000107
5357 0.000060
5358 0.000126
5359 0.000097
5360 0.000099
5361 0.000087
5362 0.000128
5363 0.000057
5364 0.000097
5365 0.000097
5366 0.000226
5367 0.000097
5368 0.000093
5369 0.000154
5370 0.000121
5371 0.000130
5372 0.000115
5373 0.000070
5374 0.000024
5375 0.000047
5376 0.000088
5377 0.000038
5378 0.000184
5379 0.000093
5380 0.000072
5381 0.000093
5382 0.000048
5383 0.000098
5384 0.000052
5385 0.000126
5386 0.000067
5387 0.000126
5388 0.000077
5389 0.000167
5390 0.000077
5391 0.000048
5392 0.000079
5393 0.000075
5394 0.000088
5395 0.000048
5396 0.000090
5397 0.000037
5398 0.000122
5399 0.000076
5400 0.000072
5401 0.000119
5402 0.000096
5403 0.000078
5404 0.000075
5405 0.000069
5406 0.000082
5407 0.000083
5408 0.000084
5409 0.000112
5410 0.000147
5411 0.000050
5412 0.000051
5413 0.000142
5414 0.000154
5415 0.000197
5416 0.000112
5417 0.000052
5418 0.000110
5419 0.000056
5420 0.000085
5421 0.000083
5422 0.000066
5423 0.000095
5424 0.000097
5425 0.000042
5426 0.000105
5427 0.000130
5428 0.000084
5429 0.000132
5430 0.000164
5431 0.000068
5432 0.000038
5433 0.000139
5434 0.000052
5435 0.000036
5436 0.000098
5437 0.000057
5438 0.000097
5439 0.000221
5440 0.000093
5441 0.000107
5442 0.000090
5443 0.000092
5444 0.000190
5445 0.000133
5446 0.000104
5447 0.000070
5448 0.000087
5449 0.000074
5450 0.000149
5451 0.000179
5452 0.000082
5453 0.000064
5454 0.000076
5455 0.000085
5456 0.000045
5457 0.000088
5458 0.000190
5459 0.000076
5460 0.000120
5461 0.000066
5462 0.000102
5463 0.000077
5464 0.000124
5465 0.000048
5466 0.000096
5467 0.000110
5468 0.000100
5469 0.000162
5470 0.000138
5471 0.000095
5472 0.000073
5473 0.000069
5474 0.000076
5475 0.000085
5476 0.000066
5477 0.000126
5478 0.000133
5479 0.000092
5480 0.000169
5481 0.000058
5482 0.000127
5483 0.000066
5484 0.000112
5485 0.000102
5486 0.000087
5487 0.000125
5488 0.000183
5489 0.000117
5490 0.000098
5491 0.000120
5492 0.000035
5493 0.000114
5494 0.000147
5495 0.000073
5496 0.000084
5497 0.000083
5498 0.000100
5499 0.000056
5500 0.000082
5501 0.000136
5502 0.000079
5503 0.000127
5504 0.000160
5505 0.000058
5506 0.000094
5507 0.000147
5508 0.000089
5509 0.000132
5510 0.000141
5511 0.000079
5512 0.000106
5513 0.000095
5514 0.000106
5515 0.000092
5516 0.000147
5517 0.000166
5518 0.000099
5519 0.000188
5520 0.000113
5521 0.000086
5522 0.000096
5523 0.000091
5524 0.000098
5525 0.000106
5526 0.000065
5527 0.000134
5528 0.000051
5529 0.000113
5530 0.000081
5531 0.000076
5532 0.000141
5533 0.000185
5534 0.000177
5535 0.000118
5536 0.000135
5537 0.000118
5538 0.000097
5539 0.000088
5540 0.000100
5541 0.000052
5542 0.000067
5543 0.000118
5544 0.000097
5545 0.000133
5546 0.000066
5547 0.000062
5548 0.000069
5549 0.000062
5550 0.000126
5551 0.000063
5552 0.000059
5553 0.000055
5554 0.000062
5555 0.000047
5556 0.000178
5557 0.000138
5558 0.000081
5559 0.000034
5560 0.000052
5561 0.000112
5562 0.000077
5563 0.000082
5564 0.000097
5565 0.000063
5566 0.000092
5567 0.000043
5568 0.000124
5569 0.000104
5570 0.000187
5571 0.000095
5572 0.000129
5573 0.000137
5574 0.000087
5575 0.000083
5576 0.000127
5577 0.000098
5578 0.000180
5579 0.000053
5580 0.000103
5581 0.000084
5582 0.000104
5583 0.000033
5584 0.000076
5585 0.000088
5586 0.000061
5587 0.000170
5588 0.000116
5589 0.000101
5590 0.000109
5591 0.000083
5592 0.000121
5593 0.000063
5594 0.000086
5595 0.000056
5596 0.000087
5597 0.000095
5598 0.000053
5599 0.000075
5600 0.000058
5601 0.000144
5602 0.000086
5603 0.000112
5604 0.000101
5605 0.000113
5606 0.000077
5607 0.000067
5608 0.000091
5609 0.000144
5610 0.000127
5611 0.000101
5612 0.000128
5613 0.000125
5614 0.000069
5615 0.000044
5616 0.000072
5617 0.000163
5618 0.000117
5619 0.000214
5620 0.000109
5621 0.000090
5622 0.000099
5623 0.000183
5624 0.000148
5625 0.000099
5626 0.000079
5627 0.000140
5628 0.000133
5629 0.000137
5630 0.000079
5631 0.000167
5632 0.000122
5633 0.000057
5634 0.000093
5635 0.000071
5636 0.000059
5637 0.000079
5638 0.000072
5639 0.000121
5640 0.000069
5641 0.000067
5642 0.000077
5643 0.000079
5644 0.000111
5645 0.000170
5646 0.000129
5647 0.000173
5648 0.000178
5649 0.000089
5650 0.000039
5651 0.000097
5652 0.000067
5653 0.000070
5654 0.000095
5655 0.000107
5656 0.000078
5657 0.000093
5658 0.000117
5659 0.000077
5660 0.000069
5661 0.000067
5662 0.000141
5663 0.000064
5664 0.000090
5665 0.000040
5666 0.000071
5667 0.000054
5668 0.000055
5669 0.000067
5670 0.000078
5671 0.000042
5672 0.000112
5673 0.000073
5674 0.000084
5675 0.000062
5676 0.000069
5677 0.000081
5678 0.000084
5679 0.000092
5680 0.000118
5681 0.000087
5682 0.000062
5683 0.000100
5684 0.000163
5685 0.000152
5686 0.000100
5687 0.000145
5688 0.000132
5689 0.000166
5690 0.000130
5691 0.000041
5692 0.000138
5693 0.000109
5694 0.000172
5695 0.000141
5696 0.000075
5697 0.000138
5698 0.000137
5699 0.000079
5700 0.000107
5701 0.000096
5702 0.000076
5703 0.000169
5704 0.000060
5705 0.000089
5706 0.000049
5707 0.000124
5708 0.000082
5709 0.000038
5710 0.000162
5711 0.000142
5712 0.000114
5713 0.000093
5714 0.000061
5715 0.000134
5716 0.000210
5717 0.000123
5718 0.000092
5719 0.000175
5720 0.000133
5721 0.000203
5722 0.000069
5723 0.000059
5724 0.000083
5725 0.000076
5726 0.000092
5727 0.000026
5728 0.000074
5729 0.000060
5730 0.000118
5731 0.000175
5732 0.000095
5733 0.000085
5734 0.000206
5735 0.000084
5736 0.000098
5737 0.000122
5738 0.000143
5739 0.000069
5740 0.000144
5741 0.000164
5742 0.000070
5743 0.000109
5744 0.000033
5745 0.000097
5746 0.000074
5747 0.000064
5748 0.000090
5749 0.000104
5750 0.000099
5751 0.000037
5752 0.000120
5753 0.000180
5754 0.000166
5755 0.000122
5756 0.000083
5757 0.000106
5758 0.000042
5759 0.000106
5760 0.000181
5761 0.000083
5762 0.000086
5763 0.000092
5764 0.000106
5765 0.000094
5766 0.000069
5767 0.000183
5768 0.000153
5769 0.000082
5770 0.000130
5771 0.000094
5772 0.000082
5773 0.000094
5774 0.000035
5775 0.000103
5776 0.000077
5777 0.000169
5778 0.000092
5779 0.000096
5780 0.000076
5781 0.000052
5782 0.000085
5783 0.000069
5784 0.000113
5785 0.000072
5786 0.000094
5787 0.000098
5788 0.000047
5789 0.000070
5790 0.000144
5791 0.000104
5792 0.000051
5793 0.000075
5794 0.000162
5795 0.000123
5796 0.000229
5797 0.000092
5798 0.000148
5799 0.000077
5800 0.000078
5801 0.000181
5802 0.000212
5803 0.000085
5804 0.000131
5805 0.000075
5806 0.000090
5807 0.000124
5808 0.000120
5809 0.000076
5810 0.000062
5811 0.000135
5812 0.000156
5813 0.000065
5814 0.000177
5815 0.000166
5816 0.000061
5817 0.000115
5818 0.000131
5819 0.000120
5820 0.000161
5821 0.000110
5822 0.000080
5823 0.000105
5824 0.000099
5825 0.000072
5826 0.000138
5827 0.000087
5828 0.000157
5829 0.000075
5830 0.000132
5831 0.000149
5832 0.000114
5833 0.000149
5834 0.000127
5835 0.000058
5836 0.000057
5837 0.000046
5838 0.000099
5839 0.000100
5840 0.000126
5841 0.000076
5842 0.000133
5843 0.000133
5844 0.000122
5845 0.000193
5846 0.000133
5847 0.000097
5848 0.000096
5849 0.000135
5850 0.000052
5851 0.000056
5852 0.000055
5853 0.000114
5854 0.000123
5855 0.000082
5856 0.000078
5857 0.000173
5858 0.000115
5859 0.000092
5860 0.000066
5861 0.000033
5862 0.000065
5863 0.000095
5864 0.000186
5865 0.000132
5866 0.000092
5867 0.000123
5868 0.000115
5869 0.000174
5870 0.000095
5871 0.000065
5872 0.000132
5873 0.000111
5874 0.000070
5875 0.000081
5876 0.000032
5877 0.000088
5878 0.000156
5879 0.000073
5880 0.000074
5881 0.000076
5882 0.000271
5883 0.000109
5884 0.000075
5885 0.000153
5886 0.000063
5887 0.000071
5888 0.000109
5889 0.000118
5890 0.000130
5891 0.000075
5892 0.000134
5893 0.000157
5894 0.000088
5895 0.000069
5896 0.000114
5897 0.000127
5898 0.000214
5899 0.000134
5900 0.000140
5901 0.000106
5902 0.000120
5903 0.000136
5904 0.000089
5905 0.000090
5906 0.000071
5907 0.000158
5908 0.000101
5909 0.000071
5910 0.000121
5911 0.000103
5912 0.000072
5913 0.000059
5914 0.000055
5915 0.000052
5916 0.000029
5917 0.000076
5918 0.000049
5919 0.000148
5920 0.000127
5921 0.000133
5922 0.000054
5923 0.000143
5924 0.000094
5925 0.000128
5926 0.000046
5927 0.000049
5928 0.000106
5929 0.000131
5930 0.000177
5931 0.000055
5932 0.000087
5933 0.000156
5934 0.000106
5935 0.000074
5936 0.000067
5937 0.000070
5938 0.000086
5939 0.000081
5940 0.000176
5941 0.000117
5942 0.000088
5943 0.000151
5944 0.000134
5945 0.000188
5946 0.000093
5947 0.000085
5948 0.000135
5949 0.000085
5950 0.000096
5951 0.000104
5952 0.000083
5953 0.000087
5954 0.000063
5955 0.000073
5956 0.000094
5957 0.000092
5958 0.000048
5959 0.000118
5960 0.000101
5961 0.000195
5962 0.000141
5963 0.000132
5964 0.000077
5965 0.000081
5966 0.000088
5967 0.000068
5968 0.000062
5969 0.000087
5970 0.000085
5971 0.000148
5972 0.000060
5973 0.000248
5974 0.000182
5975 0.000149
5976 0.000067
5977 0.000060
5978 0.000062
5979 0.000079
5980 0.000101
5981 0.000103
5982 0.000063
5983 0.000116
5984 0.000135
5985 0.000105
5986 0.000132
5987 0.000092
5988 0.000143
5989 0.000078
5990 0.000116
5991 0.000116
5992 0.000077
5993 0.000096
5994 0.000068
5995 0.000136
5996 0.000109
5997 0.000096
5998 0.000077
5999 0.000112
6000 0.000147
6001 0.000106
6002 0.000080
6003 0.000076
6004 0.000100
6005 0.000077
6006 0.000051
6007 0.000085
6008 0.000083
6009 0.000046
6010 0.000044
6011 0.000048
6012 0.000110
6013 0.000084
6014 0.000138
6015 0.000123
6016 0.000085
6017 0.000146
6018 0.000102
6019 0.000109
6020 0.000092
6021 0.000069
6022 0.000039
6023 0.000045
6024 0.000123
6025 0.000185
6026 0.000122
6027 0.000227
6028 0.000146
6029 0.000090
6030 0.000068
6031 0.000092
6032 0.000115
6033 0.000091
6034 0.000044
6035 0.000093
6036 0.000113
6037 0.000053
6038 0.000109
6039 0.000145
6040 0.000066
6041 0.000089
6042 0.000071
6043 0.000155
6044 0.000122
6045 0.000068
6046 0.000059
6047 0.000083
6048 0.000047
6049 0.000052
6050 0.000082
6051 0.000128
6052 0.000051
6053 0.000140
6054 0.000127
6055 0.000138
6056 0.000100
6057 0.000143
6058 0.000089
6059 0.000143
6060 0.000119
6061 0.000110
6062 0.000062
6063 0.000062
6064 0.000073
6065 0.000196
6066 0.000079
6067 0.000061
6068 0.000050
6069 0.000059
6070 0.000064
6071 0.000046
6072 0.000051
6073 0.000060
6074 0.000084
6075 0.000097
6076 0.000131
6077 0.000067
6078 0.000068
6079 0.000151
6080 0.000169
6081 0.000115
6082 0.000091
6083 0.000067
6084 0.000148
6085 0.000097
6086 0.000095
6087 0.000067
6088 0.000079
6089 0.000131
6090 0.000080
6091 0.000147
6092 0.000096
6093 0.000098
6094 0.000106
6095 0.000093
6096 0.000159
6097 0.000155
6098 0.000142
6099 0.000110
6100 0.000062
6101 0.000074
6102 0.000077
6103 0.000058
6104 0.000049
6105 0.000180
6106 0.000111
6107 0.000157
6108 0.000088
6109 0.000127
6110 0.000122
6111 0.000050
6112 0.000078
6113 0.000040
6114 0.000086
6115 0.000109
6116 0.000089
6117 0.000124
6118 0.000122
6119 0.000119
6120 0.000087
6121 0.000065
6122 0.000150
6123 0.000079
6124 0.000082
6125 0.000061
6126 0.000079
6127 0.000071
6128 0.000072
6129 0.000090
6130 0.000090
6131 0.000124
6132 0.000089
6133 0.000074
6134 0.000111
6135 0.000081
6136 0.000212
6137 0.000162
6138 0.000110
6139 0.000091
6140 0.000097
6141 0.000195
6142 0.000039
6143 0.000069
6144 0.000091
6145 0.000043
6146 0.000097
6147 0.000076
6148 0.000063
6149 0.000050
6150 0.000093
6151 0.000134
6152 0.000106
6153 0.000139
6154 0.000105
6155 0.000096
6156 0.000078
6157 0.000079
6158 0.000094
6159 0.000213
6160 0.000055
6161 0.000120
6162 0.000047
6163 0.000063
6164 0.000061
6165 0.000070
6166 0.000100
6167 0.000080
6168 0.000096
6169 0.000210
6170 0.000110
6171 0.000058
6172 0.000097
6173 0.000129
6174 0.000069
6175 0.000057
6176 0.000033
6177 0.000053
6178 0.000120
6179 0.000090
6180 0.000146
6181 0.000082
6182 0.000174
6183 0.000057
6184 0.000068
6185 0.000059
6186 0.000057
6187 0.000055
6188 0.000062
6189 0.000056
6190 0.000071
6191 0.000109
6192 0.000099
6193 0.000050
6194 0.000065
6195 0.000103
6196 0.000121
6197 0.000094
6198 0.000108
6199 0.000075
6200 0.000131
6201 0.000171
6202 0.000110
6203 0.000160
6204 0.000080
6205 0.000096
6206 0.000074
6207 0.000074
6208 0.000092
6209 0.000053
6210 0.000059
6211 0.000167
6212 0.000082
6213 0.000136
6214 0.000078
6215 0.000086
6216 0.000096
6217 0.000121
6218 0.000082
6219 0.000038
6220 0.000082
6221 0.000149
6222 0.000066
6223 0.000082
6224 0.000136
6225 0.000075
6226 0.000073
6227 0.000125
6228 0.000146
6229 0.000095
6230 0.000112
6231 0.000066
6232 0.000093
6233 0.000116
6234 0.000120
6235 0.000086
6236 0.000109
6237 0.000083
6238 0.000056
6239 0.000090
6240 0.000069
6241 0.000068
6242 0.000092
6243 0.000097
6244 0.000125
6245 0.000093
6246 0.000076
6247 0.000063
6248 0.000096
6249 0.000071
6250 0.000112
6251 0.000064
6252 0.000086
6253 0.000044
6254 0.000049
6255 0.000040
6256 0.000092
6257 0.000136
6258 0.000084
6259 0.000100
6260 0.000101
6261 0.000111
6262 0.000093
6263 0.000143
6264 0.000137
6265 0.000085
6266 0.000053
6267 0.000102
6268 0.000089
6269 0.000101
6270 0.000131
6271 0.000148
6272 0.000121
6273 0.000070
6274 0.000118
6275 0.000128
6276 0.000089
6277 0.000094
6278 0.000052
6279 0.000164
6280 0.000088
6281 0.000174
6282 0.000045
6283 0.000073
6284 0.000095
6285 0.000086
6286 0.000081
6287 0.000099
6288 0.000134
6289 0.000095
6290 0.000096
6291 0.000056
6292 0.000068
6293 0.000074
6294 0.000106
6295 0.000061
6296 0.000119
6297 0.000104
6298 0.000030
6299 0.000087
6300 0.000040
6301 0.000117
6302 0.000133
6303 0.000186
6304 0.000081
6305 0.000040
6306 0.000064
6307 0.000125
6308 0.000089
6309 0.000112
6310 0.000079
6311 0.000106
6312 0.000177
6313 0.000085
6314 0.000095
6315 0.000082
6316 0.000087
6317 0.000044
6318 0.000089
6319 0.000114
6320 0.000075
6321 0.000046
6322 0.000090
6323 0.000096
6324 0.000123
6325 0.000101
6326 0.000064
6327 0.000097
6328 0.000038
6329 0.000166
6330 0.000104
6331 0.000056
6332 0.000097
6333 0.000047
6334 0.000099
6335 0.000080
6336 0.000071
6337 0.000115
6338 0.000077
6339 0.000026
6340 0.000103
6341 0.000067
6342 0.000100
6343 0.000066
6344 0.000194
6345 0.000174
6346 0.000055
6347 0.000115
6348 0.000147
6349 0.000136
6350 0.000111
6351 0.000110
6352 0.000118
6353 0.000039
6354 0.000071
6355 0.000123
6356 0.000086
6357 0.000080
6358 0.000076
6359 0.000091
6360 0.000072
6361 0.000095
6362 0.000067
6363 0.000057
6364 0.000115
6365 0.000081
6366 0.000065
6367 0.000053
6368 0.000075
6369 0.000194
6370 0.000204
6371 0.000088
6372 0.000142
6373 0.000074
6374 0.000091
6375 0.000080
6376 0.000089
6377 0.000114
6378 0.000031
6379 0.000080
6380 0.000084
6381 0.000042
6382 0.000106
6383 0.000059
6384 0.000102
6385 0.000084
6386 0.000108
6387 0.000091
6388 0.000171
6389 0.000112
6390 0.000140
6391 0.000084
6392 0.000184
6393 0.000133
6394 0.000180
6395 0.000122
6396 0.000084
6397 0.000119
6398 0.000082
6399 0.000166
6400 0.000060
6401 0.000049
6402 0.000044
6403 0.000051
6404 0.000172
6405 0.000050
6406 0.000081
6407 0.000053
6408 0.000077
6409 0.000041
6410 0.000074
6411 0.000098
6412 0.000132
6413 0.000131
6414 0.000093
6415 0.000194
6416 0.000210
6417 0.000116
6418 0.000122
6419 0.000108
6420 0.000115
6421 0.000178
6422 0.000096
6423 0.000091
6424 0.000064
6425 0.000092
6426 0.000155
6427 0.000247
6428 0.000205
6429 0.000123
6430 0.000141
6431 0.000123
6432 0.000092
6433 0.000188
6434 0.000124
6435 0.000141
6436 0.000112
6437 0.000114
6438 0.000120
6439 0.000107
6440 0.000085
6441 0.000214
6442 0.000168
6443 0.000098
6444 0.000076
6445 0.000077
6446 0.000073
6447 0.000135
6448 0.000086
6449 0.000172
6450 0.000044
6451 0.000106
6452 0.000119
6453 0.000186
6454 0.000120
6455 0.000123
6456 0.000134
6457 0.000157
6458 0.000157
6459 0.000064
6460 0.000087
6461 0.000109
6462 0.000105
6463 0.000033
6464 0.000092
6465 0.000078
6466 0.000104
6467 0.000064
6468 0.000096
6469 0.000169
6470 0.000067
6471 0.000094
6472 0.000124
6473 0.000083
6474 0.000033
6475 0.000053
6476 0.000124
6477 0.000075
6478 0.000148
6479 0.000104
6480 0.000140
6481 0.000073
6482 0.000103
6483 0.000026
6484 0.000036
6485 0.000038
6486 0.000050
6487 0.000132
6488 0.000112
6489 0.000105
6490 0.000084
6491 0.000113
6492 0.000137
6493 0.000050
6494 0.000099
6495 0.000064
6496 0.000142
6497 0.000113
6498 0.000127
6499 0.000140
6500 0.000073
6501 0.000083
6502 0.000087
6503 0.000058
6504 0.000129
6505 0.000138
6506 0.000103
6507 0.000095
6508 0.000069
6509 0.000037
6510 0.000089
6511 0.000079
6512 0.000091
6513 0.000092
6514 0.000111
6515 0.000114
6516 0.000167
6517 0.000046
6518 0.000071
6519 0.000082
6520 0.000141
6521 0.000089
6522 0.000122
6523 0.000070
6524 0.000060
6525 0.000087
6526 0.000070
6527 0.000099
6528 0.000133
6529 0.000194
6530 0.000174
6531 0.000070
6532 0.000084
6533 0.000071
6534 0.000071
6535 0.000178
6536 0.000126
6537 0.000047
6538 0.000156
6539 0.000183
6540 0.000158
6541 0.000090
6542 0.000142
6543 0.000084
6544 0.000090
6545 0.000045
6546 0.000051
6547 0.000128
6548 0.000059
6549 0.000128
6550 0.000128
6551 0.000141
6552 0.000054
6553 0.000049
6554 0.000148
6555 0.000129
6556 0.000124
6557 0.000112
6558 0.000155
6559 0.000104
6560 0.000192
6561 0.000208
6562 0.000143
6563 0.000072
6564 0.000086
6565 0.000123
6566 0.000088
6567 0.000122
6568 0.000164
6569 0.000049
6570 0.000065
6571 0.000083
6572 0.000231
6573 0.000135
6574 0.000122
6575 0.000202
6576 0.000109
6577 0.000072
6578 0.000106
6579 0.000094
6580 0.000101
6581 0.000078
6582 0.000121
6583 0.000157
6584 0.000076
6585 0.000053
6586 0.000121
6587 0.000127
6588 0.000121
6589 0.000109
6590 0.000134
6591 0.000092
6592 0.000098
6593 0.000058
6594 0.000117
6595 0.000032
6596 0.000057
6597 0.000060
6598 0.000071
6599 0.000094
6600 0.000109
6601 0.000050
6602 0.000112
6603 0.000086
6604 0.000060
6605 0.000034
6606 0.000058
6607 0.000109
6608 0.000078
6609 0.000101
6610 0.000130
6611 0.000059
6612 0.000063
6613 0.000146
6614 0.000042
6615 0.000051
6616 0.000115
6617 0.000102
6618 0.000156
6619 0.000191
6620 0.000066
6621 0.000117
6622 0.000099
6623 0.000119
6624 0.000128
6625 0.000116
6626 0.000087
6627 0.000101
6628 0.000049
6629 0.000055
6630 0.000078
6631 0.000042
6632 0.000104
6633 0.000091
6634 0.000121
6635 0.000063
6636 0.000075
6637 0.000136
6638 0.000096
6639 0.000060
6640 0.000079
6641 0.000069
6642 0.000090
6643 0.000196
6644 0.000089
6645 0.000133
6646 0.000160
6647 0.000091
6648 0.000057
6649 0.000076
6650 0.000064
6651 0.000081
6652 0.000054
6653 0.000068
6654 0.000120
6655 0.000126
6656 0.000102
6657 0.000102
6658 0.000070
6659 0.000124
6660 0.000254
6661 0.000180
6662 0.000108
6663 0.000179
6664 0.000089
6665 0.000093
6666 0.000096
6667 0.000107
6668 0.000131
6669 0.000157
6670 0.000069
6671 0.000072
6672 0.000097
6673 0.000064
6674 0.000153
6675 0.000097
6676 0.000130
6677 0.000132
6678 0.000118
6679 0.000028
6680 0.000146
6681 0.000088
6682 0.000059
6683 0.000137
6684 0.000071
6685 0.000072
6686 0.000112
6687 0.000044
6688 0.000093
6689 0.000114
6690 0.000182
6691 0.000140
6692 0.000074
6693 0.000125
6694 0.000093
6695 0.000095
6696 0.000049
6697 0.000083
6698 0.000138
6699 0.000095
6700 0.000053
6701 0.000152
6702 0.000105
6703 0.000135
6704 0.000128
6705 0.000105
6706 0.000082
6707 0.000080
6708 0.000103
6709 0.000115
6710 0.000177
6711 0.000105
6712 0.000064
6713 0.000072
6714 0.000171
6715 0.000203
6716 0.000099
6717 0.000082
6718 0.000061
6719 0.000075
6720 0.000059
6721 0.000076
6722 0.000103
6723 0.000138
6724 0.000086
6725 0.000107
6726 0.000124
6727 0.000188
6728 0.000081
6729 0.000087
6730 0.000124
6731 0.000173
6732 0.000065
6733 0.000155
6734 0.000075
6735 0.000077
6736 0.000109
6737 0.000127
6738 0.000114
6739 0.000116
6740 0.000067
6741 0.000127
6742 0.000089
6743 0.000233
6744 0.000161
6745 0.000097
6746 0.000120
6747 0.000090
6748 0.000170
6749 0.000124
6750 0.000113
6751 0.000086
6752 0.000092
6753 0.000126
6754 0.000092
6755 0.000065
6756 0.000105
6757 0.000045
6758 0.000102
6759 0.000054
6760 0.000141
6761 0.000140
6762 0.000123
6763 0.000101
6764 0.000155
6765 0.000096
6766 0.000213
6767 0.000182
6768 0.000108
6769 0.000056
6770 0.000093
6771 0.000083
6772 0.000037
6773 0.000069
6774 0.000043
6775 0.000062
6776 0.000092
6777 0.000110
6778 0.000081
6779 0.000049
6780 0.000083
6781 0.000146
6782 0.000113
6783 0.000067
6784 0.000089
6785 0.000083
6786 0.000050
6787 0.000034
6788 0.000138
6789 0.000134
6790 0.000118
6791 0.000074
6792 0.000139
6793 0.000172
6794 0.000104
6795 0.000100
6796 0.000090
6797 0.000082
6798 0.000075
6799 0.000071
6800 0.000070
6801 0.000153
6802 0.000137
6803 0.000099
6804 0.000114
6805 0.000101
6806 0.000118
6807 0.000213
6808 0.000155
6809 0.000074
6810 0.000065
6811 0.000136
6812 0.000110
6813 0.000124
6814 0.000105
6815 0.000053
6816 0.000097
6817 0.000070
6818 0.000098
6819 0.000118
6820 0.000032
6821 0.000070
6822 0.000059
6823 0.000044
6824 0.000056
6825 0.000059
6826 0.000099
6827 0.000094
6828 0.000117
6829 0.000123
6830 0.000074
6831 0.000045
6832 0.000124
6833 0.000072
6834 0.000143
6835 0.000119
6836 0.000073
6837 0.000077
6838 0.000083
6839 0.000108
6840 0.000078
6841 0.000126
6842 0.000262
6843 0.000168
6844 0.000114
6845 0.000090
6846 0.000157
6847 0.000043
6848 0.000058
6849 0.000076
6850 0.000125
6851 0.000152
6852 0.000101
6853 0.000075
6854 0.000090
6855 0.000042
6856 0.000058
6857 0.000040
6858 0.000100
6859 0.000102
6860 0.000124
6861 0.000103
6862 0.000096
6863 0.000057
6864 0.000135
6865 0.000146
6866 0.000048
6867 0.000115
6868 0.000085
6869 0.000104
6870 0.000177
6871 0.000123
6872 0.000083
6873 0.000070
6874 0.000048
6875 0.000075
6876 0.000129
6877 0.000058
6878 0.000143
6879 0.000099
6880 0.000082
6881 0.000038
6882 0.000200
6883 0.000137
6884 0.000108
6885 0.000099
6886 0.000072
6887 0.000117
6888 0.000133
6889 0.000055
6890 0.000050
6891 0.000067
6892 0.000093
6893 0.000082
6894 0.000128
6895 0.000119
6896 0.000160
6897 0.000070
6898 0.000027
6899 0.000103
6900 0.000092
6901 0.000093
6902 0.000143
6903 0.000087
6904 0.000157
6905 0.000171
6906 0.000088
6907 0.000081
6908 0.000042
6909 0.000179
6910 0.000157
6911 0.000089
6912 0.000066
6913 0.000139
6914 0.000110
6915 0.000079
6916 0.000074
6917 0.000084
6918 0.000068
6919 0.000093
6920 0.000074
6921 0.000096
6922 0.000122
6923 0.000106
6924 0.000104
6925 0.000066
6926 0.000050
6927 0.000123
6928 0.000121
6929 0.000041
6930 0.000057
6931 0.000108
6932 0.000102
6933 0.000082
6934 0.000101
6935 0.000105
6936 0.000106
6937 0.000099
6938 0.000182
6939 0.000130
6940 0.000136
6941 0.000034
6942 0.000096
6943 0.000053
6944 0.000041
6945 0.000065
6946 0.000043
6947 0.000120
6948 0.000054
6949 0.000062
6950 0.000071
6951 0.000225
6952 0.000108
6953 0.000129
6954 0.000112
6955 0.000122
6956 0.000260
6957 0.000204
6958 0.000095
6959 0.000103
6960 0.000174
6961 0.000156
6962 0.000030
6963 0.000132
6964 0.000037
6965 0.000110
6966 0.000147
6967 0.000085
6968 0.000077
6969 0.000105
6970 0.000079
6971 0.000119
6972 0.000105
6973 0.000117
6974 0.000144
6975 0.000087
6976 0.000111
6977 0.000106
6978 0.000122
6979 0.000057
6980 0.000070
6981 0.000103
6982 0.000066
6983 0.000057
6984 0.000066
6985 0.000078
6986 0.000042
6987 0.000107
6988 0.000088
6989 0.000081
6990 0.000060
6991 0.000040
6992 0.000079
6993 0.000135
6994 0.000215
6995 0.000085
6996 0.000092
6997 0.000104
6998 0.000089
6999 0.000077
7000 0.000118
7001 0.000147
7002 0.000056
7003 0.000087
7004 0.000052
7005 0.000068
7006 0.000048
7007 0.000104
7008 0.000056
7009 0.000066
7010 0.000069
7011 0.000113
7012 0.000191
7013 0.000114
7014 0.000118
7015 0.000125
7016 0.000082
7017 0.000103
7018 0.000121
7019 0.000108
7020 0.000105
7021 0.000090
7022 0.000117
7023 0.000059
7024 0.000034
7025 0.000147
7026 0.000079
7027 0.000057
7028 0.000039
7029 0.000040
7030 0.000045
7031 0.000117
7032 0.000076
7033 0.000123
7034 0.000030
7035 0.000047
7036 0.000244
7037 0.000082
7038 0.000077
7039 0.000078
7040 0.000066
7041 0.000074
7042 0.000089
7043 0.000113
7044 0.000076
7045 0.000023
7046 0.000066
7047 0.000100
7048 0.000088
7049 0.000075
7050 0.000097
7051 0.000068
7052 0.000083
7053 0.000061
7054 0.000172
7055 0.000123
7056 0.000114
7057 0.000131
7058 0.000101
7059 0.000091
7060 0.000061
7061 0.000104
7062 0.000150
7063 0.000079
7064 0.000103
7065 0.000112
7066 0.000109
7067 0.000126
7068 0.000151
7069 0.000089
7070 0.000069
7071 0.000144
7072 0.000142
7073 0.000148
7074 0.000117
7075 0.000047
7076 0.000041
7077 0.000122
7078 0.000036
7079 0.000074
7080 0.000110
7081 0.000145
7082 0.000071
7083 0.000040
7084 0.000103
7085 0.000080
7086 0.000094
7087 0.000139
7088 0.000081
7089 0.000074
7090 0.000038
7091 0.000099
7092 0.000096
7093 0.000142
7094 0.000080
7095 0.000114
7096 0.000122
7097 0.000041
7098 0.000033
7099 0.000107
7100 0.000080
7101 0.000044
7102 0.000084
7103 0.000073
7104 0.000069
7105 0.000144
7106 0.000150
7107 0.000161
7108 0.000109
7109 0.000078
7110 0.000042
7111 0.000056
7112 0.000060
7113 0.000040
7114 0.000046
7115 0.000091
7116 0.000058
7117 0.000104
7118 0.000078
7119 0.000066
7120 0.000089
7121 0.000065
7122 0.000114
7123 0.000098
7124 0.000138
7125 0.000106
7126 0.000179
7127 0.000126
7128 0.000059
7129 0.000042
7130 0.000060
7131 0.000094
7132 0.000070
7133 0.000085
7134 0.000065
7135 0.000086
7136 0.000093
7137 0.000164
7138 0.000079
7139 0.000054
7140 0.000118
7141 0.000072
7142 0.000132
7143 0.000126
7144 0.000118
7145 0.000073
7146 0.000098
7147 0.000143
7148 0.000084
7149 0.000100
7150 0.000076
7151 0.000031
7152 0.000076
7153 0.000040
7154 0.000088
7155 0.000129
7156 0.000123
7157 0.000113
7158 0.000152
7159 0.000114
7160 0.000094
7161 0.000116
7162 0.000072
7163 0.000156
7164 0.000107
7165 0.000112
7166 0.000097
7167 0.000090
7168 0.000192
7169 0.000096
7170 0.000068
7171 0.000082
7172 0.000114
7173 0.000070
7174 0.000052
7175 0.000092
7176 0.000117
7177 0.000069
7178 0.000111
7179 0.000097
7180 0.000085
7181 0.000033
7182 0.000054
7183 0.000064
7184 0.000116
7185 0.000081
7186 0.000234
7187 0.000144
7188 0.000124
7189 0.000086
7190 0.000093
7191 0.000145
7192 0.000191
7193 0.000104
7194 0.000124
7195 0.000142
7196 0.000082
7197 0.000093
7198 0.000094
7199 0.000091
7200 0.000061
7201 0.000111
7202 0.000063
7203 0.000065
7204 0.000049
7205 0.000043
7206 0.000057
7207 0.000035
7208 0.000124
7209 0.000068
7210 0.000056
7211 0.000069
7212 0.000098
7213 0.000117
7214 0.000145
7215 0.000110
7216 0.000099
7217 0.000077
7218 0.000070
7219 0.000039
7220 0.000056
7221 0.000178
7222 0.000104
7223 0.000103
7224 0.000133
7225 0.000054
7226 0.000063
7227 0.000085
7228 0.000084
7229 0.000084
7230 0.000130
7231 0.000143
7232 0.000226
7233 0.000106
7234 0.000064
7235 0.000114
7236 0.000040
7237 0.000075
7238 0.000065
7239 0.000072
7240 0.000075
7241 0.000109
7242 0.000106
7243 0.000087
7244 0.000061
7245 0.000064
7246 0.000123
7247 0.000107
7248 0.000074
7249 0.000036
7250 0.000072
7251 0.000110
7252 0.000052
7253 0.000186
7254 0.000074
7255 0.000107
7256 0.000159
7257 0.000162
7258 0.000076
7259 0.000143
7260 0.000221
7261 0.000115
7262 0.000080
7263 0.000055
7264 0.000125
7265 0.000128
7266 0.000096
7267 0.000077
7268 0.000112
7269 0.000051
7270 0.000071
7271 0.000057
7272 0.000064
7273 0.000077
7274 0.000069
7275 0.000182
7276 0.000079
7277 0.000088
7278 0.000132
7279 0.000076
7280 0.000093
7281 0.000098
7282 0.000043
7283 0.000087
7284 0.000068
7285 0.000088
7286 0.000079
7287 0.000070
7288 0.000052
7289 0.000089
7290 0.000053
7291 0.000076
7292 0.000112
7293 0.000085
7294 0.000153
7295 0.000164
7296 0.000082
7297 0.000070
7298 0.000185
7299 0.000132
7300 0.000072
7301 0.000129
7302 0.000101
7303 0.000104
7304 0.000106
7305 0.000138
7306 0.000102
7307 0.000121
7308 0.000112
7309 0.000203
7310 0.000100
7311 0.000125
7312 0.000103
7313 0.000084
7314 0.000049
7315 0.000103
7316 0.000091
7317 0.000113
7318 0.000104
7319 0.000081
7320 0.000092
7321 0.000175
7322 0.000066
7323 0.000073
7324 0.000080
7325 0.000121
7326 0.000105
7327 0.000130
7328 0.000156
7329 0.000073
7330 0.000109
7331 0.000081
7332 0.000113
7333 0.000040
7334 0.000070
7335 0.000137
7336 0.000167
7337 0.000117
7338 0.000061
7339 0.000022
7340 0.000156
7341 0.000156
7342 0.000068
7343 0.000085
7344 0.000150
7345 0.000112
7346 0.000111
7347 0.000064
7348 0.000086
7349 0.000104
7350 0.000157
7351 0.000102
7352 0.000120
7353 0.000093
7354 0.000062
7355 0.000051
7356 0.000201
7357 0.000143
7358 0.000177
7359 0.000062
7360 0.000105
7361 0.000135
7362 0.000140
7363 0.000061
7364 0.000148
7365 0.000160
7366 0.000101
7367 0.000078
7368 0.000072
7369 0.000086
7370 0.000101
7371 0.000144
7372 0.000080
7373 0.000076
7374 0.000147
7375 0.000064
7376 0.000069
7377 0.000084
7378 0.000057
7379 0.000023
7380 0.000103
7381 0.000134
7382 0.000101
7383 0.000161
7384 0.000082
7385 0.000081
7386 0.000103
7387 0.000071
7388 0.000151
7389 0.000106
7390 0.000141
7391 0.000067
7392 0.000070
7393 0.000079
7394 0.000088
7395 0.000112
7396 0.000133
7397 0.000086
7398 0.000073
7399 0.000058
7400 0.000133
7401 0.000092
7402 0.000071
7403 0.000105
7404 0.000037
7405 0.000067
7406 0.000102
7407 0.000080
7408 0.000046
7409 0.000078
7410 0.000040
7411 0.000091
7412 0.000090
7413 0.000062
7414 0.000096
7415 0.000051
7416 0.000081
7417 0.000091
7418 0.000105
7419 0.000148
7420 0.000066
7421 0.000060
7422 0.000100
7423 0.000142
7424 0.000142
7425 0.000113
7426 0.000151
7427 0.000118
7428 0.000082
7429 0.000045
7430 0.000064
7431 0.000042
7432 0.000141
7433 0.000045
7434 0.000065
7435 0.000173
7436 0.000093
7437 0.000094
7438 0.000142
7439 0.000139
7440 0.000131
7441 0.000066
7442 0.000043
7443 0.000092
7444 0.000108
7445 0.000117
7446 0.000057
7447 0.000167
7448 0.000050
7449 0.000050
7450 0.000068
7451 0.000141
7452 0.000095
7453 0.000054
7454 0.000120
7455 0.000095
7456 0.000102
7457 0.000120
7458 0.000150
7459 0.000108
7460 0.000110
7461 0.000070
7462 0.000032
7463 0.000064
7464 0.000054
7465 0.000085
7466 0.000098
7467 0.000047
7468 0.000074
7469 0.000064
7470 0.000095
7471 0.000093
7472 0.000094
7473 0.000068
7474 0.000066
7475 0.000060
7476 0.000085
7477 0.000062
7478 0.000141
7479 0.000173
7480 0.000141
7481 0.000088
7482 0.000072
7483 0.000100
7484 0.000058
7485 0.000090
7486 0.000082
7487 0.000130
7488 0.000103
7489 0.000090
7490 0.000076
7491 0.000176
7492 0.000065
7493 0.000089
7494 0.000137
7495 0.000106
7496 0.000047
7497 0.000151
7498 0.000157
7499 0.000144
7500 0.000140
7501 0.000154
7502 0.000056
7503 0.000116
7504 0.000087
7505 0.000086
7506 0.000040
7507 0.000108
7508 0.000065
7509 0.000087
7510 0.000111
7511 0.000154
7512 0.000152
7513 0.000130
7514 0.000082
7515 0.000077
7516 0.000128
7517 0.000080
7518 0.000056
7519 0.000072
7520 0.000036
7521 0.000047
7522 0.000069
7523 0.000089
7524 0.000097
7525 0.000203
7526 0.000093
7527 0.000124
7528 0.000079
7529 0.000095
7530 0.000092
7531 0.000047
7532 0.000124
7533 0.000081
7534 0.000210
7535 0.000103
7536 0.000062
7537 0.000038
7538 0.000050
7539 0.000078
7540 0.000054
7541 0.000093
7542 0.000078
7543 0.000186
7544 0.000117
7545 0.000148
7546 0.000051
7547 0.000131
7548 0.000125
7549 0.000144
7550 0.000064
7551 0.000120
7552 0.000147
7553 0.000136
7554 0.000210
7555 0.000094
7556 0.000101
7557 0.000119
7558 0.000161
7559 0.000080
7560 0.000074
7561 0.000111
7562 0.000070
7563 0.000079
7564 0.000061
7565 0.000065
7566 0.000058
7567 0.000074
7568 0.000075
7569 0.000057
7570 0.000099
7571 0.000192
7572 0.000154
7573 0.000073
7574 0.000056
7575 0.000139
7576 0.000070
7577 0.000062
7578 0.000060
7579 0.000088
7580 0.000026
7581 0.000062
7582 0.000064
7583 0.000064
7584 0.000055
7585 0.000129
7586 0.000078
7587 0.000104
7588 0.000115
7589 0.000141
7590 0.000217
7591 0.000114
7592 0.000092
7593 0.000105
7594 0.000055
7595 0.000096
7596 0.000122
7597 0.000057
7598 0.000067
7599 0.000094
7600 0.000091
7601 0.000159
7602 0.000146
7603 0.000154
7604 0.000093
7605 0.000080
7606 0.000098
7607 0.000092
7608 0.000109
7609 0.000132
7610 0.000134
7611 0.000090
7612 0.000099
7613 0.000067
7614 0.000141
7615 0.000130
7616 0.000089
7617 0.000034
7618 0.000050
7619 0.000177
7620 0.000074
7621 0.000081
7622 0.000128
7623 0.000105
7624 0.000119
7625 0.000065
7626 0.000181
7627 0.000234
7628 0.000190
7629 0.000084
7630 0.000112
7631 0.000036
7632 0.000140
7633 0.000098
7634 0.000024
7635 0.000078
7636 0.000093
7637 0.000143
7638 0.000084
7639 0.000071
7640 0.000134
7641 0.000167
7642 0.000104
7643 0.000050
7644 0.000078
7645 0.000050
7646 0.000071
7647 0.000108
7648 0.000045
7649 0.000048
7650 0.000090
7651 0.000135
7652 0.000078
7653 0.000092
7654 0.000064
7655 0.000066
7656 0.000131
7657 0.000107
7658 0.000083
7659 0.000107
7660 0.000039
7661 0.000195
7662 0.000098
7663 0.000098
7664 0.000068
7665 0.000112
7666 0.000051
7667 0.000079
7668 0.000068
7669 0.000081
7670 0.000061
7671 0.000098
7672 0.000053
7673 0.000216
7674 0.000120
7675 0.000104
7676 0.000100
7677 0.000172
7678 0.000152
7679 0.000156
7680 0.000129
7681 0.000149
7682 0.000206
7683 0.000118
7684 0.000145
7685 0.000139
7686 0.000104
7687 0.000079
7688 0.000113
7689 0.000086
7690 0.000072
7691 0.000102
7692 0.000099
7693 0.000214
7694 0.000056
7695 0.000097
7696 0.000108
7697 0.000158
7698 0.000062
7699 0.000128
7700 0.000178
7701 0.000111
7702 0.000073
7703 0.000072
7704 0.000078
7705 0.000092
7706 0.000144
7707 0.000218
7708 0.000109
7709 0.000085
7710 0.000159
7711 0.000048
7712 0.000083
7713 0.000103
7714 0.000086
7715 0.000118
7716 0.000090
7717 0.000143
7718 0.000081
7719 0.000039
7720 0.000091
7721 0.000055
7722 0.000068
7723 0.000065
7724 0.000077
7725 0.000077
7726 0.000061
7727 0.000170
7728 0.000145
7729 0.000098
7730 0.000088
7731 0.000075
7732 0.000047
7733 0.000065
7734 0.000084
7735 0.000059
7736 0.000081
7737 0.000056
7738 0.000082
7739 0.000032
7740 0.000054
7741 0.000095
7742 0.000096
7743 0.000147
7744 0.000168
7745 0.000104
7746 0.000121
7747 0.000065
7748 0.000139
7749 0.000108
7750 0.000121
7751 0.000113
7752 0.000105
7753 0.000090
7754 0.000134
7755 0.000121
7756 0.000127
7757 0.000064
7758 0.000065
7759 0.000202
7760 0.000109
7761 0.000122
7762 0.000075
7763 0.000085
7764 0.000077
7765 0.000130
7766 0.000157
7767 0.000109
7768 0.000046
7769 0.000084
7770 0.000099
7771 0.000083
7772 0.000082
7773 0.000208
7774 0.000160
7775 0.000180
7776 0.000159
7777 0.000245
7778 0.000226
7779 0.000202
7780 0.000123
7781 0.000176
7782 0.000115
7783 0.000112
7784 0.000034
7785 0.000068
7786 0.000072
7787 0.000121
7788 0.000086
7789 0.000063
7790 0.000169
7791 0.000086
7792 0.000090
7793 0.000094
7794 0.000088
7795 0.000159
7796 0.000085
7797 0.000119
7798 0.000204
7799 0.000240
7800 0.000177
7801 0.000156
7802 0.000170
7803 0.000149
7804 0.000074
7805 0.000131
7806 0.000151
7807 0.000041
7808 0.000190
7809 0.000123
7810 0.000140
7811 0.000074
7812 0.000076
7813 0.000101
7814 0.000115
7815 0.000075
7816 0.000053
7817 0.000060
7818 0.000021
7819 0.000091
7820 0.000078
7821 0.000127
7822 0.000077
7823 0.000207
7824 0.000102
7825 0.000100
7826 0.000186
7827 0.000079
7828 0.000110
7829 0.000096
7830 0.000107
7831 0.000128
7832 0.000063
7833 0.000087
7834 0.000154
7835 0.000074
7836 0.000076
7837 0.000095
7838 0.000087
7839 0.000115
7840 0.000142
7841 0.000089
7842 0.000068
7843 0.000144
7844 0.000141
7845 0.000137
7846 0.000098
7847 0.000114
7848 0.000104
7849 0.000065
7850 0.000050
7851 0.000092
7852 0.000121
7853 0.000041
7854 0.000055
7855 0.000077
7856 0.000060
7857 0.000046
7858 0.000122
7859 0.000042
7860 0.000113
7861 0.000084
7862 0.000082
7863 0.000065
7864 0.000103
7865 0.000106
7866 0.000031
7867 0.000179
7868 0.000163
7869 0.000058
7870 0.000077
7871 0.000058
7872 0.000064
7873 0.000048
7874 0.000102
7875 0.000044
7876 0.000060
7877 0.000049
7878 0.000110
7879 0.000085
7880 0.000103
7881 0.000161
7882 0.000079
7883 0.000081
7884 0.000119
7885 0.000103
7886 0.000092
7887 0.000092
7888 0.000059
7889 0.000111
7890 0.000082
7891 0.000029
7892 0.000057
7893 0.000070
7894 0.000055
7895 0.000090
7896 0.000194
7897 0.000170
7898 0.000088
7899 0.000054
7900 0.000104
7901 0.000149
7902 0.000062
7903 0.000096
7904 0.000140
7905 0.000102
7906 0.000059
7907 0.000088
7908 0.000103
7909 0.000150
7910 0.000080
7911 0.000106
7912 0.000041
7913 0.000061
7914 0.000059
7915 0.000070
7916 0.000076
7917 0.000074
7918 0.000195
7919 0.000120
7920 0.000114
7921 0.000110
7922 0.000067
7923 0.000088
7924 0.000078
7925 0.000117
7926 0.000103
7927 0.000143
7928 0.000095
7929 0.000091
7930 0.000070
7931 0.000088
7932 0.000115
7933 0.000103
7934 0.000189
7935 0.000237
7936 0.000087
7937 0.000076
7938 0.000061
7939 0.000134
7940 0.000185
7941 0.000092
7942 0.000054
7943 0.000044
7944 0.000047
7945 0.000167
7946 0.000069
7947 0.000068
7948 0.000075
7949 0.000085
7950 0.000128
7951 0.000118
7952 0.000079
7953 0.000021
7954 0.000086
7955 0.000106
7956 0.000102
7957 0.000098
7958 0.000065
7959 0.000179
7960 0.000115
7961 0.000094
7962 0.000055
7963 0.000064
7964 0.000103
7965 0.000076
7966 0.000125
7967 0.000113
7968 0.000086
7969 0.000051
7970 0.000097
7971 0.000027
7972 0.000096
7973 0.000120
7974 0.000146
7975 0.000060
7976 0.000040
7977 0.000055
7978 0.000074
7979 0.000061
7980 0.000101
7981 0.000091
7982 0.000117
7983 0.000112
7984 0.000081
7985 0.000109
7986 0.000030
7987 0.000082
7988 0.000128
7989 0.000081
7990 0.000114
7991 0.000159
7992 0.000136
7993 0.000069
7994 0.000075
7995 0.000086
7996 0.000089
7997 0.000079
7998 0.000088
7999 0.000062
8000 0.000136
8001 0.000074
8002 0.000113
8003 0.000046
8004 0.000108
8005 0.000093
8006 0.000090
8007 0.000119
8008 0.000086
8009 0.000081
8010 0.000151
8011 0.000095
8012 0.000118
8013 0.000085
8014 0.000061
8015 0.000105
8016 0.000079
8017 0.000112
8018 0.000088
8019 0.000076
8020 0.000112
8021 0.000218
8022 0.000178
8023 0.000157
8024 0.000041
8025 0.000046
8026 0.000062
8027 0.000060
8028 0.000070
8029 0.000062
8030 0.000099
8031 0.000159
8032 0.000096
8033 0.000172
8034 0.000130
8035 0.000046
8036 0.000136
8037 0.000061
8038 0.000115
8039 0.000053
8040 0.000169
8041 0.000072
8042 0.000033
8043 0.000131
8044 0.000058
8045 0.000075
8046 0.000072
8047 0.000084
8048 0.000115
8049 0.000115
8050 0.000109
8051 0.000114
8052 0.000100
8053 0.000166
8054 0.000086
8055 0.000076
8056 0.000064
8057 0.000075
8058 0.000079
8059 0.000100
8060 0.000057
8061 0.000128
8062 0.000068
8063 0.000084
8064 0.000082
8065 0.000090
8066 0.000183
8067 0.000111
8068 0.000128
8069 0.000132
8070 0.000097
8071 0.000082
8072 0.000134
8073 0.000069
8074 0.000096
8075 0.000047
8076 0.000123
8077 0.000109
8078 0.000065
8079 0.000052
8080 0.000112
8081 0.000064
8082 0.000060
8083 0.000110
8084 0.000192
8085 0.000112
8086 0.000095
8087 0.000109
8088 0.000139
8089 0.000051
8090 0.000123
8091 0.000097
8092 0.000186
8093 0.000098
8094 0.000051
8095 0.000047
8096 0.000126
8097 0.000079
8098 0.000142
8099 0.000114
8100 0.000141
8101 0.000150
8102 0.000118
8103 0.000086
8104 0.000074
8105 0.000144
8106 0.000115
8107 0.000141
8108 0.000107
8109 0.000238
8110 0.000138
8111 0.000096
8112 0.000130
8113 0.000128
8114 0.000090
8115 0.000046
8116 0.000114
8117 0.000104
8118 0.000126
8119 0.000042
8120 0.000082
8121 0.000122
8122 0.000068
8123 0.000098
8124 0.000106
8125 0.000053
8126 0.000194
8127 0.000113
8128 0.000115
8129 0.000126
8130 0.000139
8131 0.000148
8132 0.000072
8133 0.000100
8134 0.000043
8135 0.000135
8136 0.000176
8137 0.000140
8138 0.000171
8139 0.000059
8140 0.000054
8141 0.000124
8142 0.000106
8143 0.000050
8144 0.000076
8145 0.000094
8146 0.000071
8147 0.000138
8148 0.000113
8149 0.000253
8150 0.000140
8151 0.000032
8152 0.000110
8153 0.000072
8154 0.000106
8155 0.000059
8156 0.000097
8157 0.000075
8158 0.000045
8159 0.000102
8160 0.000097
8161 0.000147
8162 0.000123
8163 0.000068
8164 0.000078
8165 0.000104
8166 0.000133
8167 0.000100
8168 0.000091
8169 0.000088
8170 0.000148
8171 0.000139
8172 0.000099
8173 0.000152
8174 0.000093
8175 0.000122
8176 0.000059
8177 0.000074
8178 0.000086
8179 0.000118
8180 0.000096
8181 0.000079
8182 0.000076
8183 0.000071
8184 0.000041
8185 0.000082
8186 0.000108
8187 0.000096
8188 0.000091
8189 0.000100
8190 0.000057
8191 0.000097
8192 0.000051
8193 0.000100
8194 0.000106
8195 0.000136
8196 0.000199
8197 0.000248
8198 0.000095
8199 0.000046
8200 0.000050
8201 0.000029
8202 0.000085
8203 0.000104
8204 0.000068
8205 0.000150
8206 0.000057
8207 0.000153
8208 0.000126
8209 0.000056
8210 0.000057
8211 0.000137
8212 0.000061
8213 0.000042
8214 0.000158
8215 0.000215
8216 0.000111
8217 0.000125
8218 0.000112
8219 0.000034
8220 0.000067
8221 0.000105
8222 0.000061
8223 0.000104
8224 0.000099
8225 0.000087
8226 0.000090
8227 0.000083
8228 0.000084
8229 0.000182
8230 0.000142
8231 0.000037
8232 0.000067
8233 0.000054
8234 0.000107
8235 0.000068
8236 0.000136
8237 0.000102
8238 0.000181
8239 0.000070
8240 0.000152
8241 0.000132
8242 0.000090
8243 0.000064
8244 0.000143
8245 0.000104
8246 0.000113
8247 0.000076
8248 0.000094
8249 0.000064
8250 0.000092
8251 0.000134
8252 0.000077
8253 0.000028
8254 0.000069
8255 0.000061
8256 0.000105
8257 0.000185
8258 0.000099
8259 0.000111
8260 0.000126
8261 0.000114
8262 0.000049
8263 0.000108
8264 0.000098
8265 0.000111
8266 0.000139
8267 0.000179
8268 0.000073
8269 0.000124
8270 0.000133
8271 0.000042
8272 0.000093
8273 0.000035
8274 0.000092
8275 0.000049
8276 0.000039
8277 0.000092
8278 0.000096
8279 0.000066
8280 0.000051
8281 0.000127
8282 0.000107
8283 0.000038
8284 0.000126
8285 0.000070
8286 0.000091
8287 0.000093
8288 0.000078
8289 0.000121
8290 0.000047
8291 0.000128
8292 0.000073
8293 0.000100
8294 0.000114
8295 0.000166
8296 0.000057
8297 0.000061
8298 0.000073
8299 0.000085
8300 0.000136
8301 0.000054
8302 0.000131
8303 0.000072
8304 0.000088
8305 0.000056
8306 0.000032
8307 0.000120
8308 0.000173
8309 0.000100
8310 0.000078
8311 0.000108
8312 0.000104
8313 0.000104
8314 0.000144
8315 0.000068
8316 0.000065
8317 0.000111
8318 0.000050
8319 0.000223
8320 0.000083
8321 0.000133
8322 0.000103
8323 0.000036
8324 0.000019
8325 0.000029
8326 0.000029
8327 0.000095
8328 0.000081
8329 0.000072
8330 0.000069
8331 0.000061
8332 0.000114
8333 0.000062
8334 0.000046
8335 0.000083
8336 0.000177
8337 0.000081
8338 0.000061
8339 0.000085
8340 0.000074
8341 0.000126
8342 0.000094
8343 0.000218
8344 0.000079
8345 0.000137
8346 0.000049
8347 0.000061
8348 0.000057
8349 0.000116
8350 0.000061
8351 0.000125
8352 0.000053
8353 0.000105
8354 0.000084
8355 0.000116
8356 0.000075
8357 0.000105
8358 0.000174
8359 0.000133
8360 0.000072
8361 0.000098
8362 0.000070
8363 0.000027
8364 0.000082
8365 0.000129
8366 0.000085
8367 0.000133
8368 0.000172
8369 0.000112
8370 0.000104
8371 0.000176
8372 0.000158
8373 0.000126
8374 0.000073
8375 0.000083
8376 0.000068
8377 0.000055
8378 0.000131
8379 0.000145
8380 0.000059
8381 0.000171
8382 0.000107
8383 0.000184
8384 0.000093
8385 0.000113
8386 0.000128
8387 0.000126
8388 0.000049
8389 0.000132
8390 0.000093
8391 0.000053
8392 0.000119
8393 0.000106
8394 0.000076
8395 0.000082
8396 0.000130
8397 0.000099
8398 0.000064
8399 0.000039
8400 0.000113
8401 0.000138
8402 0.000165
8403 0.000110
8404 0.000066
8405 0.000106
8406 0.000136
8407 0.000122
8408 0.000078
8409 0.000093
8410 0.000045
8411 0.000072
8412 0.000110
8413 0.000056
8414 0.000116
8415 0.000123
8416 0.000150
8417 0.000126
8418 0.000049
8419 0.000062
8420 0.000042
8421 0.000054
8422 0.000089
8423 0.000037
8424 0.000031
8425 0.000110
8426 0.000089
8427 0.000085
8428 0.000127
8429 0.000098
8430 0.000103
8431 0.000133
8432 0.000126
8433 0.000105
8434 0.000144
8435 0.000073
8436 0.000100
8437 0.000042
8438 0.000042
8439 0.000089
8440 0.000210
8441 0.000103
8442 0.000128
8443 0.000100
8444 0.000097
8445 0.000106
8446 0.000208
8447 0.000133
8448 0.000126
8449 0.000089
8450 0.000079
8451 0.000089
8452 0.000072
8453 0.000045
8454 0.000063
8455 0.000135
8456 0.000091
8457 0.000061
8458 0.000051
8459 0.000126
8460 0.000118
8461 0.000143
8462 0.000062
8463 0.000046
8464 0.000122
8465 0.000175
8466 0.000153
8467 0.000131
8468 0.000029
8469 0.000145
8470 0.000054
8471 0.000083
8472 0.000066
8473 0.000087
8474 0.000109
8475 0.000087
8476 0.000194
8477 0.000099
8478 0.000077
8479 0.000087
8480 0.000108
8481 0.000092
8482 0.000060
8483 0.000053
8484 0.000157
8485 0.000068
8486 0.000080
8487 0.000111
8488 0.000041
8489 0.000038
8490 0.000089
8491 0.000067
8492 0.000048
8493 0.000103
8494 0.000076
8495 0.000039
8496 0.000172
8497 0.000158
8498 0.000166
8499 0.000135
8500 0.000103
8501 0.000077
8502 0.000126
8503 0.000097
8504 0.000126
8505 0.000079
8506 0.000160
8507 0.000081
8508 0.000060
8509 0.000109
8510 0.000124
8511 0.000216
8512 0.000144
8513 0.000079
8514 0.000082
8515 0.000121
8516 0.000170
8517 0.000077
8518 0.000128
8519 0.000057
8520 0.000070
8521 0.000096
8522 0.000076
8523 0.000094
8524 0.000107
8525 0.000072
8526 0.000025
8527 0.000080
8528 0.000087
8529 0.000068
8530 0.000065
8531 0.000092
8532 0.000088
8533 0.000084
8534 0.000084
8535 0.000074
8536 0.000096
8537 0.000146
8538 0.000110
8539 0.000098
8540 0.000085
8541 0.000168
8542 0.000135
8543 0.000105
8544 0.000060
8545 0.000076
8546 0.000054
8547 0.000051
8548 0.000070
8549 0.000114
8550 0.000146
8551 0.000156
8552 0.000051
8553 0.000138
8554 0.000054
8555 0.000111
8556 0.000123
8557 0.000201
8558 0.000056
8559 0.000019
8560 0.000127
8561 0.000123
8562 0.000106
8563 0.000121
8564 0.000060
8565 0.000120
8566 0.000080
8567 0.000218
8568 0.000070
8569 0.000131
8570 0.000062
8571 0.000087
8572 0.000069
8573 0.000029
8574 0.000045
8575 0.000130
8576 0.000192
8577 0.000113
8578 0.000061
8579 0.000077
8580 0.000104
8581 0.000110
8582 0.000166
8583 0.000127
8584 0.000044
8585 0.000059
8586 0.000127
8587 0.000055
8588 0.000094
8589 0.000094
8590 0.000137
8591 0.000090
8592 0.000112
8593 0.000168
8594 0.000062
8595 0.000042
8596 0.000196
8597 0.000124
8598 0.000074
8599 0.000052
8600 0.000114
8601 0.000106
8602 0.000067
8603 0.000094
8604 0.000088
8605 0.000102
8606 0.000093
8607 0.000122
8608 0.000060
8609 0.000062
8610 0.000062
8611 0.000040
8612 0.000115
8613 0.000101
8614 0.000109
8615 0.000154
8616 0.000081
8617 0.000158
8618 0.000112
8619 0.000109
8620 0.000193
8621 0.000079
8622 0.000126
8623 0.000098
8624 0.000155
8625 0.000063
8626 0.000139
8627 0.000102
8628 0.000077
8629 0.000147
8630 0.000074
8631 0.000064
8632 0.000089
8633 0.000094
8634 0.000109
8635 0.000109
8636 0.000111
8637 0.000139
8638 0.000137
8639 0.000085
8640 0.000115
8641 0.000092
8642 0.000075
8643 0.000099
8644 0.000112
8645 0.000100
8646 0.000124
8647 0.000101
8648 0.000058
8649 0.000076
8650 0.000131
8651 0.000214
8652 0.000088
8653 0.000212
8654 0.000104
8655 0.000075
8656 0.000155
8657 0.000120
8658 0.000115
8659 0.000178
8660 0.000159
8661 0.000137
8662 0.000118
8663 0.000060
8664 0.000089
8665 0.000073
8666 0.000040
8667 0.000083
8668 0.000105
8669 0.000215
8670 0.000103
8671 0.000117
8672 0.000184
8673 0.000155
8674 0.000099
8675 0.000080
8676 0.000084
8677 0.000087
8678 0.000078
8679 0.000094
8680 0.000079
8681 0.000096
8682 0.000107
8683 0.000158
8684 0.000146
8685 0.000190
8686 0.000095
8687 0.000152
8688 0.000064
8689 0.000047
8690 0.000027
8691 0.000040
8692 0.000066
8693 0.000075
8694 0.000050
8695 0.000228
8696 0.000061
8697 0.000061
8698 0.000117
8699 0.000096
8700 0.000102
8701 0.000098
8702 0.000181
8703 0.000112
8704 0.000072
8705 0.000068
8706 0.000080
8707 0.000104
8708 0.000117
8709 0.000069
8710 0.000087
8711 0.000133
8712 0.000040
8713 0.000092
8714 0.000108
8715 0.000165
8716 0.000065
8717 0.000183
8718 0.000206
8719 0.000126
8720 0.000079
8721 0.000071
8722 0.000065
8723 0.000073
8724 0.000051
8725 0.000125
8726 0.000159
8727 0.000104
8728 0.000126
8729 0.000118
8730 0.000109
8731 0.000132
8732 0.000111
8733 0.000075
8734 0.000080
8735 0.000082
8736 0.000043
8737 0.000091
8738 0.000158
8739 0.000101
8740 0.000099
8741 0.000137
8742 0.000081
8743 0.000090
8744 0.000139
8745 0.000039
8746 0.000137
8747 0.000105
8748 0.000105
8749 0.000096
8750 0.000042
8751 0.000127
8752 0.000147
8753 0.000131
8754 0.000134
8755 0.000077
8756 0.000114
8757 0.000072
8758 0.000171
8759 0.000092
8760 0.000076
8761 0.000135
8762 0.000073
8763 0.000027
8764 0.000091
8765 0.000062
8766 0.000194
8767 0.000065
8768 0.000093
8769 0.000095
8770 0.000026
8771 0.000074
8772 0.000090
8773 0.000077
8774 0.000184
8775 0.000131
8776 0.000065
8777 0.000082
8778 0.000112
8779 0.000143
8780 0.000123
8781 0.000082
8782 0.000154
8783 0.000056
8784 0.000183
8785 0.000110
8786 0.000060
8787 0.000076
8788 0.000116
8789 0.000124
8790 0.000064
8791 0.000098
8792 0.000136
8793 0.000101
8794 0.000056
8795 0.000077
8796 0.000029
8797 0.000093
8798 0.000126
8799 0.000121
8800 0.000109
8801 0.000071
8802 0.000040
8803 0.000186
8804 0.000112
8805 0.000158
8806 0.000159
8807 0.000147
8808 0.000099
8809 0.000044
8810 0.000081
8811 0.000072
8812 0.000085
8813 0.000089
8814 0.000091
8815 0.000090
8816 0.000082
8817 0.000072
8818 0.000051
8819 0.000053
8820 0.000072
8821 0.000049
8822 0.000079
8823 0.000112
8824 0.000085
8825 0.000054
8826 0.000083
8827 0.000082
8828 0.000085
8829 0.000087
8830 0.000281
8831 0.000167
8832 0.000056
8833 0.000053
8834 0.000084
8835 0.000103
8836 0.000175
8837 0.000135
8838 0.000125
8839 0.000060
8840 0.000055
8841 0.000054
8842 0.000077
8843 0.000047
8844 0.000048
8845 0.000101
8846 0.000105
8847 0.000062
8848 0.000110
8849 0.000136
8850 0.000074
8851 0.000142
8852 0.000176
8853 0.000095
8854 0.000132
8855 0.000119
8856 0.000045
8857 0.000102
8858 0.000115
8859 0.000116
8860 0.000052
8861 0.000056
8862 0.000081
8863 0.000118
8864 0.000063
8865 0.000129
8866 0.000054
8867 0.000128
8868 0.000157
8869 0.000095
8870 0.000173
8871 0.000064
8872 0.000133
8873 0.000104
8874 0.000086
8875 0.000140
8876 0.000110
8877 0.000123
8878 0.000038
8879 0.000117
8880 0.000109
8881 0.000210
8882 0.000089
8883 0.000074
8884 0.000248
8885 0.000098
8886 0.000104
8887 0.000177
8888 0.000121
8889 0.000212
8890 0.000187
8891 0.000123
8892 0.000102
8893 0.000116
8894 0.000039
8895 0.000092
8896 0.000107
8897 0.000087
8898 0.000076
8899 0.000041
8900 0.000100
8901 0.000064
8902 0.000172
8903 0.000137
8904 0.000094
8905 0.000162
8906 0.000103
8907 0.000107
8908 0.000116
8909 0.000139
8910 0.000105
8911 0.000079
8912 0.000077
8913 0.000129
8914 0.000107
8915 0.000073
8916 0.000106
8917 0.000054
8918 0.000118
8919 0.000100
8920 0.000083
8921 0.000108
8922 0.000138
8923 0.000100
8924 0.000149
8925 0.000071
8926 0.000138
8927 0.000114
8928 0.000124
8929 0.000120
8930 0.000056
8931 0.000074
8932 0.000078
8933 0.000059
8934 0.000142
8935 0.000076
8936 0.000040
8937 0.000071
8938 0.000067
8939 0.000058
8940 0.000129
8941 0.000126
8942 0.000137
8943 0.000074
8944 0.000094
8945 0.000048
8946 0.000051
8947 0.000161
8948 0.000074
8949 0.000130
8950 0.000136
8951 0.000082
8952 0.000106
8953 0.000034
8954 0.000081
8955 0.000053
8956 0.000124
8957 0.000060
8958 0.000071
8959 0.000197
8960 0.000118
8961 0.000129
8962 0.000139
8963 0.000080
8964 0.000114
8965 0.000111
8966 0.000100
8967 0.000083
8968 0.000102
8969 0.000093
8970 0.000092
8971 0.000082
8972 0.000064
8973 0.000113
8974 0.000109
8975 0.000049
8976 0.000041
8977 0.000087
8978 0.000090
8979 0.000144
8980 0.000106
8981 0.000094
8982 0.000122
8983 0.000112
8984 0.000039
8985 0.000104
8986 0.000064
8987 0.000130
8988 0.000099
8989 0.000060
8990 0.000058
8991 0.000042
8992 0.000056
8993 0.000075
8994 0.000100
8995 0.000123
8996 0.000103
8997 0.000051
8998 0.000067
8999 0.000034
9000 0.000083
9001 0.000197
9002 0.000065
9003 0.000083
9004 0.000143
9005 0.000082
9006 0.000052
9007 0.000043
9008 0.000050
9009 0.000076
9010 0.000050
9011 0.000078
9012 0.000082
9013 0.000127
9014 0.000062
9015 0.000096
9016 0.000221
9017 0.000100
9018 0.000052
9019 0.000073
9020 0.000113
9021 0.000103
9022 0.000124
9023 0.000114
9024 0.000078
9025 0.000132
9026 0.000057
9027 0.000136
9028 0.000195
9029 0.000111
9030 0.000179
9031 0.000090
9032 0.000142
9033 0.000115
9034 0.000096
9035 0.000056
9036 0.000140
9037 0.000123
9038 0.000047
9039 0.000076
9040 0.000109
9041 0.000078
9042 0.000105
9043 0.000152
9044 0.000071
9045 0.000060
9046 0.000057
9047 0.000123
9048 0.000098
9049 0.000081
9050 0.000032
9051 0.000092
9052 0.000069
9053 0.000106
9054 0.000059
9055 0.000091
9056 0.000123
9057 0.000155
9058 0.000114
9059 0.000084
9060 0.000110
9061 0.000119
9062 0.000142
9063 0.000055
9064 0.000064
9065 0.000111
9066 0.000122
9067 0.000094
9068 0.000140
9069 0.000126
9070 0.000087
9071 0.000151
9072 0.000123
9073 0.000147
9074 0.000111
9075 0.000099
9076 0.000048
9077 0.000094
9078 0.000049
9079 0.000126
9080 0.000079
9081 0.000185
9082 0.000125
9083 0.000062
9084 0.000100
9085 0.000184
9086 0.000117
9087 0.000089
9088 0.000085
9089 0.000154
9090 0.000109
9091 0.000068
9092 0.000082
9093 0.000152
9094 0.000116
9095 0.000102
9096 0.000137
9097 0.000050
9098 0.000061
9099 0.000053
9100 0.000038
9101 0.000044
9102 0.000094
9103 0.000069
9104 0.000197
9105 0.000097
9106 0.000074
9107 0.000021
9108 0.000032
9109 0.000096
9110 0.000143
9111 0.000172
9112 0.000118
9113 0.000075
9114 0.000124
9115 0.000138
9116 0.000108
9117 0.000095
9118 0.000076
9119 0.000065
9120 0.000092
9121 0.000114
9122 0.000163
9123 0.000111
9124 0.000082
9125 0.000152
9126 0.000076
9127 0.000200
9128 0.000148
9129 0.000145
9130 0.000181
9131 0.000117
9132 0.000119
9133 0.000128
9134 0.000092
9135 0.000109
9136 0.000182
9137 0.000061
9138 0.000116
9139 0.000082
9140 0.000118
9141 0.000098
9142 0.000088
9143 0.000101
9144 0.000080
9145 0.000047
9146 0.000113
9147 0.000115
9148 0.000124
9149 0.000105
9150 0.000041
9151 0.000106
9152 0.000046
9153 0.000025
9154 0.000095
9155 0.000065
9156 0.000188
9157 0.000179
9158 0.000085
9159 0.000144
9160 0.000100
9161 0.000066
9162 0.000090
9163 0.000104
9164 0.000060
9165 0.000021
9166 0.000102
9167 0.000267
9168 0.000207
9169 0.000129
9170 0.000071
9171 0.000113
9172 0.000089
9173 0.000072
9174 0.000152
9175 0.000073
9176 0.000121
9177 0.000073
9178 0.000121
9179 0.000094
9180 0.000073
9181 0.000054
9182 0.000105
9183 0.000097
9184 0.000118
9185 0.000044
9186 0.000116
9187 0.000097
9188 0.000114
9189 0.000132
9190 0.000175
9191 0.000061
9192 0.000068
9193 0.000140
9194 0.000071
9195 0.000091
9196 0.000115
9197 0.000080
9198 0.000072
9199 0.000032
9200 0.000058
9201 0.000059
9202 0.000068
9203 0.000212
9204 0.000090
9205 0.000109
9206 0.000118
9207 0.000085
9208 0.000056
9209 0.000083
9210 0.000083
9211 0.000125
9212 0.000092
9213 0.000092
9214 0.000065
9215 0.000122
9216 0.000082
9217 0.000145
9218 0.000114
9219 0.000095
9220 0.000107
9221 0.000125
9222 0.000086
9223 0.000088
9224 0.000069
9225 0.000119
9226 0.000114
9227 0.000057
9228 0.000069
9229 0.000095
9230 0.000055
9231 0.000077
9232 0.000190
9233 0.000105
9234 0.000118
9235 0.000093
9236 0.000055
9237 0.000020
9238 0.000050
9239 0.000098
9240 0.000172
9241 0.000221
9242 0.000124
9243 0.000079
9244 0.000148
9245 0.000124
9246 0.000112
9247 0.000117
9248 0.000089
9249 0.000112
9250 0.000082
9251 0.000057
9252 0.000101
9253 0.000039
9254 0.000144
9255 0.000071
9256 0.000058
9257 0.000098
9258 0.000192
9259 0.000118
9260 0.000118
9261 0.000076
9262 0.000114
9263 0.000057
9264 0.000093
9265 0.000089
9266 0.000087
9267 0.000054
9268 0.000048
9269 0.000150
9270 0.000140
9271 0.000085
9272 0.000059
9273 0.000150
9274 0.000142
9275 0.000114
9276 0.000051
9277 0.000141
9278 0.000064
9279 0.000098
9280 0.000085
9281 0.000035
9282 0.000154
9283 0.000090
9284 0.000048
9285 0.000083
9286 0.000091
9287 0.000069
9288 0.000042
9289 0.000073
9290 0.000090
9291 0.000189
9292 0.000053
9293 0.000085
9294 0.000139
9295 0.000103
9296 0.000109
9297 0.000053
9298 0.000062
9299 0.000104
9300 0.000097
9301 0.000123
9302 0.000072
9303 0.000063
9304 0.000060
9305 0.000102
9306 0.000156
9307 0.000177
9308 0.000165
9309 0.000090
9310 0.000067
9311 0.000073
9312 0.000114
9313 0.000162
9314 0.000162
9315 0.000144
9316 0.000076
9317 0.000080
9318 0.000085
9319 0.000095
9320 0.000062
9321 0.000084
9322 0.000093
9323 0.000038
9324 0.000120
9325 0.000129
9326 0.000050
9327 0.000126
9328 0.000141
9329 0.000104
9330 0.000063
9331 0.000090
9332 0.000072
9333 0.000104
9334 0.000077
9335 0.000063
9336 0.000095
9337 0.000047
9338 0.000077
9339 0.000102
9340 0.000096
9341 0.000114
9342 0.000072
9343 0.000086
9344 0.000101
9345 0.000073
9346 0.000043
9347 0.000141
9348 0.000117
9349 0.000126
9350 0.000093
9351 0.000077
9352 0.000116
9353 0.000062
9354 0.000074
9355 0.000168
9356 0.000179
9357 0.000060
9358 0.000073
9359 0.000082
9360 0.000111
9361 0.000088
9362 0.000051
9363 0.000100
9364 0.000077
9365 0.000103
9366 0.000088
9367 0.000123
9368 0.000091
9369 0.000098
9370 0.000090
9371 0.000085
9372 0.000033
9373 0.000056
9374 0.000025
9375 0.000036
9376 0.000088
9377 0.000031
9378 0.000101
9379 0.000099
9380 0.000042
9381 0.000161
9382 0.000100
9383 0.000083
9384 0.000142
9385 0.000077
9386 0.000071
9387 0.000058
9388 0.000129
9389 0.000100
9390 0.000117
9391 0.000075
9392 0.000085
9393 0.000080
9394 0.000092
9395 0.000098
9396 0.000099
9397 0.000094
9398 0.000084
9399 0.000086
9400 0.000213
9401 0.000229
9402 0.000098
9403 0.000125
9404 0.000125
9405 0.000046
9406 0.000092
9407 0.000060
9408 0.000207
9409 0.000179
9410 0.000136
9411 0.000093
9412 0.000101
9413 0.000110
9414 0.000072
9415 0.000052
9416 0.000100
9417 0.000116
9418 0.000092
9419 0.000114
9420 0.000186
9421 0.000079
9422 0.000082
9423 0.000149
9424 0.000123
9425 0.000086
9426 0.000077
9427 0.000064
9428 0.000097
9429 0.000121
9430 0.000049
9431 0.000065
9432 0.000078
9433 0.000171
9434 0.000138
9435 0.000134
9436 0.000093
9437 0.000083
9438 0.000088
9439 0.000064
9440 0.000099
9441 0.000121
9442 0.000109
9443 0.000075
9444 0.000109
9445 0.000133
9446 0.000139
9447 0.000083
9448 0.000128
9449 0.000170
9450 0.000112
9451 0.000124
9452 0.000100
9453 0.000103
9454 0.000086
9455 0.000074
9456 0.000162
9457 0.000145
9458 0.000139
9459 0.000067
9460 0.000078
9461 0.000066
9462 0.000086
9463 0.000072
9464 0.000068
9465 0.000110
9466 0.000127
9467 0.000132
9468 0.000092
9469 0.000083
9470 0.000063
9471 0.000028
9472 0.000083
9473 0.000077
9474 0.000093
9475 0.000178
9476 0.000169
9477 0.000110
9478 0.000031
9479 0.000063
9480 0.000093
9481 0.000053
9482 0.000109
9483 0.000125
9484 0.000104
9485 0.000147
9486 0.000125
9487 0.000055
9488 0.000045
9489 0.000064
9490 0.000101
9491 0.000173
9492 0.000104
9493 0.000040
9494 0.000087
9495 0.000057
9496 0.000094
9497 0.000056
9498 0.000039
9499 0.000046
9500 0.000144
9501 0.000072
9502 0.000065
9503 0.000110
9504 0.000046
9505 0.000101
9506 0.000104
9507 0.000114
9508 0.000074
9509 0.000099
9510 0.000104
9511 0.000039
9512 0.000077
9513 0.000109
9514 0.000135
9515 0.000090
9516 0.000057
9517 0.000060
9518 0.000133
9519 0.000146
9520 0.000068
9521 0.000045
9522 0.000111
9523 0.000180
9524 0.000094
9525 0.000103
9526 0.000081
9527 0.000072
9528 0.000102
9529 0.000106
9530 0.000059
9531 0.000044
9532 0.000135
9533 0.000129
9534 0.000127
9535 0.000148
9536 0.000119
9537 0.000097
9538 0.000092
9539 0.000071
9540 0.000072
9541 0.000040
9542 0.000101
9543 0.000083
9544 0.000164
9545 0.000148
9546 0.000127
9547 0.000173
9548 0.000160
9549 0.000103
9550 0.000096
9551 0.000060
9552 0.000134
9553 0.000083
9554 0.000048
9555 0.000041
9556 0.000108
9557 0.000146
9558 0.000060
9559 0.000151
9560 0.000065
9561 0.000060
9562 0.000090
9563 0.000174
9564 0.000086
9565 0.000138
9566 0.000162
9567 0.000113
9568 0.000072
9569 0.000086
9570 0.000104
9571 0.000102
9572 0.000066
9573 0.000093
9574 0.000148
9575 0.000131
9576 0.000155
9577 0.000067
9578 0.000101
9579 0.000165
9580 0.000226
9581 0.000236
9582 0.000155
9583 0.000137
9584 0.000092
9585 0.000195
9586 0.000088
9587 0.000129
9588 0.000136
9589 0.000109
9590 0.000082
9591 0.000096
9592 0.000047
9593 0.000040
9594 0.000114
9595 0.000180
9596 0.000079
9597 0.000095
9598 0.000134
9599 0.000074
9600 0.000042
9601 0.000088
9602 0.000130
9603 0.000091
9604 0.000086
9605 0.000096
9606 0.000114
9607 0.000115
9608 0.000096
9609 0.000099
9610 0.000093
9611 0.000170
9612 0.000103
9613 0.000082
9614 0.000094
9615 0.000076
9616 0.000129
9617 0.000084
9618 0.000122
9619 0.000153
9620 0.000065
9621 0.000066
9622 0.000089
9623 0.000084
9624 0.000104
9625 0.000083
9626 0.000093
9627 0.000076
9628 0.000103
9629 0.000036
9630 0.000020
9631 0.000107
9632 0.000106
9633 0.000044
9634 0.000056
9635 0.000127
9636 0.000148
9637 0.000124
9638 0.000174
9639 0.000129
9640 0.000112
9641 0.000097
9642 0.000066
9643 0.000124
9644 0.000196
9645 0.000226
9646 0.000188
9647 0.000117
9648 0.000050
9649 0.000050
9650 0.000094
9651 0.000088
9652 0.000099
9653 0.000083
9654 0.000062
9655 0.000105
9656 0.000082
9657 0.000108
9658 0.000133
9659 0.000031
9660 0.000104
9661 0.000140
9662 0.000118
9663 0.000122
9664 0.000127
9665 0.000120
9666 0.000108
9667 0.000067
9668 0.000085
9669 0.000084
9670 0.000102
9671 0.000053
9672 0.000085
9673 0.000168
9674 0.000128
9675 0.000062
9676 0.000099
9677 0.000158
9678 0.000119
9679 0.000118
9680 0.000127
9681 0.000095
9682 0.000118
9683 0.000107
9684 0.000141
9685 0.000055
9686 0.000056
9687 0.000111
9688 0.000079
9689 0.000131
9690 0.000063
9691 0.000109
9692 0.000028
9693 0.000082
9694 0.000060
9695 0.000077
9696 0.000065
9697 0.000113
9698 0.000109
9699 0.000072
9700 0.000111
9701 0.000104
9702 0.000086
9703 0.000098
9704 0.000121
9705 0.000065
9706 0.000133
9707 0.000105
9708 0.000071
9709 0.000079
9710 0.000148
9711 0.000071
9712 0.000071
9713 0.000092
9714 0.000114
9715 0.000145
9716 0.000115
9717 0.000051
9718 0.000078
9719 0.000116
9720 0.000118
9721 0.000221
9722 0.000149
9723 0.000179
9724 0.000084
9725 0.000082
9726 0.000124
9727 0.000137
9728 0.000129
9729 0.000112
9730 0.000081
9731 0.000073
9732 0.000095
9733 0.000088
9734 0.000069
9735 0.000120
9736 0.000113
9737 0.000101
9738 0.000062
9739 0.000144
9740 0.000104
9741 0.000145
9742 0.000056
9743 0.000094
9744 0.000060
9745 0.000066
9746 0.000059
9747 0.000098
9748 0.000085
9749 0.000033
9750 0.000094
9751 0.000092
9752 0.000076
9753 0.000103
9754 0.000060
9755 0.000183
9756 0.000105
9757 0.000077
9758 0.000057
9759 0.000135
9760 0.000072
9761 0.000111
9762 0.000128
9763 0.000168
9764 0.000105
9765 0.000092
9766 0.000073
9767 0.000077
9768 0.000138
9769 0.000076
9770 0.000040
9771 0.000040
9772 0.000063
9773 0.000114
9774 0.000133
9775 0.000086
9776 0.000088
9777 0.000081
9778 0.000134
9779 0.000057
9780 0.000109
9781 0.000068
9782 0.000114
9783 0.000122
9784 0.000117
9785 0.000066
9786 0.000078
9787 0.000026
9788 0.000044
9789 0.000086
9790 0.000059
9791 0.000143
9792 0.000104
9793 0.000055
9794 0.000095
9795 0.000146
9796 0.000083
9797 0.000168
9798 0.000074
9799 0.000137
9800 0.000154
9801 0.000039
9802 0.000092
9803 0.000089
9804 0.000044
9805 0.000060
9806 0.000115
9807 0.000090
9808 0.000153
9809 0.000119
9810 0.000089
9811 0.000082
9812 0.000100
9813 0.000163
9814 0.000253
9815 0.000171
9816 0.000048
9817 0.000077
9818 0.000151
9819 0.000091
9820 0.000162
9821 0.000131
9822 0.000169
9823 0.000192
9824 0.000110
9825 0.000084
9826 0.000061
9827 0.000122
9828 0.000102
9829 0.000042
9830 0.000078
9831 0.000057
9832 0.000148
9833 0.000127
9834 0.000126
9835 0.000074
9836 0.000069
9837 0.000102
9838 0.000123
9839 0.000066
9840 0.000065
9841 0.000086
9842 0.000085
9843 0.000112
9844 0.000106
9845 0.000218
9846 0.000130
9847 0.000080
9848 0.000049
9849 0.000040
9850 0.000108
9851 0.000091
9852 0.000117
9853 0.000052
9854 0.000188
9855 0.000116
9856 0.000131
9857 0.000111
9858 0.000095
9859 0.000167
9860 0.000104
9861 0.000092
9862 0.000222
9863 0.000060
9864 0.000066
9865 0.000093
9866 0.000081
9867 0.000053
9868 0.000153
9869 0.000154
9870 0.000163
9871 0.000058
9872 0.000058
9873 0.000039
9874 0.000057
9875 0.000081
9876 0.000045
9877 0.000065
9878 0.000110
9879 0.000089
9880 0.000083
9881 0.000060
9882 0.000066
9883 0.000065
9884 0.000068
9885 0.000123
9886 0.000117
9887 0.000053
9888 0.000081
9889 0.000055
9890 0.000109
9891 0.000085
9892 0.000133
9893 0.000185
9894 0.000135
9895 0.000110
9896 0.000091
9897 0.000124
9898 0.000146
9899 0.000125
9900 0.000112
9901 0.000073
9902 0.000068
9903 0.000116
9904 0.000101
9905 0.000068
9906 0.000103
9907 0.000109
9908 0.000099
9909 0.000094
9910 0.000087
9911 0.000053
9912 0.000043
9913 0.000111
9914 0.000169
9915 0.000109
9916 0.000098
9917 0.000127
9918 0.000121
9919 0.000077
9920 0.000101
9921 0.000123
9922 0.000076
9923 0.000114
9924 0.000098
9925 0.000107
9926 0.000102
9927 0.000078
9928 0.000050
9929 0.000103
9930 0.000089
9931 0.000115
9932 0.000097
9933 0.000135
9934 0.000133
9935 0.000065
9936 0.000069
9937 0.000084
9938 0.000027
9939 0.000093
9940 0.000061
9941 0.000116
9942 0.000126
9943 0.000063
9944 0.000073
9945 0.000080
9946 0.000136
9947 0.000067
9948 0.000036
9949 0.000041
9950 0.000119
9951 0.000088
9952 0.000148
9953 0.000112
9954 0.000085
9955 0.000083
9956 0.000106
9957 0.000118
9958 0.000136
9959 0.000088
9960 0.000092
9961 0.000107
9962 0.000113
9963 0.000130
9964 0.000048
9965 0.000182
9966 0.000060
9967 0.000135
9968 0.000081
9969 0.000054
9970 0.000093
9971 0.000108
9972 0.000089
9973 0.000151
9974 0.000063
9975 0.000114
9976 0.000080
9977 0.000063
9978 0.000093
9979 0.000040
9980 0.000062
9981 0.000034
9982 0.000069
9983 0.000051
9984 0.000030
9985 0.000059
9986 0.000127
9987 0.000080
9988 0.000052
9989 0.000096
9990 0.000064
9991 0.000059
9992 0.000120
9993 0.000134
9994 0.000123
9995 0.000164
9996 0.000074
9997 0.000091
9998 0.000081
9999 0.000087
Sum of ranks: 1.000000
Iterations: 11
Converged: true
Execution time: 13.566098 ms
