Algorithm: PageRank
Damping: 0.850000
Vertex ranks:
0 0.000040
1 0.000030
2 0.000024
3 0.000025
4 0.000020
5 0.000009
6 0.000007
7 0.000014
8 0.000012
9 0.000017
10 0.000021
11 0.000025
12 0.000024
13 0.000022
14 0.000008
15 0.000014
16 0.000027
17 0.000037
18 0.000011
19 0.000018
20 0.000025
21 0.000009
22 0.000022
23 0.000014
24 0.000010
25 0.000010
26 0.000033
27 0.000034
28 0.000017
29 0.000020
30 0.000024
31 0.000018
32 0.000015
33 0.000027
34 0.000025
35 0.000030
36 0.000028
37 0.000019
38 0.000015
39 0.000012
40 0.000009
41 0.000016
42 0.000014
43 0.000007
44 0.000022
45 0.000020
46 0.000020
47 0.000026
48 0.000020
49 0.000018
50 0.000031
51 0.000027
52 0.000009
53 0.000032
54 0.000038
55 0.000020
56 0.000012
57 0.000010
58 0.000016
59 0.000018
60 0.000025
61 0.000031
62 0.000023
63 0.000021
64 0.000014
65 0.000020
66 0.000012
67 0.000016
68 0.000022
69 0.000029
70 0.000022
71 0.000019
72 0.000022
73 0.000024
74 0.000031
75 0.000021
76 0.000034
77 0.000009
78 0.000011
79 0.000011
80 0.000029
81 0.000027
82 0.000025
83 0.000017
84 0.000018
85 0.000015
86 0.000013
87 0.000021
88 0.000036
89 0.000019
90 0.000019
91 0.000013
92 0.000019
93 0.000009
94 0.000015
95 0.000013
96 0.000020
97 0.000012
98 0.000030
99 0.000023
100 0.000010
101 0.000040
102 0.000016
103 0.000024
104 0.000008
105 0.000017
106 0.000023
107 0.000021
108 0.000023
109 0.000027
110 0.000034
111 0.000023
112 0.000005
113 0.000014
114 0.000011
115 0.000017
116 0.000024
117 0.000038
118 0.000027
119 0.000023
120 0.000021
121 0.000028
122 0.000017
123 0.000027
124 0.000034
125 0.000024
126 0.000011
127 0.000023
128 0.000020
129 0.000018
130 0.000024
131 0.000021
132 0.000020
133 0.000040
134 0.000049
135 0.000019
136 0.000016
137 0.000016
138 0.000012
139 0.000020
140 0.000030
141 0.000022
142 0.000020
143 0.000022
144 0.000036
145 0.000024
146 0.000021
147 0.000025
148 0.000020
149 0.000031
150 0.000022
151 0.000022
152 0.000026
153 0.000031
154 0.000021
155 0.000017
156 0.000008
157 0.000022
158 0.000010
159 0.000021
160 0.000012
161 0.000018
162 0.000016
163 0.000016
164 0.000028
165 0.000021
166 0.000013
167 0.000030
168 0.000016
169 0.000012
170 0.000023
171 0.000028
172 0.000025
173 0.000023
174 0.000028
175 0.000037
176 0.000026
177 0.000023
178 0.000027
179 0.000018
180 0.000021
181 0.000025
182 0.000026
183 0.000013
184 0.000019
185 0.000009
186 0.000021
187 0.000030
188 0.000027
189 0.000022
190 0.000014
191 0.000026
192 0.000014
193 0.000018
194 0.000015
195 0.000022
196 0.000021
197 0.000025
198 0.000018
199 0.000016
200 0.000006
201 0.000015
202 0.000012
203 0.000022
204 0.000041
205 0.000026
206 0.000027
207 0.000029
208 0.000015
209 0.000028
210 0.000034
211 0.000026
212 0.000028
213 0.000030
214 0.000014
215 0.000020
216 0.000015
217 0.000017
218 0.000013
219 0.000028
220 0.000023
221 0.000011
222 0.000019
223 0.000018
224 0.000031
225 0.000035
226 0.000011
227 0.000015
228 0.000014
229 0.000006
230 0.000023
231 0.000023
232 0.000016
233 0.000014
234 0.000022
235 0.000020
236 0.000011
237 0.000020
238 0.000019
239 0.000027
240 0.000008
241 0.000024
242 0.000013
243 0.000018
244 0.000014
245 0.000011
246 0.000035
247 0.000019
248 0.000012
249 0.000028
250 0.000021
251 0.000030
252 0.000015
253 0.000021
254 0.000012
255 0.000035
256 0.000026
257 0.000008
258 0.000008
259 0.000008
260 0.000015
261 0.000017
262 0.000005
263 0.000010
264 0.000015
265 0.000026
266 0.000013
267 0.000018
268 0.000021
269 0.000021
270 0.000041
271 0.000025
272 0.000016
273 0.000015
274 0.000023
275 0.000016
276 0.000027
277 0.000020
278 0.000034
279 0.000037
280 0.000022
281 0.000017
282 0.000023
283 0.000017
284 0.000013
285 0.000015
286 0.000018
287 0.000021
288 0.000015
289 0.000027
290 0.000032
291 0.000024
292 0.000030
293 0.000017
294 0.000012
295 0.000023
296 0.000017
297 0.000020
298 0.000028
299 0.000023
300 0.000036
301 0.000023
302 0.000013
303 0.000019
304 0.000012
305 0.000011
306 0.000016
307 0.000020
308 0.000019
309 0.000034
310 0.000013
311 0.000025
312 0.000016
313 0.000034
314 0.000031
315 0.000027
316 0.000042
317 0.000025
318 0.000011
319 0.000009
320 0.000009
321 0.000006
322 0.000017
323 0.000034
324 0.000013
325 0.000009
326 0.000030
327 0.000034
328 0.000024
329 0.000013
330 0.000022
331 0.000016
332 0.000023
333 0.000007
334 0.000019
335 0.000018
336 0.000012
337 0.000026
338 0.000041
339 0.000015
340 0.000021
341 0.000005
342 0.000019
343 0.000032
344 0.000036
345 0.000020
346 0.000029
347 0.000010
348 0.000024
349 0.000026
350 0.000014
351 0.000007
352 0.000021
353 0.000017
354 0.000024
355 0.000029
356 0.000028
357 0.000025
358 0.000018
359 0.000025
360 0.000033
361 0.000010
362 0.000012
363 0.000024
364 0.000014
365 0.000012
366 0.000021
367 0.000009
368 0.000018
369 0.000022
370 0.000022
371 0.000019
372 0.000025
373 0.000018
374 0.000036
375 0.000021
376 0.000022
377 0.000011
378 0.000035
379 0.000025
380 0.000020
381 0.000015
382 0.000018
383 0.000010
384 0.000012
385 0.000021
386 0.000028
387 0.000021
388 0.000016
389 0.000025
390 0.000041
391 0.000055
392 0.000023
393 0.000025
394 0.000024
395 0.000041
396 0.000018
397 0.000020
398 0.000011
399 0.000018
400 0.000008
401 0.000008
402 0.000020
403 0.000018
404 0.000010
405 0.000006
406 0.000032
407 0.000018
408 0.000016
409 0.000020
410 0.000020
411 0.000015
412 0.000017
413 0.000021
414 0.000016
415 0.000009
416 0.000013
417 0.000013
418 0.000025
419 0.000017
420 0.000008
421 0.000042
422 0.000020
423 0.000028
424 0.000021
425 0.000016
426 0.000019
427 0.000023
428 0.000015
429 0.000026
430 0.000028
431 0.000030
432 0.000018
433 0.000017
434 0.000021
435 0.000016
436 0.000019
437 0.000018
438 0.000034
439 0.000027
440 0.000028
441 0.000032
442 0.000020
443 0.000033
444 0.000014
445 0.000020
446 0.000020
447 0.000006
448 0.000019
449 0.000033
450 0.000015
451 0.000011
452 0.000014
453 0.000021
454 0.000013
455 0.000014
456 0.000029
457 0.000021
458 0.000025
459 0.000011
460 0.000041
461 0.000027
462 0.000030
463 0.000027
464 0.000017
465 0.000015
466 0.000015
467 0.000019
468 0.000025
469 0.000030
470 0.000029
471 0.000026
472 0.000027
473 0.000018
474 0.000019
475 0.000022
476 0.000010
477 0.000017
478 0.000029
479 0.000020
480 0.000018
481 0.000020
482 0.000022
483 0.000027
484 0.000032
485 0.000015
486 0.000031
487 0.000022
488 0.000029
489 0.000017
490 0.000023
491 0.000014
492 0.000007
493 0.000015
494 0.000012
495 0.000019
496 0.000018
497 0.000020
498 0.000021
499 0.000030
500 0.000029
501 0.000036
502 0.000020
503 0.000010
504 0.000016
505 0.000019
506 0.000034
507 0.000028
508 0.000025
509 0.000022
510 0.000023
511 0.000018
512 0.000008
513 0.000029
514 0.000024
515 0.000022
516 0.000015
517 0.000021
518 0.000009
519 0.000023
520 0.000020
521 0.000030
522 0.000024
523 0.000029
524 0.000022
525 0.000011
526 0.000013
527 0.000016
528 0.000012
529 0.000034
530 0.000018
531 0.000009
532 0.000016
533 0.000019
534 0.000020
535 0.000022
536 0.000022
537 0.000022
538 0.000028
539 0.000019
540 0.000005
541 0.000011
542 0.000024
543 0.000019
544 0.000016
545 0.000009
546 0.000025
547 0.000035
548 0.000014
549 0.000011
550 0.000022
551 0.000021
552 0.000014
553 0.000020
554 0.000015
555 0.000010
556 0.000016
557 0.000017
558 0.000014
559 0.000016
560 0.000018
561 0.000023
562 0.000008
563 0.000021
564 0.000023
565 0.000034
566 0.000027
567 0.000017
568 0.000016
569 0.000025
570 0.000018
571 0.000014
572 0.000012
573 0.000019
574 0.000031
575 0.000023
576 0.000025
577 0.000022
578 0.000011
579 0.000024
580 0.000021
581 0.000032
582 0.000031
583 0.000017
584 0.000009
585 0.000012
586 0.000017
587 0.000013
588 0.000023
589 0.000022
590 0.000024
591 0.000025
592 0.000013
593 0.000011
594 0.000014
595 0.000019
596 0.000035
597 0.000010
598 0.000020
599 0.000009
600 0.000021
601 0.000019
602 0.000016
603 0.000014
604 0.000030
605 0.000020
606 0.000017
607 0.000015
608 0.000020
609 0.000027
610 0.000014
611 0.000012
612 0.000019
613 0.000007
614 0.000040
615 0.000031
616 0.000025
617 0.000021
618 0.000022
619 0.000008
620 0.000040
621 0.000025
622 0.000032
623 0.000026
624 0.000013
625 0.000023
626 0.000015
627 0.000025
628 0.000031
629 0.000019
630 0.000028
631 0.000023
632 0.000011
633 0.000019
634 0.000037
635 0.000022
636 0.000023
637 0.000018
638 0.000029
639 0.000013
640 0.000011
641 0.000007
642 0.000016
643 0.000027
644 0.000035
645 0.000045
646 0.000013
647 0.000042
648 0.000029
649 0.000017
650 0.000014
651 0.000023
652 0.000035
653 0.000016
654 0.000021
655 0.000031
656 0.000023
657 0.000023
658 0.000030
659 0.000032
660 0.000016
661 0.000016
662 0.000033
663 0.000018
664 0.000012
665 0.000020
666 0.000010
667 0.000016
668 0.000024
669 0.000032
670 0.000038
671 0.000017
672 0.000023
673 0.000021
674 0.000012
675 0.000016
676 0.000008
677 0.000019
678 0.000018
679 0.000016
680 0.000023
681 0.000012
682 0.000030
683 0.000018
684 0.000006
685 0.000022
686 0.000026
687 0.000014
688 0.000009
689 0.000020
690 0.000022
691 0.000014
692 0.000017
693 0.000020
694 0.000022
695 0.000013
696 0.000022
697 0.000028
698 0.000019
699 0.000028
700 0.000014
701 0.000022
702 0.000029
703 0.000028
704 0.000018
705 0.000026
706 0.000012
707 0.000014
708 0.000015
709 0.000011
710 0.000016
711 0.000026
712 0.000025
713 0.000029
714 0.000014
715 0.000030
716 0.000013
717 0.000028
718 0.000007
719 0.000033
720 0.000018
721 0.000021
722 0.000024
723 0.000048
724 0.000030
725 0.000016
726 0.000015
727 0.000019
728 0.000012
729 0.000011
730 0.000034
731 0.000018
732 0.000013
733 0.000024
734 0.000010
735 0.000039
736 0.000013
737 0.000008
738 0.000021
739 0.000022
740 0.000020
741 0.000018
742 0.000027
743 0.000016
744 0.000038
745 0.000018
746 0.000026
747 0.000019
748 0.000018
749 0.000009
750 0.000025
751 0.000019
752 0.000013
753 0.000016
754 0.000015
755 0.000006
756 0.000014
757 0.000011
758 0.000017
759 0.000023
760 0.000018
761 0.000025
762 0.000017
763 0.000024
764 0.000011
765 0.000016
766 0.000018
767 0.000029
768 0.000022
769 0.000025
770 0.000010
771 0.000021
772 0.000010
773 0.000010
774 0.000025
775 0.000018
776 0.000019
777 0.000018
778 0.000011
779 0.000017
780 0.000030
781 0.000015
782 0.000012
783 0.000008
784 0.000027
785 0.000018
786 0.000033
787 0.000016
788 0.000016
789 0.000019
790 0.000035
791 0.000026
792 0.000028
793 0.000019
794 0.000017
795 0.000024
796 0.000027
797 0.000016
798 0.000020
799 0.000024
800 0.000017
801 0.000008
802 0.000013
803 0.000013
804 0.000028
805 0.000017
806 0.000015
807 0.000012
808 0.000013
809 0.000026
810 0.000017
811 0.000007
812 0.000017
813 0.000009
814 0.000010
815 0.000030
816 0.000025
817 0.000019
818 0.000020
819 0.000008
820 0.000016
821 0.000017
822 0.000022
823 0.000009
824 0.000017
825 0.000013
826 0.000017
827 0.000022
828 0.000016
829 0.000012
830 0.000020
831 0.000008
832 0.000008
833 0.000019
834 0.000026
835 0.000009
836 0.000015
837 0.000017
838 0.000028
839 0.000024
840 0.000011
841 0.000025
842 0.000019
843 0.000008
844 0.000012
845 0.000015
846 0.000016
847 0.000019
848 0.000020
849 0.000034
850 0.000022
851 0.000033
852 0.000018
853 0.000022
854 0.000016
855 0.000022
856 0.000012
857 0.000015
858 0.000010
859 0.000023
860 0.000037
861 0.000026
862 0.000035
863 0.000020
864 0.000011
865 0.000023
866 0.000023
867 0.000014
868 0.000035
869 0.000043
870 0.000047
871 0.000013
872 0.000026
873 0.000016
874 0.000019
875 0.000023
876 0.000021
877 0.000021
878 0.000033
879 0.000022
880 0.000011
881 0.000017
882 0.000029
883 0.000019
884 0.000024
885 0.000021
886 0.000021
887 0.000025
888 0.000023
889 0.000018
890 0.000025
891 0.000018
892 0.000023
893 0.000027
894 0.000014
895 0.000028
896 0.000024
897 0.000020
898 0.000016
899 0.000019
900 0.000015
901 0.000013
902 0.000014
903 0.000020
904 0.000019
905 0.000026
906 0.000019
907 0.000020
908 0.000021
909 0.000015
910 0.000019
911 0.000017
912 0.000017
913 0.000033
914 0.000027
915 0.000017
916 0.000016
917 0.000008
918 0.000022
919 0.000036
920 0.000021
921 0.000022
922 0.000019
923 0.000015
924 0.000017
925 0.000014
926 0.000024
927 0.000024
928 0.000016
929 0.000009
930 0.000011
931 0.000018
932 0.000014
933 0.000029
934 0.000021
935 0.000017
936 0.000019
937 0.000034
938 0.000025
939 0.000027
940 0.000028
941 0.000017
942 0.000017
943 0.000024
944 0.000021
945 0.000015
946 0.000029
947 0.000019
948 0.000027
949 0.000013
950 0.000007
951 0.000006
952 0.000016
953 0.000012
954 0.000011
955 0.000019
956 0.000021
957 0.000015
958 0.000013
959 0.000019
960 0.000026
961 0.000026
962 0.000023
963 0.000024
964 0.000052
965 0.000039
966 0.000020
967 0.000017
968 0.000022
969 0.000012
970 0.000018
971 0.000011
972 0.000014
973 0.000017
974 0.000015
975 0.000018
976 0.000027
977 0.000022
978 0.000020
979 0.000014
980 0.000013
981 0.000017
982 0.000014
983 0.000014
984 0.000010
985 0.000009
986 0.000017
987 0.000025
988 0.000015
989 0.000021
990 0.000036
991 0.000014
992 0.000012
993 0.000017
994 0.000036
995 0.000024
996 0.000041
997 0.000021
998 0.000027
999 0.000014
1000 0.000019
1001 0.000021
1002 0.000024
1003 0.000023
1004 0.000029
1005 0.000027
1006 0.000015
1007 0.000037
1008 0.000026
1009 0.000017
1010 0.000028
1011 0.000043
1012 0.000019
1013 0.000027
1014 0.000027
1015 0.000015
1016 0.000024
1017 0.000029
1018 0.000023
1019 0.000022
1020 0.000010
1021 0.000019
1022 0.000015
1023 0.000014
1024 0.000030
1025 0.000018
1026 0.000024
1027 0.000036
1028 0.000020
1029 0.000024
1030 0.000017
1031 0.000017
1032 0.000012
1033 0.000019
1034 0.000022
1035 0.000026
1036 0.000018
1037 0.000023
1038 0.000025
1039 0.000032
1040 0.000024
1041 0.000014
1042 0.000011
1043 0.000017
1044 0.000011
1045 0.000018
1046 0.000024
1047 0.000011
1048 0.000015
1049 0.000013
1050 0.000014
1051 0.000010
1052 0.000007
1053 0.000008
1054 0.000025
1055 0.000016
1056 0.000020
1057 0.000010
1058 0.000014
1059 0.000014
1060 0.000018
1061 0.000022
1062 0.000018
1063 0.000025
1064 0.000025
1065 0.000032
1066 0.000028
1067 0.000024
1068 0.000023
1069 0.000013
1070 0.000026
1071 0.000007
1072 0.000020
1073 0.000036
1074 0.000024
1075 0.000020
1076 0.000029
1077 0.000018
1078 0.000026
1079 0.000018
1080 0.000007
1081 0.000017
1082 0.000018
1083 0.000020
1084 0.000022
1085 0.000021
1086 0.000009
1087 0.000024
1088 0.000014
1089 0.000010
1090 0.000027
1091 0.000016
1092 0.000029
1093 0.000019
1094 0.000012
1095 0.000013
1096 0.000027
1097 0.000017
1098 0.000033
1099 0.000011
1100 0.000030
1101 0.000036
1102 0.000029
1103 0.000021
1104 0.000027
1105 0.000012
1106 0.000008
1107 0.000025
1108 0.000012
1109 0.000032
1110 0.000017
1111 0.000021
1112 0.000016
1113 0.000017
1114 0.000018
1115 0.000022
1116 0.000013
1117 0.000017
1118 0.000022
1119 0.000015
1120 0.000021
1121 0.000019
1122 0.000015
1123 0.000020
1124 0.000012
1125 0.000013
1126 0.000029
1127 0.000016
1128 0.000026
1129 0.000017
1130 0.000029
1131 0.000020
1132 0.000018
1133 0.000015
1134 0.000017
1135 0.000009
1136 0.000011
1137 0.000019
1138 0.000027
1139 0.000015
1140 0.000017
1141 0.000023
1142 0.000046
1143 0.000021
1144 0.000025
1145 0.000025
1146 0.000019
1147 0.000024
1148 0.000015
1149 0.000010
1150 0.000020
1151 0.000021
1152 0.000039
1153 0.000034
1154 0.000023
1155 0.000011
1156 0.000018
1157 0.000035
1158 0.000014
1159 0.000019
1160 0.000035
1161 0.000036
1162 0.000018
1163 0.000028
1164 0.000011
1165 0.000016
1166 0.000036
1167 0.000027
1168 0.000025
1169 0.000029
1170 0.000014
1171 0.000013
1172 0.000012
1173 0.000021
1174 0.000025
1175 0.000026
1176 0.000032
1177 0.000017
1178 0.000013
1179 0.000019
1180 0.000021
1181 0.000013
1182 0.000011
1183 0.000015
1184 0.000015
1185 0.000034
1186 0.000020
1187 0.000019
1188 0.000017
1189 0.000021
1190 0.000008
1191 0.000009
1192 0.000012
1193 0.000016
1194 0.000034
1195 0.000014
1196 0.000023
1197 0.000031
1198 0.000010
1199 0.000028
1200 0.000021
1201 0.000034
1202 0.000028
1203 0.000011
1204 0.000018
1205 0.000019
1206 0.000016
1207 0.000018
1208 0.000010
1209 0.000020
1210 0.000022
1211 0.000030
1212 0.000016
1213 0.000007
1214 0.000023
1215 0.000024
1216 0.000009
1217 0.000024
1218 0.000026
1219 0.000016
1220 0.000024
1221 0.000017
1222 0.000023
1223 0.000037
1224 0.000036
1225 0.000024
1226 0.000031
1227 0.000014
1228 0.000018
1229 0.000021
1230 0.000030
1231 0.000029
1232 0.000025
1233 0.000040
1234 0.000023
1235 0.000013
1236 0.000018
1237 0.000018
1238 0.000034
1239 0.000026
1240 0.000010
1241 0.000011
1242 0.000015
1243 0.000019
1244 0.000028
1245 0.000017
1246 0.000017
1247 0.000026
1248 0.000011
1249 0.000013
1250 0.000018
1251 0.000009
1252 0.000022
1253 0.000030
1254 0.000013
1255 0.000015
1256 0.000009
1257 0.000012
1258 0.000009
1259 0.000013
1260 0.000022
1261 0.000035
1262 0.000026
1263 0.000023
1264 0.000028
1265 0.000017
1266 0.000022
1267 0.000006
1268 0.000011
1269 0.000012
1270 0.000035
1271 0.000014
1272 0.000019
1273 0.000012
1274 0.000019
1275 0.000019
1276 0.000013
1277 0.000012
1278 0.000007
1279 0.000007
1280 0.000015
1281 0.000024
1282 0.000016
1283 0.000017
1284 0.000013
1285 0.000029
1286 0.000017
1287 0.000012
1288 0.000027
1289 0.000027
1290 0.000018
1291 0.000018
1292 0.000022
1293 0.000019
1294 0.000026
1295 0.000025
1296 0.000031
1297 0.000021
1298 0.000032
1299 0.000021
1300 0.000022
1301 0.000035
1302 0.000022
1303 0.000020
1304 0.000033
1305 0.000032
1306 0.000014
1307 0.000034
1308 0.000028
1309 0.000020
1310 0.000017
1311 0.000013
1312 0.000023
1313 0.000016
1314 0.000006
1315 0.000018
1316 0.000020
1317 0.000017
1318 0.000032
1319 0.000011
1320 0.000015
1321 0.000017
1322 0.000012
1323 0.000035
1324 0.000012
1325 0.000017
1326 0.000026
1327 0.000033
1328 0.000029
1329 0.000031
1330 0.000011
1331 0.000019
1332 0.000027
1333 0.000009
1334 0.000016
1335 0.000015
1336 0.000015
1337 0.000056
1338 0.000016
1339 0.000016
1340 0.000026
1341 0.000028
1342 0.000026
1343 0.000018
1344 0.000033
1345 0.000017
1346 0.000029
1347 0.000020
1348 0.000018
1349 0.000023
1350 0.000022
1351 0.000023
1352 0.000010
1353 0.000021
1354 0.000015
1355 0.000011
1356 0.000028
1357 0.000033
1358 0.000033
1359 0.000020
1360 0.000038
1361 0.000023
1362 0.000022
1363 0.000011
1364 0.000014
1365 0.000010
1366 0.000015
1367 0.000005
1368 0.000021
1369 0.000023
1370 0.000024
1371 0.000012
1372 0.000015
1373 0.000008
1374 0.000009
1375 0.000011
1376 0.000017
1377 0.000006
1378 0.000012
1379 0.000019
1380 0.000017
1381 0.000019
1382 0.000015
1383 0.000022
1384 0.000033
1385 0.000018
1386 0.000019
1387 0.000014
1388 0.000017
1389 0.000012
1390 0.000019
1391 0.000016
1392 0.000010
1393 0.000012
1394 0.000013
1395 0.000026
1396 0.000015
1397 0.000015
1398 0.000011
1399 0.000020
1400 0.000016
1401 0.000009
1402 0.000029
1403 0.000015
1404 0.000015
1405 0.000018
1406 0.000019
1407 0.000027
1408 0.000016
1409 0.000017
1410 0.000010
1411 0.000038
1412 0.000015
1413 0.000016
1414 0.000016
1415 0.000032
1416 0.000021
1417 0.000019
1418 0.000019
1419 0.000022
1420 0.000022
1421 0.000025
1422 0.000028
1423 0.000020
1424 0.000027
1425 0.000026
1426 0.000030
1427 0.000010
1428 0.000018
1429 0.000014
1430 0.000022
1431 0.000017
1432 0.000013
1433 0.000019
1434 0.000054
1435 0.000033
1436 0.000015
1437 0.000024
1438 0.000037
1439 0.000047
1440 0.000039
1441 0.000024
1442 0.000015
1443 0.000009
1444 0.000018
1445 0.000014
1446 0.000026
1447 0.000023
1448 0.000011
1449 0.000025
1450 0.000014
1451 0.000016
1452 0.000016
1453 0.000015
1454 0.000025
1455 0.000037
1456 0.000008
1457 0.000007
1458 0.000012
1459 0.000014
1460 0.000017
1461 0.000022
1462 0.000006
1463 0.000009
1464 0.000005
1465 0.000011
1466 0.000012
1467 0.000013
1468 0.000026
1469 0.000026
1470 0.000012
1471 0.000009
1472 0.000011
1473 0.000027
1474 0.000017
1475 0.000016
1476 0.000026
1477 0.000013
1478 0.000014
1479 0.000013
1480 0.000007
1481 0.000009
1482 0.000015
1483 0.000017
1484 0.000021
1485 0.000022
1486 0.000024
1487 0.000018
1488 0.000025
1489 0.000025
1490 0.000019
1491 0.000013
1492 0.000020
1493 0.000014
1494 0.000014
1495 0.000014
1496 0.000022
1497 0.000010
1498 0.000008
1499 0.000031
1500 0.000030
1501 0.000023
1502 0.000020
1503 0.000029
1504 0.000019
1505 0.000017
1506 0.000014
1507 0.000014
1508 0.000021
1509 0.000020
1510 0.000019
1511 0.000031
1512 0.000021
1513 0.000013
1514 0.000036
1515 0.000015
1516 0.000011
1517 0.000009
1518 0.000009
1519 0.000014
1520 0.000019
1521 0.000016
1522 0.000009
1523 0.000019
1524 0.000027
1525 0.000022
1526 0.000024
1527 0.000021
1528 0.000019
1529 0.000015
1530 0.000022
1531 0.000010
1532 0.000020
1533 0.000021
1534 0.000013
1535 0.000026
1536 0.000015
1537 0.000011
1538 0.000020
1539 0.000017
1540 0.000006
1541 0.000007
1542 0.000027
1543 0.000016
1544 0.000016
1545 0.000028
1546 0.000021
1547 0.000011
1548 0.000014
1549 0.000025
1550 0.000024
1551 0.000027
1552 0.000037
1553 0.000029
1554 0.000024
1555 0.000024
1556 0.000033
1557 0.000018
1558 0.000024
1559 0.000033
1560 0.000028
1561 0.000008
1562 0.000009
1563 0.000022
1564 0.000015
1565 0.000016
1566 0.000020
1567 0.000010
1568 0.000013
1569 0.000016
1570 0.000025
1571 0.000020
1572 0.000025
1573 0.000026
1574 0.000018
1575 0.000027
1576 0.000015
1577 0.000019
1578 0.000019
1579 0.000010
1580 0.000014
1581 0.000035
1582 0.000013
1583 0.000018
1584 0.000023
1585 0.000012
1586 0.000024
1587 0.000015
1588 0.000023
1589 0.000015
1590 0.000025
1591 0.000022
1592 0.000012
1593 0.000027
1594 0.000035
1595 0.000018
1596 0.000007
1597 0.000032
1598 0.000020
1599 0.000015
1600 0.000013
1601 0.000023
1602 0.000014
1603 0.000012
1604 0.000018
1605 0.000015
1606 0.000011
1607 0.000043
1608 0.000032
1609 0.000027
1610 0.000028
1611 0.000016
1612 0.000021
1613 0.000015
1614 0.000020
1615 0.000020
1616 0.000013
1617 0.000028
1618 0.000036
1619 0.000040
1620 0.000019
1621 0.000028
1622 0.000015
1623 0.000015
1624 0.000010
1625 0.000023
1626 0.000009
1627 0.000034
1628 0.000028
1629 0.000039
1630 0.000016
1631 0.000018
1632 0.000023
1633 0.000031
1634 0.000010
1635 0.000024
1636 0.000037
1637 0.000037
1638 0.000022
1639 0.000019
1640 0.000014
1641 0.000018
1642 0.000027
1643 0.000019
1644 0.000027
1645 0.000022
1646 0.000025
1647 0.000018
1648 0.000016
1649 0.000032
1650 0.000011
1651 0.000017
1652 0.000027
1653 0.000024
1654 0.000023
1655 0.000015
1656 0.000008
1657 0.000020
1658 0.000018
1659 0.000032
1660 0.000025
1661 0.000015
1662 0.000008
1663 0.000024
1664 0.000020
1665 0.000024
1666 0.000015
1667 0.000021
1668 0.000025
1669 0.000011
1670 0.000011
1671 0.000019
1672 0.000018
1673 0.000021
1674 0.000014
1675 0.000029
1676 0.000015
1677 0.000024
1678 0.000026
1679 0.000028
1680 0.000033
1681 0.000024
1682 0.000012
1683 0.000009
1684 0.000014
1685 0.000025
1686 0.000043
1687 0.000037
1688 0.000017
1689 0.000015
1690 0.000006
1691 0.000011
1692 0.000013
1693 0.000017
1694 0.000030
1695 0.000012
1696 0.000020
1697 0.000029
1698 0.000011
1699 0.000012
1700 0.000008
1701 0.000020
1702 0.000048
1703 0.000050
1704 0.000029
1705 0.000024
1706 0.000011
1707 0.000024
1708 0.000032
1709 0.000012
1710 0.000013
1711 0.000020
1712 0.000024
1713 0.000025
1714 0.000035
1715 0.000015
1716 0.000006
1717 0.000009
1718 0.000012
1719 0.000018
1720 0.000022
1721 0.000016
1722 0.000008
1723 0.000008
1724 0.000020
1725 0.000015
1726 0.000011
1727 0.000020
1728 0.000024
1729 0.000011
1730 0.000024
1731 0.000028
1732 0.000012
1733 0.000018
1734 0.000043
1735 0.000025
1736 0.000033
1737 0.000031
1738 0.000015
1739 0.000022
1740 0.000016
1741 0.000021
1742 0.000024
1743 0.000019
1744 0.000015
1745 0.000023
1746 0.000020
1747 0.000024
1748 0.000028
1749 0.000041
1750 0.000012
1751 0.000017
1752 0.000017
1753 0.000024
1754 0.000015
1755 0.000022
1756 0.000016
1757 0.000020
1758 0.000040
1759 0.000024
1760 0.000013
1761 0.000014
1762 0.000014
1763 0.000018
1764 0.000016
1765 0.000037
1766 0.000013
1767 0.000015
1768 0.000015
1769 0.000016
1770 0.000007
1771 0.000011
1772 0.000011
1773 0.000017
1774 0.000023
1775 0.000021
1776 0.000012
1777 0.000020
1778 0.000028
1779 0.000025
1780 0.000020
1781 0.000017
1782 0.000010
1783 0.000022
1784 0.000025
1785 0.000008
1786 0.000028
1787 0.000020
1788 0.000031
1789 0.000029
1790 0.000013
1791 0.000017
1792 0.000008
1793 0.000025
1794 0.000021
1795 0.000028
1796 0.000022
1797 0.000035
1798 0.000021
1799 0.000013
1800 0.000028
1801 0.000028
1802 0.000018
1803 0.000022
1804 0.000031
1805 0.000019
1806 0.000017
1807 0.000011
1808 0.000017
1809 0.000016
1810 0.000016
1811 0.000020
1812 0.000025
1813 0.000023
1814 0.000034
1815 0.000020
1816 0.000012
1817 0.000015
1818 0.000011
1819 0.000009
1820 0.000009
1821 0.000021
1822 0.000020
1823 0.000021
1824 0.000017
1825 0.000041
1826 0.000018
1827 0.000014
1828 0.000010
1829 0.000030
1830 0.000019
1831 0.000020
1832 0.000018
1833 0.000013
1834 0.000015
1835 0.000014
1836 0.000021
1837 0.000019
1838 0.000025
1839 0.000019
1840 0.000009
1841 0.000015
1842 0.000018
1843 0.000024
1844 0.000015
1845 0.000009
1846 0.000015
1847 0.000016
1848 0.000023
1849 0.000020
1850 0.000018
1851 0.000022
1852 0.000015
1853 0.000020
1854 0.000023
1855 0.000015
1856 0.000015
1857 0.000016
1858 0.000022
1859 0.000015
1860 0.000016
1861 0.000038
1862 0.000015
1863 0.000005
1864 0.000006
1865 0.000021
1866 0.000028
1867 0.000030
1868 0.000009
1869 0.000013
1870 0.000009
1871 0.000017
1872 0.000013
1873 0.000032
1874 0.000011
1875 0.000015
1876 0.000020
1877 0.000021
1878 0.000021
1879 0.000007
1880 0.000014
1881 0.000010
1882 0.000019
1883 0.000016
1884 0.000019
1885 0.000015
1886 0.000012
1887 0.000022
1888 0.000039
1889 0.000019
1890 0.000010
1891 0.000013
1892 0.000025
1893 0.000008
1894 0.000011
1895 0.000020
1896 0.000017
1897 0.000028
1898 0.000026
1899 0.000025
1900 0.000025
1901 0.000052
1902 0.000030
1903 0.000024
1904 0.000027
1905 0.000033
1906 0.000015
1907 0.000011
1908 0.000035
1909 0.000035
1910 0.000018
1911 0.000026
1912 0.000029
1913 0.000016
1914 0.000007
1915 0.000010
1916 0.000015
1917 0.000016
1918 0.000031
1919 0.000019
1920 0.000012
1921 0.000017
1922 0.000029
1923 0.000019
1924 0.000027
1925 0.000026
1926 0.000021
1927 0.000026
1928 0.000029
1929 0.000020
1930 0.000026
1931 0.000014
1932 0.000019
1933 0.000024
1934 0.000020
1935 0.000018
1936 0.000019
1937 0.000022
1938 0.000017
1939 0.000011
1940 0.000014
1941 0.000022
1942 0.000014
1943 0.000023
1944 0.000025
1945 0.000024
1946 0.000016
1947 0.000010
1948 0.000023
1949 0.000019
1950 0.000026
1951 0.000024
1952 0.000019
1953 0.000021
1954 0.000014
1955 0.000022
1956 0.000024
1957 0.000032
1958 0.000028
1959 0.000012
1960 0.000040
1961 0.000012
1962 0.000013
1963 0.000019
1964 0.000010
1965 0.000011
1966 0.000014
1967 0.000029
1968 0.000026
1969 0.000029
1970 0.000012
1971 0.000010
1972 0.000005
1973 0.000006
1974 0.000015
1975 0.000016
1976 0.000014
1977 0.000013
1978 0.000009
1979 0.000014
1980 0.000012
1981 0.000013
1982 0.000014
1983 0.000012
1984 0.000017
1985 0.000018
1986 0.000030
1987 0.000019
1988 0.000022
1989 0.000015
1990 0.000021
1991 0.000034
1992 0.000018
1993 0.000027
1994 0.000008
1995 0.000020
1996 0.000025
1997 0.000024
1998 0.000022
1999 0.000021
2000 0.000011
2001 0.000011
2002 0.000026
2003 0.000020
2004 0.000013
2005 0.000011
2006 0.000013
2007 0.000029
2008 0.000023
2009 0.000015
2010 0.000022
2011 0.000013
2012 0.000019
2013 0.000014
2014 0.000009
2015 0.000023
2016 0.000026
2017 0.000015
2018 0.000025
2019 0.000028
2020 0.000019
2021 0.000024
2022 0.000012
2023 0.000030
2024 0.000015
2025 0.000009
2026 0.000029
2027 0.000020
2028 0.000036
2029 0.000021
2030 0.000024
2031 0.000028
2032 0.000022
2033 0.000026
2034 0.000026
2035 0.000017
2036 0.000019
2037 0.000016
2038 0.000014
2039 0.000028
2040 0.000028
2041 0.000037
2042 0.000034
2043 0.000020
2044 0.000015
2045 0.000024
2046 0.000022
2047 0.000011
2048 0.000008
2049 0.000030
2050 0.000014
2051 0.000009
2052 0.000035
2053 0.000043
2054 0.000016
2055 0.000026
2056 0.000019
2057 0.000023
2058 0.000017
2059 0.000015
2060 0.000020
2061 0.000012
2062 0.000015
2063 0.000052
2064 0.000032
2065 0.000022
2066 0.000020
2067 0.000019
2068 0.000013
2069 0.000019
2070 0.000016
2071 0.000021
2072 0.000009
2073 0.000007
2074 0.000030
2075 0.000023
2076 0.000019
2077 0.000016
2078 0.000029
2079 0.000016
2080 0.000010
2081 0.000006
2082 0.000012
2083 0.000032
2084 0.000027
2085 0.000028
2086 0.000018
2087 0.000018
2088 0.000014
2089 0.000017
2090 0.000030
2091 0.000029
2092 0.000016
2093 0.000026
2094 0.000027
2095 0.000017
2096 0.000014
2097 0.000021
2098 0.000025
2099 0.000031
2100 0.000018
2101 0.000011
2102 0.000013
2103 0.000024
2104 0.000018
2105 0.000023
2106 0.000033
2107 0.000042
2108 0.000030
2109 0.000017
2110 0.000017
2111 0.000020
2112 0.000022
2113 0.000023
2114 0.000007
2115 0.000016
2116 0.000024
2117 0.000015
2118 0.000030
2119 0.000038
2120 0.000032
2121 0.000020
2122 0.000021
2123 0.000017
2124 0.000027
2125 0.000029
2126 0.000023
2127 0.000008
2128 0.000018
2129 0.000016
2130 0.000024
2131 0.000011
2132 0.000014
2133 0.000009
2134 0.000025
2135 0.000014
2136 0.000013
2137 0.000016
2138 0.000031
2139 0.000030
2140 0.000027
2141 0.000024
2142 0.000012
2143 0.000022
2144 0.000020
2145 0.000012
2146 0.000021
2147 0.000018
2148 0.000016
2149 0.000018
2150 0.000021
2151 0.000014
2152 0.000016
2153 0.000025
2154 0.000021
2155 0.000030
2156 0.000012
2157 0.000018
2158 0.000032
2159 0.000017
2160 0.000012
2161 0.000023
2162 0.000031
2163 0.000034
2164 0.000026
2165 0.000010
2166 0.000012
2167 0.000016
2168 0.000020
2169 0.000019
2170 0.000040
2171 0.000016
2172 0.000017
2173 0.000019
2174 0.000020
2175 0.000020
2176 0.000026
2177 0.000015
2178 0.000017
2179 0.000023
2180 0.000023
2181 0.000014
2182 0.000033
2183 0.000017
2184 0.000020
2185 0.000022
2186 0.000019
2187 0.000024
2188 0.000028
2189 0.000012
2190 0.000028
2191 0.000021
2192 0.000029
2193 0.000036
2194 0.000006
2195 0.000007
2196 0.000008
2197 0.000014
2198 0.000012
2199 0.000021
2200 0.000010
2201 0.000018
2202 0.000029
2203 0.000029
2204 0.000019
2205 0.000024
2206 0.000046
2207 0.000016
2208 0.000027
2209 0.000028
2210 0.000027
2211 0.000016
2212 0.000009
2213 0.000030
2214 0.000037
2215 0.000021
2216 0.000031
2217 0.000008
2218 0.000013
2219 0.000016
2220 0.000023
2221 0.000037
2222 0.000028
2223 0.000016
2224 0.000013
2225 0.000008
2226 0.000014
2227 0.000005
2228 0.000006
2229 0.000013
2230 0.000017
2231 0.000017
2232 0.000016
2233 0.000008
2234 0.000029
2235 0.000015
2236 0.000023
2237 0.000024
2238 0.000023
2239 0.000028
2240 0.000026
2241 0.000014
2242 0.000023
2243 0.000018
2244 0.000017
2245 0.000014
2246 0.000028
2247 0.000020
2248 0.000020
2249 0.000032
2250 0.000018
2251 0.000014
2252 0.000027
2253 0.000016
2254 0.000012
2255 0.000014
2256 0.000017
2257 0.000020
2258 0.000014
2259 0.000022
2260 0.000021
2261 0.000017
2262 0.000017
2263 0.000021
2264 0.000014
2265 0.000026
2266 0.000008
2267 0.000027
2268 0.000020
2269 0.000025
2270 0.000026
2271 0.000031
2272 0.000023
2273 0.000030
2274 0.000022
2275 0.000016
2276 0.000037
2277 0.000021
2278 0.000033
2279 0.000019
2280 0.000025
2281 0.000013
2282 0.000014
2283 0.000021
2284 0.000016
2285 0.000016
2286 0.000028
2287 0.000017
2288 0.000014
2289 0.000015
2290 0.000011
2291 0.000024
2292 0.000016
2293 0.000026
2294 0.000016
2295 0.000029
2296 0.000016
2297 0.000015
2298 0.000024
2299 0.000011
2300 0.000009
2301 0.000012
2302 0.000007
2303 0.000012
2304 0.000013
2305 0.000021
2306 0.000016
2307 0.000015
2308 0.000018
2309 0.000015
2310 0.000019
2311 0.000025
2312 0.000027
2313 0.000022
2314 0.000026
2315 0.000014
2316 0.000041
2317 0.000014
2318 0.000028
2319 0.000014
2320 0.000017
2321 0.000015
2322 0.000031
2323 0.000025
2324 0.000020
2325 0.000024
2326 0.000022
2327 0.000019
2328 0.000025
2329 0.000020
2330 0.000005
2331 0.000008
2332 0.000026
2333 0.000021
2334 0.000024
2335 0.000018
2336 0.000009
2337 0.000015
2338 0.000019
2339 0.000019
2340 0.000023
2341 0.000016
2342 0.000016
2343 0.000023
2344 0.000011
2345 0.000018
2346 0.000015
2347 0.000036
2348 0.000008
2349 0.000013
2350 0.000019
2351 0.000017
2352 0.000022
2353 0.000022
2354 0.000022
2355 0.000023
2356 0.000013
2357 0.000012
2358 0.000019
2359 0.000021
2360 0.000015
2361 0.000039
2362 0.000028
2363 0.000019
2364 0.000025
2365 0.000022
2366 0.000019
2367 0.000010
2368 0.000013
2369 0.000014
2370 0.000010
2371 0.000007
2372 0.000020
2373 0.000013
2374 0.000014
2375 0.000018
2376 0.000017
2377 0.000013
2378 0.000024
2379 0.000027
2380 0.000020
2381 0.000022
2382 0.000006
2383 0.000009
2384 0.000014
2385 0.000013
2386 0.000023
2387 0.000016
2388 0.000022
2389 0.000026
2390 0.000013
2391 0.000017
2392 0.000030
2393 0.000048
2394 0.000022
2395 0.000018
2396 0.000024
2397 0.000014
2398 0.000018
2399 0.000021
2400 0.000014
2401 0.000017
2402 0.000030
2403 0.000025
2404 0.000018
2405 0.000009
2406 0.000011
2407 0.000010
2408 0.000014
2409 0.000016
2410 0.000005
2411 0.000017
2412 0.000016
2413 0.000031
2414 0.000019
2415 0.000026
2416 0.000036
2417 0.000018
2418 0.000012
2419 0.000021
2420 0.000026
2421 0.000026
2422 0.000021
2423 0.000015
2424 0.000019
2425 0.000019
2426 0.000013
2427 0.000016
2428 0.000035
2429 0.000013
2430 0.000007
2431 0.000013
2432 0.000038
2433 0.000018
2434 0.000007
2435 0.000008
2436 0.000028
2437 0.000020
2438 0.000012
2439 0.000017
2440 0.000012
2441 0.000014
2442 0.000018
2443 0.000025
2444 0.000020
2445 0.000018
2446 0.000018
2447 0.000022
2448 0.000036
2449 0.000019
2450 0.000022
2451 0.000031
2452 0.000028
2453 0.000017
2454 0.000036
2455 0.000022
2456 0.000027
2457 0.000019
2458 0.000018
2459 0.000017
2460 0.000030
2461 0.000019
2462 0.000012
2463 0.000027
2464 0.000016
2465 0.000014
2466 0.000023
2467 0.000021
2468 0.000017
2469 0.000036
2470 0.000023
2471 0.000006
2472 0.000047
2473 0.000013
2474 0.000020
2475 0.000025
2476 0.000018
2477 0.000009
2478 0.000014
2479 0.000010
2480 0.000017
2481 0.000030
2482 0.000041
2483 0.000016
2484 0.000025
2485 0.000009
2486 0.000013
2487 0.000021
2488 0.000010
2489 0.000025
2490 0.000010
2491 0.000019
2492 0.000013
2493 0.000016
2494 0.000011
2495 0.000018
2496 0.000028
2497 0.000017
2498 0.000030
2499 0.000013
2500 0.000023
2501 0.000016
2502 0.000016
2503 0.000039
2504 0.000023
2505 0.000020
2506 0.000018
2507 0.000028
2508 0.000015
2509 0.000013
2510 0.000021
2511 0.000020
2512 0.000020
2513 0.000021
2514 0.000015
2515 0.000019
2516 0.000016
2517 0.000014
2518 0.000024
2519 0.000027
2520 0.000024
2521 0.000021
2522 0.000012
2523 0.000011
2524 0.000021
2525 0.000020
2526 0.000021
2527 0.000025
2528 0.000019
2529 0.000006
2530 0.000016
2531 0.000019
2532 0.000005
2533 0.000029
2534 0.000034
2535 0.000027
2536 0.000019
2537 0.000021
2538 0.000007
2539 0.000013
2540 0.000017
2541 0.000023
2542 0.000013
2543 0.000025
2544 0.000012
2545 0.000023
2546 0.000017
2547 0.000028
2548 0.000021
2549 0.000026
2550 0.000017
2551 0.000016
2552 0.000015
2553 0.000023
2554 0.000021
2555 0.000022
2556 0.000022
2557 0.000026
2558 0.000024
2559 0.000020
2560 0.000019
2561 0.000015
2562 0.000028
2563 0.000030
2564 0.000013
2565 0.000029
2566 0.000026
2567 0.000018
2568 0.000015
2569 0.000016
2570 0.000010
2571 0.000013
2572 0.000014
2573 0.000012
2574 0.000020
2575 0.000017
2576 0.000022
2577 0.000024
2578 0.000019
2579 0.000023
2580 0.000028
2581 0.000018
2582 0.000030
2583 0.000021
2584 0.000015
2585 0.000006
2586 0.000011
2587 0.000018
2588 0.000024
2589 0.000013
2590 0.000025
2591 0.000017
2592 0.000024
2593 0.000028
2594 0.000016
2595 0.000011
2596 0.000019
2597 0.000012
2598 0.000007
2599 0.000016
2600 0.000018
2601 0.000020
2602 0.000017
2603 0.000018
2604 0.000013
2605 0.000013
2606 0.000027
2607 0.000027
2608 0.000013
2609 0.000018
2610 0.000025
2611 0.000034
2612 0.000029
2613 0.000015
2614 0.000016
2615 0.000023
2616 0.000021
2617 0.000029
2618 0.000009
2619 0.000017
2620 0.000024
2621 0.000023
2622 0.000014
2623 0.000011
2624 0.000016
2625 0.000012
2626 0.000012
2627 0.000013
2628 0.000016
2629 0.000014
2630 0.000018
2631 0.000020
2632 0.000015
2633 0.000014
2634 0.000013
2635 0.000028
2636 0.000047
2637 0.000026
2638 0.000025
2639 0.000031
2640 0.000012
2641 0.000022
2642 0.000017
2643 0.000011
2644 0.000019
2645 0.000017
2646 0.000013
2647 0.000032
2648 0.000014
2649 0.000012
2650 0.000015
2651 0.000031
2652 0.000033
2653 0.000024
2654 0.000011
2655 0.000025
2656 0.000030
2657 0.000009
2658 0.000010
2659 0.000024
2660 0.000033
2661 0.000026
2662 0.000014
2663 0.000018
2664 0.000020
2665 0.000025
2666 0.000039
2667 0.000018
2668 0.000035
2669 0.000029
2670 0.000012
2671 0.000015
2672 0.000027
2673 0.000026
2674 0.000023
2675 0.000032
2676 0.000019
2677 0.000027
2678 0.000022
2679 0.000018
2680 0.000036
2681 0.000025
2682 0.000012
2683 0.000021
2684 0.000013
2685 0.000027
2686 0.000021
2687 0.000028
2688 0.000023
2689 0.000023
2690 0.000041
2691 0.000025
2692 0.000013
2693 0.000028
2694 0.000025
2695 0.000019
2696 0.000006
2697 0.000021
2698 0.000011
2699 0.000017
2700 0.000028
2701 0.000032
2702 0.000013
2703 0.000013
2704 0.000026
2705 0.000037
2706 0.000027
2707 0.000009
2708 0.000027
2709 0.000031
2710 0.000029
2711 0.000034
2712 0.000011
2713 0.000017
2714 0.000014
2715 0.000014
2716 0.000020
2717 0.000018
2718 0.000025
2719 0.000022
2720 0.000015
2721 0.000006
2722 0.000018
2723 0.000022
2724 0.000019
2725 0.000014
2726 0.000026
2727 0.000022
2728 0.000022
2729 0.000040
2730 0.000032
2731 0.000039
2732 0.000023
2733 0.000028
2734 0.000023
2735 0.000022
2736 0.000028
2737 0.000020
2738 0.000012
2739 0.000013
2740 0.000022
2741 0.000024
2742 0.000023
2743 0.000013
2744 0.000018
2745 0.000014
2746 0.000011
2747 0.000005
2748 0.000028
2749 0.000019
2750 0.000015
2751 0.000021
2752 0.000025
2753 0.000028
2754 0.000030
2755 0.000025
2756 0.000019
2757 0.000031
2758 0.000019
2759 0.000017
2760 0.000016
2761 0.000019
2762 0.000027
2763 0.000013
2764 0.000008
2765 0.000020
2766 0.000016
2767 0.000019
2768 0.000009
2769 0.000006
2770 0.000008
2771 0.000009
2772 0.000017
2773 0.000024
2774 0.000012
2775 0.000024
2776 0.000023
2777 0.000025
2778 0.000025
2779 0.000020
2780 0.000016
2781 0.000020
2782 0.000020
2783 0.000020
2784 0.000018
2785 0.000015
2786 0.000018
2787 0.000030
2788 0.000019
2789 0.000010
2790 0.000020
2791 0.000027
2792 0.000010
2793 0.000013
2794 0.000011
2795 0.000018
2796 0.000036
2797 0.000016
2798 0.000009
2799 0.000012
2800 0.000025
2801 0.000019
2802 0.000023
2803 0.000022
2804 0.000025
2805 0.000008
2806 0.000027
2807 0.000017
2808 0.000017
2809 0.000026
2810 0.000019
2811 0.000033
2812 0.000021
2813 0.000011
2814 0.000014
2815 0.000033
2816 0.000024
2817 0.000029
2818 0.000026
2819 0.000014
2820 0.000020
2821 0.000026
2822 0.000015
2823 0.000016
2824 0.000017
2825 0.000021
2826 0.000025
2827 0.000034
2828 0.000038
2829 0.000026
2830 0.000026
2831 0.000011
2832 0.000022
2833 0.000010
2834 0.000009
2835 0.000009
2836 0.000026
2837 0.000042
2838 0.000017
2839 0.000031
2840 0.000014
2841 0.000026
2842 0.000019
2843 0.000012
2844 0.000012
2845 0.000017
2846 0.000016
2847 0.000017
2848 0.000014
2849 0.000014
2850 0.000015
2851 0.000024
2852 0.000013
2853 0.000020
2854 0.000012
2855 0.000018
2856 0.000016
2857 0.000016
2858 0.000007
2859 0.000019
2860 0.000013
2861 0.000014
2862 0.000028
2863 0.000015
2864 0.000012
2865 0.000016
2866 0.000026
2867 0.000007
2868 0.000008
2869 0.000022
2870 0.000024
2871 0.000016
2872 0.000019
2873 0.000025
2874 0.000021
2875 0.000020
2876 0.000015
2877 0.000012
2878 0.000012
2879 0.000009
2880 0.000008
2881 0.000011
2882 0.000015
2883 0.000017
2884 0.000020
2885 0.000018
2886 0.000014
2887 0.000017
2888 0.000026
2889 0.000020
2890 0.000020
2891 0.000010
2892 0.000016
2893 0.000024
2894 0.000020
2895 0.000018
2896 0.000014
2897 0.000022
2898 0.000018
2899 0.000020
2900 0.000019
2901 0.000024
2902 0.000030
2903 0.000016
2904 0.000010
2905 0.000011
2906 0.000015
2907 0.000032
2908 0.000032
2909 0.000018
2910 0.000014
2911 0.000013
2912 0.000007
2913 0.000022
2914 0.000027
2915 0.000014
2916 0.000018
2917 0.000018
2918 0.000022
2919 0.000008
2920 0.000016
2921 0.000030
2922 0.000023
2923 0.000027
2924 0.000025
2925 0.000008
2926 0.000019
2927 0.000020
2928 0.000023
2929 0.000043
2930 0.000018
2931 0.000044
2932 0.000030
2933 0.000042
2934 0.000017
2935 0.000017
2936 0.000029
2937 0.000018
2938 0.000026
2939 0.000020
2940 0.000017
2941 0.000014
2942 0.000012
2943 0.000016
2944 0.000022
2945 0.000025
2946 0.000016
2947 0.000008
2948 0.000005
2949 0.000007
2950 0.000018
2951 0.000016
2952 0.000019
2953 0.000019
2954 0.000022
2955 0.000012
2956 0.000015
2957 0.000026
2958 0.000030
2959 0.000015
2960 0.000017
2961 0.000018
2962 0.000023
2963 0.000017
2964 0.000029
2965 0.000017
2966 0.000007
2967 0.000013
2968 0.000023
2969 0.000025
2970 0.000023
2971 0.000012
2972 0.000007
2973 0.000012
2974 0.000014
2975 0.000020
2976 0.000023
2977 0.000016
2978 0.000026
2979 0.000016
2980 0.000018
2981 0.000019
2982 0.000015
2983 0.000033
2984 0.000023
2985 0.000017
2986 0.000031
2987 0.000010
2988 0.000013
2989 0.000031
2990 0.000022
2991 0.000016
2992 0.000011
2993 0.000027
2994 0.000023
2995 0.000018
2996 0.000019
2997 0.000014
2998 0.000013
2999 0.000019
3000 0.000030
3001 0.000025
3002 0.000022
3003 0.000013
3004 0.000009
3005 0.000017
3006 0.000011
3007 0.000020
3008 0.000016
3009 0.000023
3010 0.000011
3011 0.000038
3012 0.000033
3013 0.000029
3014 0.000015
3015 0.000008
3016 0.000016
3017 0.000024
3018 0.000023
3019 0.000022
3020 0.000019
3021 0.000015
3022 0.000031
3023 0.000026
3024 0.000033
3025 0.000019
3026 0.000007
3027 0.000014
3028 0.000018
3029 0.000024
3030 0.000036
3031 0.000018
3032 0.000024
3033 0.000015
3034 0.000021
3035 0.000006
3036 0.000027
3037 0.000015
3038 0.000019
3039 0.000013
3040 0.000024
3041 0.000032
3042 0.000028
3043 0.000017
3044 0.000041
3045 0.000014
3046 0.000020
3047 0.000020
3048 0.000032
3049 0.000020
3050 0.000020
3051 0.000016
3052 0.000022
3053 0.000017
3054 0.000023
3055 0.000012
3056 0.000017
3057 0.000020
3058 0.000029
3059 0.000021
3060 0.000007
3061 0.000005
3062 0.000024
3063 0.000012
3064 0.000009
3065 0.000009
3066 0.000009
3067 0.000009
3068 0.000023
3069 0.000009
3070 0.000019
3071 0.000055
3072 0.000028
3073 0.000023
3074 0.000024
3075 0.000024
3076 0.000014
3077 0.000007
3078 0.000035
3079 0.000021
3080 0.000009
3081 0.000025
3082 0.000029
3083 0.000016
3084 0.000022
3085 0.000022
3086 0.000009
3087 0.000029
3088 0.000017
3089 0.000010
3090 0.000019
3091 0.000009
3092 0.000032
3093 0.000015
3094 0.000006
3095 0.000006
3096 0.000021
3097 0.000011
3098 0.000016
3099 0.000009
3100 0.000010
3101 0.000014
3102 0.000012
3103 0.000017
3104 0.000033
3105 0.000020
3106 0.000016
3107 0.000016
3108 0.000012
3109 0.000025
3110 0.000022
3111 0.000015
3112 0.000031
3113 0.000013
3114 0.000013
3115 0.000026
3116 0.000031
3117 0.000036
3118 0.000020
3119 0.000020
3120 0.000017
3121 0.000009
3122 0.000017
3123 0.000014
3124 0.000018
3125 0.000036
3126 0.000013
3127 0.000040
3128 0.000022
3129 0.000041
3130 0.000022
3131 0.000024
3132 0.000011
3133 0.000027
3134 0.000017
3135 0.000011
3136 0.000022
3137 0.000023
3138 0.000014
3139 0.000016
3140 0.000015
3141 0.000024
3142 0.000037
3143 0.000059
3144 0.000018
3145 0.000011
3146 0.000013
3147 0.000017
3148 0.000017
3149 0.000025
3150 0.000022
3151 0.000022
3152 0.000033
3153 0.000038
3154 0.000024
3155 0.000035
3156 0.000016
3157 0.000036
3158 0.000014
3159 0.000015
3160 0.000024
3161 0.000013
3162 0.000011
3163 0.000013
3164 0.000019
3165 0.000022
3166 0.000018
3167 0.000017
3168 0.000013
3169 0.000017
3170 0.000014
3171 0.000015
3172 0.000013
3173 0.000016
3174 0.000031
3175 0.000033
3176 0.000023
3177 0.000019
3178 0.000026
3179 0.000022
3180 0.000031
3181 0.000033
3182 0.000017
3183 0.000022
3184 0.000015
3185 0.000005
3186 0.000014
3187 0.000016
3188 0.000017
3189 0.000023
3190 0.000010
3191 0.000011
3192 0.000022
3193 0.000013
3194 0.000029
3195 0.000014
3196 0.000016
3197 0.000018
3198 0.000038
3199 0.000021
3200 0.000019
3201 0.000011
3202 0.000021
3203 0.000024
3204 0.000017
3205 0.000019
3206 0.000023
3207 0.000028
3208 0.000008
3209 0.000011
3210 0.000012
3211 0.000017
3212 0.000009
3213 0.000029
3214 0.000031
3215 0.000030
3216 0.000024
3217 0.000020
3218 0.000019
3219 0.000019
3220 0.000025
3221 0.000015
3222 0.000010
3223 0.000025
3224 0.000025
3225 0.000033
3226 0.000027
3227 0.000014
3228 0.000024
3229 0.000020
3230 0.000020
3231 0.000018
3232 0.000033
3233 0.000032
3234 0.000035
3235 0.000021
3236 0.000019
3237 0.000019
3238 0.000017
3239 0.000020
3240 0.000015
3241 0.000012
3242 0.000008
3243 0.000018
3244 0.000025
3245 0.000020
3246 0.000017
3247 0.000020
3248 0.000020
3249 0.000012
3250 0.000018
3251 0.000022
3252 0.000022
3253 0.000013
3254 0.000025
3255 0.000018
3256 0.000010
3257 0.000018
3258 0.000023
3259 0.000028
3260 0.000015
3261 0.000023
3262 0.000024
3263 0.000023
3264 0.000022
3265 0.000015
3266 0.000016
3267 0.000020
3268 0.000011
3269 0.000029
3270 0.000029
3271 0.000035
3272 0.000020
3273 0.000009
3274 0.000016
3275 0.000020
3276 0.000009
3277 0.000016
3278 0.000035
3279 0.000032
3280 0.000017
3281 0.000018
3282 0.000012
3283 0.000035
3284 0.000018
3285 0.000025
3286 0.000015
3287 0.000012
3288 0.000022
3289 0.000027
3290 0.000015
3291 0.000016
3292 0.000022
3293 0.000020
3294 0.000021
3295 0.000020
3296 0.000020
3297 0.000012
3298 0.000030
3299 0.000030
3300 0.000027
3301 0.000022
3302 0.000017
3303 0.000022
3304 0.000021
3305 0.000026
3306 0.000021
3307 0.000019
3308 0.000024
3309 0.000011
3310 0.000023
3311 0.000028
3312 0.000024
3313 0.000014
3314 0.000022
3315 0.000008
3316 0.000015
3317 0.000005
3318 0.000010
3319 0.000014
3320 0.000013
3321 0.000021
3322 0.000015
3323 0.000037
3324 0.000012
3325 0.000008
3326 0.000018
3327 0.000013
3328 0.000021
3329 0.000037
3330 0.000025
3331 0.000029
3332 0.000027
3333 0.000020
3334 0.000028
3335 0.000029
3336 0.000019
3337 0.000029
3338 0.000051
3339 0.000030
3340 0.000029
3341 0.000018
3342 0.000015
3343 0.000019
3344 0.000042
3345 0.000021
3346 0.000024
3347 0.000015
3348 0.000016
3349 0.000010
3350 0.000034
3351 0.000020
3352 0.000016
3353 0.000011
3354 0.000014
3355 0.000005
3356 0.000014
3357 0.000022
3358 0.000020
3359 0.000026
3360 0.000020
3361 0.000024
3362 0.000022
3363 0.000013
3364 0.000022
3365 0.000015
3366 0.000023
3367 0.000027
3368 0.000023
3369 0.000028
3370 0.000031
3371 0.000054
3372 0.000018
3373 0.000012
3374 0.000018
3375 0.000019
3376 0.000040
3377 0.000028
3378 0.000014
3379 0.000011
3380 0.000012
3381 0.000031
3382 0.000024
3383 0.000017
3384 0.000013
3385 0.000013
3386 0.000016
3387 0.000019
3388 0.000022
3389 0.000021
3390 0.000021
3391 0.000020
3392 0.000024
3393 0.000024
3394 0.000020
3395 0.000017
3396 0.000014
3397 0.000011
3398 0.000014
3399 0.000024
3400 0.000024
3401 0.000019
3402 0.000018
3403 0.000020
3404 0.000015
3405 0.000008
3406 0.000020
3407 0.000021
3408 0.000011
3409 0.000017
3410 0.000011
3411 0.000010
3412 0.000031
3413 0.000027
3414 0.000011
3415 0.000015
3416 0.000013
3417 0.000016
3418 0.000032
3419 0.000034
3420 0.000022
3421 0.000029
3422 0.000036
3423 0.000026
3424 0.000031
3425 0.000040
3426 0.000014
3427 0.000012
3428 0.000012
3429 0.000014
3430 0.000011
3431 0.000024
3432 0.000019
3433 0.000024
3434 0.000016
3435 0.000024
3436 0.000014
3437 0.000019
3438 0.000020
3439 0.000018
3440 0.000014
3441 0.000010
3442 0.000010
3443 0.000026
3444 0.000013
3445 0.000018
3446 0.000032
3447 0.000019
3448 0.000014
3449 0.000017
3450 0.000015
3451 0.000021
3452 0.000013
3453 0.000018
3454 0.000017
3455 0.000017
3456 0.000010
3457 0.000020
3458 0.000020
3459 0.000023
3460 0.000011
3461 0.000012
3462 0.000028
3463 0.000019
3464 0.000021
3465 0.000020
3466 0.000019
3467 0.000021
3468 0.000023
3469 0.000011
3470 0.000010
3471 0.000016
3472 0.000022
3473 0.000023
3474 0.000024
3475 0.000029
3476 0.000014
3477 0.000021
3478 0.000011
3479 0.000007
3480 0.000016
3481 0.000035
3482 0.000027
3483 0.000012
3484 0.000028
3485 0.000011
3486 0.000020
3487 0.000025
3488 0.000011
3489 0.000029
3490 0.000041
3491 0.000016
3492 0.000010
3493 0.000011
3494 0.000023
3495 0.000008
3496 0.000025
3497 0.000028
3498 0.000024
3499 0.000045
3500 0.000017
3501 0.000012
3502 0.000027
3503 0.000023
3504 0.000022
3505 0.000038
3506 0.000034
3507 0.000011
3508 0.000028
3509 0.000021
3510 0.000014
3511 0.000012
3512 0.000020
3513 0.000025
3514 0.000024
3515 0.000020
3516 0.000017
3517 0.000039
3518 0.000013
3519 0.000010
3520 0.000018
3521 0.000044
3522 0.000026
3523 0.000017
3524 0.000013
3525 0.000025
3526 0.000021
3527 0.000012
3528 0.000018
3529 0.000017
3530 0.000009
3531 0.000007
3532 0.000015
3533 0.000010
3534 0.000010
3535 0.000019
3536 0.000015
3537 0.000013
3538 0.000011
3539 0.000020
3540 0.000014
3541 0.000026
3542 0.000027
3543 0.000018
3544 0.000040
3545 0.000018
3546 0.000010
3547 0.000036
3548 0.000037
3549 0.000024
3550 0.000020
3551 0.000019
3552 0.000018
3553 0.000024
3554 0.000029
3555 0.000015
3556 0.000017
3557 0.000021
3558 0.000016
3559 0.000013
3560 0.000013
3561 0.000017
3562 0.000013
3563 0.000026
3564 0.000032
3565 0.000038
3566 0.000031
3567 0.000023
3568 0.000024
3569 0.000022
3570 0.000013
3571 0.000028
3572 0.000022
3573 0.000015
3574 0.000018
3575 0.000013
3576 0.000013
3577 0.000009
3578 0.000024
3579 0.000013
3580 0.000011
3581 0.000021
3582 0.000020
3583 0.000023
3584 0.000019
3585 0.000027
3586 0.000029
3587 0.000021
3588 0.000023
3589 0.000017
3590 0.000011
3591 0.000013
3592 0.000024
3593 0.000017
3594 0.000008
3595 0.000015
3596 0.000019
3597 0.000021
3598 0.000017
3599 0.000005
3600 0.000011
3601 0.000004
3602 0.000016
3603 0.000026
3604 0.000021
3605 0.000016
3606 0.000010
3607 0.000022
3608 0.000043
3609 0.000046
3610 0.000046
3611 0.000025
3612 0.000012
3613 0.000023
3614 0.000032
3615 0.000020
3616 0.000011
3617 0.000016
3618 0.000015
3619 0.000025
3620 0.000012
3621 0.000020
3622 0.000012
3623 0.000016
3624 0.000033
3625 0.000023
3626 0.000025
3627 0.000023
3628 0.000029
3629 0.000018
3630 0.000028
3631 0.000030
3632 0.000021
3633 0.000022
3634 0.000038
3635 0.000016
3636 0.000008
3637 0.000007
3638 0.000015
3639 0.000023
3640 0.000013
3641 0.000027
3642 0.000014
3643 0.000021
3644 0.000027
3645 0.000015
3646 0.000016
3647 0.000021
3648 0.000010
3649 0.000023
3650 0.000026
3651 0.000023
3652 0.000008
3653 0.000025
3654 0.000027
3655 0.000046
3656 0.000019
3657 0.000008
3658 0.000025
3659 0.000019
3660 0.000016
3661 0.000020
3662 0.000035
3663 0.000014
3664 0.000009
3665 0.000015
3666 0.000028
3667 0.000023
3668 0.000037
3669 0.000010
3670 0.000006
3671 0.000023
3672 0.000006
3673 0.000017
3674 0.000016
3675 0.000019
3676 0.000024
3677 0.000029
3678 0.000017
3679 0.000016
3680 0.000017
3681 0.000010
3682 0.000017
3683 0.000027
3684 0.000009
3685 0.000013
3686 0.000015
3687 0.000037
3688 0.000026
3689 0.000014
3690 0.000016
3691 0.000011
3692 0.000029
3693 0.000008
3694 0.000022
3695 0.000019
3696 0.000031
3697 0.000013
3698 0.000017
3699 0.000015
3700 0.000021
3701 0.000022
3702 0.000016
3703 0.000020
3704 0.000016
3705 0.000041
3706 0.000020
3707 0.000017
3708 0.000019
3709 0.000028
3710 0.000029
3711 0.000017
3712 0.000012
3713 0.000018
3714 0.000017
3715 0.000012
3716 0.000019
3717 0.000021
3718 0.000037
3719 0.000029
3720 0.000020
3721 0.000034
3722 0.000019
3723 0.000035
3724 0.000015
3725 0.000010
3726 0.000004
3727 0.000008
3728 0.000013
3729 0.000031
3730 0.000022
3731 0.000043
3732 0.000031
3733 0.000047
3734 0.000031
3735 0.000016
3736 0.000028
3737 0.000016
3738 0.000015
3739 0.000012
3740 0.000030
3741 0.000015
3742 0.000010
3743 0.000025
3744 0.000022
3745 0.000021
3746 0.000026
3747 0.000010
3748 0.000020
3749 0.000017
3750 0.000018
3751 0.000014
3752 0.000024
3753 0.000019
3754 0.000015
3755 0.000020
3756 0.000017
3757 0.000022
3758 0.000020
3759 0.000021
3760 0.000038
3761 0.000025
3762 0.000012
3763 0.000032
3764 0.000013
3765 0.000008
3766 0.000030
3767 0.000023
3768 0.000021
3769 0.000019
3770 0.000015
3771 0.000032
3772 0.000041
3773 0.000016
3774 0.000025
3775 0.000027
3776 0.000013
3777 0.000040
3778 0.000017
3779 0.000030
3780 0.000016
3781 0.000010
3782 0.000035
3783 0.000027
3784 0.000028
3785 0.000008
3786 0.000013
3787 0.000027
3788 0.000041
3789 0.000023
3790 0.000016
3791 0.000012
3792 0.000014
3793 0.000039
3794 0.000030
3795 0.000027
3796 0.000018
3797 0.000012
3798 0.000014
3799 0.000015
3800 0.000029
3801 0.000025
3802 0.000029
3803 0.000019
3804 0.000012
3805 0.000024
3806 0.000021
3807 0.000026
3808 0.000019
3809 0.000022
3810 0.000015
3811 0.000013
3812 0.000020
3813 0.000029
3814 0.000009
3815 0.000009
3816 0.000016
3817 0.000027
3818 0.000040
3819 0.000014
3820 0.000015
3821 0.000038
3822 0.000019
3823 0.000017
3824 0.000024
3825 0.000027
3826 0.000011
3827 0.000021
3828 0.000037
3829 0.000013
3830 0.000027
3831 0.000013
3832 0.000018
3833 0.000012
3834 0.000018
3835 0.000025
3836 0.000021
3837 0.000023
3838 0.000015
3839 0.000018
3840 0.000024
3841 0.000021
3842 0.000025
3843 0.000022
3844 0.000021
3845 0.000021
3846 0.000011
3847 0.000018
3848 0.000020
3849 0.000010
3850 0.000005
3851 0.000019
3852 0.000033
3853 0.000020
3854 0.000028
3855 0.000006
3856 0.000018
3857 0.000022
3858 0.000017
3859 0.000009
3860 0.000014
3861 0.000008
3862 0.000013
3863 0.000018
3864 0.000011
3865 0.000020
3866 0.000029
3867 0.000013
3868 0.000023
3869 0.000018
3870 0.000024
3871 0.000024
3872 0.000018
3873 0.000008
3874 0.000013
3875 0.000008
3876 0.000017
3877 0.000017
3878 0.000008
3879 0.000017
3880 0.000008
3881 0.000016
3882 0.000012
3883 0.000013
3884 0.000015
3885 0.000028
3886 0.000020
3887 0.000020
3888 0.000020
3889 0.000012
3890 0.000024
3891 0.000022
3892 0.000028
3893 0.000017
3894 0.000013
3895 0.000019
3896 0.000011
3897 0.000008
3898 0.000027
3899 0.000012
3900 0.000018
3901 0.000012
3902 0.000021
3903 0.000018
3904 0.000017
3905 0.000023
3906 0.000037
3907 0.000031
3908 0.000015
3909 0.000011
3910 0.000023
3911 0.000023
3912 0.000014
3913 0.000013
3914 0.000010
3915 0.000028
3916 0.000009
3917 0.000031
3918 0.000023
3919 0.000026
3920 0.000021
3921 0.000010
3922 0.000013
3923 0.000018
3924 0.000007
3925 0.000026
3926 0.000023
3927 0.000010
3928 0.000006
3929 0.000015
3930 0.000005
3931 0.000023
3932 0.000014
3933 0.000024
3934 0.000029
3935 0.000035
3936 0.000018
3937 0.000019
3938 0.000024
3939 0.000013
3940 0.000013
3941 0.000029
3942 0.000016
3943 0.000014
3944 0.000018
3945 0.000028
3946 0.000011
3947 0.000015
3948 0.000017
3949 0.000011
3950 0.000014
3951 0.000013
3952 0.000016
3953 0.000024
3954 0.000009
3955 0.000023
3956 0.000020
3957 0.000023
3958 0.000031
3959 0.000033
3960 0.000019
3961 0.000026
3962 0.000021
3963 0.000018
3964 0.000030
3965 0.000017
3966 0.000019
3967 0.000019
3968 0.000008
3969 0.000015
3970 0.000021
3971 0.000053
3972 0.000028
3973 0.000022
3974 0.000028
3975 0.000008
3976 0.000032
3977 0.000016
3978 0.000008
3979 0.000014
3980 0.000012
3981 0.000015
3982 0.000034
3983 0.000037
3984 0.000020
3985 0.000021
3986 0.000010
3987 0.000004
3988 0.000008
3989 0.000017
3990 0.000012
3991 0.000023
3992 0.000025
3993 0.000021
3994 0.000008
3995 0.000022
3996 0.000026
3997 0.000007
3998 0.000021
3999 0.000027
4000 0.000014
4001 0.000015
4002 0.000010
4003 0.000021
4004 0.000014
4005 0.000018
4006 0.000021
4007 0.000012
4008 0.000025
4009 0.000022
4010 0.000021
4011 0.000017
4012 0.000025
4013 0.000024
4014 0.000037
4015 0.000021
4016 0.000014
4017 0.000016
4018 0.000015
4019 0.000017
4020 0.000017
4021 0.000008
4022 0.000027
4023 0.000009
4024 0.000029
4025 0.000008
4026 0.000028
4027 0.000022
4028 0.000020
4029 0.000017
4030 0.000022
4031 0.000032
4032 0.000026
4033 0.000007
4034 0.000017
4035 0.000024
4036 0.000029
4037 0.000016
4038 0.000007
4039 0.000011
4040 0.000036
4041 0.000022
4042 0.000018
4043 0.000008
4044 0.000014
4045 0.000018
4046 0.000023
4047 0.000010
4048 0.000015
4049 0.000014
4050 0.000018
4051 0.000011
4052 0.000024
4053 0.000036
4054 0.000038
4055 0.000028
4056 0.000036
4057 0.000020
4058 0.000019
4059 0.000020
4060 0.000008
4061 0.000028
4062 0.000042
4063 0.000015
4064 0.000013
4065 0.000008
4066 0.000008
4067 0.000037
4068 0.000023
4069 0.000012
4070 0.000022
4071 0.000015
4072 0.000020
4073 0.000018
4074 0.000025
4075 0.000022
4076 0.000015
4077 0.000025
4078 0.000034
4079 0.000043
4080 0.000021
4081 0.000032
4082 0.000039
4083 0.000020
4084 0.000010
4085 0.000019
4086 0.000020
4087 0.000029
4088 0.000014
4089 0.000014
4090 0.000023
4091 0.000025
4092 0.000012
4093 0.000022
4094 0.000019
4095 0.000012
4096 0.000016
4097 0.000024
4098 0.000020
4099 0.000018
4100 0.000015
4101 0.000011
4102 0.000014
4103 0.000010
4104 0.000019
4105 0.000019
4106 0.000025
4107 0.000015
4108 0.000017
4109 0.000019
4110 0.000025
4111 0.000010
4112 0.000010
4113 0.000017
4114 0.000018
4115 0.000008
4116 0.000010
4117 0.000025
4118 0.000021
4119 0.000015
4120 0.000023
4121 0.000020
4122 0.000013
4123 0.000030
4124 0.000016
4125 0.000016
4126 0.000017
4127 0.000025
4128 0.000006
4129 0.000006
4130 0.000012
4131 0.000012
4132 0.000024
4133 0.000022
4134 0.000015
4135 0.000008
4136 0.000019
4137 0.000019
4138 0.000013
4139 0.000020
4140 0.000014
4141 0.000019
4142 0.000027
4143 0.000025
4144 0.000038
4145 0.000012
4146 0.000023
4147 0.000019
4148 0.000006
4149 0.000005
4150 0.000025
4151 0.000012
4152 0.000015
4153 0.000029
4154 0.000031
4155 0.000028
4156 0.000027
4157 0.000023
4158 0.000010
4159 0.000010
4160 0.000022
4161 0.000016
4162 0.000026
4163 0.000007
4164 0.000023
4165 0.000043
4166 0.000041
4167 0.000021
4168 0.000023
4169 0.000017
4170 0.000020
4171 0.000030
4172 0.000027
4173 0.000016
4174 0.000022
4175 0.000019
4176 0.000026
4177 0.000021
4178 0.000025
4179 0.000033
4180 0.000019
4181 0.000027
4182 0.000026
4183 0.000020
4184 0.000015
4185 0.000024
4186 0.000018
4187 0.000022
4188 0.000008
4189 0.000014
4190 0.000030
4191 0.000024
4192 0.000022
4193 0.000034
4194 0.000025
4195 0.000025
4196 0.000020
4197 0.000021
4198 0.000026
4199 0.000021
4200 0.000012
4201 0.000029
4202 0.000013
4203 0.000013
4204 0.000013
4205 0.000013
4206 0.000034
4207 0.000028
4208 0.000020
4209 0.000010
4210 0.000020
4211 0.000012
4212 0.000022
4213 0.000025
4214 0.000011
4215 0.000013
4216 0.000031
4217 0.000017
4218 0.000014
4219 0.000023
4220 0.000014
4221 0.000014
4222 0.000007
4223 0.000018
4224 0.000016
4225 0.000020
4226 0.000013
4227 0.000030
4228 0.000040
4229 0.000026
4230 0.000020
4231 0.000024
4232 0.000013
4233 0.000027
4234 0.000015
4235 0.000022
4236 0.000028
4237 0.000031
4238 0.000029
4239 0.000028
4240 0.000017
4241 0.000008
4242 0.000004
4243 0.000016
4244 0.000013
4245 0.000029
4246 0.000034
4247 0.000017
4248 0.000027
4249 0.000022
4250 0.000005
4251 0.000016
4252 0.000010
4253 0.000024
4254 0.000021
4255 0.000011
4256 0.000022
4257 0.000014
4258 0.000031
4259 0.000025
4260 0.000025
4261 0.000034
4262 0.000014
4263 0.000043
4264 0.000049
4265 0.000021
4266 0.000011
4267 0.000005
4268 0.000012
4269 0.000016
4270 0.000013
4271 0.000011
4272 0.000026
4273 0.000025
4274 0.000012
4275 0.000028
4276 0.000015
4277 0.000036
4278 0.000019
4279 0.000016
4280 0.000023
4281 0.000025
4282 0.000027
4283 0.000013
4284 0.000025
4285 0.000032
4286 0.000020
4287 0.000011
4288 0.000008
4289 0.000018
4290 0.000011
4291 0.000020
4292 0.000016
4293 0.000006
4294 0.000011
4295 0.000016
4296 0.000007
4297 0.000018
4298 0.000017
4299 0.000008
4300 0.000020
4301 0.000016
4302 0.000009
4303 0.000014
4304 0.000017
4305 0.000009
4306 0.000014
4307 0.000015
4308 0.000015
4309 0.000019
4310 0.000018
4311 0.000019
4312 0.000021
4313 0.000011
4314 0.000011
4315 0.000017
4316 0.000022
4317 0.000020
4318 0.000022
4319 0.000011
4320 0.000011
4321 0.000044
4322 0.000024
4323 0.000037
4324 0.000024
4325 0.000012
4326 0.000012
4327 0.000021
4328 0.000026
4329 0.000016
4330 0.000021
4331 0.000019
4332 0.000016
4333 0.000022
4334 0.000021
4335 0.000017
4336 0.000019
4337 0.000031
4338 0.000013
4339 0.000022
4340 0.000019
4341 0.000010
4342 0.000017
4343 0.000013
4344 0.000014
4345 0.000015
4346 0.000005
4347 0.000014
4348 0.000018
4349 0.000020
4350 0.000031
4351 0.000036
4352 0.000029
4353 0.000020
4354 0.000009
4355 0.000024
4356 0.000006
4357 0.000009
4358 0.000006
4359 0.000010
4360 0.000011
4361 0.000015
4362 0.000019
4363 0.000031
4364 0.000034
4365 0.000029
4366 0.000025
4367 0.000027
4368 0.000027
4369 0.000018
4370 0.000019
4371 0.000038
4372 0.000025
4373 0.000015
4374 0.000011
4375 0.000025
4376 0.000021
4377 0.000022
4378 0.000015
4379 0.000014
4380 0.000010
4381 0.000010
4382 0.000019
4383 0.000010
4384 0.000018
4385 0.000018
4386 0.000023
4387 0.000023
4388 0.000020
4389 0.000040
4390 0.000022
4391 0.000026
4392 0.000019
4393 0.000024
4394 0.000016
4395 0.000035
4396 0.000029
4397 0.000019
4398 0.000011
4399 0.000010
4400 0.000025
4401 0.000028
4402 0.000012
4403 0.000015
4404 0.000016
4405 0.000027
4406 0.000027
4407 0.000022
4408 0.000012
4409 0.000011
4410 0.000016
4411 0.000027
4412 0.000035
4413 0.000014
4414 0.000029
4415 0.000012
4416 0.000012
4417 0.000034
4418 0.000016
4419 0.000008
4420 0.000014
4421 0.000010
4422 0.000022
4423 0.000023
4424 0.000019
4425 0.000014
4426 0.000011
4427 0.000022
4428 0.000018
4429 0.000028
4430 0.000028
4431 0.000010
4432 0.000026
4433 0.000020
4434 0.000042
4435 0.000024
4436 0.000020
4437 0.000017
4438 0.000029
4439 0.000012
4440 0.000017
4441 0.000012
4442 0.000012
4443 0.000013
4444 0.000018
4445 0.000014
4446 0.000044
4447 0.000032
4448 0.000022
4449 0.000026
4450 0.000024
4451 0.000020
4452 0.000009
4453 0.000016
4454 0.000007
4455 0.000009
4456 0.000028
4457 0.000018
4458 0.000026
4459 0.000016
4460 0.000005
4461 0.000015
4462 0.000016
4463 0.000027
4464 0.000010
4465 0.000016
4466 0.000009
4467 0.000008
4468 0.000020
4469 0.000016
4470 0.000009
4471 0.000016
4472 0.000026
4473 0.000030
4474 0.000016
4475 0.000032
4476 0.000030
4477 0.000023
4478 0.000027
4479 0.000021
4480 0.000022
4481 0.000022
4482 0.000014
4483 0.000012
4484 0.000015
4485 0.000027
4486 0.000024
4487 0.000015
4488 0.000022
4489 0.000021
4490 0.000023
4491 0.000020
4492 0.000016
4493 0.000028
4494 0.000017
4495 0.000039
4496 0.000032
4497 0.000018
4498 0.000021
4499 0.000016
4500 0.000022
4501 0.000012
4502 0.000020
4503 0.000025
4504 0.000024
4505 0.000047
4506 0.000018
4507 0.000016
4508 0.000020
4509 0.000017
4510 0.000029
4511 0.000029
4512 0.000028
4513 0.000025
4514 0.000024
4515 0.000018
4516 0.000012
4517 0.000017
4518 0.000024
4519 0.000014
4520 0.000010
4521 0.000015
4522 0.000011
4523 0.000021
4524 0.000019
4525 0.000013
4526 0.000031
4527 0.000016
4528 0.000012
4529 0.000014
4530 0.000014
4531 0.000012
4532 0.000017
4533 0.000028
4534 0.000019
4535 0.000037
4536 0.000008
4537 0.000030
4538 0.000022
4539 0.000020
4540 0.000015
4541 0.000032
4542 0.000033
4543 0.000021
4544 0.000024
4545 0.000010
4546 0.000013
4547 0.000020
4548 0.000020
4549 0.000011
4550 0.000019
4551 0.000019
4552 0.000020
4553 0.000020
4554 0.000013
4555 0.000010
4556 0.000020
4557 0.000026
4558 0.000014
4559 0.000018
4560 0.000014
4561 0.000022
4562 0.000011
4563 0.000013
4564 0.000015
4565 0.000022
4566 0.000022
4567 0.000016
4568 0.000029
4569 0.000016
4570 0.000017
4571 0.000022
4572 0.000017
4573 0.000025
4574 0.000016
4575 0.000018
4576 0.000015
4577 0.000030
4578 0.000021
4579 0.000018
4580 0.000016
4581 0.000025
4582 0.000011
4583 0.000008
4584 0.000014
4585 0.000012
4586 0.000006
4587 0.000011
4588 0.000028
4589 0.000016
4590 0.000012
4591 0.000016
4592 0.000022
4593 0.000022
4594 0.000023
4595 0.000017
4596 0.000029
4597 0.000021
4598 0.000009
4599 0.000019
4600 0.000020
4601 0.000013
4602 0.000016
4603 0.000022
4604 0.000016
4605 0.000011
4606 0.000015
4607 0.000008
4608 0.000014
4609 0.000016
4610 0.000013
4611 0.000018
4612 0.000014
4613 0.000005
4614 0.000014
4615 0.000021
4616 0.000014
4617 0.000028
4618 0.000037
4619 0.000016
4620 0.000018
4621 0.000031
4622 0.000019
4623 0.000026
4624 0.000023
4625 0.000017
4626 0.000024
4627 0.000018
4628 0.000035
4629 0.000016
4630 0.000027
4631 0.000015
4632 0.000018
4633 0.000013
4634 0.000024
4635 0.000015
4636 0.000021
4637 0.000018
4638 0.000023
4639 0.000018
4640 0.000012
4641 0.000017
4642 0.000018
4643 0.000014
4644 0.000014
4645 0.000016
4646 0.000018
4647 0.000019
4648 0.000028
4649 0.000018
4650 0.000021
4651 0.000017
4652 0.000014
4653 0.000016
4654 0.000012
4655 0.000042
4656 0.000024
4657 0.000030
4658 0.000024
4659 0.000031
4660 0.000022
4661 0.000025
4662 0.000016
4663 0.000021
4664 0.000018
4665 0.000019
4666 0.000028
4667 0.000029
4668 0.000028
4669 0.000017
4670 0.000031
4671 0.000046
4672 0.000025
4673 0.000018
4674 0.000018
4675 0.000023
4676 0.000032
4677 0.000015
4678 0.000010
4679 0.000013
4680 0.000010
4681 0.000007
4682 0.000017
4683 0.000025
4684 0.000020
4685 0.000019
4686 0.000025
4687 0.000020
4688 0.000016
4689 0.000025
4690 0.000018
4691 0.000016
4692 0.000029
4693 0.000020
4694 0.000029
4695 0.000015
4696 0.000027
4697 0.000010
4698 0.000021
4699 0.000011
4700 0.000015
4701 0.000015
4702 0.000013
4703 0.000009
4704 0.000013
4705 0.000008
4706 0.000018
4707 0.000018
4708 0.000014
4709 0.000024
4710 0.000015
4711 0.000016
4712 0.000010
4713 0.000022
4714 0.000021
4715 0.000027
4716 0.000017
4717 0.000044
4718 0.000020
4719 0.000023
4720 0.000036
4721 0.000018
4722 0.000021
4723 0.000028
4724 0.000021
4725 0.000006
4726 0.000024
4727 0.000022
4728 0.000028
4729 0.000014
4730 0.000029
4731 0.000018
4732 0.000013
4733 0.000027
4734 0.000025
4735 0.000022
4736 0.000026
4737 0.000016
4738 0.000031
4739 0.000037
4740 0.000034
4741 0.000030
4742 0.000037
4743 0.000019
4744 0.000020
4745 0.000006
4746 0.000008
4747 0.000012
4748 0.000021
4749 0.000013
4750 0.000019
4751 0.000014
4752 0.000012
4753 0.000027
4754 0.000017
4755 0.000017
4756 0.000018
4757 0.000013
4758 0.000024
4759 0.000035
4760 0.000034
4761 0.000029
4762 0.000024
4763 0.000021
4764 0.000017
4765 0.000009
4766 0.000019
4767 0.000014
4768 0.000008
4769 0.000007
4770 0.000009
4771 0.000018
4772 0.000020
4773 0.000035
4774 0.000036
4775 0.000018
4776 0.000011
4777 0.000017
4778 0.000025
4779 0.000017
4780 0.000013
4781 0.000029
4782 0.000009
4783 0.000018
4784 0.000025
4785 0.000011
4786 0.000033
4787 0.000010
4788 0.000019
4789 0.000020
4790 0.000023
4791 0.000024
4792 0.000022
4793 0.000021
4794 0.000019
4795 0.000032
4796 0.000010
4797 0.000021
4798 0.000023
4799 0.000024
4800 0.000026
4801 0.000023
4802 0.000015
4803 0.000025
4804 0.000035
4805 0.000017
4806 0.000025
4807 0.000012
4808 0.000020
4809 0.000014
4810 0.000019
4811 0.000032
4812 0.000026
4813 0.000014
4814 0.000011
4815 0.000018
4816 0.000022
4817 0.000018
4818 0.000016
4819 0.000020
4820 0.000021
4821 0.000021
4822 0.000019
4823 0.000023
4824 0.000025
4825 0.000033
4826 0.000042
4827 0.000016
4828 0.000016
4829 0.000020
4830 0.000028
4831 0.000021
4832 0.000014
4833 0.000016
4834 0.000022
4835 0.000019
4836 0.000019
4837 0.000018
4838 0.000016
4839 0.000017
4840 0.000018
4841 0.000014
4842 0.000022
4843 0.000033
4844 0.000016
4845 0.000022
4846 0.000011
4847 0.000006
4848 0.000024
4849 0.000027
4850 0.000016
4851 0.000023
4852 0.000027
4853 0.000012
4854 0.000012
4855 0.000014
4856 0.000011
4857 0.000011
4858 0.000014
4859 0.000012
4860 0.000021
4861 0.000021
4862 0.000022
4863 0.000015
4864 0.000006
4865 0.000031
4866 0.000017
4867 0.000037
4868 0.000014
4869 0.000011
4870 0.000029
4871 0.000020
4872 0.000017
4873 0.000016
4874 0.000020
4875 0.000020
4876 0.000018
4877 0.000020
4878 0.000022
4879 0.000044
4880 0.000018
4881 0.000014
4882 0.000019
4883 0.000017
4884 0.000011
4885 0.000015
4886 0.000037
4887 0.000014
4888 0.000009
4889 0.000018
4890 0.000010
4891 0.000008
4892 0.000023
4893 0.000018
4894 0.000018
4895 0.000019
4896 0.000014
4897 0.000022
4898 0.000013
4899 0.000013
4900 0.000020
4901 0.000022
4902 0.000027
4903 0.000013
4904 0.000025
4905 0.000017
4906 0.000011
4907 0.000019
4908 0.000013
4909 0.000006
4910 0.000022
4911 0.000027
4912 0.000029
4913 0.000025
4914 0.000030
4915 0.000016
4916 0.000010
4917 0.000015
4918 0.000028
4919 0.000025
4920 0.000021
4921 0.000025
4922 0.000008
4923 0.000016
4924 0.000017
4925 0.000008
4926 0.000020
4927 0.000019
4928 0.000014
4929 0.000015
4930 0.000009
4931 0.000030
4932 0.000026
4933 0.000014
4934 0.000019
4935 0.000016
4936 0.000018
4937 0.000021
4938 0.000016
4939 0.000021
4940 0.000030
4941 0.000013
4942 0.000020
4943 0.000020
4944 0.000029
4945 0.000030
4946 0.000014
4947 0.000012
4948 0.000020
4949 0.000015
4950 0.000008
4951 0.000009
4952 0.000024
4953 0.000030
4954 0.000026
4955 0.000027
4956 0.000021
4957 0.000014
4958 0.000014
4959 0.000012
4960 0.000012
4961 0.000015
4962 0.000019
4963 0.000021
4964 0.000021
4965 0.000007
4966 0.000025
4967 0.000021
4968 0.000016
4969 0.000009
4970 0.000013
4971 0.000013
4972 0.000025
4973 0.000022
4974 0.000015
4975 0.000021
4976 0.000016
4977 0.000029
4978 0.000013
4979 0.000025
4980 0.000014
4981 0.000012
4982 0.000029
4983 0.000020
4984 0.000026
4985 0.000014
4986 0.000013
4987 0.000021
4988 0.000025
4989 0.000016
4990 0.000019
4991 0.000021
4992 0.000012
4993 0.000037
4994 0.000020
4995 0.000018
4996 0.000016
4997 0.000016
4998 0.000043
4999 0.000018
5000 0.000023
5001 0.000018
5002 0.000018
5003 0.000010
5004 0.000017
5005 0.000015
5006 0.000012
5007 0.000008
5008 0.000023
5009 0.000020
5010 0.000054
5011 0.000043
5012 0.000027
5013 0.000011
5014 0.000019
5015 0.000019
5016 0.000006
5017 0.000018
5018 0.000033
5019 0.000026
5020 0.000018
5021 0.000015
5022 0.000022
5023 0.000019
5024 0.000035
5025 0.000023
5026 0.000014
5027 0.000013
5028 0.000027
5029 0.000023
5030 0.000019
5031 0.000033
5032 0.000021
5033 0.000034
5034 0.000020
5035 0.000015
5036 0.000025
5037 0.000020
5038 0.000026
5039 0.000024
5040 0.000015
5041 0.000015
5042 0.000032
5043 0.000016
5044 0.000011
5045 0.000021
5046 0.000012
5047 0.000017
5048 0.000026
5049 0.000026
5050 0.000010
5051 0.000021
5052 0.000020
5053 0.000006
5054 0.000017
5055 0.000013
5056 0.000007
5057 0.000012
5058 0.000017
5059 0.000026
5060 0.000024
5061 0.000018
5062 0.000018
5063 0.000011
5064 0.000021
5065 0.000039
5066 0.000018
5067 0.000022
5068 0.000009
5069 0.000034
5070 0.000020
5071 0.000017
5072 0.000010
5073 0.000007
5074 0.000013
5075 0.000009
5076 0.000020
5077 0.000009
5078 0.000011
5079 0.000016
5080 0.000022
5081 0.000013
5082 0.000010
5083 0.000011
5084 0.000008
5085 0.000010
5086 0.000020
5087 0.000024
5088 0.000017
5089 0.000027
5090 0.000024
5091 0.000020
5092 0.000018
5093 0.000015
5094 0.000020
5095 0.000013
5096 0.000017
5097 0.000021
5098 0.000023
5099 0.000041
5100 0.000013
5101 0.000010
5102 0.000016
5103 0.000025
5104 0.000010
5105 0.000026
5106 0.000020
5107 0.000014
5108 0.000011
5109 0.000028
5110 0.000027
5111 0.000028
5112 0.000021
5113 0.000018
5114 0.000022
5115 0.000011
5116 0.000016
5117 0.000021
5118 0.000015
5119 0.000020
5120 0.000025
5121 0.000017
5122 0.000015
5123 0.000024
5124 0.000035
5125 0.000034
5126 0.000022
5127 0.000016
5128 0.000020
5129 0.000022
5130 0.000015
5131 0.000034
5132 0.000009
5133 0.000009
5134 0.000016
5135 0.000019
5136 0.000005
5137 0.000024
5138 0.000016
5139 0.000013
5140 0.000015
5141 0.000014
5142 0.000025
5143 0.000015
5144 0.000016
5145 0.000007
5146 0.000011
5147 0.000006
5148 0.000016
5149 0.000023
5150 0.000019
5151 0.000020
5152 0.000012
5153 0.000014
5154 0.000016
5155 0.000021
5156 0.000030
5157 0.000023
5158 0.000035
5159 0.000016
5160 0.000031
5161 0.000038
5162 0.000013
5163 0.000011
5164 0.000011
5165 0.000013
5166 0.000020
5167 0.000024
5168 0.000031
5169 0.000022
5170 0.000034
5171 0.000020
5172 0.000024
5173 0.000016
5174 0.000010
5175 0.000011
5176 0.000018
5177 0.000018
5178 0.000023
5179 0.000023
5180 0.000012
5181 0.000032
5182 0.000024
5183 0.000016
5184 0.000023
5185 0.000027
5186 0.000019
5187 0.000017
5188 0.000037
5189 0.000017
5190 0.000028
5191 0.000015
5192 0.000021
5193 0.000016
5194 0.000018
5195 0.000019
5196 0.000030
5197 0.000030
5198 0.000034
5199 0.000040
5200 0.000032
5201 0.000025
5202 0.000032
5203 0.000023
5204 0.000022
5205 0.000020
5206 0.000029
5207 0.000018
5208 0.000020
5209 0.000027
5210 0.000019
5211 0.000017
5212 0.000010
5213 0.000024
5214 0.000020
5215 0.000013
5216 0.000027
5217 0.000029
5218 0.000052
5219 0.000023
5220 0.000033
5221 0.000030
5222 0.000020
5223 0.000037
5224 0.000011
5225 0.000018
5226 0.000016
5227 0.000031
5228 0.000024
5229 0.000012
5230 0.000028
5231 0.000026
5232 0.000013
5233 0.000011
5234 0.000025
5235 0.000010
5236 0.000012
5237 0.000024
5238 0.000030
5239 0.000014
5240 0.000008
5241 0.000042
5242 0.000022
5243 0.000023
5244 0.000040
5245 0.000019
5246 0.000017
5247 0.000015
5248 0.000031
5249 0.000037
5250 0.000014
5251 0.000027
5252 0.000009
5253 0.000018
5254 0.000013
5255 0.000043
5256 0.000022
5257 0.000016
5258 0.000026
5259 0.000018
5260 0.000012
5261 0.000011
5262 0.000013
5263 0.000025
5264 0.000023
5265 0.000008
5266 0.000030
5267 0.000018
5268 0.000014
5269 0.000008
5270 0.000017
5271 0.000024
5272 0.000013
5273 0.000013
5274 0.000020
5275 0.000015
5276 0.000011
5277 0.000020
5278 0.000016
5279 0.000040
5280 0.000034
5281 0.000026
5282 0.000028
5283 0.000035
5284 0.000022
5285 0.000019
5286 0.000013
5287 0.000019
5288 0.000018
5289 0.000027
5290 0.000030
5291 0.000022
5292 0.000016
5293 0.000013
5294 0.000010
5295 0.000011
5296 0.000024
5297 0.000019
5298 0.000015
5299 0.000021
5300 0.000020
5301 0.000044
5302 0.000032
5303 0.000022
5304 0.000041
5305 0.000033
5306 0.000031
5307 0.000015
5308 0.000019
5309 0.000013
5310 0.000014
5311 0.000022
5312 0.000026
5313 0.000016
5314 0.000014
5315 0.000007
5316 0.000017
5317 0.000011
5318 0.000022
5319 0.000015
5320 0.000016
5321 0.000044
5322 0.000030
5323 0.000011
5324 0.000024
5325 0.000015
5326 0.000020
5327 0.000020
5328 0.000027
5329 0.000019
5330 0.000015
5331 0.000017
5332 0.000020
5333 0.000014
5334 0.000009
5335 0.000007
5336 0.000012
5337 0.000013
5338 0.000029
5339 0.000011
5340 0.000029
5341 0.000009
5342 0.000030
5343 0.000036
5344 0.000030
5345 0.000033
5346 0.000023
5347 0.000018
5348 0.000018
5349 0.000012
5350 0.000024
5351 0.000042
5352 0.000018
5353 0.000022
5354 0.000005
5355 0.000012
5356 0.000014
5357 0.000012
5358 0.000015
5359 0.000012
5360 0.000020
5361 0.000025
5362 0.000017
5363 0.000013
5364 0.000016
5365 0.000017
5366 0.000018
5367 0.000017
5368 0.000031
5369 0.000038
5370 0.000014
5371 0.000021
5372 0.000014
5373 0.000010
5374 0.000021
5375 0.000023
5376 0.000026
5377 0.000018
5378 0.000023
5379 0.000019
5380 0.000017
5381 0.000013
5382 0.000025
5383 0.000015
5384 0.000006
5385 0.000012
5386 0.000018
5387 0.000029
5388 0.000016
5389 0.000021
5390 0.000019
5391 0.000044
5392 0.000029
5393 0.000018
5394 0.000028
5395 0.000044
5396 0.000020
5397 0.000012
5398 0.000024
5399 0.000012
5400 0.000014
5401 0.000027
5402 0.000013
5403 0.000015
5404 0.000017
5405 0.000012
5406 0.000018
5407 0.000015
5408 0.000025
5409 0.000034
5410 0.000015
5411 0.000018
5412 0.000013
5413 0.000019
5414 0.000026
5415 0.000026
5416 0.000016
5417 0.000015
5418 0.000012
5419 0.000018
5420 0.000024
5421 0.000032
5422 0.000023
5423 0.000019
5424 0.000012
5425 0.000006
5426 0.000020
5427 0.000012
5428 0.000007
5429 0.000020
5430 0.000039
5431 0.000045
5432 0.000023
5433 0.000024
5434 0.000007
5435 0.000021
5436 0.000019
5437 0.000023
5438 0.000017
5439 0.000013
5440 0.000018
5441 0.000012
5442 0.000014
5443 0.000006
5444 0.000009
5445 0.000018
5446 0.000024
5447 0.000015
5448 0.000010
5449 0.000027
5450 0.000009
5451 0.000019
5452 0.000019
5453 0.000019
5454 0.000022
5455 0.000014
5456 0.000017
5457 0.000013
5458 0.000012
5459 0.000025
5460 0.000013
5461 0.000008
5462 0.000011
5463 0.000011
5464 0.000040
5465 0.000021
5466 0.000015
5467 0.000022
5468 0.000020
5469 0.000015
5470 0.000013
5471 0.000030
5472 0.000018
5473 0.000014
5474 0.000020
5475 0.000020
5476 0.000020
5477 0.000017
5478 0.000020
5479 0.000024
5480 0.000025
5481 0.000038
5482 0.000013
5483 0.000033
5484 0.000012
5485 0.000021
5486 0.000021
5487 0.000013
5488 0.000005
5489 0.000022
5490 0.000021
5491 0.000014
5492 0.000012
5493 0.000016
5494 0.000022
5495 0.000011
5496 0.000015
5497 0.000022
5498 0.000031
5499 0.000023
5500 0.000027
5501 0.000024
5502 0.000035
5503 0.000019
5504 0.000034
5505 0.000045
5506 0.000022
5507 0.000010
5508 0.000015
5509 0.000034
5510 0.000021
5511 0.000034
5512 0.000034
5513 0.000035
5514 0.000034
5515 0.000011
5516 0.000012
5517 0.000014
5518 0.000015
5519 0.000008
5520 0.000017
5521 0.000018
5522 0.000023
5523 0.000013
5524 0.000009
5525 0.000023
5526 0.000030
5527 0.000024
5528 0.000015
5529 0.000018
5530 0.000020
5531 0.000024
5532 0.000010
5533 0.000020
5534 0.000024
5535 0.000014
5536 0.000005
5537 0.000023
5538 0.000023
5539 0.000026
5540 0.000034
5541 0.000016
5542 0.000009
5543 0.000018
5544 0.000020
5545 0.000032
5546 0.000026
5547 0.000019
5548 0.000029
5549 0.000036
5550 0.000041
5551 0.000048
5552 0.000017
5553 0.000032
5554 0.000007
5555 0.000012
5556 0.000019
5557 0.000007
5558 0.000036
5559 0.000022
5560 0.000013
5561 0.000029
5562 0.000021
5563 0.000025
5564 0.000012
5565 0.000028
5566 0.000020
5567 0.000025
5568 0.000025
5569 0.000024
5570 0.000017
5571 0.000015
5572 0.000011
5573 0.000021
5574 0.000017
5575 0.000020
5576 0.000023
5577 0.000012
5578 0.000026
5579 0.000015
5580 0.000009
5581 0.000015
5582 0.000020
5583 0.000010
5584 0.000014
5585 0.000018
5586 0.000014
5587 0.000018
5588 0.000030
5589 0.000023
5590 0.000028
5591 0.000030
5592 0.000024
5593 0.000015
5594 0.000033
5595 0.000023
5596 0.000027
5597 0.000036
5598 0.000020
5599 0.000023
5600 0.000024
5601 0.000024
5602 0.000016
5603 0.000008
5604 0.000015
5605 0.000005
5606 0.000009
5607 0.000016
5608 0.000014
5609 0.000016
5610 0.000013
5611 0.000007
5612 0.000011
5613 0.000016
5614 0.000017
5615 0.000020
5616 0.000009
5617 0.000011
5618 0.000022
5619 0.000011
5620 0.000028
5621 0.000015
5622 0.000014
5623 0.000017
5624 0.000013
5625 0.000010
5626 0.000012
5627 0.000018
5628 0.000018
5629 0.000030
5630 0.000010
5631 0.000031
5632 0.000036
5633 0.000011
5634 0.000021
5635 0.000027
5636 0.000018
5637 0.000023
5638 0.000020
5639 0.000018
5640 0.000038
5641 0.000049
5642 0.000010
5643 0.000019
5644 0.000029
5645 0.000015
5646 0.000014
5647 0.000016
5648 0.000011
5649 0.000012
5650 0.000023
5651 0.000011
5652 0.000015
5653 0.000018
5654 0.000021
5655 0.000027
5656 0.000013
5657 0.000022
5658 0.000011
5659 0.000022
5660 0.000020
5661 0.000015
5662 0.000009
5663 0.000023
5664 0.000015
5665 0.000019
5666 0.000022
5667 0.000014
5668 0.000014
5669 0.000018
5670 0.000016
5671 0.000032
5672 0.000026
5673 0.000024
5674 0.000035
5675 0.000020
5676 0.000019
5677 0.000017
5678 0.000025
5679 0.000022
5680 0.000017
5681 0.000012
5682 0.000013
5683 0.000008
5684 0.000018
5685 0.000013
5686 0.000023
5687 0.000036
5688 0.000018
5689 0.000037
5690 0.000033
5691 0.000015
5692 0.000015
5693 0.000047
5694 0.000036
5695 0.000018
5696 0.000008
5697 0.000016
5698 0.000027
5699 0.000023
5700 0.000011
5701 0.000015
5702 0.000020
5703 0.000047
5704 0.000023
5705 0.000015
5706 0.000024
5707 0.000018
5708 0.000012
5709 0.000018
5710 0.000028
5711 0.000031
5712 0.000019
5713 0.000021
5714 0.000013
5715 0.000034
5716 0.000023
5717 0.000015
5718 0.000012
5719 0.000025
5720 0.000021
5721 0.000027
5722 0.000027
5723 0.000026
5724 0.000012
5725 0.000012
5726 0.000015
5727 0.000017
5728 0.000021
5729 0.000027
5730 0.000009
5731 0.000016
5732 0.000018
5733 0.000023
5734 0.000014
5735 0.000014
5736 0.000016
5737 0.000011
5738 0.000012
5739 0.000015
5740 0.000021
5741 0.000019
5742 0.000021
5743 0.000022
5744 0.000018
5745 0.000014
5746 0.000030
5747 0.000021
5748 0.000029
5749 0.000019
5750 0.000015
5751 0.000017
5752 0.000017
5753 0.000011
5754 0.000017
5755 0.000016
5756 0.000023
5757 0.000032
5758 0.000034
5759 0.000013
5760 0.000023
5761 0.000020
5762 0.000016
5763 0.000022
5764 0.000024
5765 0.000010
5766 0.000010
5767 0.000006
5768 0.000007
5769 0.000010
5770 0.000022
5771 0.000031
5772 0.000028
5773 0.000017
5774 0.000023
5775 0.000010
5776 0.000010
5777 0.000022
5778 0.000011
5779 0.000016
5780 0.000023
5781 0.000022
5782 0.000028
5783 0.000056
5784 0.000020
5785 0.000008
5786 0.000011
5787 0.000008
5788 0.000019
5789 0.000019
5790 0.000026
5791 0.000014
5792 0.000020
5793 0.000009
5794 0.000017
5795 0.000033
5796 0.000016
5797 0.000021
5798 0.000019
5799 0.000036
5800 0.000016
5801 0.000016
5802 0.000019
5803 0.000040
5804 0.000015
5805 0.000018
5806 0.000022
5807 0.000018
5808 0.000016
5809 0.000027
5810 0.000019
5811 0.000023
5812 0.000025
5813 0.000020
5814 0.000032
5815 0.000022
5816 0.000011
5817 0.000014
5818 0.000020
5819 0.000023
5820 0.000026
5821 0.000018
5822 0.000017
5823 0.000009
5824 0.000034
5825 0.000017
5826 0.000027
5827 0.000029
5828 0.000012
5829 0.000015
5830 0.000027
5831 0.000020
5832 0.000015
5833 0.000013
5834 0.000016
5835 0.000026
5836 0.000022
5837 0.000027
5838 0.000012
5839 0.000020
5840 0.000009
5841 0.000019
5842 0.000017
5843 0.000008
5844 0.000020
5845 0.000019
5846 0.000015
5847 0.000018
5848 0.000012
5849 0.000020
5850 0.000023
5851 0.000012
5852 0.000017
5853 0.000026
5854 0.000018
5855 0.000029
5856 0.000028
5857 0.000022
5858 0.000024
5859 0.000020
5860 0.000024
5861 0.000022
5862 0.000027
5863 0.000026
5864 0.000016
5865 0.000010
5866 0.000015
5867 0.000020
5868 0.000017
5869 0.000031
5870 0.000028
5871 0.000025
5872 0.000025
5873 0.000016
5874 0.000013
5875 0.000011
5876 0.000010
5877 0.000016
5878 0.000018
5879 0.000033
5880 0.000027
5881 0.000014
5882 0.000012
5883 0.000017
5884 0.000027
5885 0.000040
5886 0.000023
5887 0.000015
5888 0.000017
5889 0.000030
5890 0.000026
5891 0.000022
5892 0.000019
5893 0.000012
5894 0.000010
5895 0.000010
5896 0.000023
5897 0.000027
5898 0.000015
5899 0.000021
5900 0.000014
5901 0.000028
5902 0.000015
5903 0.000031
5904 0.000020
5905 0.000005
5906 0.000010
5907 0.000024
5908 0.000019
5909 0.000014
5910 0.000015
5911 0.000014
5912 0.000028
5913 0.000015
5914 0.000012
5915 0.000016
5916 0.000026
5917 0.000017
5918 0.000023
5919 0.000029
5920 0.000018
5921 0.000028
5922 0.000014
5923 0.000018
5924 0.000023
5925 0.000019
5926 0.000033
5927 0.000021
5928 0.000022
5929 0.000017
5930 0.000025
5931 0.000014
5932 0.000016
5933 0.000021
5934 0.000016
5935 0.000037
5936 0.000018
5937 0.000020
5938 0.000032
5939 0.000021
5940 0.000016
5941 0.000029
5942 0.000034
5943 0.000025
5944 0.000010
5945 0.000012
5946 0.000015
5947 0.000028
5948 0.000011
5949 0.000027
5950 0.000014
5951 0.000019
5952 0.000026
5953 0.000019
5954 0.000015
5955 0.000014
5956 0.000011
5957 0.000015
5958 0.000024
5959 0.000022
5960 0.000024
5961 0.000019
5962 0.000017
5963 0.000027
5964 0.000020
5965 0.000006
5966 0.000013
5967 0.000020
5968 0.000016
5969 0.000017
5970 0.000018
5971 0.000018
5972 0.000031
5973 0.000030
5974 0.000012
5975 0.000009
5976 0.000020
5977 0.000022
5978 0.000020
5979 0.000023
5980 0.000022
5981 0.000018
5982 0.000012
5983 0.000015
5984 0.000029
5985 0.000012
5986 0.000038
5987 0.000033
5988 0.000017
5989 0.000008
5990 0.000024
5991 0.000023
5992 0.000018
5993 0.000019
5994 0.000027
5995 0.000039
5996 0.000013
5997 0.000007
5998 0.000018
5999 0.000014
6000 0.000033
6001 0.000021
6002 0.000015
6003 0.000013
6004 0.000028
6005 0.000027
6006 0.000013
6007 0.000018
6008 0.000016
6009 0.000008
6010 0.000022
6011 0.000010
6012 0.000010
6013 0.000016
6014 0.000019
6015 0.000007
6016 0.000023
6017 0.000030
6018 0.000034
6019 0.000027
6020 0.000049
6021 0.000038
6022 0.000027
6023 0.000013
6024 0.000031
6025 0.000015
6026 0.000020
6027 0.000019
6028 0.000011
6029 0.000012
6030 0.000016
6031 0.000020
6032 0.000006
6033 0.000015
6034 0.000023
6035 0.000016
6036 0.000017
6037 0.000006
6038 0.000019
6039 0.000026
6040 0.000032
6041 0.000019
6042 0.000025
6043 0.000020
6044 0.000057
6045 0.000022
6046 0.000015
6047 0.000018
6048 0.000014
6049 0.000012
6050 0.000006
6051 0.000006
6052 0.000024
6053 0.000024
6054 0.000015
6055 0.000020
6056 0.000011
6057 0.000016
6058 0.000012
6059 0.000007
6060 0.000024
6061 0.000011
6062 0.000021
6063 0.000027
6064 0.000015
6065 0.000014
6066 0.000017
6067 0.000016
6068 0.000008
6069 0.000023
6070 0.000008
6071 0.000015
6072 0.000011
6073 0.000012
6074 0.000015
6075 0.000026
6076 0.000012
6077 0.000014
6078 0.000027
6079 0.000012
6080 0.000017
6081 0.000019
6082 0.000011
6083 0.000018
6084 0.000015
6085 0.000026
6086 0.000017
6087 0.000019
6088 0.000022
6089 0.000021
6090 0.000023
6091 0.000031
6092 0.000020
6093 0.000029
6094 0.000024
6095 0.000015
6096 0.000010
6097 0.000020
6098 0.000027
6099 0.000032
6100 0.000022
6101 0.000040
6102 0.000033
6103 0.000030
6104 0.000014
6105 0.000022
6106 0.000012
6107 0.000018
6108 0.000014
6109 0.000031
6110 0.000021
6111 0.000007
6112 0.000013
6113 0.000016
6114 0.000023
6115 0.000014
6116 0.000018
6117 0.000023
6118 0.000020
6119 0.000021
6120 0.000007
6121 0.000012
6122 0.000017
6123 0.000012
6124 0.000030
6125 0.000027
6126 0.000022
6127 0.000013
6128 0.000021
6129 0.000017
6130 0.000016
6131 0.000010
6132 0.000012
6133 0.000009
6134 0.000010
6135 0.000010
6136 0.000027
6137 0.000018
6138 0.000014
6139 0.000036
6140 0.000018
6141 0.000008
6142 0.000004
6143 0.000019
6144 0.000021
6145 0.000033
6146 0.000018
6147 0.000023
6148 0.000029
6149 0.000010
6150 0.000012
6151 0.000018
6152 0.000019
6153 0.000016
6154 0.000012
6155 0.000013
6156 0.000011
6157 0.000009
6158 0.000017
6159 0.000011
6160 0.000028
6161 0.000008
6162 0.000021
6163 0.000019
6164 0.000028
6165 0.000013
6166 0.000010
6167 0.000013
6168 0.000030
6169 0.000026
6170 0.000027
6171 0.000024
6172 0.000026
6173 0.000019
6174 0.000008
6175 0.000027
6176 0.000020
6177 0.000014
6178 0.000019
6179 0.000014
6180 0.000013
6181 0.000022
6182 0.000022
6183 0.000019
6184 0.000015
6185 0.000010
6186 0.000020
6187 0.000036
6188 0.000020
6189 0.000016
6190 0.000006
6191 0.000010
6192 0.000024
6193 0.000024
6194 0.000022
6195 0.000027
6196 0.000019
6197 0.000008
6198 0.000020
6199 0.000013
6200 0.000012
6201 0.000012
6202 0.000013
6203 0.000016
6204 0.000019
6205 0.000018
6206 0.000017
6207 0.000020
6208 0.000027
6209 0.000014
6210 0.000014
6211 0.000018
6212 0.000038
6213 0.000035
6214 0.000019
6215 0.000019
6216 0.000021
6217 0.000018
6218 0.000014
6219 0.000013
6220 0.000023
6221 0.000007
6222 0.000017
6223 0.000020
6224 0.000026
6225 0.000012
6226 0.000029
6227 0.000012
6228 0.000032
6229 0.000025
6230 0.000014
6231 0.000028
6232 0.000038
6233 0.000032
6234 0.000015
6235 0.000033
6236 0.000027
6237 0.000014
6238 0.000006
6239 0.000019
6240 0.000027
6241 0.000039
6242 0.000047
6243 0.000015
6244 0.000013
6245 0.000012
6246 0.000016
6247 0.000007
6248 0.000027
6249 0.000018
6250 0.000030
6251 0.000019
6252 0.000013
6253 0.000016
6254 0.000015
6255 0.000018
6256 0.000014
6257 0.000017
6258 0.000020
6259 0.000009
6260 0.000018
6261 0.000022
6262 0.000023
6263 0.000016
6264 0.000034
6265 0.000037
6266 0.000037
6267 0.000026
6268 0.000011
6269 0.000026
6270 0.000024
6271 0.000036
6272 0.000026
6273 0.000012
6274 0.000012
6275 0.000009
6276 0.000016
6277 0.000015
6278 0.000027
6279 0.000032
6280 0.000014
6281 0.000017
6282 0.000014
6283 0.000024
6284 0.000033
6285 0.000033
6286 0.000040
6287 0.000021
6288 0.000024
6289 0.000021
6290 0.000036
6291 0.000016
6292 0.000021
6293 0.000031
6294 0.000028
6295 0.000018
6296 0.000033
6297 0.000019
6298 0.000019
6299 0.000015
6300 0.000017
6301 0.000021
6302 0.000008
6303 0.000023
6304 0.000014
6305 0.000020
6306 0.000012
6307 0.000030
6308 0.000015
6309 0.000008
6310 0.000038
6311 0.000024
6312 0.000015
6313 0.000017
6314 0.000038
6315 0.000014
6316 0.000008
6317 0.000020
6318 0.000039
6319 0.000019
6320 0.000023
6321 0.000027
6322 0.000032
6323 0.000051
6324 0.000043
6325 0.000024
6326 0.000021
6327 0.000034
6328 0.000016
6329 0.000015
6330 0.000017
6331 0.000013
6332 0.000033
6333 0.000024
6334 0.000030
6335 0.000024
6336 0.000024
6337 0.000020
6338 0.000022
6339 0.000021
6340 0.000031
6341 0.000023
6342 0.000016
6343 0.000026
6344 0.000020
6345 0.000014
6346 0.000020
6347 0.000027
6348 0.000016
6349 0.000017
6350 0.000012
6351 0.000015
6352 0.000009
6353 0.000017
6354 0.000029
6355 0.000014
6356 0.000011
6357 0.000037
6358 0.000028
6359 0.000017
6360 0.000015
6361 0.000015
6362 0.000013
6363 0.000015
6364 0.000032
6365 0.000016
6366 0.000014
6367 0.000022
6368 0.000010
6369 0.000019
6370 0.000022
6371 0.000018
6372 0.000020
6373 0.000021
6374 0.000015
6375 0.000024
6376 0.000011
6377 0.000010
6378 0.000015
6379 0.000026
6380 0.000032
6381 0.000021
6382 0.000023
6383 0.000011
6384 0.000028
6385 0.000015
6386 0.000012
6387 0.000009
6388 0.000026
6389 0.000014
6390 0.000029
6391 0.000012
6392 0.000016
6393 0.000020
6394 0.000035
6395 0.000013
6396 0.000013
6397 0.000018
6398 0.000010
6399 0.000006
6400 0.000010
6401 0.000007
6402 0.000010
6403 0.000019
6404 0.000019
6405 0.000016
6406 0.000010
6407 0.000018
6408 0.000031
6409 0.000015
6410 0.000018
6411 0.000014
6412 0.000015
6413 0.000016
6414 0.000019
6415 0.000014
6416 0.000020
6417 0.000019
6418 0.000030
6419 0.000027
6420 0.000041
6421 0.000036
6422 0.000024
6423 0.000017
6424 0.000006
6425 0.000022
6426 0.000022
6427 0.000014
6428 0.000026
6429 0.000028
6430 0.000036
6431 0.000022
6432 0.000013
6433 0.000015
6434 0.000016
6435 0.000030
6436 0.000022
6437 0.000018
6438 0.000036
6439 0.000029
6440 0.000024
6441 0.000029
6442 0.000026
6443 0.000019
6444 0.000026
6445 0.000029
6446 0.000022
6447 0.000014
6448 0.000020
6449 0.000044
6450 0.000038
6451 0.000019
6452 0.000023
6453 0.000013
6454 0.000017
6455 0.000019
6456 0.000022
6457 0.000024
6458 0.000036
6459 0.000030
6460 0.000039
6461 0.000023
6462 0.000012
6463 0.000008
6464 0.000011
6465 0.000010
6466 0.000019
6467 0.000023
6468 0.000018
6469 0.000017
6470 0.000020
6471 0.000008
6472 0.000009
6473 0.000021
6474 0.000045
6475 0.000025
6476 0.000031
6477 0.000022
6478 0.000006
6479 0.000021
6480 0.000022
6481 0.000020
6482 0.000012
6483 0.000026
6484 0.000027
6485 0.000028
6486 0.000010
6487 0.000019
6488 0.000018
6489 0.000017
6490 0.000016
6491 0.000012
6492 0.000021
6493 0.000011
6494 0.000024
6495 0.000015
6496 0.000017
6497 0.000012
6498 0.000018
6499 0.000022
6500 0.000014
6501 0.000021
6502 0.000021
6503 0.000010
6504 0.000023
6505 0.000015
6506 0.000024
6507 0.000023
6508 0.000017
6509 0.000028
6510 0.000022
6511 0.000024
6512 0.000030
6513 0.000042
6514 0.000026
6515 0.000043
6516 0.000034
6517 0.000023
6518 0.000027
6519 0.000010
6520 0.000009
6521 0.000022
6522 0.000023
6523 0.000033
6524 0.000015
6525 0.000014
6526 0.000017
6527 0.000010
6528 0.000023
6529 0.000017
6530 0.000020
6531 0.000012
6532 0.000010
6533 0.000010
6534 0.000012
6535 0.000031
6536 0.000020
6537 0.000021
6538 0.000018
6539 0.000023
6540 0.000035
6541 0.000020
6542 0.000032
6543 0.000032
6544 0.000023
6545 0.000012
6546 0.000021
6547 0.000020
6548 0.000011
6549 0.000022
6550 0.000018
6551 0.000018
6552 0.000011
6553 0.000028
6554 0.000035
6555 0.000021
6556 0.000015
6557 0.000008
6558 0.000023
6559 0.000022
6560 0.000010
6561 0.000015
6562 0.000023
6563 0.000014
6564 0.000016
6565 0.000016
6566 0.000014
6567 0.000022
6568 0.000017
6569 0.000021
6570 0.000010
6571 0.000016
6572 0.000023
6573 0.000015
6574 0.000039
6575 0.000030
6576 0.000023
6577 0.000014
6578 0.000026
6579 0.000018
6580 0.000038
6581 0.000025
6582 0.000018
6583 0.000022
6584 0.000029
6585 0.000026
6586 0.000010
6587 0.000009
6588 0.000006
6589 0.000009
6590 0.000012
6591 0.000022
6592 0.000017
6593 0.000018
6594 0.000011
6595 0.000016
6596 0.000021
6597 0.000020
6598 0.000026
6599 0.000018
6600 0.000043
6601 0.000032
6602 0.000016
6603 0.000022
6604 0.000038
6605 0.000035
6606 0.000021
6607 0.000027
6608 0.000009
6609 0.000008
6610 0.000030
6611 0.000023
6612 0.000020
6613 0.000024
6614 0.000039
6615 0.000037
6616 0.000035
6617 0.000021
6618 0.000015
6619 0.000016
6620 0.000012
6621 0.000029
6622 0.000013
6623 0.000023
6624 0.000029
6625 0.000008
6626 0.000034
6627 0.000021
6628 0.000009
6629 0.000017
6630 0.000014
6631 0.000010
6632 0.000013
6633 0.000018
6634 0.000030
6635 0.000017
6636 0.000019
6637 0.000023
6638 0.000011
6639 0.000023
6640 0.000027
6641 0.000022
6642 0.000040
6643 0.000019
6644 0.000022
6645 0.000008
6646 0.000013
6647 0.000011
6648 0.000017
6649 0.000017
6650 0.000015
6651 0.000020
6652 0.000028
6653 0.000020
6654 0.000025
6655 0.000006
6656 0.000004
6657 0.000011
6658 0.000049
6659 0.000017
6660 0.000030
6661 0.000013
6662 0.000012
6663 0.000032
6664 0.000017
6665 0.000014
6666 0.000024
6667 0.000017
6668 0.000024
6669 0.000032
6670 0.000019
6671 0.000020
6672 0.000011
6673 0.000012
6674 0.000007
6675 0.000010
6676 0.000023
6677 0.000010
6678 0.000012
6679 0.000010
6680 0.000018
6681 0.000022
6682 0.000023
6683 0.000009
6684 0.000014
6685 0.000018
6686 0.000018
6687 0.000021
6688 0.000017
6689 0.000026
6690 0.000014
6691 0.000018
6692 0.000015
6693 0.000015
6694 0.000036
6695 0.000035
6696 0.000025
6697 0.000028
6698 0.000038
6699 0.000019
6700 0.000007
6701 0.000028
6702 0.000022
6703 0.000016
6704 0.000020
6705 0.000009
6706 0.000022
6707 0.000020
6708 0.000025
6709 0.000015
6710 0.000012
6711 0.000011
6712 0.000015
6713 0.000022
6714 0.000013
6715 0.000024
6716 0.000023
6717 0.000015
6718 0.000013
6719 0.000015
6720 0.000034
6721 0.000017
6722 0.000008
6723 0.000020
6724 0.000017
6725 0.000022
6726 0.000016
6727 0.000025
6728 0.000015
6729 0.000008
6730 0.000014
6731 0.000024
6732 0.000028
6733 0.000017
6734 0.000014
6735 0.000032
6736 0.000021
6737 0.000026
6738 0.000011
6739 0.000010
6740 0.000015
6741 0.000010
6742 0.000021
6743 0.000018
6744 0.000026
6745 0.000014
6746 0.000035
6747 0.000019
6748 0.000011
6749 0.000017
6750 0.000030
6751 0.000014
6752 0.000020
6753 0.000017
6754 0.000014
6755 0.000015
6756 0.000027
6757 0.000014
6758 0.000018
6759 0.000016
6760 0.000034
6761 0.000019
6762 0.000039
6763 0.000028
6764 0.000021
6765 0.000014
6766 0.000012
6767 0.000014
6768 0.000009
6769 0.000021
6770 0.000020
6771 0.000010
6772 0.000014
6773 0.000013
6774 0.000013
6775 0.000022
6776 0.000016
6777 0.000007
6778 0.000017
6779 0.000013
6780 0.000038
6781 0.000019
6782 0.000019
6783 0.000007
6784 0.000011
6785 0.000012
6786 0.000013
6787 0.000027
6788 0.000025
6789 0.000019
6790 0.000032
6791 0.000019
6792 0.000015
6793 0.000027
6794 0.000014
6795 0.000016
6796 0.000009
6797 0.000008
6798 0.000008
6799 0.000004
6800 0.000013
6801 0.000026
6802 0.000027
6803 0.000019
6804 0.000017
6805 0.000020
6806 0.000030
6807 0.000022
6808 0.000014
6809 0.000016
6810 0.000005
6811 0.000020
6812 0.000022
6813 0.000017
6814 0.000015
6815 0.000026
6816 0.000026
6817 0.000044
6818 0.000020
6819 0.000016
6820 0.000005
6821 0.000011
6822 0.000007
6823 0.000022
6824 0.000030
6825 0.000014
6826 0.000023
6827 0.000013
6828 0.000013
6829 0.000025
6830 0.000017
6831 0.000014
6832 0.000010
6833 0.000037
6834 0.000021
6835 0.000030
6836 0.000027
6837 0.000020
6838 0.000025
6839 0.000018
6840 0.000031
6841 0.000019
6842 0.000028
6843 0.000023
6844 0.000023
6845 0.000025
6846 0.000013
6847 0.000016
6848 0.000017
6849 0.000011
6850 0.000015
6851 0.000008
6852 0.000015
6853 0.000017
6854 0.000029
6855 0.000012
6856 0.000019
6857 0.000030
6858 0.000020
6859 0.000035
6860 0.000038
6861 0.000024
6862 0.000015
6863 0.000020
6864 0.000031
6865 0.000023
6866 0.000028
6867 0.000029
6868 0.000019
6869 0.000027
6870 0.000024
6871 0.000007
6872 0.000013
6873 0.000031
6874 0.000023
6875 0.000026
6876 0.000018
6877 0.000007
6878 0.000037
6879 0.000022
6880 0.000026
6881 0.000020
6882 0.000007
6883 0.000020
6884 0.000020
6885 0.000027
6886 0.000035
6887 0.000017
6888 0.000018
6889 0.000036
6890 0.000036
6891 0.000016
6892 0.000022
6893 0.000049
6894 0.000019
6895 0.000022
6896 0.000021
6897 0.000018
6898 0.000018
6899 0.000014
6900 0.000016
6901 0.000022
6902 0.000012
6903 0.000018
6904 0.000017
6905 0.000013
6906 0.000023
6907 0.000011
6908 0.000024
6909 0.000019
6910 0.000020
6911 0.000021
6912 0.000027
6913 0.000015
6914 0.000022
6915 0.000034
6916 0.000027
6917 0.000022
6918 0.000023
6919 0.000020
6920 0.000041
6921 0.000018
6922 0.000008
6923 0.000014
6924 0.000015
6925 0.000021
6926 0.000015
6927 0.000009
6928 0.000026
6929 0.000020
6930 0.000033
6931 0.000020
6932 0.000017
6933 0.000025
6934 0.000015
6935 0.000007
6936 0.000012
6937 0.000010
6938 0.000013
6939 0.000010
6940 0.000010
6941 0.000014
6942 0.000016
6943 0.000019
6944 0.000013
6945 0.000020
6946 0.000015
6947 0.000011
6948 0.000008
6949 0.000021
6950 0.000034
6951 0.000034
6952 0.000009
6953 0.000011
6954 0.000014
6955 0.000034
6956 0.000021
6957 0.000017
6958 0.000016
6959 0.000012
6960 0.000010
6961 0.000014
6962 0.000022
6963 0.000020
6964 0.000021
6965 0.000030
6966 0.000012
6967 0.000023
6968 0.000012
6969 0.000007
6970 0.000026
6971 0.000014
6972 0.000024
6973 0.000013
6974 0.000019
6975 0.000016
6976 0.000027
6977 0.000029
6978 0.000016
6979 0.000022
6980 0.000023
6981 0.000026
6982 0.000010
6983 0.000021
6984 0.000034
6985 0.000020
6986 0.000008
6987 0.000017
6988 0.000027
6989 0.000016
6990 0.000011
6991 0.000015
6992 0.000018
6993 0.000019
6994 0.000029
6995 0.000022
6996 0.000024
6997 0.000027
6998 0.000025
6999 0.000019
7000 0.000026
7001 0.000009
7002 0.000015
7003 0.000012
7004 0.000023
7005 0.000020
7006 0.000016
7007 0.000031
7008 0.000025
7009 0.000022
7010 0.000015
7011 0.000022
7012 0.000019
7013 0.000012
7014 0.000018
7015 0.000017
7016 0.000022
7017 0.000015
7018 0.000012
7019 0.000014
7020 0.000010
7021 0.000021
7022 0.000029
7023 0.000034
7024 0.000023
7025 0.000026
7026 0.000028
7027 0.000036
7028 0.000023
7029 0.000040
7030 0.000022
7031 0.000023
7032 0.000017
7033 0.000016
7034 0.000019
7035 0.000025
7036 0.000015
7037 0.000009
7038 0.000014
7039 0.000014
7040 0.000014
7041 0.000012
7042 0.000049
7043 0.000022
7044 0.000015
7045 0.000017
7046 0.000012
7047 0.000019
7048 0.000017
7049 0.000010
7050 0.000016
7051 0.000015
7052 0.000028
7053 0.000016
7054 0.000013
7055 0.000019
7056 0.000025
7057 0.000015
7058 0.000019
7059 0.000015
7060 0.000023
7061 0.000016
7062 0.000014
7063 0.000012
7064 0.000021
7065 0.000009
7066 0.000022
7067 0.000008
7068 0.000013
7069 0.000019
7070 0.000014
7071 0.000018
7072 0.000009
7073 0.000010
7074 0.000020
7075 0.000026
7076 0.000030
7077 0.000020
7078 0.000005
7079 0.000009
7080 0.000027
7081 0.000032
7082 0.000017
7083 0.000005
7084 0.000012
7085 0.000020
7086 0.000014
7087 0.000015
7088 0.000014
7089 0.000026
7090 0.000026
7091 0.000008
7092 0.000014
7093 0.000025
7094 0.000010
7095 0.000009
7096 0.000011
7097 0.000021
7098 0.000010
7099 0.000012
7100 0.000021
7101 0.000023
7102 0.000032
7103 0.000030
7104 0.000015
7105 0.000018
7106 0.000014
7107 0.000025
7108 0.000021
7109 0.000022
7110 0.000017
7111 0.000019
7112 0.000022
7113 0.000018
7114 0.000015
7115 0.000018
7116 0.000019
7117 0.000009
7118 0.000023
7119 0.000011
7120 0.000012
7121 0.000012
7122 0.000022
7123 0.000025
7124 0.000030
7125 0.000017
7126 0.000016
7127 0.000010
7128 0.000017
7129 0.000013
7130 0.000023
7131 0.000014
7132 0.000009
7133 0.000016
7134 0.000020
7135 0.000018
7136 0.000009
7137 0.000007
7138 0.000037
7139 0.000017
7140 0.000029
7141 0.000042
7142 0.000017
7143 0.000016
7144 0.000012
7145 0.000018
7146 0.000024
7147 0.000021
7148 0.000015
7149 0.000035
7150 0.000028
7151 0.000017
7152 0.000022
7153 0.000016
7154 0.000010
7155 0.000036
7156 0.000024
7157 0.000014
7158 0.000008
7159 0.000025
7160 0.000026
7161 0.000010
7162 0.000020
7163 0.000018
7164 0.000037
7165 0.000027
7166 0.000029
7167 0.000023
7168 0.000020
7169 0.000017
7170 0.000025
7171 0.000033
7172 0.000014
7173 0.000013
7174 0.000017
7175 0.000023
7176 0.000026
7177 0.000017
7178 0.000019
7179 0.000018
7180 0.000014
7181 0.000033
7182 0.000021
7183 0.000019
7184 0.000016
7185 0.000010
7186 0.000017
7187 0.000017
7188 0.000020
7189 0.000021
7190 0.000012
7191 0.000026
7192 0.000030
7193 0.000039
7194 0.000024
7195 0.000021
7196 0.000012
7197 0.000015
7198 0.000037
7199 0.000013
7200 0.000016
7201 0.000008
7202 0.000008
7203 0.000028
7204 0.000017
7205 0.000026
7206 0.000021
7207 0.000026
7208 0.000035
7209 0.000041
7210 0.000045
7211 0.000016
7212 0.000019
7213 0.000013
7214 0.000023
7215 0.000035
7216 0.000018
7217 0.000025
7218 0.000013
7219 0.000025
7220 0.000013
7221 0.000036
7222 0.000021
7223 0.000029
7224 0.000013
7225 0.000008
7226 0.000025
7227 0.000017
7228 0.000014
7229 0.000026
7230 0.000026
7231 0.000016
7232 0.000017
7233 0.000023
7234 0.000014
7235 0.000023
7236 0.000028
7237 0.000024
7238 0.000024
7239 0.000025
7240 0.000042
7241 0.000027
7242 0.000019
7243 0.000035
7244 0.000030
7245 0.000022
7246 0.000018
7247 0.000023
7248 0.000026
7249 0.000024
7250 0.000015
7251 0.000022
7252 0.000023
7253 0.000020
7254 0.000018
7255 0.000021
7256 0.000020
7257 0.000024
7258 0.000021
7259 0.000037
7260 0.000014
7261 0.000017
7262 0.000018
7263 0.000031
7264 0.000028
7265 0.000031
7266 0.000023
7267 0.000025
7268 0.000008
7269 0.000015
7270 0.000017
7271 0.000022
7272 0.000014
7273 0.000008
7274 0.000011
7275 0.000009
7276 0.000008
7277 0.000012
7278 0.000006
7279 0.000011
7280 0.000010
7281 0.000014
7282 0.000020
7283 0.000022
7284 0.000016
7285 0.000019
7286 0.000016
7287 0.000015
7288 0.000021
7289 0.000030
7290 0.000021
7291 0.000011
7292 0.000022
7293 0.000010
7294 0.000017
7295 0.000021
7296 0.000012
7297 0.000024
7298 0.000018
7299 0.000029
7300 0.000022
7301 0.000015
7302 0.000018
7303 0.000019
7304 0.000023
7305 0.000034
7306 0.000012
7307 0.000024
7308 0.000039
7309 0.000024
7310 0.000016
7311 0.000028
7312 0.000033
7313 0.000022
7314 0.000011
7315 0.000034
7316 0.000021
7317 0.000020
7318 0.000025
7319 0.000016
7320 0.000015
7321 0.000015
7322 0.000011
7323 0.000014
7324 0.000018
7325 0.000027
7326 0.000023
7327 0.000017
7328 0.000011
7329 0.000016
7330 0.000016
7331 0.000025
7332 0.000028
7333 0.000018
7334 0.000023
7335 0.000013
7336 0.000016
7337 0.000011
7338 0.000023
7339 0.000022
7340 0.000009
7341 0.000009
7342 0.000008
7343 0.000019
7344 0.000010
7345 0.000020
7346 0.000019
7347 0.000011
7348 0.000013
7349 0.000029
7350 0.000034
7351 0.000024
7352 0.000012
7353 0.000028
7354 0.000025
7355 0.000015
7356 0.000016
7357 0.000020
7358 0.000010
7359 0.000015
7360 0.000013
7361 0.000033
7362 0.000023
7363 0.000015
7364 0.000013
7365 0.000016
7366 0.000017
7367 0.000015
7368 0.000024
7369 0.000025
7370 0.000018
7371 0.000013
7372 0.000020
7373 0.000014
7374 0.000026
7375 0.000016
7376 0.000013
7377 0.000021
7378 0.000030
7379 0.000017
7380 0.000016
7381 0.000011
7382 0.000013
7383 0.000014
7384 0.000014
7385 0.000039
7386 0.000028
7387 0.000014
7388 0.000026
7389 0.000023
7390 0.000027
7391 0.000018
7392 0.000019
7393 0.000043
7394 0.000017
7395 0.000024
7396 0.000017
7397 0.000022
7398 0.000028
7399 0.000011
7400 0.000015
7401 0.000026
7402 0.000010
7403 0.000031
7404 0.000016
7405 0.000020
7406 0.000022
7407 0.000016
7408 0.000008
7409 0.000026
7410 0.000019
7411 0.000012
7412 0.000021
7413 0.000015
7414 0.000017
7415 0.000021
7416 0.000022
7417 0.000032
7418 0.000022
7419 0.000012
7420 0.000018
7421 0.000037
7422 0.000020
7423 0.000009
7424 0.000009
7425 0.000013
7426 0.000006
7427 0.000023
7428 0.000015
7429 0.000020
7430 0.000016
7431 0.000014
7432 0.000020
7433 0.000019
7434 0.000018
7435 0.000028
7436 0.000014
7437 0.000010
7438 0.000021
7439 0.000022
7440 0.000015
7441 0.000006
7442 0.000012
7443 0.000023
7444 0.000018
7445 0.000008
7446 0.000019
7447 0.000013
7448 0.000021
7449 0.000027
7450 0.000039
7451 0.000025
7452 0.000024
7453 0.000020
7454 0.000010
7455 0.000013
7456 0.000018
7457 0.000017
7458 0.000013
7459 0.000027
7460 0.000035
7461 0.000013
7462 0.000015
7463 0.000013
7464 0.000008
7465 0.000019
7466 0.000022
7467 0.000016
7468 0.000006
7469 0.000014
7470 0.000017
7471 0.000020
7472 0.000030
7473 0.000012
7474 0.000016
7475 0.000016
7476 0.000017
7477 0.000018
7478 0.000023
7479 0.000007
7480 0.000012
7481 0.000011
7482 0.000020
7483 0.000018
7484 0.000012
7485 0.000015
7486 0.000012
7487 0.000015
7488 0.000009
7489 0.000013
7490 0.000019
7491 0.000027
7492 0.000018
7493 0.000021
7494 0.000022
7495 0.000014
7496 0.000013
7497 0.000022
7498 0.000022
7499 0.000014
7500 0.000024
7501 0.000022
7502 0.000017
7503 0.000017
7504 0.000026
7505 0.000014
7506 0.000009
7507 0.000021
7508 0.000029
7509 0.000020
7510 0.000031
7511 0.000020
7512 0.000013
7513 0.000013
7514 0.000018
7515 0.000018
7516 0.000015
7517 0.000020
7518 0.000037
7519 0.000035
7520 0.000031
7521 0.000020
7522 0.000013
7523 0.000017
7524 0.000008
7525 0.000020
7526 0.000008
7527 0.000012
7528 0.000011
7529 0.000025
7530 0.000008
7531 0.000013
7532 0.000018
7533 0.000019
7534 0.000016
7535 0.000013
7536 0.000019
7537 0.000018
7538 0.000007
7539 0.000015
7540 0.000019
7541 0.000015
7542 0.000020
7543 0.000030
7544 0.000023
7545 0.000041
7546 0.000028
7547 0.000019
7548 0.000031
7549 0.000021
7550 0.000014
7551 0.000014
7552 0.000009
7553 0.000013
7554 0.000024
7555 0.000048
7556 0.000039
7557 0.000050
7558 0.000026
7559 0.000026
7560 0.000028
7561 0.000025
7562 0.000035
7563 0.000022
7564 0.000024
7565 0.000021
7566 0.000026
7567 0.000023
7568 0.000020
7569 0.000010
7570 0.000004
7571 0.000004
7572 0.000015
7573 0.000005
7574 0.000014
7575 0.000014
7576 0.000020
7577 0.000017
7578 0.000015
7579 0.000013
7580 0.000005
7581 0.000015
7582 0.000008
7583 0.000013
7584 0.000021
7585 0.000031
7586 0.000012
7587 0.000027
7588 0.000019
7589 0.000028
7590 0.000035
7591 0.000057
7592 0.000019
7593 0.000019
7594 0.000022
7595 0.000023
7596 0.000030
7597 0.000023
7598 0.000025
7599 0.000014
7600 0.000024
7601 0.000023
7602 0.000020
7603 0.000021
7604 0.000014
7605 0.000027
7606 0.000022
7607 0.000018
7608 0.000009
7609 0.000018
7610 0.000013
7611 0.000009
7612 0.000019
7613 0.000014
7614 0.000021
7615 0.000018
7616 0.000018
7617 0.000023
7618 0.000026
7619 0.000010
7620 0.000017
7621 0.000016
7622 0.000011
7623 0.000012
7624 0.000019
7625 0.000020
7626 0.000035
7627 0.000008
7628 0.000024
7629 0.000017
7630 0.000015
7631 0.000017
7632 0.000053
7633 0.000025
7634 0.000020
7635 0.000014
7636 0.000027
7637 0.000018
7638 0.000014
7639 0.000017
7640 0.000020
7641 0.000022
7642 0.000023
7643 0.000021
7644 0.000028
7645 0.000039
7646 0.000010
7647 0.000013
7648 0.000026
7649 0.000035
7650 0.000019
7651 0.000012
7652 0.000025
7653 0.000021
7654 0.000015
7655 0.000019
7656 0.000033
7657 0.000038
7658 0.000020
7659 0.000011
7660 0.000018
7661 0.000017
7662 0.000025
7663 0.000032
7664 0.000017
7665 0.000022
7666 0.000005
7667 0.000023
7668 0.000022
7669 0.000011
7670 0.000014
7671 0.000024
7672 0.000026
7673 0.000030
7674 0.000025
7675 0.000027
7676 0.000012
7677 0.000010
7678 0.000014
7679 0.000007
7680 0.000007
7681 0.000013
7682 0.000018
7683 0.000027
7684 0.000008
7685 0.000024
7686 0.000006
7687 0.000004
7688 0.000017
7689 0.000011
7690 0.000009
7691 0.000025
7692 0.000011
7693 0.000014
7694 0.000021
7695 0.000016
7696 0.000025
7697 0.000026
7698 0.000025
7699 0.000015
7700 0.000024
7701 0.000027
7702 0.000013
7703 0.000019
7704 0.000012
7705 0.000018
7706 0.000009
7707 0.000011
7708 0.000019
7709 0.000015
7710 0.000012
7711 0.000011
7712 0.000020
7713 0.000029
7714 0.000034
7715 0.000023
7716 0.000019
7717 0.000018
7718 0.000018
7719 0.000010
7720 0.000031
7721 0.000013
7722 0.000030
7723 0.000018
7724 0.000025
7725 0.000010
7726 0.000021
7727 0.000032
7728 0.000040
7729 0.000034
7730 0.000027
7731 0.000014
7732 0.000021
7733 0.000008
7734 0.000009
7735 0.000023
7736 0.000016
7737 0.000021
7738 0.000037
7739 0.000042
7740 0.000049
7741 0.000016
7742 0.000027
7743 0.000033
7744 0.000021
7745 0.000014
7746 0.000006
7747 0.000012
7748 0.000010
7749 0.000038
7750 0.000027
7751 0.000035
7752 0.000032
7753 0.000032
7754 0.000017
7755 0.000008
7756 0.000037
7757 0.000046
7758 0.000037
7759 0.000010
7760 0.000010
7761 0.000005
7762 0.000024
7763 0.000023
7764 0.000030
7765 0.000018
7766 0.000013
7767 0.000020
7768 0.000012
7769 0.000021
7770 0.000025
7771 0.000017
7772 0.000026
7773 0.000018
7774 0.000007
7775 0.000019
7776 0.000006
7777 0.000017
7778 0.000014
7779 0.000008
7780 0.000015
7781 0.000017
7782 0.000013
7783 0.000015
7784 0.000014
7785 0.000023
7786 0.000012
7787 0.000020
7788 0.000014
7789 0.000026
7790 0.000018
7791 0.000022
7792 0.000011
7793 0.000033
7794 0.000016
7795 0.000022
7796 0.000024
7797 0.000021
7798 0.000031
7799 0.000015
7800 0.000012
7801 0.000014
7802 0.000032
7803 0.000015
7804 0.000026
7805 0.000018
7806 0.000023
7807 0.000016
7808 0.000029
7809 0.000028
7810 0.000025
7811 0.000020
7812 0.000010
7813 0.000016
7814 0.000015
7815 0.000027
7816 0.000017
7817 0.000024
7818 0.000011
7819 0.000012
7820 0.000011
7821 0.000015
7822 0.000013
7823 0.000021
7824 0.000021
7825 0.000022
7826 0.000018
7827 0.000017
7828 0.000016
7829 0.000007
7830 0.000014
7831 0.000008
7832 0.000006
7833 0.000032
7834 0.000021
7835 0.000010
7836 0.000010
7837 0.000012
7838 0.000018
7839 0.000010
7840 0.000020
7841 0.000013
7842 0.000010
7843 0.000012
7844 0.000016
7845 0.000029
7846 0.000035
7847 0.000018
7848 0.000014
7849 0.000017
7850 0.000028
7851 0.000014
7852 0.000035
7853 0.000036
7854 0.000026
7855 0.000036
7856 0.000020
7857 0.000033
7858 0.000019
7859 0.000020
7860 0.000032
7861 0.000030
7862 0.000027
7863 0.000022
7864 0.000038
7865 0.000019
7866 0.000022
7867 0.000021
7868 0.000014
7869 0.000016
7870 0.000014
7871 0.000005
7872 0.000014
7873 0.000019
7874 0.000019
7875 0.000015
7876 0.000028
7877 0.000015
7878 0.000015
7879 0.000023
7880 0.000019
7881 0.000028
7882 0.000029
7883 0.000015
7884 0.000014
7885 0.000013
7886 0.000013
7887 0.000024
7888 0.000020
7889 0.000020
7890 0.000011
7891 0.000017
7892 0.000024
7893 0.000026
7894 0.000012
7895 0.000018
7896 0.000024
7897 0.000013
7898 0.000017
7899 0.000023
7900 0.000017
7901 0.000026
7902 0.000010
7903 0.000013
7904 0.000033
7905 0.000016
7906 0.000013
7907 0.000015
7908 0.000031
7909 0.000028
7910 0.000026
7911 0.000024
7912 0.000034
7913 0.000022
7914 0.000024
7915 0.000019
7916 0.000020
7917 0.000019
7918 0.000017
7919 0.000024
7920 0.000013
7921 0.000018
7922 0.000018
7923 0.000020
7924 0.000013
7925 0.000011
7926 0.000020
7927 0.000028
7928 0.000021
7929 0.000020
7930 0.000005
7931 0.000016
7932 0.000029
7933 0.000018
7934 0.000021
7935 0.000021
7936 0.000012
7937 0.000020
7938 0.000017
7939 0.000033
7940 0.000021
7941 0.000015
7942 0.000024
7943 0.000030
7944 0.000018
7945 0.000013
7946 0.000040
7947 0.000030
7948 0.000026
7949 0.000024
7950 0.000016
7951 0.000013
7952 0.000022
7953 0.000030
7954 0.000016
7955 0.000041
7956 0.000014
7957 0.000009
7958 0.000024
7959 0.000020
7960 0.000022
7961 0.000039
7962 0.000015
7963 0.000018
7964 0.000014
7965 0.000007
7966 0.000019
7967 0.000011
7968 0.000010
7969 0.000007
7970 0.000007
7971 0.000014
7972 0.000020
7973 0.000018
7974 0.000033
7975 0.000030
7976 0.000019
7977 0.000022
7978 0.000027
7979 0.000019
7980 0.000012
7981 0.000022
7982 0.000016
7983 0.000018
7984 0.000009
7985 0.000025
7986 0.000025
7987 0.000015
7988 0.000042
7989 0.000015
7990 0.000033
7991 0.000014
7992 0.000014
7993 0.000022
7994 0.000011
7995 0.000029
7996 0.000024
7997 0.000022
7998 0.000017
7999 0.000010
8000 0.000052
8001 0.000023
8002 0.000019
8003 0.000010
8004 0.000018
8005 0.000021
8006 0.000022
8007 0.000012
8008 0.000012
8009 0.000022
8010 0.000016
8011 0.000005
8012 0.000012
8013 0.000042
8014 0.000011
8015 0.000006
8016 0.000011
8017 0.000012
8018 0.000022
8019 0.000022
8020 0.000016
8021 0.000014
8022 0.000017
8023 0.000011
8024 0.000013
8025 0.000018
8026 0.000019
8027 0.000018
8028 0.000014
8029 0.000022
8030 0.000025
8031 0.000025
8032 0.000026
8033 0.000010
8034 0.000009
8035 0.000021
8036 0.000014
8037 0.000010
8038 0.000026
8039 0.000035
8040 0.000013
8041 0.000019
8042 0.000037
8043 0.000035
8044 0.000027
8045 0.000015
8046 0.000017
8047 0.000020
8048 0.000025
8049 0.000014
8050 0.000016
8051 0.000019
8052 0.000023
8053 0.000015
8054 0.000018
8055 0.000015
8056 0.000020
8057 0.000012
8058 0.000014
8059 0.000021
8060 0.000009
8061 0.000018
8062 0.000015
8063 0.000007
8064 0.000018
8065 0.000019
8066 0.000015
8067 0.000033
8068 0.000033
8069 0.000013
8070 0.000016
8071 0.000007
8072 0.000022
8073 0.000014
8074 0.000030
8075 0.000026
8076 0.000024
8077 0.000016
8078 0.000015
8079 0.000017
8080 0.000024
8081 0.000022
8082 0.000015
8083 0.000017
8084 0.000030
8085 0.000021
8086 0.000013
8087 0.000011
8088 0.000008
8089 0.000012
8090 0.000009
8091 0.000012
8092 0.000020
8093 0.000020
8094 0.000018
8095 0.000019
8096 0.000020
8097 0.000016
8098 0.000021
8099 0.000027
8100 0.000026
8101 0.000021
8102 0.000020
8103 0.000029
8104 0.000032
8105 0.000028
8106 0.000012
8107 0.000020
8108 0.000007
8109 0.000018
8110 0.000022
8111 0.000013
8112 0.000011
8113 0.000036
8114 0.000039
8115 0.000022
8116 0.000016
8117 0.000016
8118 0.000013
8119 0.000019
8120 0.000029
8121 0.000023
8122 0.000018
8123 0.000017
8124 0.000031
8125 0.000018
8126 0.000036
8127 0.000023
8128 0.000025
8129 0.000016
8130 0.000024
8131 0.000012
8132 0.000018
8133 0.000013
8134 0.000006
8135 0.000019
8136 0.000035
8137 0.000015
8138 0.000036
8139 0.000025
8140 0.000024
8141 0.000020
8142 0.000024
8143 0.000017
8144 0.000017
8145 0.000014
8146 0.000017
8147 0.000033
8148 0.000012
8149 0.000025
8150 0.000032
8151 0.000034
8152 0.000027
8153 0.000009
8154 0.000017
8155 0.000021
8156 0.000009
8157 0.000010
8158 0.000015
8159 0.000021
8160 0.000030
8161 0.000025
8162 0.000009
8163 0.000017
8164 0.000020
8165 0.000011
8166 0.000023
8167 0.000014
8168 0.000018
8169 0.000017
8170 0.000014
8171 0.000023
8172 0.000011
8173 0.000019
8174 0.000017
8175 0.000024
8176 0.000023
8177 0.000031
8178 0.000015
8179 0.000015
8180 0.000018
8181 0.000018
8182 0.000013
8183 0.000016
8184 0.000012
8185 0.000027
8186 0.000014
8187 0.000029
8188 0.000012
8189 0.000018
8190 0.000023
8191 0.000026
8192 0.000018
8193 0.000021
8194 0.000024
8195 0.000024
8196 0.000019
8197 0.000021
8198 0.000025
8199 0.000019
8200 0.000018
8201 0.000017
8202 0.000040
8203 0.000021
8204 0.000015
8205 0.000022
8206 0.000014
8207 0.000022
8208 0.000027
8209 0.000027
8210 0.000045
8211 0.000043
8212 0.000023
8213 0.000014
8214 0.000018
8215 0.000027
8216 0.000006
8217 0.000016
8218 0.000013
8219 0.000012
8220 0.000009
8221 0.000015
8222 0.000047
8223 0.000018
8224 0.000031
8225 0.000012
8226 0.000016
8227 0.000027
8228 0.000011
8229 0.000008
8230 0.000008
8231 0.000025
8232 0.000014
8233 0.000005
8234 0.000018
8235 0.000016
8236 0.000022
8237 0.000011
8238 0.000013
8239 0.000021
8240 0.000026
8241 0.000014
8242 0.000017
8243 0.000011
8244 0.000010
8245 0.000013
8246 0.000005
8247 0.000017
8248 0.000031
8249 0.000024
8250 0.000013
8251 0.000033
8252 0.000028
8253 0.000013
8254 0.000005
8255 0.000012
8256 0.000010
8257 0.000011
8258 0.000007
8259 0.000023
8260 0.000024
8261 0.000025
8262 0.000013
8263 0.000022
8264 0.000025
8265 0.000022
8266 0.000035
8267 0.000024
8268 0.000017
8269 0.000018
8270 0.000008
8271 0.000018
8272 0.000014
8273 0.000040
8274 0.000019
8275 0.000015
8276 0.000023
8277 0.000015
8278 0.000016
8279 0.000018
8280 0.000022
8281 0.000035
8282 0.000015
8283 0.000026
8284 0.000032
8285 0.000016
8286 0.000023
8287 0.000012
8288 0.000012
8289 0.000011
8290 0.000008
8291 0.000007
8292 0.000020
8293 0.000007
8294 0.000013
8295 0.000024
8296 0.000021
8297 0.000019
8298 0.000015
8299 0.000011
8300 0.000021
8301 0.000038
8302 0.000021
8303 0.000014
8304 0.000012
8305 0.000050
8306 0.000027
8307 0.000038
8308 0.000030
8309 0.000010
8310 0.000014
8311 0.000010
8312 0.000024
8313 0.000006
8314 0.000006
8315 0.000017
8316 0.000034
8317 0.000024
8318 0.000019
8319 0.000011
8320 0.000035
8321 0.000030
8322 0.000024
8323 0.000021
8324 0.000017
8325 0.000018
8326 0.000011
8327 0.000031
8328 0.000013
8329 0.000027
8330 0.000019
8331 0.000020
8332 0.000021
8333 0.000034
8334 0.000025
8335 0.000017
8336 0.000020
8337 0.000028
8338 0.000021
8339 0.000023
8340 0.000026
8341 0.000008
8342 0.000008
8343 0.000020
8344 0.000026
8345 0.000020
8346 0.000017
8347 0.000033
8348 0.000022
8349 0.000023
8350 0.000017
8351 0.000016
8352 0.000018
8353 0.000012
8354 0.000028
8355 0.000031
8356 0.000027
8357 0.000017
8358 0.000032
8359 0.000014
8360 0.000035
8361 0.000024
8362 0.000026
8363 0.000018
8364 0.000021
8365 0.000013
8366 0.000015
8367 0.000027
8368 0.000009
8369 0.000025
8370 0.000022
8371 0.000018
8372 0.000013
8373 0.000023
8374 0.000035
8375 0.000028
8376 0.000009
8377 0.000011
8378 0.000010
8379 0.000027
8380 0.000024
8381 0.000019
8382 0.000013
8383 0.000009
8384 0.000025
8385 0.000034
8386 0.000029
8387 0.000025
8388 0.000018
8389 0.000023
8390 0.000017
8391 0.000021
8392 0.000015
8393 0.000028
8394 0.000023
8395 0.000019
8396 0.000017
8397 0.000044
8398 0.000027
8399 0.000019
8400 0.000014
8401 0.000013
8402 0.000019
8403 0.000033
8404 0.000019
8405 0.000014
8406 0.000025
8407 0.000025
8408 0.000016
8409 0.000018
8410 0.000013
8411 0.000032
8412 0.000022
8413 0.000014
8414 0.000020
8415 0.000023
8416 0.000025
8417 0.000011
8418 0.000023
8419 0.000017
8420 0.000016
8421 0.000019
8422 0.000030
8423 0.000027
8424 0.000017
8425 0.000019
8426 0.000015
8427 0.000028
8428 0.000009
8429 0.000024
8430 0.000018
8431 0.000039
8432 0.000028
8433 0.000026
8434 0.000019
8435 0.000019
8436 0.000019
8437 0.000014
8438 0.000011
8439 0.000024
8440 0.000023
8441 0.000031
8442 0.000024
8443 0.000017
8444 0.000029
8445 0.000041
8446 0.000020
8447 0.000023
8448 0.000023
8449 0.000030
8450 0.000019
8451 0.000021
8452 0.000043
8453 0.000031
8454 0.000023
8455 0.000011
8456 0.000028
8457 0.000015
8458 0.000015
8459 0.000013
8460 0.000013
8461 0.000007
8462 0.000010
8463 0.000017
8464 0.000037
8465 0.000016
8466 0.000019
8467 0.000015
8468 0.000022
8469 0.000011
8470 0.000017
8471 0.000012
8472 0.000021
8473 0.000015
8474 0.000009
8475 0.000018
8476 0.000017
8477 0.000021
8478 0.000032
8479 0.000015
8480 0.000013
8481 0.000022
8482 0.000027
8483 0.000018
8484 0.000022
8485 0.000023
8486 0.000014
8487 0.000018
8488 0.000024
8489 0.000022
8490 0.000018
8491 0.000029
8492 0.000011
8493 0.000010
8494 0.000018
8495 0.000020
8496 0.000030
8497 0.000017
8498 0.000020
8499 0.000012
8500 0.000017
8501 0.000011
8502 0.000015
8503 0.000021
8504 0.000013
8505 0.000013
8506 0.000020
8507 0.000026
8508 0.000017
8509 0.000015
8510 0.000014
8511 0.000020
8512 0.000016
8513 0.000023
8514 0.000025
8515 0.000020
8516 0.000028
8517 0.000026
8518 0.000014
8519 0.000006
8520 0.000008
8521 0.000016
8522 0.000020
8523 0.000015
8524 0.000024
8525 0.000020
8526 0.000016
8527 0.000020
8528 0.000016
8529 0.000023
8530 0.000022
8531 0.000028
8532 0.000019
8533 0.000016
8534 0.000020
8535 0.000016
8536 0.000021
8537 0.000053
8538 0.000026
8539 0.000018
8540 0.000019
8541 0.000011
8542 0.000006
8543 0.000047
8544 0.000015
8545 0.000018
8546 0.000024
8547 0.000013
8548 0.000015
8549 0.000014
8550 0.000028
8551 0.000017
8552 0.000013
8553 0.000009
8554 0.000014
8555 0.000020
8556 0.000014
8557 0.000018
8558 0.000013
8559 0.000014
8560 0.000030
8561 0.000038
8562 0.000021
8563 0.000026
8564 0.000030
8565 0.000013
8566 0.000024
8567 0.000020
8568 0.000019
8569 0.000011
8570 0.000024
8571 0.000017
8572 0.000013
8573 0.000022
8574 0.000025
8575 0.000014
8576 0.000024
8577 0.000034
8578 0.000021
8579 0.000026
8580 0.000019
8581 0.000023
8582 0.000038
8583 0.000033
8584 0.000012
8585 0.000006
8586 0.000009
8587 0.000022
8588 0.000019
8589 0.000023
8590 0.000026
8591 0.000023
8592 0.000011
8593 0.000022
8594 0.000013
8595 0.000008
8596 0.000019
8597 0.000021
8598 0.000019
8599 0.000007
8600 0.000018
8601 0.000019
8602 0.000024
8603 0.000025
8604 0.000008
8605 0.000004
8606 0.000010
8607 0.000014
8608 0.000022
8609 0.000027
8610 0.000036
8611 0.000027
8612 0.000017
8613 0.000011
8614 0.000011
8615 0.000015
8616 0.000025
8617 0.000018
8618 0.000017
8619 0.000018
8620 0.000017
8621 0.000023
8622 0.000021
8623 0.000027
8624 0.000013
8625 0.000012
8626 0.000010
8627 0.000011
8628 0.000015
8629 0.000014
8630 0.000019
8631 0.000022
8632 0.000010
8633 0.000024
8634 0.000008
8635 0.000018
8636 0.000014
8637 0.000008
8638 0.000022
8639 0.000030
8640 0.000023
8641 0.000025
8642 0.000017
8643 0.000015
8644 0.000016
8645 0.000024
8646 0.000020
8647 0.000036
8648 0.000016
8649 0.000021
8650 0.000012
8651 0.000008
8652 0.000012
8653 0.000013
8654 0.000025
8655 0.000020
8656 0.000035
8657 0.000010
8658 0.000018
8659 0.000016
8660 0.000026
8661 0.000020
8662 0.000010
8663 0.000011
8664 0.000020
8665 0.000028
8666 0.000012
8667 0.000025
8668 0.000018
8669 0.000011
8670 0.000022
8671 0.000011
8672 0.000011
8673 0.000015
8674 0.000019
8675 0.000023
8676 0.000043
8677 0.000027
8678 0.000017
8679 0.000014
8680 0.000014
8681 0.000030
8682 0.000038
8683 0.000027
8684 0.000023
8685 0.000011
8686 0.000012
8687 0.000011
8688 0.000012
8689 0.000017
8690 0.000014
8691 0.000013
8692 0.000021
8693 0.000024
8694 0.000035
8695 0.000019
8696 0.000017
8697 0.000013
8698 0.000021
8699 0.000014
8700 0.000014
8701 0.000014
8702 0.000011
8703 0.000011
8704 0.000011
8705 0.000016
8706 0.000018
8707 0.000008
8708 0.000018
8709 0.000034
8710 0.000012
8711 0.000021
8712 0.000009
8713 0.000010
8714 0.000026
8715 0.000022
8716 0.000021
8717 0.000013
8718 0.000026
8719 0.000021
8720 0.000019
8721 0.000025
8722 0.000021
8723 0.000008
8724 0.000026
8725 0.000012
8726 0.000018
8727 0.000014
8728 0.000020
8729 0.000010
8730 0.000008
8731 0.000016
8732 0.000012
8733 0.000013
8734 0.000018
8735 0.000008
8736 0.000012
8737 0.000011
8738 0.000020
8739 0.000021
8740 0.000015
8741 0.000021
8742 0.000023
8743 0.000011
8744 0.000010
8745 0.000029
8746 0.000014
8747 0.000017
8748 0.000018
8749 0.000036
8750 0.000033
8751 0.000018
8752 0.000007
8753 0.000007
8754 0.000030
8755 0.000020
8756 0.000024
8757 0.000018
8758 0.000017
8759 0.000020
8760 0.000031
8761 0.000018
8762 0.000018
8763 0.000008
8764 0.000020
8765 0.000022
8766 0.000023
8767 0.000019
8768 0.000017
8769 0.000015
8770 0.000008
8771 0.000035
8772 0.000014
8773 0.000024
8774 0.000030
8775 0.000029
8776 0.000025
8777 0.000029
8778 0.000018
8779 0.000013
8780 0.000037
8781 0.000012
8782 0.000016
8783 0.000014
8784 0.000032
8785 0.000017
8786 0.000015
8787 0.000019
8788 0.000023
8789 0.000038
8790 0.000047
8791 0.000019
8792 0.000027
8793 0.000010
8794 0.000036
8795 0.000044
8796 0.000034
8797 0.000021
8798 0.000011
8799 0.000010
8800 0.000014
8801 0.000021
8802 0.000029
8803 0.000017
8804 0.000008
8805 0.000010
8806 0.000029
8807 0.000021
8808 0.000018
8809 0.000013
8810 0.000011
8811 0.000016
8812 0.000029
8813 0.000021
8814 0.000015
8815 0.000035
8816 0.000021
8817 0.000026
8818 0.000016
8819 0.000017
8820 0.000025
8821 0.000012
8822 0.000018
8823 0.000033
8824 0.000017
8825 0.000010
8826 0.000014
8827 0.000018
8828 0.000032
8829 0.000011
8830 0.000013
8831 0.000009
8832 0.000013
8833 0.000024
8834 0.000025
8835 0.000030
8836 0.000025
8837 0.000016
8838 0.000032
8839 0.000030
8840 0.000009
8841 0.000013
8842 0.000025
8843 0.000021
8844 0.000033
8845 0.000037
8846 0.000022
8847 0.000022
8848 0.000034
8849 0.000047
8850 0.000022
8851 0.000018
8852 0.000013
8853 0.000023
8854 0.000021
8855 0.000024
8856 0.000038
8857 0.000021
8858 0.000020
8859 0.000012
8860 0.000044
8861 0.000026
8862 0.000015
8863 0.000005
8864 0.000022
8865 0.000016
8866 0.000028
8867 0.000031
8868 0.000022
8869 0.000009
8870 0.000026
8871 0.000022
8872 0.000034
8873 0.000015
8874 0.000014
8875 0.000014
8876 0.000011
8877 0.000012
8878 0.000017
8879 0.000017
8880 0.000014
8881 0.000024
8882 0.000022
8883 0.000013
8884 0.000028
8885 0.000015
8886 0.000026
8887 0.000020
8888 0.000033
8889 0.000032
8890 0.000012
8891 0.000012
8892 0.000020
8893 0.000020
8894 0.000031
8895 0.000013
8896 0.000011
8897 0.000021
8898 0.000019
8899 0.000013
8900 0.000010
8901 0.000013
8902 0.000023
8903 0.000032
8904 0.000025
8905 0.000011
8906 0.000014
8907 0.000011
8908 0.000023
8909 0.000020
8910 0.000014
8911 0.000012
8912 0.000008
8913 0.000029
8914 0.000012
8915 0.000031
8916 0.000039
8917 0.000022
8918 0.000020
8919 0.000025
8920 0.000015
8921 0.000010
8922 0.000011
8923 0.000011
8924 0.000015
8925 0.000020
8926 0.000013
8927 0.000009
8928 0.000043
8929 0.000019
8930 0.000009
8931 0.000005
8932 0.000013
8933 0.000012
8934 0.000008
8935 0.000015
8936 0.000027
8937 0.000023
8938 0.000027
8939 0.000011
8940 0.000033
8941 0.000025
8942 0.000022
8943 0.000036
8944 0.000018
8945 0.000026
8946 0.000021
8947 0.000018
8948 0.000025
8949 0.000028
8950 0.000027
8951 0.000025
8952 0.000030
8953 0.000018
8954 0.000035
8955 0.000022
8956 0.000023
8957 0.000012
8958 0.000024
8959 0.000021
8960 0.000027
8961 0.000029
8962 0.000018
8963 0.000011
8964 0.000018
8965 0.000016
8966 0.000007
8967 0.000012
8968 0.000010
8969 0.000016
8970 0.000046
8971 0.000038
8972 0.000013
8973 0.000034
8974 0.000024
8975 0.000035
8976 0.000018
8977 0.000024
8978 0.000022
8979 0.000013
8980 0.000016
8981 0.000023
8982 0.000017
8983 0.000023
8984 0.000010
8985 0.000021
8986 0.000011
8987 0.000028
8988 0.000012
8989 0.000016
8990 0.000018
8991 0.000015
8992 0.000024
8993 0.000014
8994 0.000033
8995 0.000020
8996 0.000020
8997 0.000027
8998 0.000032
8999 0.000024
9000 0.000008
9001 0.000013
9002 0.000027
9003 0.000012
9004 0.000022
9005 0.000016
9006 0.000012
9007 0.000023
9008 0.000025
9009 0.000022
9010 0.000031
9011 0.000014
9012 0.000007
9013 0.000005
9014 0.000006
9015 0.000022
9016 0.000022
9017 0.000010
9018 0.000018
9019 0.000023
9020 0.000018
9021 0.000013
9022 0.000017
9023 0.000033
9024 0.000029
9025 0.000014
9026 0.000012
9027 0.000013
9028 0.000015
9029 0.000009
9030 0.000024
9031 0.000009
9032 0.000012
9033 0.000030
9034 0.000034
9035 0.000034
9036 0.000027
9037 0.000014
9038 0.000011
9039 0.000014
9040 0.000025
9041 0.000043
9042 0.000035
9043 0.000031
9044 0.000011
9045 0.000016
9046 0.000022
9047 0.000021
9048 0.000022
9049 0.000019
9050 0.000013
9051 0.000022
9052 0.000018
9053 0.000013
9054 0.000012
9055 0.000011
9056 0.000025
9057 0.000026
9058 0.000034
9059 0.000022
9060 0.000009
9061 0.000019
9062 0.000023
9063 0.000013
9064 0.000022
9065 0.000015
9066 0.000028
9067 0.000016
9068 0.000011
9069 0.000037
9070 0.000023
9071 0.000019
9072 0.000029
9073 0.000040
9074 0.000021
9075 0.000026
9076 0.000018
9077 0.000016
9078 0.000015
9079 0.000024
9080 0.000022
9081 0.000030
9082 0.000024
9083 0.000036
9084 0.000018
9085 0.000011
9086 0.000012
9087 0.000011
9088 0.000006
9089 0.000029
9090 0.000018
9091 0.000045
9092 0.000013
9093 0.000020
9094 0.000031
9095 0.000029
9096 0.000031
9097 0.000022
9098 0.000020
9099 0.000015
9100 0.000015
9101 0.000017
9102 0.000017
9103 0.000020
9104 0.000009
9105 0.000021
9106 0.000010
9107 0.000021
9108 0.000034
9109 0.000010
9110 0.000024
9111 0.000020
9112 0.000009
9113 0.000010
9114 0.000027
9115 0.000023
9116 0.000022
9117 0.000007
9118 0.000019
9119 0.000016
9120 0.000018
9121 0.000006
9122 0.000012
9123 0.000017
9124 0.000016
9125 0.000012
9126 0.000016
9127 0.000018
9128 0.000008
9129 0.000011
9130 0.000012
9131 0.000011
9132 0.000032
9133 0.000022
9134 0.000018
9135 0.000013
9136 0.000014
9137 0.000011
9138 0.000018
9139 0.000016
9140 0.000012
9141 0.000020
9142 0.000022
9143 0.000012
9144 0.000034
9145 0.000016
9146 0.000013
9147 0.000020
9148 0.000016
9149 0.000030
9150 0.000027
9151 0.000012
9152 0.000014
9153 0.000015
9154 0.000020
9155 0.000015
9156 0.000016
9157 0.000022
9158 0.000021
9159 0.000027
9160 0.000023
9161 0.000008
9162 0.000008
9163 0.000008
9164 0.000011
9165 0.000014
9166 0.000017
9167 0.000013
9168 0.000030
9169 0.000022
9170 0.000005
9171 0.000022
9172 0.000023
9173 0.000026
9174 0.000039
9175 0.000018
9176 0.000018
9177 0.000022
9178 0.000015
9179 0.000018
9180 0.000015
9181 0.000021
9182 0.000021
9183 0.000033
9184 0.000015
9185 0.000016
9186 0.000016
9187 0.000014
9188 0.000015
9189 0.000014
9190 0.000037
9191 0.000010
9192 0.000010
9193 0.000025
9194 0.000011
9195 0.000033
9196 0.000029
9197 0.000018
9198 0.000017
9199 0.000011
9200 0.000010
9201 0.000035
9202 0.000020
9203 0.000014
9204 0.000024
9205 0.000018
9206 0.000018
9207 0.000035
9208 0.000015
9209 0.000014
9210 0.000019
9211 0.000013
9212 0.000019
9213 0.000036
9214 0.000014
9215 0.000021
9216 0.000025
9217 0.000015
9218 0.000013
9219 0.000021
9220 0.000023
9221 0.000039
9222 0.000028
9223 0.000022
9224 0.000014
9225 0.000026
9226 0.000020
9227 0.000022
9228 0.000022
9229 0.000018
9230 0.000019
9231 0.000019
9232 0.000018
9233 0.000034
9234 0.000018
9235 0.000014
9236 0.000014
9237 0.000034
9238 0.000018
9239 0.000014
9240 0.000017
9241 0.000015
9242 0.000019
9243 0.000017
9244 0.000016
9245 0.000006
9246 0.000008
9247 0.000015
9248 0.000011
9249 0.000014
9250 0.000017
9251 0.000022
9252 0.000013
9253 0.000021
9254 0.000028
9255 0.000027
9256 0.000013
9257 0.000027
9258 0.000012
9259 0.000014
9260 0.000013
9261 0.000014
9262 0.000007
9263 0.000024
9264 0.000014
9265 0.000021
9266 0.000023
9267 0.000020
9268 0.000015
9269 0.000014
9270 0.000012
9271 0.000013
9272 0.000015
9273 0.000013
9274 0.000018
9275 0.000017
9276 0.000013
9277 0.000020
9278 0.000043
9279 0.000023
9280 0.000018
9281 0.000021
9282 0.000021
9283 0.000025
9284 0.000042
9285 0.000025
9286 0.000013
9287 0.000013
9288 0.000019
9289 0.000009
9290 0.000026
9291 0.000013
9292 0.000014
9293 0.000031
9294 0.000032
9295 0.000028
9296 0.000009
9297 0.000007
9298 0.000014
9299 0.000018
9300 0.000027
9301 0.000017
9302 0.000020
9303 0.000023
9304 0.000014
9305 0.000013
9306 0.000015
9307 0.000021
9308 0.000025
9309 0.000012
9310 0.000006
9311 0.000029
9312 0.000010
9313 0.000006
9314 0.000015
9315 0.000030
9316 0.000032
9317 0.000027
9318 0.000011
9319 0.000015
9320 0.000014
9321 0.000032
9322 0.000023
9323 0.000031
9324 0.000034
9325 0.000019
9326 0.000021
9327 0.000018
9328 0.000018
9329 0.000008
9330 0.000009
9331 0.000019
9332 0.000014
9333 0.000022
9334 0.000022
9335 0.000025
9336 0.000016
9337 0.000021
9338 0.000041
9339 0.000016
9340 0.000015
9341 0.000021
9342 0.000024
9343 0.000039
9344 0.000018
9345 0.000022
9346 0.000016
9347 0.000016
9348 0.000014
9349 0.000024
9350 0.000027
9351 0.000030
9352 0.000023
9353 0.000016
9354 0.000008
9355 0.000024
9356 0.000028
9357 0.000020
9358 0.000047
9359 0.000025
9360 0.000025
9361 0.000021
9362 0.000020
9363 0.000027
9364 0.000015
9365 0.000027
9366 0.000031
9367 0.000024
9368 0.000017
9369 0.000027
9370 0.000026
9371 0.000029
9372 0.000018
9373 0.000013
9374 0.000027
9375 0.000016
9376 0.000015
9377 0.000032
9378 0.000037
9379 0.000017
9380 0.000019
9381 0.000024
9382 0.000025
9383 0.000021
9384 0.000036
9385 0.000019
9386 0.000016
9387 0.000032
9388 0.000014
9389 0.000015
9390 0.000031
9391 0.000017
9392 0.000020
9393 0.000011
9394 0.000015
9395 0.000013
9396 0.000011
9397 0.000011
9398 0.000022
9399 0.000016
9400 0.000018
9401 0.000020
9402 0.000023
9403 0.000020
9404 0.000019
9405 0.000014
9406 0.000018
9407 0.000026
9408 0.000021
9409 0.000022
9410 0.000019
9411 0.000034
9412 0.000034
9413 0.000025
9414 0.000020
9415 0.000011
9416 0.000024
9417 0.000022
9418 0.000015
9419 0.000018
9420 0.000028
9421 0.000013
9422 0.000011
9423 0.000020
9424 0.000017
9425 0.000017
9426 0.000015
9427 0.000021
9428 0.000012
9429 0.000018
9430 0.000023
9431 0.000026
9432 0.000016
9433 0.000020
9434 0.000021
9435 0.000016
9436 0.000019
9437 0.000046
9438 0.000036
9439 0.000021
9440 0.000021
9441 0.000013
9442 0.000007
9443 0.000024
9444 0.000011
9445 0.000023
9446 0.000009
9447 0.000012
9448 0.000014
9449 0.000017
9450 0.000024
9451 0.000016
9452 0.000025
9453 0.000026
9454 0.000021
9455 0.000009
9456 0.000012
9457 0.000015
9458 0.000022
9459 0.000009
9460 0.000016
9461 0.000027
9462 0.000012
9463 0.000015
9464 0.000026
9465 0.000037
9466 0.000016
9467 0.000016
9468 0.000018
9469 0.000013
9470 0.000023
9471 0.000013
9472 0.000033
9473 0.000024
9474 0.000030
9475 0.000025
9476 0.000016
9477 0.000018
9478 0.000011
9479 0.000023
9480 0.000012
9481 0.000010
9482 0.000014
9483 0.000017
9484 0.000038
9485 0.000025
9486 0.000018
9487 0.000009
9488 0.000013
9489 0.000014
9490 0.000019
9491 0.000024
9492 0.000009
9493 0.000021
9494 0.000022
9495 0.000012
9496 0.000047
9497 0.000015
9498 0.000011
9499 0.000043
9500 0.000015
9501 0.000018
9502 0.000015
9503 0.000022
9504 0.000023
9505 0.000025
9506 0.000029
9507 0.000012
9508 0.000016
9509 0.000011
9510 0.000009
9511 0.000029
9512 0.000024
9513 0.000019
9514 0.000030
9515 0.000020
9516 0.000015
9517 0.000018
9518 0.000014
9519 0.000024
9520 0.000013
9521 0.000019
9522 0.000034
9523 0.000021
9524 0.000012
9525 0.000010
9526 0.000011
9527 0.000014
9528 0.000009
9529 0.000019
9530 0.000024
9531 0.000017
9532 0.000021
9533 0.000015
9534 0.000020
9535 0.000025
9536 0.000032
9537 0.000024
9538 0.000027
9539 0.000032
9540 0.000009
9541 0.000017
9542 0.000019
9543 0.000018
9544 0.000019
9545 0.000010
9546 0.000012
9547 0.000026
9548 0.000012
9549 0.000013
9550 0.000031
9551 0.000023
9552 0.000014
9553 0.000025
9554 0.000031
9555 0.000026
9556 0.000035
9557 0.000037
9558 0.000019
9559 0.000006
9560 0.000025
9561 0.000027
9562 0.000021
9563 0.000021
9564 0.000028
9565 0.000014
9566 0.000019
9567 0.000006
9568 0.000009
9569 0.000014
9570 0.000013
9571 0.000012
9572 0.000037
9573 0.000034
9574 0.000037
9575 0.000025
9576 0.000036
9577 0.000027
9578 0.000021
9579 0.000025
9580 0.000021
9581 0.000026
9582 0.000026
9583 0.000016
9584 0.000014
9585 0.000029
9586 0.000018
9587 0.000015
9588 0.000010
9589 0.000012
9590 0.000021
9591 0.000019
9592 0.000015
9593 0.000031
9594 0.000008
9595 0.000004
9596 0.000013
9597 0.000024
9598 0.000018
9599 0.000020
9600 0.000027
9601 0.000031
9602 0.000026
9603 0.000028
9604 0.000023
9605 0.000024
9606 0.000014
9607 0.000020
9608 0.000027
9609 0.000017
9610 0.000029
9611 0.000047
9612 0.000018
9613 0.000014
9614 0.000012
9615 0.000025
9616 0.000022
9617 0.000016
9618 0.000007
9619 0.000019
9620 0.000037
9621 0.000030
9622 0.000029
9623 0.000016
9624 0.000019
9625 0.000008
9626 0.000022
9627 0.000025
9628 0.000014
9629 0.000021
9630 0.000016
9631 0.000031
9632 0.000019
9633 0.000014
9634 0.000027
9635 0.000034
9636 0.000014
9637 0.000017
9638 0.000019
9639 0.000014
9640 0.000017
9641 0.000009
9642 0.000028
9643 0.000014
9644 0.000014
9645 0.000026
9646 0.000021
9647 0.000016
9648 0.000007
9649 0.000010
9650 0.000022
9651 0.000024
9652 0.000019
9653 0.000022
9654 0.000020
9655 0.000009
9656 0.000023
9657 0.000023
9658 0.000018
9659 0.000014
9660 0.000011
9661 0.000021
9662 0.000018
9663 0.000024
9664 0.000020
9665 0.000017
9666 0.000013
9667 0.000031
9668 0.000027
9669 0.000021
9670 0.000023
9671 0.000020
9672 0.000036
9673 0.000011
9674 0.000024
9675 0.000027
9676 0.000017
9677 0.000011
9678 0.000026
9679 0.000020
9680 0.000009
9681 0.000028
9682 0.000023
9683 0.000015
9684 0.000006
9685 0.000020
9686 0.000025
9687 0.000043
9688 0.000033
9689 0.000016
9690 0.000012
9691 0.000018
9692 0.000016
9693 0.000028
9694 0.000020
9695 0.000016
9696 0.000009
9697 0.000017
9698 0.000012
9699 0.000016
9700 0.000007
9701 0.000020
9702 0.000014
9703 0.000015
9704 0.000028
9705 0.000023
9706 0.000015
9707 0.000047
9708 0.000031
9709 0.000014
9710 0.000018
9711 0.000021
9712 0.000018
9713 0.000019
9714 0.000038
9715 0.000021
9716 0.000020
9717 0.000013
9718 0.000008
9719 0.000016
9720 0.000006
9721 0.000008
9722 0.000016
9723 0.000029
9724 0.000023
9725 0.000014
9726 0.000035
9727 0.000021
9728 0.000012
9729 0.000022
9730 0.000025
9731 0.000029
9732 0.000020
9733 0.000018
9734 0.000015
9735 0.000034
9736 0.000028
9737 0.000014
9738 0.000028
9739 0.000041
9740 0.000016
9741 0.000019
9742 0.000019
9743 0.000010
9744 0.000028
9745 0.000019
9746 0.000008
9747 0.000031
9748 0.000022
9749 0.000014
9750 0.000014
9751 0.000009
9752 0.000027
9753 0.000020
9754 0.000015
9755 0.000033
9756 0.000017
9757 0.000016
9758 0.000009
9759 0.000026
9760 0.000021
9761 0.000013
9762 0.000016
9763 0.000017
9764 0.000019
9765 0.000009
9766 0.000012
9767 0.000028
9768 0.000019
9769 0.000010
9770 0.000014
9771 0.000013
9772 0.000021
9773 0.000013
9774 0.000019
9775 0.000019
9776 0.000020
9777 0.000023
9778 0.000015
9779 0.000026
9780 0.000023
9781 0.000022
9782 0.000025
9783 0.000012
9784 0.000010
9785 0.000013
9786 0.000030
9787 0.000026
9788 0.000018
9789 0.000019
9790 0.000025
9791 0.000027
9792 0.000031
9793 0.000016
9794 0.000029
9795 0.000025
9796 0.000026
9797 0.000017
9798 0.000014
9799 0.000014
9800 0.000037
9801 0.000016
9802 0.000026
9803 0.000020
9804 0.000014
9805 0.000010
9806 0.000018
9807 0.000048
9808 0.000028
9809 0.000020
9810 0.000017
9811 0.000024
9812 0.000024
9813 0.000029
9814 0.000022
9815 0.000010
9816 0.000018
9817 0.000022
9818 0.000008
9819 0.000021
9820 0.000014
9821 0.000022
9822 0.000015
9823 0.000015
9824 0.000018
9825 0.000016
9826 0.000024
9827 0.000026
9828 0.000016
9829 0.000025
9830 0.000013
9831 0.000031
9832 0.000032
9833 0.000032
9834 0.000024
9835 0.000016
9836 0.000015
9837 0.000025
9838 0.000017
9839 0.000022
9840 0.000017
9841 0.000020
9842 0.000016
9843 0.000032
9844 0.000011
9845 0.000024
9846 0.000017
9847 0.000017
9848 0.000022
9849 0.000028
9850 0.000027
9851 0.000032
9852 0.000017
9853 0.000029
9854 0.000024
9855 0.000026
9856 0.000019
9857 0.000024
9858 0.000020
9859 0.000017
9860 0.000016
9861 0.000019
9862 0.000026
9863 0.000018
9864 0.000014
9865 0.000025
9866 0.000017
9867 0.000039
9868 0.000019
9869 0.000005
9870 0.000019
9871 0.000015
9872 0.000021
9873 0.000029
9874 0.000011
9875 0.000017
9876 0.000028
9877 0.000016
9878 0.000023
9879 0.000021
9880 0.000016
9881 0.000035
9882 0.000018
9883 0.000028
9884 0.000039
9885 0.000033
9886 0.000035
9887 0.000030
9888 0.000030
9889 0.000043
9890 0.000017
9891 0.000021
9892 0.000036
9893 0.000013
9894 0.000018
9895 0.000023
9896 0.000038
9897 0.000026
9898 0.000031
9899 0.000019
9900 0.000014
9901 0.000026
9902 0.000018
9903 0.000022
9904 0.000025
9905 0.000009
9906 0.000026
9907 0.000021
9908 0.000033
9909 0.000015
9910 0.000021
9911 0.000020
9912 0.000019
9913 0.000013
9914 0.000014
9915 0.000018
9916 0.000021
9917 0.000025
9918 0.000038
9919 0.000012
9920 0.000023
9921 0.000021
9922 0.000011
9923 0.000028
9924 0.000012
9925 0.000032
9926 0.000030
9927 0.000023
9928 0.000023
9929 0.000028
9930 0.000023
9931 0.000026
9932 0.000020
9933 0.000024
9934 0.000029
9935 0.000010
9936 0.000017
9937 0.000020
9938 0.000012
9939 0.000022
9940 0.000022
9941 0.000025
9942 0.000019
9943 0.000028
9944 0.000032
9945 0.000029
9946 0.000014
9947 0.000018
9948 0.000011
9949 0.000019
9950 0.000008
9951 0.000008
9952 0.000009
9953 0.000011
9954 0.000027
9955 0.000035
9956 0.000020
9957 0.000021
9958 0.000010
9959 0.000022
9960 0.000019
9961 0.000018
9962 0.000025
9963 0.000020
9964 0.000028
9965 0.000023
9966 0.000022
9967 0.000021
9968 0.000016
9969 0.000044
9970 0.000027
9971 0.000032
9972 0.000028
9973 0.000034
9974 0.000023
9975 0.000029
9976 0.000024
9977 0.000014
9978 0.000026
9979 0.000017
9980 0.000018
9981 0.000013
9982 0.000029
9983 0.000027
9984 0.000029
9985 0.000029
9986 0.000008
9987 0.000033
9988 0.000020
9989 0.000009
9990 0.000007
9991 0.000009
9992 0.000017
9993 0.000016
9994 0.000020
9995 0.000009
9996 0.000015
9997 0.000026
9998 0.000027
9999 0.000020
10000 0.000014
10001 0.000014
10002 0.000011
10003 0.000010
10004 0.000018
10005 0.000035
10006 0.000025
10007 0.000017
10008 0.000013
10009 0.000024
10010 0.000010
10011 0.000017
10012 0.000029
10013 0.000023
10014 0.000013
10015 0.000019
10016 0.000025
10017 0.000016
10018 0.000013
10019 0.000015
10020 0.000014
10021 0.000017
10022 0.000014
10023 0.000008
10024 0.000011
10025 0.000036
10026 0.000028
10027 0.000026
10028 0.000010
10029 0.000014
10030 0.000015
10031 0.000029
10032 0.000016
10033 0.000015
10034 0.000029
10035 0.000047
10036 0.000014
10037 0.000013
10038 0.000016
10039 0.000028
10040 0.000022
10041 0.000006
10042 0.000014
10043 0.000024
10044 0.000022
10045 0.000017
10046 0.000009
10047 0.000014
10048 0.000010
10049 0.000010
10050 0.000023
10051 0.000022
10052 0.000008
10053 0.000006
10054 0.000026
10055 0.000027
10056 0.000016
10057 0.000020
10058 0.000032
10059 0.000015
10060 0.000008
10061 0.000023
10062 0.000017
10063 0.000010
10064 0.000012
10065 0.000010
10066 0.000007
10067 0.000011
10068 0.000009
10069 0.000031
10070 0.000020
10071 0.000009
10072 0.000009
10073 0.000016
10074 0.000016
10075 0.000020
10076 0.000019
10077 0.000015
10078 0.000027
10079 0.000024
10080 0.000011
10081 0.000011
10082 0.000017
10083 0.000018
10084 0.000013
10085 0.000011
10086 0.000029
10087 0.000017
10088 0.000022
10089 0.000025
10090 0.000017
10091 0.000015
10092 0.000014
10093 0.000015
10094 0.000032
10095 0.000015
10096 0.000021
10097 0.000019
10098 0.000009
10099 0.000011
10100 0.000012
10101 0.000020
10102 0.000011
10103 0.000027
10104 0.000010
10105 0.000005
10106 0.000009
10107 0.000031
10108 0.000024
10109 0.000019
10110 0.000018
10111 0.000009
10112 0.000022
10113 0.000019
10114 0.000017
10115 0.000021
10116 0.000017
10117 0.000016
10118 0.000025
10119 0.000024
10120 0.000023
10121 0.000011
10122 0.000043
10123 0.000027
10124 0.000038
10125 0.000037
10126 0.000013
10127 0.000026
10128 0.000013
10129 0.000019
10130 0.000037
10131 0.000037
10132 0.000025
10133 0.000022
10134 0.000016
10135 0.000015
10136 0.000010
10137 0.000035
10138 0.000027
10139 0.000009
10140 0.000021
10141 0.000025
10142 0.000023
10143 0.000023
10144 0.000026
10145 0.000012
10146 0.000007
10147 0.000009
10148 0.000018
10149 0.000022
10150 0.000020
10151 0.000027
10152 0.000020
10153 0.000030
10154 0.000013
10155 0.000019
10156 0.000020
10157 0.000032
10158 0.000024
10159 0.000014
10160 0.000011
10161 0.000012
10162 0.000024
10163 0.000028
10164 0.000049
10165 0.000034
10166 0.000017
10167 0.000014
10168 0.000013
10169 0.000028
10170 0.000020
10171 0.000020
10172 0.000020
10173 0.000022
10174 0.000018
10175 0.000017
10176 0.000019
10177 0.000012
10178 0.000021
10179 0.000007
10180 0.000016
10181 0.000027
10182 0.000017
10183 0.000020
10184 0.000018
10185 0.000019
10186 0.000028
10187 0.000027
10188 0.000013
10189 0.000010
10190 0.000015
10191 0.000029
10192 0.000026
10193 0.000022
10194 0.000011
10195 0.000027
10196 0.000017
10197 0.000017
10198 0.000011
10199 0.000026
10200 0.000022
10201 0.000018
10202 0.000013
10203 0.000013
10204 0.000027
10205 0.000023
10206 0.000028
10207 0.000019
10208 0.000020
10209 0.000016
10210 0.000022
10211 0.000020
10212 0.000024
10213 0.000006
10214 0.000018
10215 0.000017
10216 0.000029
10217 0.000038
10218 0.000022
10219 0.000025
10220 0.000036
10221 0.000006
10222 0.000008
10223 0.000020
10224 0.000026
10225 0.000010
10226 0.000013
10227 0.000020
10228 0.000015
10229 0.000015
10230 0.000016
10231 0.000014
10232 0.000016
10233 0.000033
10234 0.000022
10235 0.000026
10236 0.000015
10237 0.000025
10238 0.000025
10239 0.000027
10240 0.000021
10241 0.000022
10242 0.000012
10243 0.000014
10244 0.000019
10245 0.000029
10246 0.000018
10247 0.000009
10248 0.000058
10249 0.000028
10250 0.000013
10251 0.000016
10252 0.000026
10253 0.000036
10254 0.000031
10255 0.000024
10256 0.000014
10257 0.000019
10258 0.000011
10259 0.000014
10260 0.000029
10261 0.000011
10262 0.000017
10263 0.000015
10264 0.000006
10265 0.000011
10266 0.000019
10267 0.000025
10268 0.000017
10269 0.000021
10270 0.000016
10271 0.000011
10272 0.000008
10273 0.000034
10274 0.000023
10275 0.000023
10276 0.000017
10277 0.000012
10278 0.000025
10279 0.000014
10280 0.000019
10281 0.000014
10282 0.000012
10283 0.000029
10284 0.000019
10285 0.000029
10286 0.000019
10287 0.000010
10288 0.000014
10289 0.000021
10290 0.000017
10291 0.000028
10292 0.000018
10293 0.000021
10294 0.000012
10295 0.000024
10296 0.000026
10297 0.000019
10298 0.000008
10299 0.000022
10300 0.000027
10301 0.000031
10302 0.000016
10303 0.000010
10304 0.000013
10305 0.000007
10306 0.000012
10307 0.000011
10308 0.000006
10309 0.000015
10310 0.000023
10311 0.000013
10312 0.000017
10313 0.000013
10314 0.000013
10315 0.000022
10316 0.000028
10317 0.000026
10318 0.000023
10319 0.000042
10320 0.000021
10321 0.000007
10322 0.000027
10323 0.000021
10324 0.000017
10325 0.000005
10326 0.000009
10327 0.000016
10328 0.000025
10329 0.000030
10330 0.000027
10331 0.000036
10332 0.000028
10333 0.000016
10334 0.000018
10335 0.000033
10336 0.000015
10337 0.000020
10338 0.000015
10339 0.000016
10340 0.000018
10341 0.000010
10342 0.000030
10343 0.000020
10344 0.000040
10345 0.000027
10346 0.000010
10347 0.000028
10348 0.000042
10349 0.000024
10350 0.000034
10351 0.000021
10352 0.000021
10353 0.000021
10354 0.000021
10355 0.000036
10356 0.000032
10357 0.000016
10358 0.000006
10359 0.000004
10360 0.000016
10361 0.000027
10362 0.000020
10363 0.000018
10364 0.000013
10365 0.000025
10366 0.000009
10367 0.000022
10368 0.000023
10369 0.000014
10370 0.000027
10371 0.000020
10372 0.000011
10373 0.000011
10374 0.000030
10375 0.000014
10376 0.000016
10377 0.000021
10378 0.000023
10379 0.000008
10380 0.000006
10381 0.000026
10382 0.000027
10383 0.000013
10384 0.000015
10385 0.000011
10386 0.000015
10387 0.000028
10388 0.000019
10389 0.000019
10390 0.000030
10391 0.000020
10392 0.000019
10393 0.000006
10394 0.000007
10395 0.000009
10396 0.000013
10397 0.000022
10398 0.000020
10399 0.000029
10400 0.000010
10401 0.000024
10402 0.000052
10403 0.000028
10404 0.000023
10405 0.000017
10406 0.000016
10407 0.000030
10408 0.000017
10409 0.000015
10410 0.000019
10411 0.000017
10412 0.000013
10413 0.000033
10414 0.000014
10415 0.000040
10416 0.000022
10417 0.000022
10418 0.000012
10419 0.000026
10420 0.000020
10421 0.000028
10422 0.000033
10423 0.000019
10424 0.000032
10425 0.000010
10426 0.000025
10427 0.000030
10428 0.000025
10429 0.000034
10430 0.000023
10431 0.000011
10432 0.000018
10433 0.000011
10434 0.000022
10435 0.000035
10436 0.000030
10437 0.000019
10438 0.000016
10439 0.000005
10440 0.000040
10441 0.000019
10442 0.000038
10443 0.000028
10444 0.000011
10445 0.000011
10446 0.000017
10447 0.000014
10448 0.000017
10449 0.000028
10450 0.000021
10451 0.000018
10452 0.000015
10453 0.000007
10454 0.000030
10455 0.000031
10456 0.000017
10457 0.000027
10458 0.000024
10459 0.000015
10460 0.000013
10461 0.000023
10462 0.000016
10463 0.000030
10464 0.000038
10465 0.000036
10466 0.000023
10467 0.000018
10468 0.000022
10469 0.000007
10470 0.000018
10471 0.000016
10472 0.000011
10473 0.000017
10474 0.000030
10475 0.000014
10476 0.000012
10477 0.000007
10478 0.000013
10479 0.000014
10480 0.000029
10481 0.000031
10482 0.000017
10483 0.000017
10484 0.000024
10485 0.000027
10486 0.000018
10487 0.000010
10488 0.000015
10489 0.000031
10490 0.000017
10491 0.000022
10492 0.000012
10493 0.000013
10494 0.000030
10495 0.000029
10496 0.000022
10497 0.000019
10498 0.000011
10499 0.000020
10500 0.000010
10501 0.000033
10502 0.000030
10503 0.000031
10504 0.000014
10505 0.000025
10506 0.000021
10507 0.000027
10508 0.000023
10509 0.000017
10510 0.000013
10511 0.000018
10512 0.000031
10513 0.000024
10514 0.000014
10515 0.000017
10516 0.000018
10517 0.000025
10518 0.000017
10519 0.000019
10520 0.000016
10521 0.000021
10522 0.000016
10523 0.000035
10524 0.000011
10525 0.000023
10526 0.000034
10527 0.000019
10528 0.000015
10529 0.000010
10530 0.000014
10531 0.000022
10532 0.000008
10533 0.000015
10534 0.000016
10535 0.000014
10536 0.000012
10537 0.000012
10538 0.000020
10539 0.000023
10540 0.000016
10541 0.000025
10542 0.000034
10543 0.000020
10544 0.000009
10545 0.000010
10546 0.000044
10547 0.000025
10548 0.000009
10549 0.000013
10550 0.000014
10551 0.000017
10552 0.000014
10553 0.000013
10554 0.000021
10555 0.000023
10556 0.000025
10557 0.000015
10558 0.000025
10559 0.000021
10560 0.000014
10561 0.000011
10562 0.000020
10563 0.000010
10564 0.000040
10565 0.000020
10566 0.000016
10567 0.000013
10568 0.000006
10569 0.000018
10570 0.000024
10571 0.000024
10572 0.000013
10573 0.000025
10574 0.000018
10575 0.000046
10576 0.000066
10577 0.000012
10578 0.000027
10579 0.000014
10580 0.000031
10581 0.000027
10582 0.000027
10583 0.000014
10584 0.000021
10585 0.000018
10586 0.000024
10587 0.000013
10588 0.000006
10589 0.000006
10590 0.000008
10591 0.000009
10592 0.000028
10593 0.000013
10594 0.000025
10595 0.000020
10596 0.000018
10597 0.000015
10598 0.000007
10599 0.000018
10600 0.000011
10601 0.000019
10602 0.000015
10603 0.000028
10604 0.000019
10605 0.000019
10606 0.000021
10607 0.000019
10608 0.000013
10609 0.000012
10610 0.000012
10611 0.000021
10612 0.000043
10613 0.000014
10614 0.000025
10615 0.000019
10616 0.000019
10617 0.000024
10618 0.000040
10619 0.000014
10620 0.000012
10621 0.000016
10622 0.000011
10623 0.000025
10624 0.000031
10625 0.000019
10626 0.000015
10627 0.000019
10628 0.000011
10629 0.000016
10630 0.000021
10631 0.000017
10632 0.000008
10633 0.000015
10634 0.000021
10635 0.000012
10636 0.000033
10637 0.000016
10638 0.000015
10639 0.000020
10640 0.000018
10641 0.000019
10642 0.000021
10643 0.000043
10644 0.000035
10645 0.000025
10646 0.000028
10647 0.000013
10648 0.000025
10649 0.000029
10650 0.000028
10651 0.000031
10652 0.000016
10653 0.000015
10654 0.000021
10655 0.000022
10656 0.000032
10657 0.000026
10658 0.000018
10659 0.000028
10660 0.000033
10661 0.000037
10662 0.000023
10663 0.000015
10664 0.000024
10665 0.000030
10666 0.000032
10667 0.000028
10668 0.000032
10669 0.000030
10670 0.000029
10671 0.000022
10672 0.000016
10673 0.000013
10674 0.000023
10675 0.000016
10676 0.000015
10677 0.000015
10678 0.000022
10679 0.000015
10680 0.000012
10681 0.000027
10682 0.000017
10683 0.000011
10684 0.000017
10685 0.000021
10686 0.000017
10687 0.000034
10688 0.000034
10689 0.000018
10690 0.000020
10691 0.000018
10692 0.000025
10693 0.000018
10694 0.000022
10695 0.000021
10696 0.000015
10697 0.000010
10698 0.000017
10699 0.000009
10700 0.000026
10701 0.000016
10702 0.000030
10703 0.000018
10704 0.000015
10705 0.000011
10706 0.000024
10707 0.000036
10708 0.000022
10709 0.000025
10710 0.000011
10711 0.000008
10712 0.000015
10713 0.000010
10714 0.000021
10715 0.000019
10716 0.000020
10717 0.000031
10718 0.000024
10719 0.000021
10720 0.000018
10721 0.000017
10722 0.000027
10723 0.000042
10724 0.000024
10725 0.000015
10726 0.000007
10727 0.000020
10728 0.000019
10729 0.000022
10730 0.000015
10731 0.000008
10732 0.000023
10733 0.000041
10734 0.000012
10735 0.000013
10736 0.000020
10737 0.000016
10738 0.000020
10739 0.000019
10740 0.000030
10741 0.000026
10742 0.000025
10743 0.000027
10744 0.000015
10745 0.000024
10746 0.000018
10747 0.000024
10748 0.000027
10749 0.000014
10750 0.000023
10751 0.000019
10752 0.000033
10753 0.000031
10754 0.000017
10755 0.000023
10756 0.000021
10757 0.000020
10758 0.000010
10759 0.000015
10760 0.000024
10761 0.000027
10762 0.000035
10763 0.000037
10764 0.000026
10765 0.000012
10766 0.000023
10767 0.000016
10768 0.000007
10769 0.000015
10770 0.000028
10771 0.000034
10772 0.000025
10773 0.000017
10774 0.000039
10775 0.000024
10776 0.000020
10777 0.000023
10778 0.000011
10779 0.000015
10780 0.000009
10781 0.000022
10782 0.000021
10783 0.000026
10784 0.000017
10785 0.000014
10786 0.000037
10787 0.000021
10788 0.000018
10789 0.000029
10790 0.000016
10791 0.000012
10792 0.000010
10793 0.000029
10794 0.000019
10795 0.000031
10796 0.000023
10797 0.000017
10798 0.000013
10799 0.000015
10800 0.000009
10801 0.000018
10802 0.000018
10803 0.000020
10804 0.000021
10805 0.000015
10806 0.000008
10807 0.000031
10808 0.000018
10809 0.000015
10810 0.000010
10811 0.000008
10812 0.000009
10813 0.000023
10814 0.000018
10815 0.000022
10816 0.000021
10817 0.000016
10818 0.000021
10819 0.000004
10820 0.000021
10821 0.000015
10822 0.000026
10823 0.000017
10824 0.000019
10825 0.000012
10826 0.000020
10827 0.000016
10828 0.000036
10829 0.000011
10830 0.000022
10831 0.000013
10832 0.000012
10833 0.000019
10834 0.000027
10835 0.000025
10836 0.000022
10837 0.000015
10838 0.000011
10839 0.000026
10840 0.000025
10841 0.000014
10842 0.000015
10843 0.000015
10844 0.000010
10845 0.000015
10846 0.000021
10847 0.000020
10848 0.000022
10849 0.000026
10850 0.000010
10851 0.000017
10852 0.000036
10853 0.000020
10854 0.000025
10855 0.000021
10856 0.000030
10857 0.000014
10858 0.000013
10859 0.000018
10860 0.000016
10861 0.000036
10862 0.000015
10863 0.000029
10864 0.000011
10865 0.000021
10866 0.000015
10867 0.000021
10868 0.000013
10869 0.000024
10870 0.000026
10871 0.000019
10872 0.000011
10873 0.000011
10874 0.000008
10875 0.000016
10876 0.000020
10877 0.000029
10878 0.000021
10879 0.000020
10880 0.000020
10881 0.000034
10882 0.000015
10883 0.000016
10884 0.000030
10885 0.000016
10886 0.000025
10887 0.000025
10888 0.000018
10889 0.000018
10890 0.000023
10891 0.000017
10892 0.000027
10893 0.000016
10894 0.000019
10895 0.000012
10896 0.000017
10897 0.000021
10898 0.000011
10899 0.000008
10900 0.000014
10901 0.000017
10902 0.000025
10903 0.000013
10904 0.000029
10905 0.000009
10906 0.000034
10907 0.000015
10908 0.000024
10909 0.000022
10910 0.000016
10911 0.000016
10912 0.000015
10913 0.000020
10914 0.000014
10915 0.000019
10916 0.000019
10917 0.000018
10918 0.000037
10919 0.000012
10920 0.000012
10921 0.000010
10922 0.000018
10923 0.000006
10924 0.000021
10925 0.000023
10926 0.000015
10927 0.000026
10928 0.000036
10929 0.000027
10930 0.000011
10931 0.000018
10932 0.000015
10933 0.000016
10934 0.000010
10935 0.000022
10936 0.000019
10937 0.000013
10938 0.000009
10939 0.000028
10940 0.000016
10941 0.000009
10942 0.000041
10943 0.000020
10944 0.000019
10945 0.000019
10946 0.000010
10947 0.000020
10948 0.000024
10949 0.000023
10950 0.000007
10951 0.000030
10952 0.000011
10953 0.000019
10954 0.000030
10955 0.000019
10956 0.000032
10957 0.000030
10958 0.000023
10959 0.000017
10960 0.000021
10961 0.000008
10962 0.000011
10963 0.000011
10964 0.000014
10965 0.000023
10966 0.000006
10967 0.000004
10968 0.000012
10969 0.000010
10970 0.000031
10971 0.000018
10972 0.000021
10973 0.000018
10974 0.000022
10975 0.000013
10976 0.000020
10977 0.000036
10978 0.000027
10979 0.000018
10980 0.000028
10981 0.000048
10982 0.000028
10983 0.000030
10984 0.000025
10985 0.000034
10986 0.000035
10987 0.000016
10988 0.000022
10989 0.000012
10990 0.000021
10991 0.000023
10992 0.000018
10993 0.000035
10994 0.000019
10995 0.000023
10996 0.000020
10997 0.000013
10998 0.000026
10999 0.000022
11000 0.000010
11001 0.000023
11002 0.000020
11003 0.000018
11004 0.000022
11005 0.000026
11006 0.000035
11007 0.000025
11008 0.000030
11009 0.000021
11010 0.000025
11011 0.000006
11012 0.000025
11013 0.000028
11014 0.000014
11015 0.000021
11016 0.000016
11017 0.000010
11018 0.000011
11019 0.000017
11020 0.000016
11021 0.000023
11022 0.000029
11023 0.000012
11024 0.000012
11025 0.000026
11026 0.000023
11027 0.000015
11028 0.000020
11029 0.000027
11030 0.000027
11031 0.000016
11032 0.000018
11033 0.000019
11034 0.000033
11035 0.000034
11036 0.000026
11037 0.000025
11038 0.000023
11039 0.000015
11040 0.000026
11041 0.000015
11042 0.000007
11043 0.000015
11044 0.000022
11045 0.000021
11046 0.000028
11047 0.000029
11048 0.000022
11049 0.000009
11050 0.000018
11051 0.000017
11052 0.000017
11053 0.000009
11054 0.000025
11055 0.000020
11056 0.000027
11057 0.000017
11058 0.000013
11059 0.000018
11060 0.000031
11061 0.000026
11062 0.000024
11063 0.000010
11064 0.000012
11065 0.000019
11066 0.000010
11067 0.000017
11068 0.000021
11069 0.000029
11070 0.000024
11071 0.000018
11072 0.000017
11073 0.000016
11074 0.000016
11075 0.000016
11076 0.000018
11077 0.000023
11078 0.000017
11079 0.000008
11080 0.000032
11081 0.000023
11082 0.000028
11083 0.000038
11084 0.000030
11085 0.000055
11086 0.000032
11087 0.000022
11088 0.000010
11089 0.000004
11090 0.000017
11091 0.000008
11092 0.000016
11093 0.000022
11094 0.000007
11095 0.000026
11096 0.000031
11097 0.000024
11098 0.000017
11099 0.000034
11100 0.000017
11101 0.000012
11102 0.000020
11103 0.000018
11104 0.000033
11105 0.000017
11106 0.000036
11107 0.000016
11108 0.000029
11109 0.000028
11110 0.000024
11111 0.000016
11112 0.000015
11113 0.000018
11114 0.000017
11115 0.000057
11116 0.000020
11117 0.000010
11118 0.000035
11119 0.000028
11120 0.000019
11121 0.000011
11122 0.000028
11123 0.000036
11124 0.000017
11125 0.000009
11126 0.000017
11127 0.000020
11128 0.000021
11129 0.000023
11130 0.000018
11131 0.000018
11132 0.000022
11133 0.000023
11134 0.000019
11135 0.000018
11136 0.000018
11137 0.000015
11138 0.000018
11139 0.000015
11140 0.000036
11141 0.000027
11142 0.000008
11143 0.000016
11144 0.000013
11145 0.000013
11146 0.000014
11147 0.000007
11148 0.000016
11149 0.000008
11150 0.000028
11151 0.000027
11152 0.000021
11153 0.000019
11154 0.000010
11155 0.000026
11156 0.000024
11157 0.000020
11158 0.000023
11159 0.000019
11160 0.000047
11161 0.000030
11162 0.000014
11163 0.000017
11164 0.000013
11165 0.000015
11166 0.000012
11167 0.000031
11168 0.000029
11169 0.000017
11170 0.000024
11171 0.000015
11172 0.000032
11173 0.000023
11174 0.000017
11175 0.000016
11176 0.000017
11177 0.000022
11178 0.000015
11179 0.000021
11180 0.000010
11181 0.000013
11182 0.000014
11183 0.000016
11184 0.000027
11185 0.000007
11186 0.000007
11187 0.000014
11188 0.000015
11189 0.000034
11190 0.000013
11191 0.000031
11192 0.000038
11193 0.000028
11194 0.000016
11195 0.000015
11196 0.000031
11197 0.000016
11198 0.000016
11199 0.000014
11200 0.000012
11201 0.000023
11202 0.000020
11203 0.000036
11204 0.000024
11205 0.000019
11206 0.000016
11207 0.000007
11208 0.000020
11209 0.000017
11210 0.000035
11211 0.000018
11212 0.000040
11213 0.000020
11214 0.000015
11215 0.000022
11216 0.000011
11217 0.000015
11218 0.000015
11219 0.000014
11220 0.000018
11221 0.000010
11222 0.000010
11223 0.000011
11224 0.000019
11225 0.000015
11226 0.000022
11227 0.000021
11228 0.000009
11229 0.000010
11230 0.000008
11231 0.000012
11232 0.000026
11233 0.000021
11234 0.000008
11235 0.000016
11236 0.000019
11237 0.000031
11238 0.000040
11239 0.000013
11240 0.000018
11241 0.000016
11242 0.000030
11243 0.000021
11244 0.000024
11245 0.000024
11246 0.000026
11247 0.000016
11248 0.000006
11249 0.000020
11250 0.000017
11251 0.000017
11252 0.000028
11253 0.000026
11254 0.000024
11255 0.000022
11256 0.000014
11257 0.000005
11258 0.000015
11259 0.000022
11260 0.000012
11261 0.000013
11262 0.000020
11263 0.000024
11264 0.000019
11265 0.000011
11266 0.000005
11267 0.000019
11268 0.000011
11269 0.000007
11270 0.000025
11271 0.000018
11272 0.000016
11273 0.000023
11274 0.000040
11275 0.000025
11276 0.000017
11277 0.000026
11278 0.000013
11279 0.000020
11280 0.000022
11281 0.000013
11282 0.000009
11283 0.000033
11284 0.000026
11285 0.000029
11286 0.000008
11287 0.000023
11288 0.000023
11289 0.000013
11290 0.000023
11291 0.000035
11292 0.000028
11293 0.000017
11294 0.000024
11295 0.000054
11296 0.000013
11297 0.000022
11298 0.000017
11299 0.000032
11300 0.000017
11301 0.000014
11302 0.000010
11303 0.000009
11304 0.000017
11305 0.000012
11306 0.000005
11307 0.000008
11308 0.000012
11309 0.000014
11310 0.000014
11311 0.000017
11312 0.000019
11313 0.000009
11314 0.000011
11315 0.000025
11316 0.000010
11317 0.000030
11318 0.000013
11319 0.000010
11320 0.000013
11321 0.000011
11322 0.000014
11323 0.000015
11324 0.000017
11325 0.000025
11326 0.000035
11327 0.000026
11328 0.000019
11329 0.000025
11330 0.000012
11331 0.000015
11332 0.000019
11333 0.000024
11334 0.000029
11335 0.000016
11336 0.000036
11337 0.000024
11338 0.000022
11339 0.000027
11340 0.000025
11341 0.000034
11342 0.000033
11343 0.000020
11344 0.000024
11345 0.000026
11346 0.000016
11347 0.000021
11348 0.000032
11349 0.000022
11350 0.000021
11351 0.000014
11352 0.000023
11353 0.000030
11354 0.000018
11355 0.000012
11356 0.000017
11357 0.000014
11358 0.000014
11359 0.000007
11360 0.000023
11361 0.000028
11362 0.000030
11363 0.000016
11364 0.000020
11365 0.000025
11366 0.000029
11367 0.000021
11368 0.000014
11369 0.000008
11370 0.000019
11371 0.000023
11372 0.000021
11373 0.000020
11374 0.000018
11375 0.000029
11376 0.000022
11377 0.000023
11378 0.000025
11379 0.000022
11380 0.000025
11381 0.000032
11382 0.000020
11383 0.000020
11384 0.000012
11385 0.000020
11386 0.000027
11387 0.000031
11388 0.000021
11389 0.000021
11390 0.000011
11391 0.000033
11392 0.000022
11393 0.000010
11394 0.000008
11395 0.000020
11396 0.000016
11397 0.000019
11398 0.000035
11399 0.000014
11400 0.000013
11401 0.000030
11402 0.000022
11403 0.000016
11404 0.000032
11405 0.000018
11406 0.000052
11407 0.000023
11408 0.000017
11409 0.000019
11410 0.000014
11411 0.000011
11412 0.000016
11413 0.000023
11414 0.000025
11415 0.000013
11416 0.000023
11417 0.000024
11418 0.000032
11419 0.000023
11420 0.000015
11421 0.000012
11422 0.000013
11423 0.000012
11424 0.000020
11425 0.000022
11426 0.000023
11427 0.000012
11428 0.000016
11429 0.000015
11430 0.000013
11431 0.000017
11432 0.000009
11433 0.000010
11434 0.000014
11435 0.000018
11436 0.000024
11437 0.000024
11438 0.000016
11439 0.000017
11440 0.000026
11441 0.000022
11442 0.000026
11443 0.000031
11444 0.000015
11445 0.000024
11446 0.000021
11447 0.000026
11448 0.000017
11449 0.000023
11450 0.000017
11451 0.000012
11452 0.000017
11453 0.000021
11454 0.000017
11455 0.000015
11456 0.000018
11457 0.000029
11458 0.000022
11459 0.000019
11460 0.000026
11461 0.000046
11462 0.000019
11463 0.000020
11464 0.000024
11465 0.000027
11466 0.000026
11467 0.000034
11468 0.000015
11469 0.000029
11470 0.000027
11471 0.000021
11472 0.000021
11473 0.000021
11474 0.000027
11475 0.000039
11476 0.000035
11477 0.000013
11478 0.000018
11479 0.000011
11480 0.000027
11481 0.000033
11482 0.000012
11483 0.000017
11484 0.000027
11485 0.000027
11486 0.000044
11487 0.000024
11488 0.000019
11489 0.000012
11490 0.000025
11491 0.000023
11492 0.000020
11493 0.000021
11494 0.000024
11495 0.000035
11496 0.000043
11497 0.000015
11498 0.000019
11499 0.000027
11500 0.000021
11501 0.000046
11502 0.000020
11503 0.000012
11504 0.000015
11505 0.000011
11506 0.000033
11507 0.000015
11508 0.000029
11509 0.000016
11510 0.000026
11511 0.000022
11512 0.000019
11513 0.000014
11514 0.000031
11515 0.000038
11516 0.000013
11517 0.000020
11518 0.000036
11519 0.000033
11520 0.000014
11521 0.000014
11522 0.000027
11523 0.000019
11524 0.000014
11525 0.000042
11526 0.000024
11527 0.000036
11528 0.000027
11529 0.000026
11530 0.000025
11531 0.000012
11532 0.000029
11533 0.000021
11534 0.000013
11535 0.000015
11536 0.000019
11537 0.000019
11538 0.000039
11539 0.000018
11540 0.000007
11541 0.000026
11542 0.000020
11543 0.000018
11544 0.000013
11545 0.000012
11546 0.000008
11547 0.000022
11548 0.000015
11549 0.000011
11550 0.000017
11551 0.000012
11552 0.000009
11553 0.000033
11554 0.000015
11555 0.000024
11556 0.000012
11557 0.000011
11558 0.000016
11559 0.000030
11560 0.000026
11561 0.000034
11562 0.000015
11563 0.000007
11564 0.000019
11565 0.000017
11566 0.000033
11567 0.000022
11568 0.000008
11569 0.000023
11570 0.000035
11571 0.000013
11572 0.000018
11573 0.000016
11574 0.000028
11575 0.000037
11576 0.000024
11577 0.000025
11578 0.000015
11579 0.000006
11580 0.000026
11581 0.000016
11582 0.000014
11583 0.000016
11584 0.000025
11585 0.000007
11586 0.000016
11587 0.000024
11588 0.000041
11589 0.000017
11590 0.000024
11591 0.000011
11592 0.000018
11593 0.000022
11594 0.000015
11595 0.000019
11596 0.000019
11597 0.000012
11598 0.000020
11599 0.000012
11600 0.000011
11601 0.000010
11602 0.000024
11603 0.000017
11604 0.000023
11605 0.000016
11606 0.000018
11607 0.000022
11608 0.000032
11609 0.000020
11610 0.000007
11611 0.000029
11612 0.000025
11613 0.000013
11614 0.000020
11615 0.000010
11616 0.000014
11617 0.000022
11618 0.000016
11619 0.000008
11620 0.000009
11621 0.000025
11622 0.000036
11623 0.000028
11624 0.000024
11625 0.000019
11626 0.000022
11627 0.000013
11628 0.000018
11629 0.000022
11630 0.000013
11631 0.000014
11632 0.000016
11633 0.000009
11634 0.000012
11635 0.000009
11636 0.000024
11637 0.000014
11638 0.000035
11639 0.000022
11640 0.000020
11641 0.000018
11642 0.000015
11643 0.000015
11644 0.000014
11645 0.000017
11646 0.000021
11647 0.000019
11648 0.000011
11649 0.000029
11650 0.000015
11651 0.000014
11652 0.000019
11653 0.000015
11654 0.000016
11655 0.000023
11656 0.000036
11657 0.000022
11658 0.000022
11659 0.000023
11660 0.000021
11661 0.000017
11662 0.000014
11663 0.000013
11664 0.000028
11665 0.000009
11666 0.000017
11667 0.000012
11668 0.000026
11669 0.000015
11670 0.000007
11671 0.000010
11672 0.000029
11673 0.000014
11674 0.000025
11675 0.000019
11676 0.000021
11677 0.000024
11678 0.000036
11679 0.000016
11680 0.000021
11681 0.000019
11682 0.000024
11683 0.000014
11684 0.000008
11685 0.000024
11686 0.000022
11687 0.000024
11688 0.000026
11689 0.000040
11690 0.000016
11691 0.000013
11692 0.000033
11693 0.000027
11694 0.000024
11695 0.000024
11696 0.000016
11697 0.000015
11698 0.000012
11699 0.000017
11700 0.000007
11701 0.000008
11702 0.000016
11703 0.000036
11704 0.000018
11705 0.000025
11706 0.000029
11707 0.000026
11708 0.000014
11709 0.000019
11710 0.000027
11711 0.000014
11712 0.000020
11713 0.000026
11714 0.000022
11715 0.000023
11716 0.000035
11717 0.000014
11718 0.000027
11719 0.000029
11720 0.000028
11721 0.000013
11722 0.000009
11723 0.000007
11724 0.000019
11725 0.000016
11726 0.000015
11727 0.000019
11728 0.000015
11729 0.000027
11730 0.000022
11731 0.000037
11732 0.000036
11733 0.000035
11734 0.000029
11735 0.000019
11736 0.000015
11737 0.000020
11738 0.000013
11739 0.000014
11740 0.000011
11741 0.000008
11742 0.000016
11743 0.000022
11744 0.000031
11745 0.000017
11746 0.000030
11747 0.000019
11748 0.000023
11749 0.000016
11750 0.000033
11751 0.000011
11752 0.000017
11753 0.000031
11754 0.000028
11755 0.000022
11756 0.000020
11757 0.000015
11758 0.000035
11759 0.000025
11760 0.000016
11761 0.000023
11762 0.000036
11763 0.000027
11764 0.000027
11765 0.000039
11766 0.000014
11767 0.000012
11768 0.000016
11769 0.000032
11770 0.000015
11771 0.000023
11772 0.000016
11773 0.000008
11774 0.000018
11775 0.000016
11776 0.000020
11777 0.000019
11778 0.000029
11779 0.000019
11780 0.000015
11781 0.000019
11782 0.000015
11783 0.000017
11784 0.000014
11785 0.000017
11786 0.000014
11787 0.000012
11788 0.000034
11789 0.000024
11790 0.000021
11791 0.000022
11792 0.000046
11793 0.000025
11794 0.000015
11795 0.000012
11796 0.000022
11797 0.000025
11798 0.000018
11799 0.000020
11800 0.000017
11801 0.000019
11802 0.000031
11803 0.000023
11804 0.000033
11805 0.000022
11806 0.000020
11807 0.000016
11808 0.000026
11809 0.000034
11810 0.000032
11811 0.000021
11812 0.000024
11813 0.000017
11814 0.000013
11815 0.000026
11816 0.000020
11817 0.000023
11818 0.000012
11819 0.000025
11820 0.000016
11821 0.000016
11822 0.000019
11823 0.000037
11824 0.000025
11825 0.000011
11826 0.000013
11827 0.000034
11828 0.000016
11829 0.000023
11830 0.000011
11831 0.000020
11832 0.000024
11833 0.000017
11834 0.000020
11835 0.000007
11836 0.000006
11837 0.000018
11838 0.000016
11839 0.000014
11840 0.000013
11841 0.000010
11842 0.000018
11843 0.000024
11844 0.000012
11845 0.000013
11846 0.000004
11847 0.000027
11848 0.000017
11849 0.000012
11850 0.000011
11851 0.000008
11852 0.000013
11853 0.000021
11854 0.000024
11855 0.000028
11856 0.000021
11857 0.000011
11858 0.000023
11859 0.000030
11860 0.000027
11861 0.000010
11862 0.000007
11863 0.000010
11864 0.000017
11865 0.000027
11866 0.000018
11867 0.000020
11868 0.000022
11869 0.000018
11870 0.000018
11871 0.000021
11872 0.000020
11873 0.000010
11874 0.000014
11875 0.000018
11876 0.000025
11877 0.000018
11878 0.000015
11879 0.000010
11880 0.000025
11881 0.000020
11882 0.000009
11883 0.000021
11884 0.000014
11885 0.000013
11886 0.000009
11887 0.000012
11888 0.000013
11889 0.000025
11890 0.000026
11891 0.000011
11892 0.000020
11893 0.000010
11894 0.000024
11895 0.000014
11896 0.000033
11897 0.000040
11898 0.000050
11899 0.000019
11900 0.000024
11901 0.000026
11902 0.000015
11903 0.000016
11904 0.000028
11905 0.000025
11906 0.000018
11907 0.000036
11908 0.000019
11909 0.000032
11910 0.000023
11911 0.000021
11912 0.000026
11913 0.000018
11914 0.000021
11915 0.000010
11916 0.000018
11917 0.000021
11918 0.000015
11919 0.000007
11920 0.000007
11921 0.000015
11922 0.000017
11923 0.000025
11924 0.000020
11925 0.000007
11926 0.000013
11927 0.000009
11928 0.000010
11929 0.000025
11930 0.000013
11931 0.000025
11932 0.000016
11933 0.000014
11934 0.000019
11935 0.000015
11936 0.000020
11937 0.000021
11938 0.000005
11939 0.000015
11940 0.000012
11941 0.000019
11942 0.000012
11943 0.000022
11944 0.000021
11945 0.000031
11946 0.000031
11947 0.000020
11948 0.000015
11949 0.000012
11950 0.000026
11951 0.000024
11952 0.000016
11953 0.000020
11954 0.000032
11955 0.000021
11956 0.000011
11957 0.000017
11958 0.000026
11959 0.000018
11960 0.000015
11961 0.000015
11962 0.000024
11963 0.000028
11964 0.000026
11965 0.000020
11966 0.000018
11967 0.000023
11968 0.000010
11969 0.000015
11970 0.000030
11971 0.000032
11972 0.000028
11973 0.000030
11974 0.000018
11975 0.000013
11976 0.000014
11977 0.000009
11978 0.000006
11979 0.000033
11980 0.000026
11981 0.000015
11982 0.000046
11983 0.000019
11984 0.000023
11985 0.000011
11986 0.000012
11987 0.000010
11988 0.000018
11989 0.000016
11990 0.000013
11991 0.000013
11992 0.000014
11993 0.000011
11994 0.000011
11995 0.000010
11996 0.000013
11997 0.000011
11998 0.000040
11999 0.000015
12000 0.000022
12001 0.000014
12002 0.000028
12003 0.000032
12004 0.000014
12005 0.000033
12006 0.000055
12007 0.000030
12008 0.000021
12009 0.000029
12010 0.000019
12011 0.000020
12012 0.000011
12013 0.000011
12014 0.000028
12015 0.000013
12016 0.000011
12017 0.000010
12018 0.000006
12019 0.000012
12020 0.000017
12021 0.000019
12022 0.000030
12023 0.000025
12024 0.000025
12025 0.000024
12026 0.000015
12027 0.000009
12028 0.000017
12029 0.000017
12030 0.000028
12031 0.000015
12032 0.000007
12033 0.000008
12034 0.000025
12035 0.000024
12036 0.000006
12037 0.000010
12038 0.000019
12039 0.000008
12040 0.000008
12041 0.000021
12042 0.000020
12043 0.000020
12044 0.000021
12045 0.000013
12046 0.000009
12047 0.000019
12048 0.000012
12049 0.000013
12050 0.000017
12051 0.000023
12052 0.000022
12053 0.000012
12054 0.000009
12055 0.000034
12056 0.000025
12057 0.000019
12058 0.000025
12059 0.000041
12060 0.000013
12061 0.000027
12062 0.000016
12063 0.000028
12064 0.000011
12065 0.000010
12066 0.000017
12067 0.000015
12068 0.000041
12069 0.000023
12070 0.000014
12071 0.000012
12072 0.000012
12073 0.000016
12074 0.000007
12075 0.000024
12076 0.000016
12077 0.000012
12078 0.000022
12079 0.000010
12080 0.000016
12081 0.000017
12082 0.000011
12083 0.000013
12084 0.000019
12085 0.000009
12086 0.000010
12087 0.000011
12088 0.000006
12089 0.000011
12090 0.000026
12091 0.000008
12092 0.000022
12093 0.000038
12094 0.000024
12095 0.000015
12096 0.000011
12097 0.000015
12098 0.000006
12099 0.000020
12100 0.000025
12101 0.000035
12102 0.000010
12103 0.000029
12104 0.000022
12105 0.000012
12106 0.000018
12107 0.000016
12108 0.000006
12109 0.000028
12110 0.000015
12111 0.000015
12112 0.000007
12113 0.000009
12114 0.000016
12115 0.000020
12116 0.000015
12117 0.000017
12118 0.000012
12119 0.000007
12120 0.000016
12121 0.000014
12122 0.000012
12123 0.000015
12124 0.000019
12125 0.000021
12126 0.000011
12127 0.000017
12128 0.000013
12129 0.000030
12130 0.000014
12131 0.000018
12132 0.000020
12133 0.000024
12134 0.000024
12135 0.000012
12136 0.000014
12137 0.000013
12138 0.000029
12139 0.000016
12140 0.000036
12141 0.000019
12142 0.000026
12143 0.000026
12144 0.000013
12145 0.000019
12146 0.000019
12147 0.000011
12148 0.000013
12149 0.000007
12150 0.000029
12151 0.000017
12152 0.000026
12153 0.000021
12154 0.000007
12155 0.000021
12156 0.000024
12157 0.000033
12158 0.000017
12159 0.000028
12160 0.000022
12161 0.000016
12162 0.000036
12163 0.000015
12164 0.000012
12165 0.000024
12166 0.000018
12167 0.000017
12168 0.000018
12169 0.000028
12170 0.000017
12171 0.000010
12172 0.000012
12173 0.000037
12174 0.000030
12175 0.000014
12176 0.000017
12177 0.000018
12178 0.000017
12179 0.000012
12180 0.000011
12181 0.000017
12182 0.000031
12183 0.000024
12184 0.000030
12185 0.000009
12186 0.000015
12187 0.000014
12188 0.000020
12189 0.000025
12190 0.000028
12191 0.000018
12192 0.000038
12193 0.000034
12194 0.000037
12195 0.000023
12196 0.000028
12197 0.000016
12198 0.000020
12199 0.000011
12200 0.000014
12201 0.000030
12202 0.000013
12203 0.000010
12204 0.000014
12205 0.000013
12206 0.000023
12207 0.000014
12208 0.000022
12209 0.000019
12210 0.000030
12211 0.000024
12212 0.000031
12213 0.000019
12214 0.000026
12215 0.000019
12216 0.000026
12217 0.000028
12218 0.000023
12219 0.000025
12220 0.000010
12221 0.000013
12222 0.000022
12223 0.000023
12224 0.000024
12225 0.000011
12226 0.000015
12227 0.000024
12228 0.000007
12229 0.000020
12230 0.000015
12231 0.000024
12232 0.000020
12233 0.000025
12234 0.000014
12235 0.000030
12236 0.000019
12237 0.000013
12238 0.000021
12239 0.000022
12240 0.000015
12241 0.000019
12242 0.000015
12243 0.000010
12244 0.000017
12245 0.000016
12246 0.000018
12247 0.000012
12248 0.000017
12249 0.000017
12250 0.000018
12251 0.000012
12252 0.000008
12253 0.000004
12254 0.000006
12255 0.000021
12256 0.000014
12257 0.000036
12258 0.000013
12259 0.000007
12260 0.000029
12261 0.000020
12262 0.000026
12263 0.000024
12264 0.000017
12265 0.000030
12266 0.000014
12267 0.000019
12268 0.000024
12269 0.000013
12270 0.000015
12271 0.000025
12272 0.000019
12273 0.000017
12274 0.000012
12275 0.000022
12276 0.000038
12277 0.000025
12278 0.000030
12279 0.000028
12280 0.000029
12281 0.000015
12282 0.000014
12283 0.000011
12284 0.000013
12285 0.000015
12286 0.000008
12287 0.000010
12288 0.000019
12289 0.000026
12290 0.000014
12291 0.000023
12292 0.000040
12293 0.000044
12294 0.000011
12295 0.000017
12296 0.000014
12297 0.000020
12298 0.000031
12299 0.000021
12300 0.000015
12301 0.000015
12302 0.000016
12303 0.000017
12304 0.000011
12305 0.000023
12306 0.000032
12307 0.000013
12308 0.000014
12309 0.000021
12310 0.000009
12311 0.000018
12312 0.000015
12313 0.000013
12314 0.000019
12315 0.000017
12316 0.000019
12317 0.000028
12318 0.000017
12319 0.000020
12320 0.000016
12321 0.000028
12322 0.000031
12323 0.000009
12324 0.000011
12325 0.000011
12326 0.000011
12327 0.000018
12328 0.000012
12329 0.000013
12330 0.000019
12331 0.000028
12332 0.000017
12333 0.000021
12334 0.000041
12335 0.000012
12336 0.000023
12337 0.000023
12338 0.000021
12339 0.000020
12340 0.000014
12341 0.000023
12342 0.000017
12343 0.000017
12344 0.000022
12345 0.000010
12346 0.000028
12347 0.000032
12348 0.000028
12349 0.000020
12350 0.000016
12351 0.000030
12352 0.000035
12353 0.000016
12354 0.000021
12355 0.000016
12356 0.000024
12357 0.000027
12358 0.000039
12359 0.000019
12360 0.000025
12361 0.000022
12362 0.000018
12363 0.000029
12364 0.000027
12365 0.000009
12366 0.000022
12367 0.000015
12368 0.000025
12369 0.000043
12370 0.000025
12371 0.000031
12372 0.000029
12373 0.000017
12374 0.000012
12375 0.000030
12376 0.000010
12377 0.000015
12378 0.000018
12379 0.000014
12380 0.000011
12381 0.000014
12382 0.000023
12383 0.000008
12384 0.000027
12385 0.000022
12386 0.000010
12387 0.000019
12388 0.000030
12389 0.000016
12390 0.000012
12391 0.000012
12392 0.000019
12393 0.000025
12394 0.000027
12395 0.000027
12396 0.000017
12397 0.000016
12398 0.000016
12399 0.000012
12400 0.000019
12401 0.000021
12402 0.000020
12403 0.000006
12404 0.000008
12405 0.000020
12406 0.000008
12407 0.000030
12408 0.000023
12409 0.000024
12410 0.000010
12411 0.000014
12412 0.000004
12413 0.000012
12414 0.000012
12415 0.000014
12416 0.000018
12417 0.000029
12418 0.000017
12419 0.000019
12420 0.000022
12421 0.000021
12422 0.000019
12423 0.000010
12424 0.000023
12425 0.000017
12426 0.000017
12427 0.000022
12428 0.000022
12429 0.000013
12430 0.000015
12431 0.000014
12432 0.000015
12433 0.000024
12434 0.000023
12435 0.000010
12436 0.000012
12437 0.000007
12438 0.000009
12439 0.000008
12440 0.000032
12441 0.000020
12442 0.000015
12443 0.000013
12444 0.000024
12445 0.000009
12446 0.000007
12447 0.000010
12448 0.000015
12449 0.000023
12450 0.000017
12451 0.000012
12452 0.000014
12453 0.000019
12454 0.000015
12455 0.000019
12456 0.000017
12457 0.000017
12458 0.000014
12459 0.000028
12460 0.000020
12461 0.000024
12462 0.000012
12463 0.000037
12464 0.000011
12465 0.000015
12466 0.000024
12467 0.000028
12468 0.000024
12469 0.000015
12470 0.000034
12471 0.000025
12472 0.000008
12473 0.000026
12474 0.000026
12475 0.000026
12476 0.000022
12477 0.000026
12478 0.000031
12479 0.000018
12480 0.000012
12481 0.000026
12482 0.000022
12483 0.000014
12484 0.000030
12485 0.000027
12486 0.000013
12487 0.000029
12488 0.000017
12489 0.000016
12490 0.000030
12491 0.000020
12492 0.000024
12493 0.000033
12494 0.000023
12495 0.000011
12496 0.000027
12497 0.000017
12498 0.000015
12499 0.000012
12500 0.000012
12501 0.000017
12502 0.000015
12503 0.000024
12504 0.000010
12505 0.000009
12506 0.000015
12507 0.000029
12508 0.000022
12509 0.000014
12510 0.000017
12511 0.000013
12512 0.000013
12513 0.000017
12514 0.000016
12515 0.000022
12516 0.000007
12517 0.000025
12518 0.000018
12519 0.000026
12520 0.000015
12521 0.000016
12522 0.000014
12523 0.000026
12524 0.000031
12525 0.000021
12526 0.000026
12527 0.000031
12528 0.000019
12529 0.000016
12530 0.000013
12531 0.000020
12532 0.000045
12533 0.000023
12534 0.000020
12535 0.000022
12536 0.000013
12537 0.000027
12538 0.000008
12539 0.000005
12540 0.000022
12541 0.000015
12542 0.000011
12543 0.000022
12544 0.000020
12545 0.000006
12546 0.000017
12547 0.000013
12548 0.000024
12549 0.000023
12550 0.000017
12551 0.000014
12552 0.000022
12553 0.000011
12554 0.000021
12555 0.000028
12556 0.000030
12557 0.000020
12558 0.000020
12559 0.000009
12560 0.000028
12561 0.000012
12562 0.000005
12563 0.000031
12564 0.000019
12565 0.000029
12566 0.000020
12567 0.000012
12568 0.000028
12569 0.000031
12570 0.000013
12571 0.000023
12572 0.000024
12573 0.000025
12574 0.000020
12575 0.000017
12576 0.000014
12577 0.000028
12578 0.000030
12579 0.000021
12580 0.000052
12581 0.000027
12582 0.000019
12583 0.000011
12584 0.000020
12585 0.000016
12586 0.000015
12587 0.000023
12588 0.000016
12589 0.000008
12590 0.000021
12591 0.000019
12592 0.000031
12593 0.000023
12594 0.000026
12595 0.000011
12596 0.000024
12597 0.000015
12598 0.000009
12599 0.000013
12600 0.000034
12601 0.000026
12602 0.000020
12603 0.000016
12604 0.000023
12605 0.000014
12606 0.000024
12607 0.000017
12608 0.000016
12609 0.000011
12610 0.000009
12611 0.000023
12612 0.000031
12613 0.000018
12614 0.000016
12615 0.000025
12616 0.000019
12617 0.000015
12618 0.000015
12619 0.000021
12620 0.000029
12621 0.000013
12622 0.000020
12623 0.000021
12624 0.000012
12625 0.000018
12626 0.000012
12627 0.000015
12628 0.000020
12629 0.000012
12630 0.000031
12631 0.000021
12632 0.000017
12633 0.000019
12634 0.000024
12635 0.000019
12636 0.000011
12637 0.000033
12638 0.000018
12639 0.000016
12640 0.000015
12641 0.000028
12642 0.000028
12643 0.000012
12644 0.000019
12645 0.000017
12646 0.000016
12647 0.000019
12648 0.000017
12649 0.000022
12650 0.000024
12651 0.000018
12652 0.000013
12653 0.000010
12654 0.000013
12655 0.000017
12656 0.000018
12657 0.000014
12658 0.000010
12659 0.000011
12660 0.000005
12661 0.000020
12662 0.000021
12663 0.000020
12664 0.000032
12665 0.000027
12666 0.000032
12667 0.000016
12668 0.000016
12669 0.000020
12670 0.000037
12671 0.000026
12672 0.000022
12673 0.000018
12674 0.000026
12675 0.000012
12676 0.000020
12677 0.000013
12678 0.000007
12679 0.000009
12680 0.000016
12681 0.000013
12682 0.000025
12683 0.000018
12684 0.000014
12685 0.000026
12686 0.000018
12687 0.000019
12688 0.000009
12689 0.000007
12690 0.000022
12691 0.000022
12692 0.000027
12693 0.000028
12694 0.000027
12695 0.000008
12696 0.000011
12697 0.000018
12698 0.000034
12699 0.000022
12700 0.000014
12701 0.000019
12702 0.000015
12703 0.000017
12704 0.000018
12705 0.000020
12706 0.000023
12707 0.000008
12708 0.000006
12709 0.000029
12710 0.000024
12711 0.000011
12712 0.000016
12713 0.000029
12714 0.000015
12715 0.000022
12716 0.000020
12717 0.000013
12718 0.000030
12719 0.000022
12720 0.000022
12721 0.000014
12722 0.000021
12723 0.000008
12724 0.000024
12725 0.000014
12726 0.000024
12727 0.000014
12728 0.000027
12729 0.000037
12730 0.000022
12731 0.000032
12732 0.000026
12733 0.000025
12734 0.000026
12735 0.000022
12736 0.000028
12737 0.000014
12738 0.000025
12739 0.000019
12740 0.000026
12741 0.000037
12742 0.000021
12743 0.000024
12744 0.000018
12745 0.000019
12746 0.000032
12747 0.000021
12748 0.000019
12749 0.000019
12750 0.000035
12751 0.000031
12752 0.000019
12753 0.000028
12754 0.000012
12755 0.000018
12756 0.000036
12757 0.000025
12758 0.000015
12759 0.000020
12760 0.000023
12761 0.000018
12762 0.000016
12763 0.000017
12764 0.000014
12765 0.000027
12766 0.000017
12767 0.000049
12768 0.000021
12769 0.000011
12770 0.000017
12771 0.000005
12772 0.000018
12773 0.000034
12774 0.000016
12775 0.000011
12776 0.000018
12777 0.000014
12778 0.000026
12779 0.000023
12780 0.000014
12781 0.000023
12782 0.000013
12783 0.000018
12784 0.000014
12785 0.000005
12786 0.000018
12787 0.000027
12788 0.000024
12789 0.000019
12790 0.000013
12791 0.000028
12792 0.000025
12793 0.000014
12794 0.000017
12795 0.000012
12796 0.000040
12797 0.000031
12798 0.000017
12799 0.000025
12800 0.000019
12801 0.000015
12802 0.000023
12803 0.000012
12804 0.000023
12805 0.000025
12806 0.000013
12807 0.000017
12808 0.000018
12809 0.000034
12810 0.000030
12811 0.000027
12812 0.000038
12813 0.000032
12814 0.000024
12815 0.000020
12816 0.000018
12817 0.000005
12818 0.000008
12819 0.000025
12820 0.000010
12821 0.000015
12822 0.000021
12823 0.000042
12824 0.000015
12825 0.000023
12826 0.000018
12827 0.000015
12828 0.000014
12829 0.000033
12830 0.000021
12831 0.000011
12832 0.000015
12833 0.000010
12834 0.000031
12835 0.000013
12836 0.000013
12837 0.000014
12838 0.000013
12839 0.000013
12840 0.000023
12841 0.000019
12842 0.000010
12843 0.000014
12844 0.000020
12845 0.000009
12846 0.000007
12847 0.000009
12848 0.000023
12849 0.000024
12850 0.000014
12851 0.000014
12852 0.000020
12853 0.000016
12854 0.000011
12855 0.000019
12856 0.000018
12857 0.000011
12858 0.000012
12859 0.000015
12860 0.000027
12861 0.000022
12862 0.000018
12863 0.000029
12864 0.000032
12865 0.000030
12866 0.000022
12867 0.000021
12868 0.000028
12869 0.000012
12870 0.000016
12871 0.000028
12872 0.000018
12873 0.000020
12874 0.000011
12875 0.000013
12876 0.000023
12877 0.000021
12878 0.000029
12879 0.000022
12880 0.000013
12881 0.000014
12882 0.000018
12883 0.000032
12884 0.000012
12885 0.000010
12886 0.000030
12887 0.000024
12888 0.000022
12889 0.000011
12890 0.000029
12891 0.000029
12892 0.000018
12893 0.000014
12894 0.000023
12895 0.000024
12896 0.000021
12897 0.000012
12898 0.000025
12899 0.000007
12900 0.000019
12901 0.000020
12902 0.000028
12903 0.000022
12904 0.000038
12905 0.000034
12906 0.000062
12907 0.000044
12908 0.000027
12909 0.000029
12910 0.000018
12911 0.000020
12912 0.000010
12913 0.000013
12914 0.000013
12915 0.000010
12916 0.000023
12917 0.000040
12918 0.000020
12919 0.000015
12920 0.000026
12921 0.000029
12922 0.000016
12923 0.000014
12924 0.000016
12925 0.000012
12926 0.000011
12927 0.000011
12928 0.000016
12929 0.000012
12930 0.000008
12931 0.000019
12932 0.000010
12933 0.000019
12934 0.000019
12935 0.000014
12936 0.000016
12937 0.000016
12938 0.000026
12939 0.000021
12940 0.000023
12941 0.000032
12942 0.000013
12943 0.000027
12944 0.000019
12945 0.000031
12946 0.000015
12947 0.000016
12948 0.000013
12949 0.000015
12950 0.000011
12951 0.000018
12952 0.000033
12953 0.000016
12954 0.000005
12955 0.000007
12956 0.000008
12957 0.000007
12958 0.000022
12959 0.000011
12960 0.000029
12961 0.000032
12962 0.000019
12963 0.000018
12964 0.000022
12965 0.000010
12966 0.000016
12967 0.000006
12968 0.000012
12969 0.000035
12970 0.000015
12971 0.000020
12972 0.000017
12973 0.000014
12974 0.000009
12975 0.000015
12976 0.000017
12977 0.000025
12978 0.000023
12979 0.000034
12980 0.000027
12981 0.000011
12982 0.000017
12983 0.000037
12984 0.000027
12985 0.000038
12986 0.000029
12987 0.000025
12988 0.000020
12989 0.000036
12990 0.000024
12991 0.000029
12992 0.000018
12993 0.000010
12994 0.000015
12995 0.000015
12996 0.000009
12997 0.000005
12998 0.000015
12999 0.000016
13000 0.000019
13001 0.000006
13002 0.000027
13003 0.000018
13004 0.000018
13005 0.000011
13006 0.000013
13007 0.000019
13008 0.000026
13009 0.000017
13010 0.000034
13011 0.000024
13012 0.000018
13013 0.000018
13014 0.000030
13015 0.000022
13016 0.000020
13017 0.000017
13018 0.000013
13019 0.000010
13020 0.000007
13021 0.000026
13022 0.000035
13023 0.000030
13024 0.000039
13025 0.000018
13026 0.000018
13027 0.000005
13028 0.000011
13029 0.000023
13030 0.000019
13031 0.000031
13032 0.000026
13033 0.000032
13034 0.000049
13035 0.000013
13036 0.000011
13037 0.000014
13038 0.000011
13039 0.000021
13040 0.000014
13041 0.000013
13042 0.000024
13043 0.000016
13044 0.000022
13045 0.000017
13046 0.000032
13047 0.000025
13048 0.000019
13049 0.000037
13050 0.000020
13051 0.000023
13052 0.000017
13053 0.000027
13054 0.000015
13055 0.000018
13056 0.000028
13057 0.000012
13058 0.000029
13059 0.000036
13060 0.000024
13061 0.000016
13062 0.000014
13063 0.000015
13064 0.000019
13065 0.000013
13066 0.000020
13067 0.000035
13068 0.000038
13069 0.000018
13070 0.000005
13071 0.000007
13072 0.000012
13073 0.000035
13074 0.000017
13075 0.000014
13076 0.000017
13077 0.000025
13078 0.000013
13079 0.000020
13080 0.000011
13081 0.000013
13082 0.000026
13083 0.000024
13084 0.000017
13085 0.000021
13086 0.000021
13087 0.000015
13088 0.000008
13089 0.000013
13090 0.000009
13091 0.000009
13092 0.000017
13093 0.000011
13094 0.000026
13095 0.000017
13096 0.000018
13097 0.000033
13098 0.000024
13099 0.000042
13100 0.000020
13101 0.000024
13102 0.000028
13103 0.000023
13104 0.000034
13105 0.000039
13106 0.000016
13107 0.000022
13108 0.000034
13109 0.000019
13110 0.000019
13111 0.000018
13112 0.000039
13113 0.000022
13114 0.000013
13115 0.000014
13116 0.000016
13117 0.000019
13118 0.000009
13119 0.000016
13120 0.000030
13121 0.000037
13122 0.000026
13123 0.000023
13124 0.000019
13125 0.000022
13126 0.000018
13127 0.000023
13128 0.000008
13129 0.000028
13130 0.000013
13131 0.000014
13132 0.000013
13133 0.000035
13134 0.000011
13135 0.000009
13136 0.000019
13137 0.000021
13138 0.000024
13139 0.000020
13140 0.000018
13141 0.000022
13142 0.000019
13143 0.000028
13144 0.000022
13145 0.000043
13146 0.000026
13147 0.000032
13148 0.000023
13149 0.000026
13150 0.000034
13151 0.000026
13152 0.000016
13153 0.000022
13154 0.000008
13155 0.000025
13156 0.000030
13157 0.000020
13158 0.000013
13159 0.000027
13160 0.000028
13161 0.000023
13162 0.000028
13163 0.000016
13164 0.000027
13165 0.000028
13166 0.000028
13167 0.000021
13168 0.000042
13169 0.000010
13170 0.000025
13171 0.000023
13172 0.000006
13173 0.000020
13174 0.000007
13175 0.000017
13176 0.000017
13177 0.000016
13178 0.000017
13179 0.000036
13180 0.000025
13181 0.000021
13182 0.000017
13183 0.000016
13184 0.000019
13185 0.000013
13186 0.000013
13187 0.000015
13188 0.000025
13189 0.000031
13190 0.000026
13191 0.000029
13192 0.000023
13193 0.000023
13194 0.000016
13195 0.000014
13196 0.000034
13197 0.000024
13198 0.000023
13199 0.000031
13200 0.000014
13201 0.000016
13202 0.000011
13203 0.000014
13204 0.000013
13205 0.000007
13206 0.000031
13207 0.000032
13208 0.000021
13209 0.000030
13210 0.000015
13211 0.000018
13212 0.000015
13213 0.000014
13214 0.000031
13215 0.000023
13216 0.000010
13217 0.000020
13218 0.000019
13219 0.000015
13220 0.000022
13221 0.000037
13222 0.000016
13223 0.000016
13224 0.000020
13225 0.000026
13226 0.000020
13227 0.000027
13228 0.000027
13229 0.000023
13230 0.000032
13231 0.000028
13232 0.000029
13233 0.000023
13234 0.000027
13235 0.000017
13236 0.000037
13237 0.000021
13238 0.000027
13239 0.000010
13240 0.000010
13241 0.000014
13242 0.000024
13243 0.000026
13244 0.000032
13245 0.000034
13246 0.000008
13247 0.000020
13248 0.000024
13249 0.000022
13250 0.000012
13251 0.000015
13252 0.000009
13253 0.000016
13254 0.000024
13255 0.000026
13256 0.000023
13257 0.000028
13258 0.000023
13259 0.000033
13260 0.000016
13261 0.000019
13262 0.000015
13263 0.000019
13264 0.000015
13265 0.000017
13266 0.000022
13267 0.000015
13268 0.000020
13269 0.000013
13270 0.000027
13271 0.000017
13272 0.000009
13273 0.000013
13274 0.000014
13275 0.000024
13276 0.000028
13277 0.000021
13278 0.000013
13279 0.000014
13280 0.000019
13281 0.000021
13282 0.000036
13283 0.000022
13284 0.000015
13285 0.000013
13286 0.000020
13287 0.000015
13288 0.000016
13289 0.000017
13290 0.000019
13291 0.000015
13292 0.000024
13293 0.000015
13294 0.000018
13295 0.000036
13296 0.000009
13297 0.000013
13298 0.000026
13299 0.000024
13300 0.000027
13301 0.000016
13302 0.000012
13303 0.000014
13304 0.000007
13305 0.000021
13306 0.000027
13307 0.000023
13308 0.000012
13309 0.000010
13310 0.000024
13311 0.000039
13312 0.000020
13313 0.000020
13314 0.000025
13315 0.000011
13316 0.000017
13317 0.000012
13318 0.000006
13319 0.000015
13320 0.000010
13321 0.000017
13322 0.000025
13323 0.000015
13324 0.000012
13325 0.000010
13326 0.000012
13327 0.000009
13328 0.000007
13329 0.000024
13330 0.000014
13331 0.000030
13332 0.000030
13333 0.000042
13334 0.000015
13335 0.000033
13336 0.000017
13337 0.000020
13338 0.000012
13339 0.000027
13340 0.000016
13341 0.000013
13342 0.000029
13343 0.000019
13344 0.000024
13345 0.000025
13346 0.000016
13347 0.000031
13348 0.000016
13349 0.000008
13350 0.000010
13351 0.000012
13352 0.000008
13353 0.000017
13354 0.000008
13355 0.000021
13356 0.000027
13357 0.000006
13358 0.000014
13359 0.000018
13360 0.000015
13361 0.000010
13362 0.000020
13363 0.000017
13364 0.000023
13365 0.000029
13366 0.000017
13367 0.000031
13368 0.000013
13369 0.000010
13370 0.000007
13371 0.000013
13372 0.000020
13373 0.000019
13374 0.000024
13375 0.000035
13376 0.000018
13377 0.000025
13378 0.000007
13379 0.000027
13380 0.000009
13381 0.000018
13382 0.000014
13383 0.000017
13384 0.000028
13385 0.000017
13386 0.000019
13387 0.000035
13388 0.000027
13389 0.000034
13390 0.000012
13391 0.000020
13392 0.000017
13393 0.000020
13394 0.000036
13395 0.000044
13396 0.000013
13397 0.000011
13398 0.000040
13399 0.000039
13400 0.000048
13401 0.000057
13402 0.000016
13403 0.000023
13404 0.000015
13405 0.000012
13406 0.000034
13407 0.000025
13408 0.000021
13409 0.000014
13410 0.000017
13411 0.000014
13412 0.000020
13413 0.000018
13414 0.000022
13415 0.000028
13416 0.000017
13417 0.000014
13418 0.000026
13419 0.000014
13420 0.000014
13421 0.000018
13422 0.000025
13423 0.000026
13424 0.000014
13425 0.000023
13426 0.000026
13427 0.000035
13428 0.000014
13429 0.000013
13430 0.000028
13431 0.000017
13432 0.000017
13433 0.000014
13434 0.000019
13435 0.000013
13436 0.000020
13437 0.000018
13438 0.000018
13439 0.000030
13440 0.000028
13441 0.000015
13442 0.000024
13443 0.000024
13444 0.000018
13445 0.000019
13446 0.000020
13447 0.000032
13448 0.000027
13449 0.000022
13450 0.000018
13451 0.000013
13452 0.000041
13453 0.000015
13454 0.000014
13455 0.000024
13456 0.000016
13457 0.000026
13458 0.000039
13459 0.000029
13460 0.000042
13461 0.000014
13462 0.000013
13463 0.000009
13464 0.000007
13465 0.000014
13466 0.000014
13467 0.000011
13468 0.000023
13469 0.000017
13470 0.000018
13471 0.000006
13472 0.000012
13473 0.000009
13474 0.000016
13475 0.000012
13476 0.000022
13477 0.000021
13478 0.000014
13479 0.000024
13480 0.000027
13481 0.000030
13482 0.000013
13483 0.000010
13484 0.000032
13485 0.000015
13486 0.000011
13487 0.000018
13488 0.000017
13489 0.000026
13490 0.000012
13491 0.000012
13492 0.000019
13493 0.000019
13494 0.000016
13495 0.000012
13496 0.000029
13497 0.000024
13498 0.000027
13499 0.000013
13500 0.000021
13501 0.000044
13502 0.000042
13503 0.000029
13504 0.000019
13505 0.000028
13506 0.000037
13507 0.000022
13508 0.000028
13509 0.000048
13510 0.000027
13511 0.000017
13512 0.000025
13513 0.000009
13514 0.000016
13515 0.000018
13516 0.000032
13517 0.000025
13518 0.000018
13519 0.000031
13520 0.000031
13521 0.000018
13522 0.000011
13523 0.000028
13524 0.000016
13525 0.000020
13526 0.000023
13527 0.000015
13528 0.000019
13529 0.000027
13530 0.000020
13531 0.000035
13532 0.000021
13533 0.000022
13534 0.000020
13535 0.000013
13536 0.000015
13537 0.000049
13538 0.000014
13539 0.000019
13540 0.000023
13541 0.000032
13542 0.000016
13543 0.000023
13544 0.000010
13545 0.000019
13546 0.000023
13547 0.000013
13548 0.000025
13549 0.000014
13550 0.000007
13551 0.000007
13552 0.000007
13553 0.000017
13554 0.000012
13555 0.000014
13556 0.000022
13557 0.000021
13558 0.000026
13559 0.000023
13560 0.000040
13561 0.000023
13562 0.000013
13563 0.000014
13564 0.000005
13565 0.000014
13566 0.000031
13567 0.000039
13568 0.000024
13569 0.000032
13570 0.000017
13571 0.000017
13572 0.000028
13573 0.000025
13574 0.000018
13575 0.000007
13576 0.000018
13577 0.000017
13578 0.000012
13579 0.000016
13580 0.000025
13581 0.000022
13582 0.000026
13583 0.000021
13584 0.000007
13585 0.000012
13586 0.000015
13587 0.000023
13588 0.000024
13589 0.000019
13590 0.000021
13591 0.000021
13592 0.000051
13593 0.000036
13594 0.000029
13595 0.000018
13596 0.000022
13597 0.000015
13598 0.000020
13599 0.000021
13600 0.000040
13601 0.000028
13602 0.000016
13603 0.000008
13604 0.000008
13605 0.000029
13606 0.000025
13607 0.000014
13608 0.000015
13609 0.000008
13610 0.000030
13611 0.000016
13612 0.000019
13613 0.000016
13614 0.000019
13615 0.000030
13616 0.000016
13617 0.000030
13618 0.000012
13619 0.000012
13620 0.000017
13621 0.000027
13622 0.000019
13623 0.000023
13624 0.000011
13625 0.000020
13626 0.000007
13627 0.000041
13628 0.000011
13629 0.000010
13630 0.000015
13631 0.000022
13632 0.000025
13633 0.000027
13634 0.000018
13635 0.000016
13636 0.000021
13637 0.000012
13638 0.000021
13639 0.000019
13640 0.000018
13641 0.000011
13642 0.000014
13643 0.000020
13644 0.000016
13645 0.000029
13646 0.000024
13647 0.000020
13648 0.000036
13649 0.000019
13650 0.000020
13651 0.000022
13652 0.000010
13653 0.000015
13654 0.000019
13655 0.000021
13656 0.000018
13657 0.000027
13658 0.000015
13659 0.000016
13660 0.000011
13661 0.000026
13662 0.000009
13663 0.000013
13664 0.000020
13665 0.000009
13666 0.000023
13667 0.000017
13668 0.000022
13669 0.000010
13670 0.000009
13671 0.000026
13672 0.000018
13673 0.000012
13674 0.000017
13675 0.000014
13676 0.000024
13677 0.000015
13678 0.000042
13679 0.000014
13680 0.000012
13681 0.000023
13682 0.000019
13683 0.000025
13684 0.000030
13685 0.000016
13686 0.000040
13687 0.000027
13688 0.000016
13689 0.000021
13690 0.000012
13691 0.000005
13692 0.000023
13693 0.000023
13694 0.000036
13695 0.000029
13696 0.000012
13697 0.000005
13698 0.000013
13699 0.000012
13700 0.000013
13701 0.000021
13702 0.000015
13703 0.000025
13704 0.000034
13705 0.000014
13706 0.000028
13707 0.000015
13708 0.000021
13709 0.000023
13710 0.000014
13711 0.000021
13712 0.000012
13713 0.000024
13714 0.000010
13715 0.000020
13716 0.000037
13717 0.000015
13718 0.000027
13719 0.000029
13720 0.000025
13721 0.000019
13722 0.000010
13723 0.000018
13724 0.000019
13725 0.000010
13726 0.000019
13727 0.000011
13728 0.000026
13729 0.000022
13730 0.000043
13731 0.000014
13732 0.000014
13733 0.000023
13734 0.000013
13735 0.000017
13736 0.000026
13737 0.000032
13738 0.000019
13739 0.000018
13740 0.000015
13741 0.000007
13742 0.000021
13743 0.000025
13744 0.000011
13745 0.000032
13746 0.000015
13747 0.000010
13748 0.000021
13749 0.000022
13750 0.000021
13751 0.000011
13752 0.000019
13753 0.000010
13754 0.000013
13755 0.000024
13756 0.000030
13757 0.000017
13758 0.000012
13759 0.000011
13760 0.000014
13761 0.000018
13762 0.000044
13763 0.000017
13764 0.000012
13765 0.000011
13766 0.000011
13767 0.000013
13768 0.000011
13769 0.000015
13770 0.000015
13771 0.000027
13772 0.000019
13773 0.000029
13774 0.000022
13775 0.000017
13776 0.000017
13777 0.000020
13778 0.000026
13779 0.000016
13780 0.000008
13781 0.000007
13782 0.000017
13783 0.000015
13784 0.000006
13785 0.000036
13786 0.000018
13787 0.000043
13788 0.000016
13789 0.000016
13790 0.000017
13791 0.000023
13792 0.000016
13793 0.000041
13794 0.000018
13795 0.000012
13796 0.000009
13797 0.000007
13798 0.000011
13799 0.000014
13800 0.000020
13801 0.000022
13802 0.000021
13803 0.000006
13804 0.000019
13805 0.000018
13806 0.000012
13807 0.000015
13808 0.000010
13809 0.000016
13810 0.000013
13811 0.000020
13812 0.000018
13813 0.000009
13814 0.000027
13815 0.000019
13816 0.000020
13817 0.000023
13818 0.000026
13819 0.000032
13820 0.000028
13821 0.000020
13822 0.000031
13823 0.000018
13824 0.000023
13825 0.000028
13826 0.000019
13827 0.000021
13828 0.000008
13829 0.000014
13830 0.000019
13831 0.000019
13832 0.000018
13833 0.000026
13834 0.000030
13835 0.000018
13836 0.000013
13837 0.000005
13838 0.000011
13839 0.000014
13840 0.000030
13841 0.000017
13842 0.000036
13843 0.000019
13844 0.000013
13845 0.000020
13846 0.000027
13847 0.000032
13848 0.000016
13849 0.000020
13850 0.000018
13851 0.000020
13852 0.000031
13853 0.000016
13854 0.000028
13855 0.000011
13856 0.000014
13857 0.000026
13858 0.000032
13859 0.000029
13860 0.000030
13861 0.000024
13862 0.000015
13863 0.000015
13864 0.000016
13865 0.000005
13866 0.000022
13867 0.000016
13868 0.000029
13869 0.000012
13870 0.000012
13871 0.000024
13872 0.000027
13873 0.000011
13874 0.000026
13875 0.000032
13876 0.000033
13877 0.000041
13878 0.000028
13879 0.000017
13880 0.000016
13881 0.000014
13882 0.000013
13883 0.000009
13884 0.000016
13885 0.000036
13886 0.000032
13887 0.000016
13888 0.000013
13889 0.000018
13890 0.000023
13891 0.000018
13892 0.000026
13893 0.000032
13894 0.000034
13895 0.000018
13896 0.000014
13897 0.000013
13898 0.000024
13899 0.000021
13900 0.000016
13901 0.000025
13902 0.000012
13903 0.000021
13904 0.000010
13905 0.000022
13906 0.000021
13907 0.000007
13908 0.000021
13909 0.000012
13910 0.000021
13911 0.000006
13912 0.000009
13913 0.000011
13914 0.000012
13915 0.000007
13916 0.000013
13917 0.000019
13918 0.000021
13919 0.000024
13920 0.000011
13921 0.000010
13922 0.000014
13923 0.000018
13924 0.000011
13925 0.000021
13926 0.000021
13927 0.000020
13928 0.000018
13929 0.000015
13930 0.000027
13931 0.000020
13932 0.000039
13933 0.000024
13934 0.000022
13935 0.000015
13936 0.000024
13937 0.000015
13938 0.000010
13939 0.000011
13940 0.000017
13941 0.000012
13942 0.000005
13943 0.000022
13944 0.000032
13945 0.000024
13946 0.000017
13947 0.000024
13948 0.000019
13949 0.000018
13950 0.000012
13951 0.000029
13952 0.000027
13953 0.000037
13954 0.000013
13955 0.000029
13956 0.000011
13957 0.000031
13958 0.000017
13959 0.000016
13960 0.000025
13961 0.000027
13962 0.000011
13963 0.000011
13964 0.000021
13965 0.000016
13966 0.000012
13967 0.000022
13968 0.000015
13969 0.000017
13970 0.000011
13971 0.000032
13972 0.000013
13973 0.000025
13974 0.000035
13975 0.000016
13976 0.000009
13977 0.000014
13978 0.000050
13979 0.000045
13980 0.000016
13981 0.000025
13982 0.000019
13983 0.000021
13984 0.000016
13985 0.000017
13986 0.000019
13987 0.000010
13988 0.000016
13989 0.000039
13990 0.000017
13991 0.000028
13992 0.000015
13993 0.000010
13994 0.000029
13995 0.000027
13996 0.000020
13997 0.000018
13998 0.000015
13999 0.000036
14000 0.000020
14001 0.000021
14002 0.000009
14003 0.000019
14004 0.000008
14005 0.000016
14006 0.000025
14007 0.000026
14008 0.000009
14009 0.000018
14010 0.000025
14011 0.000024
14012 0.000017
14013 0.000029
14014 0.000024
14015 0.000010
14016 0.000022
14017 0.000026
14018 0.000022
14019 0.000026
14020 0.000014
14021 0.000029
14022 0.000027
14023 0.000024
14024 0.000046
14025 0.000024
14026 0.000028
14027 0.000046
14028 0.000024
14029 0.000017
14030 0.000046
14031 0.000012
14032 0.000011
14033 0.000007
14034 0.000006
14035 0.000019
14036 0.000017
14037 0.000014
14038 0.000017
14039 0.000021
14040 0.000021
14041 0.000038
14042 0.000044
14043 0.000020
14044 0.000024
14045 0.000030
14046 0.000039
14047 0.000012
14048 0.000009
14049 0.000011
14050 0.000012
14051 0.000027
14052 0.000033
14053 0.000026
14054 0.000029
14055 0.000011
14056 0.000023
14057 0.000008
14058 0.000032
14059 0.000020
14060 0.000019
14061 0.000025
14062 0.000010
14063 0.000031
14064 0.000023
14065 0.000036
14066 0.000024
14067 0.000031
14068 0.000010
14069 0.000021
14070 0.000016
14071 0.000015
14072 0.000012
14073 0.000028
14074 0.000014
14075 0.000014
14076 0.000012
14077 0.000018
14078 0.000021
14079 0.000032
14080 0.000016
14081 0.000019
14082 0.000023
14083 0.000025
14084 0.000011
14085 0.000014
14086 0.000019
14087 0.000049
14088 0.000015
14089 0.000014
14090 0.000027
14091 0.000026
14092 0.000029
14093 0.000020
14094 0.000023
14095 0.000017
14096 0.000014
14097 0.000018
14098 0.000017
14099 0.000032
14100 0.000013
14101 0.000017
14102 0.000014
14103 0.000030
14104 0.000036
14105 0.000012
14106 0.000022
14107 0.000016
14108 0.000037
14109 0.000035
14110 0.000018
14111 0.000032
14112 0.000041
14113 0.000051
14114 0.000028
14115 0.000019
14116 0.000030
14117 0.000022
14118 0.000016
14119 0.000019
14120 0.000022
14121 0.000021
14122 0.000028
14123 0.000008
14124 0.000007
14125 0.000012
14126 0.000033
14127 0.000022
14128 0.000034
14129 0.000035
14130 0.000017
14131 0.000022
14132 0.000023
14133 0.000015
14134 0.000019
14135 0.000008
14136 0.000032
14137 0.000032
14138 0.000026
14139 0.000022
14140 0.000035
14141 0.000025
14142 0.000031
14143 0.000023
14144 0.000029
14145 0.000024
14146 0.000031
14147 0.000027
14148 0.000017
14149 0.000030
14150 0.000028
14151 0.000018
14152 0.000026
14153 0.000029
14154 0.000019
14155 0.000021
14156 0.000012
14157 0.000019
14158 0.000017
14159 0.000012
14160 0.000031
14161 0.000021
14162 0.000017
14163 0.000007
14164 0.000028
14165 0.000020
14166 0.000035
14167 0.000031
14168 0.000041
14169 0.000014
14170 0.000036
14171 0.000011
14172 0.000019
14173 0.000028
14174 0.000023
14175 0.000012
14176 0.000010
14177 0.000030
14178 0.000036
14179 0.000015
14180 0.000027
14181 0.000034
14182 0.000016
14183 0.000020
14184 0.000022
14185 0.000016
14186 0.000014
14187 0.000019
14188 0.000025
14189 0.000026
14190 0.000013
14191 0.000012
14192 0.000017
14193 0.000024
14194 0.000011
14195 0.000025
14196 0.000019
14197 0.000021
14198 0.000020
14199 0.000016
14200 0.000023
14201 0.000025
14202 0.000021
14203 0.000010
14204 0.000025
14205 0.000016
14206 0.000021
14207 0.000010
14208 0.000015
14209 0.000016
14210 0.000013
14211 0.000011
14212 0.000019
14213 0.000016
14214 0.000026
14215 0.000013
14216 0.000021
14217 0.000020
14218 0.000015
14219 0.000042
14220 0.000020
14221 0.000012
14222 0.000019
14223 0.000032
14224 0.000024
14225 0.000029
14226 0.000020
14227 0.000031
14228 0.000028
14229 0.000013
14230 0.000024
14231 0.000015
14232 0.000021
14233 0.000023
14234 0.000016
14235 0.000013
14236 0.000020
14237 0.000023
14238 0.000017
14239 0.000021
14240 0.000027
14241 0.000031
14242 0.000018
14243 0.000010
14244 0.000028
14245 0.000021
14246 0.000029
14247 0.000010
14248 0.000028
14249 0.000009
14250 0.000016
14251 0.000027
14252 0.000030
14253 0.000024
14254 0.000015
14255 0.000023
14256 0.000018
14257 0.000028
14258 0.000030
14259 0.000010
14260 0.000018
14261 0.000016
14262 0.000026
14263 0.000024
14264 0.000029
14265 0.000014
14266 0.000011
14267 0.000011
14268 0.000019
14269 0.000017
14270 0.000012
14271 0.000015
14272 0.000014
14273 0.000009
14274 0.000014
14275 0.000020
14276 0.000025
14277 0.000024
14278 0.000034
14279 0.000017
14280 0.000039
14281 0.000027
14282 0.000032
14283 0.000032
14284 0.000020
14285 0.000008
14286 0.000014
14287 0.000022
14288 0.000016
14289 0.000021
14290 0.000016
14291 0.000023
14292 0.000009
14293 0.000017
14294 0.000009
14295 0.000012
14296 0.000016
14297 0.000029
14298 0.000029
14299 0.000006
14300 0.000015
14301 0.000020
14302 0.000029
14303 0.000018
14304 0.000009
14305 0.000019
14306 0.000018
14307 0.000010
14308 0.000020
14309 0.000023
14310 0.000021
14311 0.000012
14312 0.000015
14313 0.000013
14314 0.000025
14315 0.000026
14316 0.000019
14317 0.000017
14318 0.000016
14319 0.000018
14320 0.000021
14321 0.000016
14322 0.000013
14323 0.000011
14324 0.000013
14325 0.000021
14326 0.000016
14327 0.000010
14328 0.000029
14329 0.000036
14330 0.000026
14331 0.000023
14332 0.000024
14333 0.000029
14334 0.000026
14335 0.000038
14336 0.000016
14337 0.000021
14338 0.000008
14339 0.000025
14340 0.000023
14341 0.000022
14342 0.000013
14343 0.000017
14344 0.000023
14345 0.000033
14346 0.000031
14347 0.000011
14348 0.000019
14349 0.000026
14350 0.000020
14351 0.000011
14352 0.000016
14353 0.000014
14354 0.000041
14355 0.000031
14356 0.000039
14357 0.000015
14358 0.000014
14359 0.000022
14360 0.000035
14361 0.000022
14362 0.000010
14363 0.000016
14364 0.000008
14365 0.000046
14366 0.000015
14367 0.000031
14368 0.000034
14369 0.000015
14370 0.000021
14371 0.000026
14372 0.000030
14373 0.000012
14374 0.000024
14375 0.000014
14376 0.000028
14377 0.000015
14378 0.000019
14379 0.000026
14380 0.000013
14381 0.000019
14382 0.000012
14383 0.000026
14384 0.000025
14385 0.000028
14386 0.000024
14387 0.000016
14388 0.000015
14389 0.000020
14390 0.000028
14391 0.000017
14392 0.000015
14393 0.000012
14394 0.000010
14395 0.000018
14396 0.000024
14397 0.000037
14398 0.000019
14399 0.000021
14400 0.000024
14401 0.000040
14402 0.000020
14403 0.000006
14404 0.000015
14405 0.000011
14406 0.000023
14407 0.000016
14408 0.000022
14409 0.000010
14410 0.000009
14411 0.000008
14412 0.000017
14413 0.000009
14414 0.000025
14415 0.000020
14416 0.000018
14417 0.000015
14418 0.000012
14419 0.000008
14420 0.000016
14421 0.000009
14422 0.000012
14423 0.000014
14424 0.000011
14425 0.000013
14426 0.000018
14427 0.000012
14428 0.000008
14429 0.000014
14430 0.000014
14431 0.000019
14432 0.000036
14433 0.000029
14434 0.000014
14435 0.000016
14436 0.000019
14437 0.000016
14438 0.000016
14439 0.000025
14440 0.000015
14441 0.000017
14442 0.000011
14443 0.000028
14444 0.000018
14445 0.000013
14446 0.000021
14447 0.000021
14448 0.000012
14449 0.000022
14450 0.000005
14451 0.000019
14452 0.000011
14453 0.000026
14454 0.000016
14455 0.000017
14456 0.000015
14457 0.000012
14458 0.000013
14459 0.000027
14460 0.000012
14461 0.000013
14462 0.000024
14463 0.000021
14464 0.000026
14465 0.000033
14466 0.000017
14467 0.000013
14468 0.000022
14469 0.000023
14470 0.000031
14471 0.000013
14472 0.000021
14473 0.000034
14474 0.000015
14475 0.000017
14476 0.000010
14477 0.000010
14478 0.000018
14479 0.000008
14480 0.000014
14481 0.000010
14482 0.000015
14483 0.000032
14484 0.000032
14485 0.000035
14486 0.000027
14487 0.000016
14488 0.000017
14489 0.000020
14490 0.000008
14491 0.000022
14492 0.000019
14493 0.000017
14494 0.000034
14495 0.000021
14496 0.000016
14497 0.000019
14498 0.000014
14499 0.000007
14500 0.000013
14501 0.000037
14502 0.000026
14503 0.000012
14504 0.000016
14505 0.000023
14506 0.000021
14507 0.000023
14508 0.000026
14509 0.000017
14510 0.000019
14511 0.000019
14512 0.000018
14513 0.000009
14514 0.000016
14515 0.000012
14516 0.000014
14517 0.000012
14518 0.000036
14519 0.000030
14520 0.000034
14521 0.000028
14522 0.000020
14523 0.000032
14524 0.000015
14525 0.000021
14526 0.000025
14527 0.000019
14528 0.000015
14529 0.000014
14530 0.000024
14531 0.000015
14532 0.000011
14533 0.000013
14534 0.000016
14535 0.000010
14536 0.000025
14537 0.000029
14538 0.000018
14539 0.000022
14540 0.000040
14541 0.000020
14542 0.000020
14543 0.000016
14544 0.000013
14545 0.000015
14546 0.000014
14547 0.000020
14548 0.000006
14549 0.000008
14550 0.000006
14551 0.000013
14552 0.000019
14553 0.000032
14554 0.000016
14555 0.000017
14556 0.000030
14557 0.000020
14558 0.000015
14559 0.000010
14560 0.000028
14561 0.000030
14562 0.000011
14563 0.000017
14564 0.000015
14565 0.000021
14566 0.000013
14567 0.000022
14568 0.000019
14569 0.000014
14570 0.000013
14571 0.000030
14572 0.000011
14573 0.000018
14574 0.000021
14575 0.000021
14576 0.000018
14577 0.000020
14578 0.000013
14579 0.000018
14580 0.000015
14581 0.000017
14582 0.000028
14583 0.000021
14584 0.000016
14585 0.000029
14586 0.000007
14587 0.000010
14588 0.000011
14589 0.000023
14590 0.000032
14591 0.000025
14592 0.000023
14593 0.000020
14594 0.000048
14595 0.000013
14596 0.000006
14597 0.000012
14598 0.000028
14599 0.000029
14600 0.000017
14601 0.000024
14602 0.000023
14603 0.000018
14604 0.000016
14605 0.000020
14606 0.000011
14607 0.000024
14608 0.000010
14609 0.000023
14610 0.000029
14611 0.000018
14612 0.000014
14613 0.000011
14614 0.000015
14615 0.000013
14616 0.000016
14617 0.000010
14618 0.000017
14619 0.000018
14620 0.000031
14621 0.000013
14622 0.000018
14623 0.000020
14624 0.000013
14625 0.000011
14626 0.000017
14627 0.000028
14628 0.000024
14629 0.000014
14630 0.000014
14631 0.000012
14632 0.000016
14633 0.000020
14634 0.000026
14635 0.000025
14636 0.000022
14637 0.000007
14638 0.000008
14639 0.000007
14640 0.000011
14641 0.000017
14642 0.000008
14643 0.000011
14644 0.000017
14645 0.000030
14646 0.000020
14647 0.000014
14648 0.000020
14649 0.000010
14650 0.000026
14651 0.000021
14652 0.000011
14653 0.000011
14654 0.000019
14655 0.000016
14656 0.000018
14657 0.000022
14658 0.000034
14659 0.000014
14660 0.000013
14661 0.000010
14662 0.000010
14663 0.000023
14664 0.000041
14665 0.000042
14666 0.000020
14667 0.000018
14668 0.000006
14669 0.000012
14670 0.000008
14671 0.000012
14672 0.000010
14673 0.000023
14674 0.000011
14675 0.000032
14676 0.000030
14677 0.000022
14678 0.000026
14679 0.000031
14680 0.000026
14681 0.000021
14682 0.000019
14683 0.000034
14684 0.000025
14685 0.000020
14686 0.000021
14687 0.000035
14688 0.000021
14689 0.000041
14690 0.000018
14691 0.000012
14692 0.000016
14693 0.000011
14694 0.000016
14695 0.000015
14696 0.000006
14697 0.000022
14698 0.000013
14699 0.000019
14700 0.000014
14701 0.000019
14702 0.000014
14703 0.000010
14704 0.000019
14705 0.000028
14706 0.000010
14707 0.000026
14708 0.000016
14709 0.000022
14710 0.000018
14711 0.000014
14712 0.000014
14713 0.000028
14714 0.000021
14715 0.000023
14716 0.000022
14717 0.000019
14718 0.000010
14719 0.000027
14720 0.000012
14721 0.000010
14722 0.000017
14723 0.000024
14724 0.000025
14725 0.000027
14726 0.000014
14727 0.000015
14728 0.000017
14729 0.000016
14730 0.000013
14731 0.000019
14732 0.000023
14733 0.000017
14734 0.000019
14735 0.000020
14736 0.000017
14737 0.000015
14738 0.000029
14739 0.000007
14740 0.000020
14741 0.000010
14742 0.000016
14743 0.000020
14744 0.000031
14745 0.000020
14746 0.000021
14747 0.000009
14748 0.000015
14749 0.000022
14750 0.000021
14751 0.000016
14752 0.000015
14753 0.000017
14754 0.000008
14755 0.000026
14756 0.000013
14757 0.000012
14758 0.000021
14759 0.000013
14760 0.000022
14761 0.000010
14762 0.000007
14763 0.000030
14764 0.000019
14765 0.000009
14766 0.000011
14767 0.000025
14768 0.000028
14769 0.000035
14770 0.000015
14771 0.000025
14772 0.000023
14773 0.000020
14774 0.000011
14775 0.000017
14776 0.000015
14777 0.000016
14778 0.000013
14779 0.000013
14780 0.000019
14781 0.000027
14782 0.000019
14783 0.000021
14784 0.000023
14785 0.000026
14786 0.000019
14787 0.000011
14788 0.000039
14789 0.000018
14790 0.000023
14791 0.000018
14792 0.000021
14793 0.000024
14794 0.000037
14795 0.000020
14796 0.000016
14797 0.000008
14798 0.000004
14799 0.000012
14800 0.000023
14801 0.000014
14802 0.000012
14803 0.000011
14804 0.000014
14805 0.000016
14806 0.000016
14807 0.000012
14808 0.000036
14809 0.000025
14810 0.000015
14811 0.000009
14812 0.000014
14813 0.000023
14814 0.000016
14815 0.000014
14816 0.000012
14817 0.000019
14818 0.000017
14819 0.000023
14820 0.000028
14821 0.000015
14822 0.000017
14823 0.000022
14824 0.000021
14825 0.000025
14826 0.000015
14827 0.000044
14828 0.000026
14829 0.000023
14830 0.000013
14831 0.000019
14832 0.000021
14833 0.000019
14834 0.000011
14835 0.000025
14836 0.000020
14837 0.000028
14838 0.000028
14839 0.000016
14840 0.000035
14841 0.000024
14842 0.000021
14843 0.000014
14844 0.000014
14845 0.000016
14846 0.000028
14847 0.000016
14848 0.000030
14849 0.000021
14850 0.000013
14851 0.000033
14852 0.000024
14853 0.000008
14854 0.000026
14855 0.000041
14856 0.000018
14857 0.000020
14858 0.000011
14859 0.000022
14860 0.000022
14861 0.000045
14862 0.000021
14863 0.000029
14864 0.000031
14865 0.000018
14866 0.000014
14867 0.000023
14868 0.000025
14869 0.000020
14870 0.000017
14871 0.000022
14872 0.000008
14873 0.000016
14874 0.000009
14875 0.000029
14876 0.000021
14877 0.000026
14878 0.000037
14879 0.000021
14880 0.000025
14881 0.000021
14882 0.000012
14883 0.000026
14884 0.000019
14885 0.000018
14886 0.000005
14887 0.000012
14888 0.000014
14889 0.000018
14890 0.000022
14891 0.000023
14892 0.000030
14893 0.000026
14894 0.000027
14895 0.000029
14896 0.000035
14897 0.000009
14898 0.000015
14899 0.000030
14900 0.000030
14901 0.000015
14902 0.000011
14903 0.000016
14904 0.000030
14905 0.000017
14906 0.000025
14907 0.000026
14908 0.000019
14909 0.000006
14910 0.000020
14911 0.000015
14912 0.000011
14913 0.000023
14914 0.000019
14915 0.000016
14916 0.000012
14917 0.000012
14918 0.000013
14919 0.000012
14920 0.000029
14921 0.000029
14922 0.000025
14923 0.000041
14924 0.000024
14925 0.000012
14926 0.000027
14927 0.000027
14928 0.000011
14929 0.000014
14930 0.000020
14931 0.000028
14932 0.000020
14933 0.000014
14934 0.000031
14935 0.000012
14936 0.000009
14937 0.000013
14938 0.000009
14939 0.000028
14940 0.000009
14941 0.000022
14942 0.000017
14943 0.000010
14944 0.000015
14945 0.000043
14946 0.000028
14947 0.000012
14948 0.000014
14949 0.000015
14950 0.000016
14951 0.000016
14952 0.000012
14953 0.000024
14954 0.000048
14955 0.000027
14956 0.000038
14957 0.000019
14958 0.000018
14959 0.000021
14960 0.000022
14961 0.000019
14962 0.000010
14963 0.000014
14964 0.000010
14965 0.000020
14966 0.000017
14967 0.000021
14968 0.000012
14969 0.000007
14970 0.000034
14971 0.000023
14972 0.000012
14973 0.000016
14974 0.000023
14975 0.000011
14976 0.000013
14977 0.000008
14978 0.000022
14979 0.000015
14980 0.000012
14981 0.000022
14982 0.000019
14983 0.000026
14984 0.000021
14985 0.000024
14986 0.000008
14987 0.000011
14988 0.000008
14989 0.000008
14990 0.000011
14991 0.000016
14992 0.000018
14993 0.000009
14994 0.000011
14995 0.000016
14996 0.000019
14997 0.000024
14998 0.000025
14999 0.000009
15000 0.000037
15001 0.000035
15002 0.000018
15003 0.000023
15004 0.000027
15005 0.000027
15006 0.000031
15007 0.000025
15008 0.000023
15009 0.000019
15010 0.000006
15011 0.000017
15012 0.000027
15013 0.000019
15014 0.000019
15015 0.000013
15016 0.000012
15017 0.000014
15018 0.000014
15019 0.000011
15020 0.000012
15021 0.000043
15022 0.000025
15023 0.000016
15024 0.000012
15025 0.000036
15026 0.000014
15027 0.000013
15028 0.000014
15029 0.000016
15030 0.000013
15031 0.000015
15032 0.000023
15033 0.000015
15034 0.000029
15035 0.000024
15036 0.000027
15037 0.000018
15038 0.000011
15039 0.000016
15040 0.000017
15041 0.000028
15042 0.000027
15043 0.000019
15044 0.000026
15045 0.000020
15046 0.000024
15047 0.000037
15048 0.000034
15049 0.000007
15050 0.000007
15051 0.000026
15052 0.000011
15053 0.000022
15054 0.000032
15055 0.000021
15056 0.000008
15057 0.000035
15058 0.000014
15059 0.000042
15060 0.000010
15061 0.000022
15062 0.000011
15063 0.000013
15064 0.000031
15065 0.000015
15066 0.000011
15067 0.000023
15068 0.000030
15069 0.000021
15070 0.000021
15071 0.000008
15072 0.000014
15073 0.000015
15074 0.000023
15075 0.000020
15076 0.000016
15077 0.000031
15078 0.000013
15079 0.000022
15080 0.000042
15081 0.000022
15082 0.000012
15083 0.000015
15084 0.000017
15085 0.000012
15086 0.000023
15087 0.000025
15088 0.000018
15089 0.000011
15090 0.000014
15091 0.000023
15092 0.000022
15093 0.000028
15094 0.000020
15095 0.000015
15096 0.000021
15097 0.000018
15098 0.000011
15099 0.000016
15100 0.000015
15101 0.000006
15102 0.000013
15103 0.000018
15104 0.000014
15105 0.000007
15106 0.000029
15107 0.000022
15108 0.000050
15109 0.000023
15110 0.000020
15111 0.000027
15112 0.000012
15113 0.000029
15114 0.000015
15115 0.000029
15116 0.000027
15117 0.000023
15118 0.000021
15119 0.000014
15120 0.000018
15121 0.000019
15122 0.000022
15123 0.000018
15124 0.000019
15125 0.000016
15126 0.000015
15127 0.000016
15128 0.000026
15129 0.000023
15130 0.000016
15131 0.000028
15132 0.000013
15133 0.000014
15134 0.000013
15135 0.000012
15136 0.000020
15137 0.000022
15138 0.000008
15139 0.000018
15140 0.000020
15141 0.000022
15142 0.000028
15143 0.000014
15144 0.000032
15145 0.000028
15146 0.000012
15147 0.000015
15148 0.000022
15149 0.000015
15150 0.000015
15151 0.000025
15152 0.000034
15153 0.000010
15154 0.000017
15155 0.000012
15156 0.000020
15157 0.000028
15158 0.000014
15159 0.000018
15160 0.000014
15161 0.000035
15162 0.000029
15163 0.000020
15164 0.000029
15165 0.000020
15166 0.000036
15167 0.000021
15168 0.000026
15169 0.000038
15170 0.000026
15171 0.000024
15172 0.000013
15173 0.000025
15174 0.000023
15175 0.000027
15176 0.000020
15177 0.000023
15178 0.000021
15179 0.000016
15180 0.000013
15181 0.000014
15182 0.000025
15183 0.000029
15184 0.000016
15185 0.000030
15186 0.000020
15187 0.000025
15188 0.000028
15189 0.000018
15190 0.000021
15191 0.000008
15192 0.000034
15193 0.000016
15194 0.000013
15195 0.000009
15196 0.000017
15197 0.000008
15198 0.000026
15199 0.000015
15200 0.000030
15201 0.000020
15202 0.000016
15203 0.000024
15204 0.000024
15205 0.000029
15206 0.000026
15207 0.000017
15208 0.000026
15209 0.000023
15210 0.000026
15211 0.000028
15212 0.000028
15213 0.000014
15214 0.000018
15215 0.000018
15216 0.000018
15217 0.000022
15218 0.000030
15219 0.000027
15220 0.000026
15221 0.000010
15222 0.000010
15223 0.000015
15224 0.000016
15225 0.000018
15226 0.000016
15227 0.000019
15228 0.000034
15229 0.000017
15230 0.000012
15231 0.000019
15232 0.000027
15233 0.000012
15234 0.000026
15235 0.000025
15236 0.000014
15237 0.000020
15238 0.000016
15239 0.000006
15240 0.000007
15241 0.000025
15242 0.000010
15243 0.000014
15244 0.000029
15245 0.000019
15246 0.000023
15247 0.000007
15248 0.000018
15249 0.000020
15250 0.000027
15251 0.000008
15252 0.000032
15253 0.000024
15254 0.000014
15255 0.000029
15256 0.000014
15257 0.000015
15258 0.000014
15259 0.000014
15260 0.000029
15261 0.000012
15262 0.000019
15263 0.000017
15264 0.000025
15265 0.000006
15266 0.000016
15267 0.000015
15268 0.000011
15269 0.000022
15270 0.000018
15271 0.000017
15272 0.000023
15273 0.000024
15274 0.000020
15275 0.000016
15276 0.000021
15277 0.000020
15278 0.000009
15279 0.000026
15280 0.000017
15281 0.000027
15282 0.000025
15283 0.000023
15284 0.000013
15285 0.000010
15286 0.000022
15287 0.000022
15288 0.000024
15289 0.000014
15290 0.000016
15291 0.000021
15292 0.000030
15293 0.000016
15294 0.000009
15295 0.000017
15296 0.000015
15297 0.000018
15298 0.000014
15299 0.000023
15300 0.000022
15301 0.000034
15302 0.000020
15303 0.000034
15304 0.000031
15305 0.000021
15306 0.000020
15307 0.000023
15308 0.000027
15309 0.000037
15310 0.000023
15311 0.000028
15312 0.000016
15313 0.000012
15314 0.000009
15315 0.000011
15316 0.000008
15317 0.000024
15318 0.000013
15319 0.000033
15320 0.000045
15321 0.000028
15322 0.000017
15323 0.000020
15324 0.000014
15325 0.000034
15326 0.000028
15327 0.000014
15328 0.000008
15329 0.000022
15330 0.000024
15331 0.000024
15332 0.000028
15333 0.000012
15334 0.000016
15335 0.000012
15336 0.000021
15337 0.000021
15338 0.000017
15339 0.000035
15340 0.000026
15341 0.000024
15342 0.000032
15343 0.000014
15344 0.000013
15345 0.000014
15346 0.000009
15347 0.000014
15348 0.000014
15349 0.000013
15350 0.000025
15351 0.000017
15352 0.000016
15353 0.000018
15354 0.000009
15355 0.000023
15356 0.000019
15357 0.000015
15358 0.000012
15359 0.000013
15360 0.000016
15361 0.000010
15362 0.000019
15363 0.000020
15364 0.000010
15365 0.000019
15366 0.000014
15367 0.000019
15368 0.000018
15369 0.000024
15370 0.000031
15371 0.000033
15372 0.000028
15373 0.000017
15374 0.000009
15375 0.000019
15376 0.000018
15377 0.000025
15378 0.000012
15379 0.000011
15380 0.000015
15381 0.000020
15382 0.000012
15383 0.000018
15384 0.000018
15385 0.000024
15386 0.000018
15387 0.000019
15388 0.000019
15389 0.000017
15390 0.000044
15391 0.000029
15392 0.000020
15393 0.000023
15394 0.000019
15395 0.000036
15396 0.000031
15397 0.000020
15398 0.000014
15399 0.000008
15400 0.000012
15401 0.000016
15402 0.000020
15403 0.000033
15404 0.000017
15405 0.000019
15406 0.000025
15407 0.000025
15408 0.000041
15409 0.000026
15410 0.000030
15411 0.000019
15412 0.000028
15413 0.000031
15414 0.000028
15415 0.000033
15416 0.000038
15417 0.000046
15418 0.000032
15419 0.000032
15420 0.000018
15421 0.000029
15422 0.000015
15423 0.000025
15424 0.000017
15425 0.000021
15426 0.000018
15427 0.000017
15428 0.000015
15429 0.000022
15430 0.000010
15431 0.000023
15432 0.000021
15433 0.000028
15434 0.000013
15435 0.000010
15436 0.000015
15437 0.000007
15438 0.000021
15439 0.000020
15440 0.000020
15441 0.000016
15442 0.000013
15443 0.000014
15444 0.000028
15445 0.000017
15446 0.000028
15447 0.000031
15448 0.000012
15449 0.000021
15450 0.000028
15451 0.000016
15452 0.000017
15453 0.000023
15454 0.000011
15455 0.000019
15456 0.000025
15457 0.000024
15458 0.000030
15459 0.000007
15460 0.000015
15461 0.000022
15462 0.000019
15463 0.000012
15464 0.000021
15465 0.000020
15466 0.000025
15467 0.000019
15468 0.000016
15469 0.000025
15470 0.000023
15471 0.000028
15472 0.000017
15473 0.000017
15474 0.000026
15475 0.000014
15476 0.000022
15477 0.000030
15478 0.000015
15479 0.000013
15480 0.000019
15481 0.000020
15482 0.000011
15483 0.000017
15484 0.000008
15485 0.000014
15486 0.000014
15487 0.000015
15488 0.000007
15489 0.000004
15490 0.000017
15491 0.000017
15492 0.000018
15493 0.000019
15494 0.000021
15495 0.000026
15496 0.000030
15497 0.000019
15498 0.000022
15499 0.000017
15500 0.000025
15501 0.000016
15502 0.000013
15503 0.000033
15504 0.000023
15505 0.000007
15506 0.000016
15507 0.000017
15508 0.000036
15509 0.000021
15510 0.000013
15511 0.000027
15512 0.000021
15513 0.000028
15514 0.000020
15515 0.000014
15516 0.000019
15517 0.000020
15518 0.000023
15519 0.000017
15520 0.000021
15521 0.000020
15522 0.000020
15523 0.000037
15524 0.000031
15525 0.000018
15526 0.000011
15527 0.000019
15528 0.000017
15529 0.000021
15530 0.000013
15531 0.000018
15532 0.000014
15533 0.000021
15534 0.000019
15535 0.000027
15536 0.000020
15537 0.000058
15538 0.000017
15539 0.000016
15540 0.000010
15541 0.000016
15542 0.000017
15543 0.000022
15544 0.000012
15545 0.000018
15546 0.000023
15547 0.000011
15548 0.000017
15549 0.000020
15550 0.000013
15551 0.000027
15552 0.000020
15553 0.000009
15554 0.000027
15555 0.000019
15556 0.000011
15557 0.000022
15558 0.000020
15559 0.000024
15560 0.000014
15561 0.000014
15562 0.000016
15563 0.000018
15564 0.000018
15565 0.000028
15566 0.000014
15567 0.000028
15568 0.000021
15569 0.000020
15570 0.000029
15571 0.000017
15572 0.000023
15573 0.000034
15574 0.000024
15575 0.000019
15576 0.000018
15577 0.000026
15578 0.000026
15579 0.000024
15580 0.000021
15581 0.000027
15582 0.000042
15583 0.000021
15584 0.000026
15585 0.000026
15586 0.000018
15587 0.000021
15588 0.000016
15589 0.000005
15590 0.000017
15591 0.000024
15592 0.000014
15593 0.000014
15594 0.000024
15595 0.000020
15596 0.000021
15597 0.000018
15598 0.000017
15599 0.000036
15600 0.000024
15601 0.000016
15602 0.000011
15603 0.000016
15604 0.000020
15605 0.000018
15606 0.000023
15607 0.000014
15608 0.000013
15609 0.000015
15610 0.000021
15611 0.000007
15612 0.000007
15613 0.000014
15614 0.000030
15615 0.000022
15616 0.000018
15617 0.000022
15618 0.000019
15619 0.000033
15620 0.000020
15621 0.000027
15622 0.000019
15623 0.000017
15624 0.000020
15625 0.000014
15626 0.000016
15627 0.000019
15628 0.000013
15629 0.000020
15630 0.000014
15631 0.000021
15632 0.000016
15633 0.000031
15634 0.000029
15635 0.000019
15636 0.000016
15637 0.000018
15638 0.000026
15639 0.000019
15640 0.000009
15641 0.000019
15642 0.000030
15643 0.000026
15644 0.000015
15645 0.000019
15646 0.000019
15647 0.000060
15648 0.000023
15649 0.000028
15650 0.000037
15651 0.000015
15652 0.000013
15653 0.000033
15654 0.000021
15655 0.000010
15656 0.000016
15657 0.000022
15658 0.000024
15659 0.000022
15660 0.000018
15661 0.000014
15662 0.000031
15663 0.000016
15664 0.000021
15665 0.000023
15666 0.000043
15667 0.000029
15668 0.000021
15669 0.000022
15670 0.000021
15671 0.000034
15672 0.000026
15673 0.000010
15674 0.000017
15675 0.000048
15676 0.000021
15677 0.000012
15678 0.000027
15679 0.000019
15680 0.000010
15681 0.000035
15682 0.000020
15683 0.000011
15684 0.000016
15685 0.000024
15686 0.000044
15687 0.000019
15688 0.000016
15689 0.000009
15690 0.000021
15691 0.000021
15692 0.000024
15693 0.000012
15694 0.000012
15695 0.000023
15696 0.000017
15697 0.000017
15698 0.000019
15699 0.000019
15700 0.000006
15701 0.000021
15702 0.000025
15703 0.000014
15704 0.000013
15705 0.000019
15706 0.000015
15707 0.000021
15708 0.000019
15709 0.000012
15710 0.000016
15711 0.000025
15712 0.000020
15713 0.000014
15714 0.000032
15715 0.000023
15716 0.000027
15717 0.000019
15718 0.000023
15719 0.000024
15720 0.000038
15721 0.000019
15722 0.000017
15723 0.000030
15724 0.000023
15725 0.000013
15726 0.000015
15727 0.000028
15728 0.000015
15729 0.000009
15730 0.000021
15731 0.000026
15732 0.000013
15733 0.000014
15734 0.000012
15735 0.000005
15736 0.000027
15737 0.000013
15738 0.000026
15739 0.000020
15740 0.000023
15741 0.000025
15742 0.000019
15743 0.000010
15744 0.000022
15745 0.000030
15746 0.000017
15747 0.000017
15748 0.000031
15749 0.000021
15750 0.000015
15751 0.000018
15752 0.000013
15753 0.000020
15754 0.000028
15755 0.000007
15756 0.000006
15757 0.000032
15758 0.000013
15759 0.000028
15760 0.000023
15761 0.000021
15762 0.000013
15763 0.000017
15764 0.000025
15765 0.000028
15766 0.000006
15767 0.000004
15768 0.000019
15769 0.000031
15770 0.000026
15771 0.000022
15772 0.000010
15773 0.000008
15774 0.000006
15775 0.000013
15776 0.000020
15777 0.000020
15778 0.000019
15779 0.000016
15780 0.000012
15781 0.000017
15782 0.000018
15783 0.000023
15784 0.000026
15785 0.000012
15786 0.000010
15787 0.000024
15788 0.000037
15789 0.000026
15790 0.000013
15791 0.000026
15792 0.000019
15793 0.000017
15794 0.000029
15795 0.000020
15796 0.000010
15797 0.000021
15798 0.000019
15799 0.000024
15800 0.000035
15801 0.000035
15802 0.000020
15803 0.000020
15804 0.000020
15805 0.000020
15806 0.000016
15807 0.000016
15808 0.000019
15809 0.000016
15810 0.000032
15811 0.000018
15812 0.000016
15813 0.000022
15814 0.000026
15815 0.000019
15816 0.000019
15817 0.000022
15818 0.000034
15819 0.000019
15820 0.000020
15821 0.000019
15822 0.000029
15823 0.000030
15824 0.000017
15825 0.000010
15826 0.000011
15827 0.000015
15828 0.000018
15829 0.000020
15830 0.000017
15831 0.000019
15832 0.000015
15833 0.000013
15834 0.000016
15835 0.000023
15836 0.000021
15837 0.000022
15838 0.000024
15839 0.000026
15840 0.000013
15841 0.000020
15842 0.000016
15843 0.000012
15844 0.000011
15845 0.000007
15846 0.000020
15847 0.000008
15848 0.000018
15849 0.000015
15850 0.000024
15851 0.000033
15852 0.000032
15853 0.000010
15854 0.000017
15855 0.000034
15856 0.000017
15857 0.000014
15858 0.000021
15859 0.000008
15860 0.000018
15861 0.000010
15862 0.000013
15863 0.000018
15864 0.000017
15865 0.000021
15866 0.000032
15867 0.000028
15868 0.000022
15869 0.000025
15870 0.000021
15871 0.000013
15872 0.000033
15873 0.000015
15874 0.000018
15875 0.000014
15876 0.000021
15877 0.000018
15878 0.000012
15879 0.000014
15880 0.000031
15881 0.000011
15882 0.000020
15883 0.000027
15884 0.000019
15885 0.000009
15886 0.000020
15887 0.000016
15888 0.000007
15889 0.000011
15890 0.000014
15891 0.000018
15892 0.000028
15893 0.000025
15894 0.000008
15895 0.000013
15896 0.000015
15897 0.000025
15898 0.000014
15899 0.000034
15900 0.000017
15901 0.000021
15902 0.000019
15903 0.000014
15904 0.000023
15905 0.000034
15906 0.000021
15907 0.000026
15908 0.000044
15909 0.000019
15910 0.000009
15911 0.000035
15912 0.000012
15913 0.000022
15914 0.000027
15915 0.000025
15916 0.000020
15917 0.000023
15918 0.000020
15919 0.000036
15920 0.000027
15921 0.000015
15922 0.000019
15923 0.000013
15924 0.000021
15925 0.000013
15926 0.000006
15927 0.000033
15928 0.000028
15929 0.000052
15930 0.000026
15931 0.000017
15932 0.000025
15933 0.000013
15934 0.000008
15935 0.000013
15936 0.000013
15937 0.000022
15938 0.000018
15939 0.000038
15940 0.000041
15941 0.000020
15942 0.000015
15943 0.000021
15944 0.000020
15945 0.000012
15946 0.000028
15947 0.000018
15948 0.000020
15949 0.000020
15950 0.000035
15951 0.000023
15952 0.000026
15953 0.000032
15954 0.000024
15955 0.000034
15956 0.000025
15957 0.000032
15958 0.000026
15959 0.000033
15960 0.000015
15961 0.000013
15962 0.000017
15963 0.000034
15964 0.000020
15965 0.000028
15966 0.000029
15967 0.000010
15968 0.000018
15969 0.000023
15970 0.000026
15971 0.000042
15972 0.000023
15973 0.000033
15974 0.000027
15975 0.000014
15976 0.000019
15977 0.000029
15978 0.000018
15979 0.000014
15980 0.000017
15981 0.000015
15982 0.000018
15983 0.000019
15984 0.000007
15985 0.000038
15986 0.000024
15987 0.000035
15988 0.000029
15989 0.000018
15990 0.000011
15991 0.000023
15992 0.000013
15993 0.000011
15994 0.000033
15995 0.000016
15996 0.000025
15997 0.000017
15998 0.000027
15999 0.000015
16000 0.000018
16001 0.000050
16002 0.000021
16003 0.000029
16004 0.000020
16005 0.000006
16006 0.000021
16007 0.000010
16008 0.000025
16009 0.000018
16010 0.000035
16011 0.000026
16012 0.000013
16013 0.000016
16014 0.000025
16015 0.000020
16016 0.000031
16017 0.000025
16018 0.000036
16019 0.000031
16020 0.000018
16021 0.000009
16022 0.000024
16023 0.000018
16024 0.000020
16025 0.000009
16026 0.000012
16027 0.000014
16028 0.000047
16029 0.000025
16030 0.000026
16031 0.000019
16032 0.000009
16033 0.000022
16034 0.000030
16035 0.000014
16036 0.000023
16037 0.000019
16038 0.000016
16039 0.000034
16040 0.000021
16041 0.000013
16042 0.000027
16043 0.000017
16044 0.000022
16045 0.000014
16046 0.000016
16047 0.000012
16048 0.000017
16049 0.000011
16050 0.000023
16051 0.000008
16052 0.000017
16053 0.000012
16054 0.000035
16055 0.000014
16056 0.000010
16057 0.000018
16058 0.000026
16059 0.000024
16060 0.000009
16061 0.000009
16062 0.000011
16063 0.000013
16064 0.000045
16065 0.000017
16066 0.000017
16067 0.000026
16068 0.000013
16069 0.000030
16070 0.000044
16071 0.000039
16072 0.000029
16073 0.000022
16074 0.000016
16075 0.000017
16076 0.000036
16077 0.000015
16078 0.000015
16079 0.000017
16080 0.000005
16081 0.000015
16082 0.000017
16083 0.000014
16084 0.000024
16085 0.000027
16086 0.000037
16087 0.000025
16088 0.000031
16089 0.000016
16090 0.000026
16091 0.000014
16092 0.000023
16093 0.000023
16094 0.000037
16095 0.000034
16096 0.000021
16097 0.000012
16098 0.000022
16099 0.000009
16100 0.000018
16101 0.000032
16102 0.000017
16103 0.000026
16104 0.000025
16105 0.000022
16106 0.000007
16107 0.000021
16108 0.000023
16109 0.000008
16110 0.000015
16111 0.000013
16112 0.000011
16113 0.000021
16114 0.000014
16115 0.000011
16116 0.000026
16117 0.000024
16118 0.000021
16119 0.000019
16120 0.000011
16121 0.000013
16122 0.000020
16123 0.000018
16124 0.000013
16125 0.000007
16126 0.000020
16127 0.000033
16128 0.000032
16129 0.000029
16130 0.000017
16131 0.000032
16132 0.000032
16133 0.000031
16134 0.000018
16135 0.000010
16136 0.000011
16137 0.000010
16138 0.000017
16139 0.000028
16140 0.000017
16141 0.000028
16142 0.000016
16143 0.000015
16144 0.000018
16145 0.000006
16146 0.000010
16147 0.000013
16148 0.000013
16149 0.000011
16150 0.000012
16151 0.000014
16152 0.000012
16153 0.000012
16154 0.000029
16155 0.000015
16156 0.000022
16157 0.000017
16158 0.000014
16159 0.000020
16160 0.000009
16161 0.000034
16162 0.000023
16163 0.000022
16164 0.000032
16165 0.000018
16166 0.000023
16167 0.000029
16168 0.000027
16169 0.000023
16170 0.000031
16171 0.000026
16172 0.000013
16173 0.000014
16174 0.000025
16175 0.000023
16176 0.000007
16177 0.000026
16178 0.000016
16179 0.000013
16180 0.000028
16181 0.000016
16182 0.000025
16183 0.000017
16184 0.000037
16185 0.000018
16186 0.000009
16187 0.000007
16188 0.000014
16189 0.000022
16190 0.000033
16191 0.000045
16192 0.000014
16193 0.000030
16194 0.000023
16195 0.000023
16196 0.000023
16197 0.000018
16198 0.000023
16199 0.000025
16200 0.000016
16201 0.000023
16202 0.000031
16203 0.000031
16204 0.000033
16205 0.000026
16206 0.000016
16207 0.000020
16208 0.000047
16209 0.000010
16210 0.000018
16211 0.000021
16212 0.000018
16213 0.000026
16214 0.000032
16215 0.000038
16216 0.000031
16217 0.000019
16218 0.000017
16219 0.000026
16220 0.000025
16221 0.000027
16222 0.000020
16223 0.000020
16224 0.000019
16225 0.000016
16226 0.000019
16227 0.000013
16228 0.000030
16229 0.000027
16230 0.000015
16231 0.000015
16232 0.000020
16233 0.000045
16234 0.000020
16235 0.000018
16236 0.000023
16237 0.000024
16238 0.000009
16239 0.000010
16240 0.000014
16241 0.000024
16242 0.000012
16243 0.000026
16244 0.000021
16245 0.000027
16246 0.000023
16247 0.000014
16248 0.000024
16249 0.000028
16250 0.000032
16251 0.000020
16252 0.000019
16253 0.000017
16254 0.000021
16255 0.000009
16256 0.000024
16257 0.000030
16258 0.000019
16259 0.000021
16260 0.000016
16261 0.000016
16262 0.000036
16263 0.000014
16264 0.000010
16265 0.000004
16266 0.000016
16267 0.000011
16268 0.000024
16269 0.000018
16270 0.000011
16271 0.000021
16272 0.000026
16273 0.000016
16274 0.000017
16275 0.000008
16276 0.000019
16277 0.000018
16278 0.000021
16279 0.000028
16280 0.000027
16281 0.000019
16282 0.000022
16283 0.000022
16284 0.000032
16285 0.000018
16286 0.000030
16287 0.000017
16288 0.000025
16289 0.000027
16290 0.000013
16291 0.000018
16292 0.000014
16293 0.000023
16294 0.000023
16295 0.000010
16296 0.000013
16297 0.000016
16298 0.000019
16299 0.000031
16300 0.000008
16301 0.000028
16302 0.000017
16303 0.000020
16304 0.000028
16305 0.000022
16306 0.000013
16307 0.000017
16308 0.000026
16309 0.000016
16310 0.000011
16311 0.000012
16312 0.000008
16313 0.000013
16314 0.000015
16315 0.000021
16316 0.000027
16317 0.000018
16318 0.000027
16319 0.000022
16320 0.000020
16321 0.000014
16322 0.000019
16323 0.000025
16324 0.000022
16325 0.000012
16326 0.000018
16327 0.000014
16328 0.000020
16329 0.000025
16330 0.000017
16331 0.000019
16332 0.000018
16333 0.000016
16334 0.000025
16335 0.000017
16336 0.000029
16337 0.000023
16338 0.000027
16339 0.000033
16340 0.000015
16341 0.000010
16342 0.000018
16343 0.000010
16344 0.000016
16345 0.000018
16346 0.000019
16347 0.000027
16348 0.000031
16349 0.000028
16350 0.000018
16351 0.000017
16352 0.000021
16353 0.000029
16354 0.000025
16355 0.000015
16356 0.000007
16357 0.000014
16358 0.000040
16359 0.000045
16360 0.000019
16361 0.000016
16362 0.000022
16363 0.000020
16364 0.000011
16365 0.000008
16366 0.000016
16367 0.000014
16368 0.000028
16369 0.000023
16370 0.000012
16371 0.000029
16372 0.000019
16373 0.000027
16374 0.000016
16375 0.000025
16376 0.000008
16377 0.000020
16378 0.000017
16379 0.000034
16380 0.000017
16381 0.000016
16382 0.000021
16383 0.000026
16384 0.000019
16385 0.000011
16386 0.000010
16387 0.000020
16388 0.000018
16389 0.000030
16390 0.000020
16391 0.000017
16392 0.000023
16393 0.000054
16394 0.000029
16395 0.000015
16396 0.000034
16397 0.000030
16398 0.000034
16399 0.000010
16400 0.000026
16401 0.000018
16402 0.000021
16403 0.000026
16404 0.000022
16405 0.000032
16406 0.000027
16407 0.000010
16408 0.000028
16409 0.000021
16410 0.000016
16411 0.000007
16412 0.000015
16413 0.000021
16414 0.000019
16415 0.000007
16416 0.000007
16417 0.000010
16418 0.000007
16419 0.000033
16420 0.000020
16421 0.000030
16422 0.000018
16423 0.000028
16424 0.000012
16425 0.000022
16426 0.000017
16427 0.000016
16428 0.000016
16429 0.000024
16430 0.000008
16431 0.000028
16432 0.000020
16433 0.000016
16434 0.000029
16435 0.000014
16436 0.000018
16437 0.000014
16438 0.000015
16439 0.000022
16440 0.000020
16441 0.000015
16442 0.000016
16443 0.000010
16444 0.000035
16445 0.000018
16446 0.000019
16447 0.000014
16448 0.000015
16449 0.000024
16450 0.000025
16451 0.000034
16452 0.000027
16453 0.000010
16454 0.000019
16455 0.000018
16456 0.000018
16457 0.000014
16458 0.000015
16459 0.000029
16460 0.000020
16461 0.000027
16462 0.000027
16463 0.000008
16464 0.000007
16465 0.000013
16466 0.000006
16467 0.000027
16468 0.000021
16469 0.000018
16470 0.000025
16471 0.000023
16472 0.000022
16473 0.000016
16474 0.000023
16475 0.000020
16476 0.000030
16477 0.000011
16478 0.000020
16479 0.000016
16480 0.000006
16481 0.000030
16482 0.000016
16483 0.000025
16484 0.000025
16485 0.000031
16486 0.000009
16487 0.000012
16488 0.000028
16489 0.000025
16490 0.000019
16491 0.000027
16492 0.000013
16493 0.000019
16494 0.000021
16495 0.000020
16496 0.000024
16497 0.000018
16498 0.000020
16499 0.000016
16500 0.000019
16501 0.000021
16502 0.000024
16503 0.000012
16504 0.000019
16505 0.000022
16506 0.000031
16507 0.000029
16508 0.000020
16509 0.000019
16510 0.000029
16511 0.000012
16512 0.000020
16513 0.000013
16514 0.000013
16515 0.000010
16516 0.000015
16517 0.000017
16518 0.000017
16519 0.000018
16520 0.000014
16521 0.000015
16522 0.000020
16523 0.000014
16524 0.000012
16525 0.000034
16526 0.000021
16527 0.000020
16528 0.000023
16529 0.000020
16530 0.000016
16531 0.000013
16532 0.000034
16533 0.000024
16534 0.000025
16535 0.000021
16536 0.000025
16537 0.000026
16538 0.000015
16539 0.000019
16540 0.000014
16541 0.000024
16542 0.000022
16543 0.000025
16544 0.000028
16545 0.000016
16546 0.000015
16547 0.000029
16548 0.000014
16549 0.000019
16550 0.000013
16551 0.000039
16552 0.000026
16553 0.000011
16554 0.000024
16555 0.000013
16556 0.000033
16557 0.000028
16558 0.000026
16559 0.000022
16560 0.000011
16561 0.000018
16562 0.000017
16563 0.000024
16564 0.000013
16565 0.000025
16566 0.000013
16567 0.000016
16568 0.000015
16569 0.000030
16570 0.000015
16571 0.000030
16572 0.000013
16573 0.000014
16574 0.000017
16575 0.000031
16576 0.000027
16577 0.000016
16578 0.000016
16579 0.000029
16580 0.000024
16581 0.000031
16582 0.000016
16583 0.000010
16584 0.000007
16585 0.000011
16586 0.000019
16587 0.000017
16588 0.000036
16589 0.000025
16590 0.000047
16591 0.000032
16592 0.000016
16593 0.000012
16594 0.000022
16595 0.000017
16596 0.000036
16597 0.000015
16598 0.000022
16599 0.000008
16600 0.000013
16601 0.000023
16602 0.000019
16603 0.000018
16604 0.000016
16605 0.000030
16606 0.000022
16607 0.000016
16608 0.000028
16609 0.000015
16610 0.000023
16611 0.000022
16612 0.000018
16613 0.000019
16614 0.000017
16615 0.000017
16616 0.000030
16617 0.000019
16618 0.000021
16619 0.000039
16620 0.000026
16621 0.000025
16622 0.000024
16623 0.000026
16624 0.000026
16625 0.000013
16626 0.000020
16627 0.000008
16628 0.000020
16629 0.000013
16630 0.000016
16631 0.000021
16632 0.000044
16633 0.000022
16634 0.000013
16635 0.000019
16636 0.000018
16637 0.000028
16638 0.000013
16639 0.000007
16640 0.000020
16641 0.000032
16642 0.000023
16643 0.000030
16644 0.000027
16645 0.000012
16646 0.000033
16647 0.000019
16648 0.000017
16649 0.000020
16650 0.000021
16651 0.000018
16652 0.000015
16653 0.000016
16654 0.000010
16655 0.000017
16656 0.000039
16657 0.000021
16658 0.000027
16659 0.000018
16660 0.000017
16661 0.000022
16662 0.000019
16663 0.000027
16664 0.000018
16665 0.000019
16666 0.000012
16667 0.000018
16668 0.000023
16669 0.000009
16670 0.000020
16671 0.000024
16672 0.000024
16673 0.000020
16674 0.000019
16675 0.000008
16676 0.000018
16677 0.000023
16678 0.000014
16679 0.000018
16680 0.000026
16681 0.000021
16682 0.000024
16683 0.000042
16684 0.000022
16685 0.000009
16686 0.000006
16687 0.000021
16688 0.000026
16689 0.000030
16690 0.000020
16691 0.000011
16692 0.000027
16693 0.000014
16694 0.000010
16695 0.000009
16696 0.000013
16697 0.000013
16698 0.000020
16699 0.000022
16700 0.000024
16701 0.000016
16702 0.000021
16703 0.000024
16704 0.000019
16705 0.000011
16706 0.000014
16707 0.000010
16708 0.000011
16709 0.000017
16710 0.000019
16711 0.000019
16712 0.000012
16713 0.000016
16714 0.000024
16715 0.000024
16716 0.000023
16717 0.000016
16718 0.000027
16719 0.000031
16720 0.000016
16721 0.000027
16722 0.000016
16723 0.000017
16724 0.000018
16725 0.000018
16726 0.000017
16727 0.000019
16728 0.000010
16729 0.000025
16730 0.000010
16731 0.000007
16732 0.000010
16733 0.000008
16734 0.000007
16735 0.000022
16736 0.000014
16737 0.000013
16738 0.000015
16739 0.000020
16740 0.000018
16741 0.000020
16742 0.000048
16743 0.000039
16744 0.000018
16745 0.000029
16746 0.000013
16747 0.000025
16748 0.000016
16749 0.000023
16750 0.000038
16751 0.000021
16752 0.000027
16753 0.000018
16754 0.000023
16755 0.000025
16756 0.000012
16757 0.000047
16758 0.000019
16759 0.000011
16760 0.000013
16761 0.000013
16762 0.000012
16763 0.000025
16764 0.000021
16765 0.000023
16766 0.000023
16767 0.000011
16768 0.000013
16769 0.000023
16770 0.000013
16771 0.000024
16772 0.000022
16773 0.000023
16774 0.000022
16775 0.000021
16776 0.000028
16777 0.000039
16778 0.000015
16779 0.000032
16780 0.000022
16781 0.000023
16782 0.000032
16783 0.000021
16784 0.000013
16785 0.000026
16786 0.000011
16787 0.000017
16788 0.000025
16789 0.000037
16790 0.000014
16791 0.000024
16792 0.000020
16793 0.000017
16794 0.000011
16795 0.000016
16796 0.000009
16797 0.000030
16798 0.000019
16799 0.000012
16800 0.000008
16801 0.000022
16802 0.000020
16803 0.000017
16804 0.000022
16805 0.000015
16806 0.000019
16807 0.000030
16808 0.000020
16809 0.000025
16810 0.000031
16811 0.000039
16812 0.000019
16813 0.000014
16814 0.000014
16815 0.000008
16816 0.000031
16817 0.000035
16818 0.000017
16819 0.000030
16820 0.000020
16821 0.000017
16822 0.000030
16823 0.000028
16824 0.000021
16825 0.000011
16826 0.000013
16827 0.000020
16828 0.000026
16829 0.000015
16830 0.000019
16831 0.000013
16832 0.000009
16833 0.000011
16834 0.000021
16835 0.000021
16836 0.000014
16837 0.000030
16838 0.000024
16839 0.000023
16840 0.000017
16841 0.000016
16842 0.000007
16843 0.000025
16844 0.000019
16845 0.000010
16846 0.000011
16847 0.000020
16848 0.000030
16849 0.000015
16850 0.000021
16851 0.000021
16852 0.000018
16853 0.000012
16854 0.000023
16855 0.000015
16856 0.000011
16857 0.000011
16858 0.000020
16859 0.000009
16860 0.000021
16861 0.000023
16862 0.000018
16863 0.000034
16864 0.000043
16865 0.000019
16866 0.000010
16867 0.000011
16868 0.000008
16869 0.000012
16870 0.000034
16871 0.000013
16872 0.000015
16873 0.000009
16874 0.000020
16875 0.000021
16876 0.000016
16877 0.000023
16878 0.000031
16879 0.000016
16880 0.000030
16881 0.000023
16882 0.000022
16883 0.000028
16884 0.000014
16885 0.000009
16886 0.000014
16887 0.000021
16888 0.000019
16889 0.000018
16890 0.000023
16891 0.000019
16892 0.000011
16893 0.000017
16894 0.000020
16895 0.000023
16896 0.000021
16897 0.000031
16898 0.000022
16899 0.000019
16900 0.000022
16901 0.000027
16902 0.000016
16903 0.000018
16904 0.000008
16905 0.000025
16906 0.000018
16907 0.000015
16908 0.000010
16909 0.000033
16910 0.000029
16911 0.000020
16912 0.000020
16913 0.000044
16914 0.000022
16915 0.000020
16916 0.000018
16917 0.000011
16918 0.000016
16919 0.000015
16920 0.000017
16921 0.000027
16922 0.000023
16923 0.000014
16924 0.000006
16925 0.000034
16926 0.000009
16927 0.000034
16928 0.000027
16929 0.000016
16930 0.000026
16931 0.000032
16932 0.000027
16933 0.000018
16934 0.000043
16935 0.000009
16936 0.000010
16937 0.000022
16938 0.000019
16939 0.000034
16940 0.000011
16941 0.000027
16942 0.000017
16943 0.000022
16944 0.000011
16945 0.000024
16946 0.000021
16947 0.000010
16948 0.000028
16949 0.000013
16950 0.000029
16951 0.000016
16952 0.000023
16953 0.000028
16954 0.000025
16955 0.000017
16956 0.000019
16957 0.000023
16958 0.000017
16959 0.000013
16960 0.000020
16961 0.000035
16962 0.000019
16963 0.000029
16964 0.000015
16965 0.000020
16966 0.000009
16967 0.000013
16968 0.000032
16969 0.000014
16970 0.000014
16971 0.000009
16972 0.000013
16973 0.000014
16974 0.000021
16975 0.000014
16976 0.000022
16977 0.000015
16978 0.000026
16979 0.000017
16980 0.000035
16981 0.000024
16982 0.000018
16983 0.000016
16984 0.000019
16985 0.000028
16986 0.000012
16987 0.000025
16988 0.000027
16989 0.000023
16990 0.000034
16991 0.000016
16992 0.000017
16993 0.000022
16994 0.000017
16995 0.000025
16996 0.000017
16997 0.000026
16998 0.000021
16999 0.000011
17000 0.000028
17001 0.000019
17002 0.000025
17003 0.000009
17004 0.000023
17005 0.000043
17006 0.000021
17007 0.000021
17008 0.000011
17009 0.000026
17010 0.000019
17011 0.000024
17012 0.000019
17013 0.000015
17014 0.000016
17015 0.000014
17016 0.000017
17017 0.000007
17018 0.000006
17019 0.000037
17020 0.000009
17021 0.000019
17022 0.000013
17023 0.000018
17024 0.000016
17025 0.000025
17026 0.000026
17027 0.000030
17028 0.000018
17029 0.000009
17030 0.000042
17031 0.000034
17032 0.000012
17033 0.000036
17034 0.000020
17035 0.000013
17036 0.000022
17037 0.000027
17038 0.000016
17039 0.000016
17040 0.000026
17041 0.000027
17042 0.000027
17043 0.000023
17044 0.000015
17045 0.000014
17046 0.000020
17047 0.000015
17048 0.000014
17049 0.000005
17050 0.000021
17051 0.000007
17052 0.000017
17053 0.000012
17054 0.000017
17055 0.000020
17056 0.000012
17057 0.000033
17058 0.000016
17059 0.000014
17060 0.000017
17061 0.000018
17062 0.000018
17063 0.000010
17064 0.000033
17065 0.000032
17066 0.000019
17067 0.000048
17068 0.000025
17069 0.000021
17070 0.000028
17071 0.000026
17072 0.000021
17073 0.000024
17074 0.000030
17075 0.000009
17076 0.000016
17077 0.000013
17078 0.000025
17079 0.000012
17080 0.000021
17081 0.000017
17082 0.000014
17083 0.000010
17084 0.000015
17085 0.000011
17086 0.000016
17087 0.000012
17088 0.000028
17089 0.000014
17090 0.000020
17091 0.000030
17092 0.000022
17093 0.000017
17094 0.000025
17095 0.000005
17096 0.000023
17097 0.000027
17098 0.000017
17099 0.000020
17100 0.000036
17101 0.000029
17102 0.000013
17103 0.000023
17104 0.000018
17105 0.000029
17106 0.000026
17107 0.000011
17108 0.000015
17109 0.000025
17110 0.000014
17111 0.000014
17112 0.000031
17113 0.000020
17114 0.000026
17115 0.000018
17116 0.000022
17117 0.000023
17118 0.000018
17119 0.000023
17120 0.000021
17121 0.000019
17122 0.000013
17123 0.000016
17124 0.000030
17125 0.000011
17126 0.000018
17127 0.000038
17128 0.000025
17129 0.000021
17130 0.000023
17131 0.000025
17132 0.000013
17133 0.000011
17134 0.000010
17135 0.000018
17136 0.000031
17137 0.000019
17138 0.000010
17139 0.000015
17140 0.000013
17141 0.000013
17142 0.000008
17143 0.000023
17144 0.000015
17145 0.000025
17146 0.000026
17147 0.000007
17148 0.000015
17149 0.000009
17150 0.000022
17151 0.000011
17152 0.000020
17153 0.000020
17154 0.000031
17155 0.000019
17156 0.000023
17157 0.000005
17158 0.000013
17159 0.000019
17160 0.000025
17161 0.000014
17162 0.000016
17163 0.000041
17164 0.000058
17165 0.000019
17166 0.000017
17167 0.000029
17168 0.000027
17169 0.000022
17170 0.000019
17171 0.000026
17172 0.000016
17173 0.000019
17174 0.000027
17175 0.000012
17176 0.000030
17177 0.000018
17178 0.000017
17179 0.000023
17180 0.000028
17181 0.000014
17182 0.000016
17183 0.000024
17184 0.000024
17185 0.000019
17186 0.000012
17187 0.000036
17188 0.000024
17189 0.000033
17190 0.000020
17191 0.000020
17192 0.000025
17193 0.000012
17194 0.000020
17195 0.000016
17196 0.000019
17197 0.000035
17198 0.000010
17199 0.000021
17200 0.000009
17201 0.000020
17202 0.000013
17203 0.000015
17204 0.000021
17205 0.000037
17206 0.000023
17207 0.000030
17208 0.000016
17209 0.000013
17210 0.000022
17211 0.000023
17212 0.000012
17213 0.000011
17214 0.000010
17215 0.000022
17216 0.000013
17217 0.000013
17218 0.000008
17219 0.000004
17220 0.000027
17221 0.000018
17222 0.000019
17223 0.000018
17224 0.000011
17225 0.000014
17226 0.000008
17227 0.000014
17228 0.000017
17229 0.000010
17230 0.000021
17231 0.000020
17232 0.000019
17233 0.000016
17234 0.000031
17235 0.000033
17236 0.000023
17237 0.000011
17238 0.000022
17239 0.000022
17240 0.000035
17241 0.000030
17242 0.000018
17243 0.000020
17244 0.000015
17245 0.000024
17246 0.000027
17247 0.000028
17248 0.000037
17249 0.000014
17250 0.000016
17251 0.000015
17252 0.000036
17253 0.000009
17254 0.000015
17255 0.000019
17256 0.000035
17257 0.000023
17258 0.000014
17259 0.000019
17260 0.000015
17261 0.000014
17262 0.000010
17263 0.000014
17264 0.000029
17265 0.000029
17266 0.000024
17267 0.000015
17268 0.000017
17269 0.000017
17270 0.000007
17271 0.000022
17272 0.000016
17273 0.000006
17274 0.000026
17275 0.000026
17276 0.000022
17277 0.000020
17278 0.000012
17279 0.000016
17280 0.000032
17281 0.000022
17282 0.000016
17283 0.000021
17284 0.000014
17285 0.000014
17286 0.000027
17287 0.000015
17288 0.000014
17289 0.000030
17290 0.000030
17291 0.000012
17292 0.000030
17293 0.000034
17294 0.000025
17295 0.000030
17296 0.000036
17297 0.000015
17298 0.000026
17299 0.000027
17300 0.000013
17301 0.000021
17302 0.000030
17303 0.000017
17304 0.000016
17305 0.000024
17306 0.000016
17307 0.000018
17308 0.000014
17309 0.000018
17310 0.000016
17311 0.000007
17312 0.000019
17313 0.000012
17314 0.000020
17315 0.000026
17316 0.000014
17317 0.000022
17318 0.000013
17319 0.000014
17320 0.000011
17321 0.000024
17322 0.000043
17323 0.000043
17324 0.000055
17325 0.000034
17326 0.000028
17327 0.000015
17328 0.000022
17329 0.000029
17330 0.000016
17331 0.000045
17332 0.000020
17333 0.000026
17334 0.000041
17335 0.000010
17336 0.000018
17337 0.000021
17338 0.000024
17339 0.000018
17340 0.000017
17341 0.000022
17342 0.000021
17343 0.000026
17344 0.000036
17345 0.000017
17346 0.000015
17347 0.000023
17348 0.000035
17349 0.000015
17350 0.000011
17351 0.000015
17352 0.000011
17353 0.000019
17354 0.000024
17355 0.000027
17356 0.000028
17357 0.000014
17358 0.000011
17359 0.000023
17360 0.000029
17361 0.000031
17362 0.000026
17363 0.000010
17364 0.000017
17365 0.000024
17366 0.000023
17367 0.000030
17368 0.000019
17369 0.000023
17370 0.000014
17371 0.000017
17372 0.000042
17373 0.000018
17374 0.000023
17375 0.000026
17376 0.000026
17377 0.000030
17378 0.000017
17379 0.000012
17380 0.000022
17381 0.000023
17382 0.000019
17383 0.000029
17384 0.000023
17385 0.000025
17386 0.000018
17387 0.000023
17388 0.000024
17389 0.000019
17390 0.000021
17391 0.000017
17392 0.000008
17393 0.000017
17394 0.000036
17395 0.000042
17396 0.000012
17397 0.000012
17398 0.000014
17399 0.000019
17400 0.000023
17401 0.000028
17402 0.000016
17403 0.000023
17404 0.000018
17405 0.000020
17406 0.000022
17407 0.000018
17408 0.000024
17409 0.000019
17410 0.000015
17411 0.000015
17412 0.000026
17413 0.000025
17414 0.000012
17415 0.000010
17416 0.000019
17417 0.000013
17418 0.000023
17419 0.000040
17420 0.000038
17421 0.000032
17422 0.000030
17423 0.000019
17424 0.000018
17425 0.000015
17426 0.000027
17427 0.000035
17428 0.000022
17429 0.000013
17430 0.000035
17431 0.000014
17432 0.000029
17433 0.000029
17434 0.000019
17435 0.000027
17436 0.000016
17437 0.000030
17438 0.000027
17439 0.000029
17440 0.000012
17441 0.000025
17442 0.000020
17443 0.000018
17444 0.000014
17445 0.000013
17446 0.000024
17447 0.000029
17448 0.000019
17449 0.000008
17450 0.000014
17451 0.000010
17452 0.000019
17453 0.000036
17454 0.000018
17455 0.000012
17456 0.000019
17457 0.000022
17458 0.000024
17459 0.000017
17460 0.000005
17461 0.000020
17462 0.000012
17463 0.000009
17464 0.000020
17465 0.000014
17466 0.000023
17467 0.000012
17468 0.000027
17469 0.000026
17470 0.000015
17471 0.000008
17472 0.000021
17473 0.000028
17474 0.000027
17475 0.000032
17476 0.000027
17477 0.000018
17478 0.000014
17479 0.000021
17480 0.000025
17481 0.000017
17482 0.000031
17483 0.000017
17484 0.000016
17485 0.000017
17486 0.000037
17487 0.000020
17488 0.000014
17489 0.000020
17490 0.000016
17491 0.000028
17492 0.000015
17493 0.000021
17494 0.000023
17495 0.000023
17496 0.000030
17497 0.000021
17498 0.000018
17499 0.000046
17500 0.000019
17501 0.000035
17502 0.000032
17503 0.000019
17504 0.000020
17505 0.000014
17506 0.000021
17507 0.000023
17508 0.000015
17509 0.000016
17510 0.000021
17511 0.000021
17512 0.000020
17513 0.000016
17514 0.000028
17515 0.000019
17516 0.000028
17517 0.000022
17518 0.000025
17519 0.000020
17520 0.000028
17521 0.000047
17522 0.000032
17523 0.000023
17524 0.000014
17525 0.000013
17526 0.000012
17527 0.000019
17528 0.000025
17529 0.000017
17530 0.000016
17531 0.000033
17532 0.000009
17533 0.000012
17534 0.000049
17535 0.000035
17536 0.000012
17537 0.000023
17538 0.000017
17539 0.000014
17540 0.000010
17541 0.000017
17542 0.000024
17543 0.000013
17544 0.000010
17545 0.000024
17546 0.000021
17547 0.000021
17548 0.000018
17549 0.000026
17550 0.000016
17551 0.000015
17552 0.000011
17553 0.000006
17554 0.000031
17555 0.000017
17556 0.000031
17557 0.000014
17558 0.000026
17559 0.000034
17560 0.000024
17561 0.000030
17562 0.000026
17563 0.000010
17564 0.000015
17565 0.000011
17566 0.000020
17567 0.000024
17568 0.000019
17569 0.000034
17570 0.000018
17571 0.000020
17572 0.000024
17573 0.000018
17574 0.000037
17575 0.000024
17576 0.000019
17577 0.000015
17578 0.000016
17579 0.000022
17580 0.000032
17581 0.000011
17582 0.000028
17583 0.000028
17584 0.000023
17585 0.000015
17586 0.000017
17587 0.000018
17588 0.000015
17589 0.000026
17590 0.000015
17591 0.000034
17592 0.000026
17593 0.000017
17594 0.000021
17595 0.000030
17596 0.000016
17597 0.000015
17598 0.000027
17599 0.000012
17600 0.000013
17601 0.000013
17602 0.000023
17603 0.000007
17604 0.000007
17605 0.000024
17606 0.000016
17607 0.000018
17608 0.000027
17609 0.000012
17610 0.000012
17611 0.000017
17612 0.000015
17613 0.000016
17614 0.000011
17615 0.000004
17616 0.000027
17617 0.000024
17618 0.000009
17619 0.000006
17620 0.000021
17621 0.000019
17622 0.000021
17623 0.000022
17624 0.000028
17625 0.000018
17626 0.000017
17627 0.000021
17628 0.000013
17629 0.000021
17630 0.000008
17631 0.000005
17632 0.000028
17633 0.000029
17634 0.000011
17635 0.000012
17636 0.000014
17637 0.000020
17638 0.000014
17639 0.000025
17640 0.000023
17641 0.000025
17642 0.000013
17643 0.000019
17644 0.000019
17645 0.000027
17646 0.000012
17647 0.000008
17648 0.000025
17649 0.000023
17650 0.000016
17651 0.000030
17652 0.000015
17653 0.000018
17654 0.000006
17655 0.000016
17656 0.000023
17657 0.000016
17658 0.000019
17659 0.000011
17660 0.000006
17661 0.000006
17662 0.000017
17663 0.000034
17664 0.000030
17665 0.000025
17666 0.000018
17667 0.000035
17668 0.000018
17669 0.000018
17670 0.000020
17671 0.000016
17672 0.000014
17673 0.000025
17674 0.000028
17675 0.000028
17676 0.000029
17677 0.000013
17678 0.000021
17679 0.000023
17680 0.000010
17681 0.000015
17682 0.000054
17683 0.000034
17684 0.000019
17685 0.000030
17686 0.000017
17687 0.000034
17688 0.000029
17689 0.000024
17690 0.000023
17691 0.000021
17692 0.000006
17693 0.000013
17694 0.000018
17695 0.000010
17696 0.000025
17697 0.000007
17698 0.000015
17699 0.000027
17700 0.000030
17701 0.000013
17702 0.000022
17703 0.000030
17704 0.000018
17705 0.000023
17706 0.000028
17707 0.000029
17708 0.000032
17709 0.000026
17710 0.000019
17711 0.000029
17712 0.000031
17713 0.000021
17714 0.000018
17715 0.000018
17716 0.000018
17717 0.000014
17718 0.000014
17719 0.000010
17720 0.000022
17721 0.000017
17722 0.000017
17723 0.000010
17724 0.000018
17725 0.000019
17726 0.000007
17727 0.000029
17728 0.000029
17729 0.000017
17730 0.000020
17731 0.000023
17732 0.000031
17733 0.000016
17734 0.000023
17735 0.000017
17736 0.000017
17737 0.000010
17738 0.000013
17739 0.000024
17740 0.000021
17741 0.000024
17742 0.000028
17743 0.000021
17744 0.000014
17745 0.000014
17746 0.000016
17747 0.000016
17748 0.000018
17749 0.000026
17750 0.000010
17751 0.000020
17752 0.000025
17753 0.000018
17754 0.000022
17755 0.000011
17756 0.000021
17757 0.000027
17758 0.000018
17759 0.000008
17760 0.000024
17761 0.000012
17762 0.000026
17763 0.000040
17764 0.000032
17765 0.000013
17766 0.000015
17767 0.000016
17768 0.000028
17769 0.000011
17770 0.000022
17771 0.000014
17772 0.000010
17773 0.000020
17774 0.000055
17775 0.000022
17776 0.000031
17777 0.000027
17778 0.000012
17779 0.000028
17780 0.000023
17781 0.000023
17782 0.000016
17783 0.000042
17784 0.000034
17785 0.000025
17786 0.000022
17787 0.000025
17788 0.000012
17789 0.000019
17790 0.000020
17791 0.000026
17792 0.000026
17793 0.000023
17794 0.000032
17795 0.000024
17796 0.000017
17797 0.000015
17798 0.000033
17799 0.000016
17800 0.000019
17801 0.000024
17802 0.000026
17803 0.000021
17804 0.000030
17805 0.000016
17806 0.000017
17807 0.000022
17808 0.000044
17809 0.000034
17810 0.000012
17811 0.000023
17812 0.000024
17813 0.000012
17814 0.000025
17815 0.000008
17816 0.000012
17817 0.000017
17818 0.000015
17819 0.000016
17820 0.000022
17821 0.000016
17822 0.000016
17823 0.000019
17824 0.000015
17825 0.000050
17826 0.000022
17827 0.000034
17828 0.000038
17829 0.000017
17830 0.000008
17831 0.000024
17832 0.000009
17833 0.000011
17834 0.000015
17835 0.000030
17836 0.000007
17837 0.000014
17838 0.000018
17839 0.000029
17840 0.000037
17841 0.000029
17842 0.000018
17843 0.000013
17844 0.000020
17845 0.000007
17846 0.000042
17847 0.000014
17848 0.000021
17849 0.000015
17850 0.000021
17851 0.000006
17852 0.000015
17853 0.000014
17854 0.000009
17855 0.000013
17856 0.000014
17857 0.000017
17858 0.000016
17859 0.000040
17860 0.000021
17861 0.000019
17862 0.000016
17863 0.000016
17864 0.000025
17865 0.000039
17866 0.000020
17867 0.000020
17868 0.000017
17869 0.000009
17870 0.000018
17871 0.000018
17872 0.000025
17873 0.000026
17874 0.000021
17875 0.000020
17876 0.000013
17877 0.000004
17878 0.000013
17879 0.000021
17880 0.000021
17881 0.000037
17882 0.000013
17883 0.000014
17884 0.000020
17885 0.000030
17886 0.000021
17887 0.000019
17888 0.000020
17889 0.000020
17890 0.000024
17891 0.000014
17892 0.000023
17893 0.000013
17894 0.000020
17895 0.000032
17896 0.000029
17897 0.000022
17898 0.000034
17899 0.000029
17900 0.000014
17901 0.000020
17902 0.000014
17903 0.000015
17904 0.000034
17905 0.000034
17906 0.000006
17907 0.000023
17908 0.000013
17909 0.000025
17910 0.000018
17911 0.000027
17912 0.000032
17913 0.000018
17914 0.000018
17915 0.000017
17916 0.000027
17917 0.000021
17918 0.000041
17919 0.000020
17920 0.000012
17921 0.000010
17922 0.000009
17923 0.000009
17924 0.000017
17925 0.000028
17926 0.000016
17927 0.000022
17928 0.000016
17929 0.000010
17930 0.000016
17931 0.000016
17932 0.000016
17933 0.000016
17934 0.000024
17935 0.000026
17936 0.000020
17937 0.000029
17938 0.000017
17939 0.000026
17940 0.000024
17941 0.000023
17942 0.000023
17943 0.000028
17944 0.000027
17945 0.000029
17946 0.000020
17947 0.000007
17948 0.000028
17949 0.000014
17950 0.000023
17951 0.000021
17952 0.000011
17953 0.000015
17954 0.000033
17955 0.000031
17956 0.000039
17957 0.000015
17958 0.000013
17959 0.000022
17960 0.000016
17961 0.000016
17962 0.000028
17963 0.000020
17964 0.000020
17965 0.000021
17966 0.000044
17967 0.000040
17968 0.000038
17969 0.000014
17970 0.000013
17971 0.000024
17972 0.000034
17973 0.000015
17974 0.000019
17975 0.000011
17976 0.000008
17977 0.000017
17978 0.000037
17979 0.000033
17980 0.000026
17981 0.000027
17982 0.000044
17983 0.000030
17984 0.000016
17985 0.000016
17986 0.000008
17987 0.000032
17988 0.000013
17989 0.000017
17990 0.000024
17991 0.000017
17992 0.000026
17993 0.000024
17994 0.000023
17995 0.000029
17996 0.000018
17997 0.000023
17998 0.000015
17999 0.000012
18000 0.000039
18001 0.000019
18002 0.000019
18003 0.000019
18004 0.000018
18005 0.000023
18006 0.000029
18007 0.000016
18008 0.000010
18009 0.000010
18010 0.000017
18011 0.000014
18012 0.000026
18013 0.000042
18014 0.000028
18015 0.000016
18016 0.000032
18017 0.000013
18018 0.000021
18019 0.000031
18020 0.000012
18021 0.000014
18022 0.000019
18023 0.000012
18024 0.000017
18025 0.000010
18026 0.000009
18027 0.000019
18028 0.000012
18029 0.000037
18030 0.000016
18031 0.000033
18032 0.000022
18033 0.000033
18034 0.000015
18035 0.000034
18036 0.000023
18037 0.000025
18038 0.000020
18039 0.000015
18040 0.000029
18041 0.000020
18042 0.000025
18043 0.000020
18044 0.000026
18045 0.000013
18046 0.000026
18047 0.000015
18048 0.000006
18049 0.000013
18050 0.000012
18051 0.000025
18052 0.000007
18053 0.000020
18054 0.000006
18055 0.000016
18056 0.000018
18057 0.000013
18058 0.000011
18059 0.000018
18060 0.000015
18061 0.000008
18062 0.000032
18063 0.000053
18064 0.000038
18065 0.000030
18066 0.000012
18067 0.000014
18068 0.000012
18069 0.000008
18070 0.000020
18071 0.000014
18072 0.000017
18073 0.000024
18074 0.000012
18075 0.000017
18076 0.000024
18077 0.000007
18078 0.000009
18079 0.000011
18080 0.000010
18081 0.000019
18082 0.000016
18083 0.000029
18084 0.000019
18085 0.000018
18086 0.000014
18087 0.000016
18088 0.000029
18089 0.000016
18090 0.000013
18091 0.000026
18092 0.000023
18093 0.000038
18094 0.000017
18095 0.000027
18096 0.000050
18097 0.000025
18098 0.000014
18099 0.000021
18100 0.000017
18101 0.000020
18102 0.000021
18103 0.000034
18104 0.000023
18105 0.000016
18106 0.000034
18107 0.000016
18108 0.000014
18109 0.000020
18110 0.000009
18111 0.000018
18112 0.000014
18113 0.000012
18114 0.000025
18115 0.000043
18116 0.000038
18117 0.000024
18118 0.000016
18119 0.000017
18120 0.000009
18121 0.000022
18122 0.000034
18123 0.000010
18124 0.000025
18125 0.000032
18126 0.000027
18127 0.000026
18128 0.000029
18129 0.000021
18130 0.000026
18131 0.000042
18132 0.000022
18133 0.000028
18134 0.000013
18135 0.000014
18136 0.000022
18137 0.000025
18138 0.000018
18139 0.000017
18140 0.000012
18141 0.000037
18142 0.000025
18143 0.000025
18144 0.000022
18145 0.000018
18146 0.000008
18147 0.000018
18148 0.000023
18149 0.000024
18150 0.000033
18151 0.000027
18152 0.000029
18153 0.000026
18154 0.000024
18155 0.000014
18156 0.000028
18157 0.000023
18158 0.000012
18159 0.000020
18160 0.000018
18161 0.000020
18162 0.000014
18163 0.000009
18164 0.000025
18165 0.000032
18166 0.000047
18167 0.000020
18168 0.000017
18169 0.000013
18170 0.000018
18171 0.000015
18172 0.000008
18173 0.000017
18174 0.000012
18175 0.000026
18176 0.000016
18177 0.000016
18178 0.000025
18179 0.000023
18180 0.000039
18181 0.000022
18182 0.000019
18183 0.000015
18184 0.000014
18185 0.000010
18186 0.000021
18187 0.000020
18188 0.000016
18189 0.000022
18190 0.000031
18191 0.000022
18192 0.000034
18193 0.000012
18194 0.000012
18195 0.000018
18196 0.000034
18197 0.000016
18198 0.000037
18199 0.000019
18200 0.000019
18201 0.000025
18202 0.000015
18203 0.000029
18204 0.000010
18205 0.000013
18206 0.000026
18207 0.000039
18208 0.000021
18209 0.000020
18210 0.000020
18211 0.000015
18212 0.000011
18213 0.000016
18214 0.000011
18215 0.000018
18216 0.000020
18217 0.000022
18218 0.000018
18219 0.000007
18220 0.000011
18221 0.000024
18222 0.000024
18223 0.000019
18224 0.000014
18225 0.000013
18226 0.000014
18227 0.000011
18228 0.000022
18229 0.000020
18230 0.000025
18231 0.000038
18232 0.000016
18233 0.000014
18234 0.000035
18235 0.000021
18236 0.000027
18237 0.000032
18238 0.000014
18239 0.000026
18240 0.000020
18241 0.000020
18242 0.000028
18243 0.000021
18244 0.000014
18245 0.000022
18246 0.000024
18247 0.000015
18248 0.000022
18249 0.000025
18250 0.000020
18251 0.000030
18252 0.000022
18253 0.000015
18254 0.000031
18255 0.000039
18256 0.000019
18257 0.000047
18258 0.000038
18259 0.000039
18260 0.000018
18261 0.000021
18262 0.000026
18263 0.000020
18264 0.000016
18265 0.000029
18266 0.000031
18267 0.000035
18268 0.000016
18269 0.000018
18270 0.000021
18271 0.000023
18272 0.000025
18273 0.000010
18274 0.000026
18275 0.000026
18276 0.000010
18277 0.000017
18278 0.000025
18279 0.000027
18280 0.000023
18281 0.000014
18282 0.000025
18283 0.000010
18284 0.000011
18285 0.000047
18286 0.000019
18287 0.000026
18288 0.000030
18289 0.000020
18290 0.000023
18291 0.000017
18292 0.000014
18293 0.000012
18294 0.000019
18295 0.000015
18296 0.000037
18297 0.000029
18298 0.000023
18299 0.000015
18300 0.000022
18301 0.000021
18302 0.000033
18303 0.000021
18304 0.000030
18305 0.000014
18306 0.000017
18307 0.000013
18308 0.000030
18309 0.000022
18310 0.000021
18311 0.000010
18312 0.000024
18313 0.000035
18314 0.000018
18315 0.000023
18316 0.000022
18317 0.000026
18318 0.000026
18319 0.000027
18320 0.000024
18321 0.000021
18322 0.000016
18323 0.000015
18324 0.000013
18325 0.000011
18326 0.000030
18327 0.000014
18328 0.000022
18329 0.000028
18330 0.000033
18331 0.000013
18332 0.000007
18333 0.000004
18334 0.000013
18335 0.000011
18336 0.000020
18337 0.000022
18338 0.000033
18339 0.000026
18340 0.000013
18341 0.000011
18342 0.000012
18343 0.000011
18344 0.000015
18345 0.000033
18346 0.000023
18347 0.000013
18348 0.000029
18349 0.000009
18350 0.000006
18351 0.000011
18352 0.000016
18353 0.000015
18354 0.000021
18355 0.000022
18356 0.000026
18357 0.000036
18358 0.000028
18359 0.000031
18360 0.000015
18361 0.000036
18362 0.000037
18363 0.000021
18364 0.000021
18365 0.000011
18366 0.000015
18367 0.000024
18368 0.000021
18369 0.000018
18370 0.000021
18371 0.000009
18372 0.000024
18373 0.000015
18374 0.000015
18375 0.000021
18376 0.000023
18377 0.000013
18378 0.000016
18379 0.000013
18380 0.000043
18381 0.000022
18382 0.000025
18383 0.000020
18384 0.000024
18385 0.000044
18386 0.000061
18387 0.000026
18388 0.000032
18389 0.000012
18390 0.000046
18391 0.000020
18392 0.000022
18393 0.000032
18394 0.000015
18395 0.000024
18396 0.000027
18397 0.000010
18398 0.000022
18399 0.000015
18400 0.000009
18401 0.000030
18402 0.000023
18403 0.000026
18404 0.000019
18405 0.000022
18406 0.000018
18407 0.000033
18408 0.000019
18409 0.000019
18410 0.000015
18411 0.000021
18412 0.000020
18413 0.000020
18414 0.000025
18415 0.000028
18416 0.000028
18417 0.000009
18418 0.000008
18419 0.000009
18420 0.000011
18421 0.000030
18422 0.000029
18423 0.000021
18424 0.000011
18425 0.000024
18426 0.000014
18427 0.000013
18428 0.000033
18429 0.000026
18430 0.000012
18431 0.000015
18432 0.000011
18433 0.000021
18434 0.000014
18435 0.000022
18436 0.000029
18437 0.000023
18438 0.000028
18439 0.000040
18440 0.000023
18441 0.000028
18442 0.000029
18443 0.000038
18444 0.000022
18445 0.000014
18446 0.000032
18447 0.000018
18448 0.000009
18449 0.000013
18450 0.000016
18451 0.000012
18452 0.000006
18453 0.000022
18454 0.000012
18455 0.000016
18456 0.000012
18457 0.000021
18458 0.000012
18459 0.000021
18460 0.000016
18461 0.000015
18462 0.000011
18463 0.000013
18464 0.000009
18465 0.000011
18466 0.000010
18467 0.000016
18468 0.000025
18469 0.000018
18470 0.000027
18471 0.000015
18472 0.000033
18473 0.000028
18474 0.000026
18475 0.000009
18476 0.000020
18477 0.000020
18478 0.000020
18479 0.000018
18480 0.000012
18481 0.000016
18482 0.000017
18483 0.000014
18484 0.000024
18485 0.000018
18486 0.000020
18487 0.000012
18488 0.000011
18489 0.000015
18490 0.000013
18491 0.000018
18492 0.000016
18493 0.000017
18494 0.000019
18495 0.000026
18496 0.000044
18497 0.000020
18498 0.000018
18499 0.000023
18500 0.000019
18501 0.000017
18502 0.000015
18503 0.000024
18504 0.000018
18505 0.000018
18506 0.000013
18507 0.000016
18508 0.000031
18509 0.000030
18510 0.000016
18511 0.000020
18512 0.000020
18513 0.000021
18514 0.000009
18515 0.000021
18516 0.000012
18517 0.000011
18518 0.000025
18519 0.000036
18520 0.000019
18521 0.000013
18522 0.000019
18523 0.000023
18524 0.000023
18525 0.000024
18526 0.000020
18527 0.000014
18528 0.000029
18529 0.000028
18530 0.000019
18531 0.000027
18532 0.000028
18533 0.000034
18534 0.000033
18535 0.000021
18536 0.000008
18537 0.000009
18538 0.000022
18539 0.000025
18540 0.000035
18541 0.000014
18542 0.000024
18543 0.000025
18544 0.000014
18545 0.000013
18546 0.000013
18547 0.000034
18548 0.000031
18549 0.000022
18550 0.000016
18551 0.000026
18552 0.000019
18553 0.000008
18554 0.000013
18555 0.000030
18556 0.000015
18557 0.000019
18558 0.000020
18559 0.000012
18560 0.000009
18561 0.000013
18562 0.000020
18563 0.000006
18564 0.000006
18565 0.000013
18566 0.000038
18567 0.000011
18568 0.000014
18569 0.000009
18570 0.000011
18571 0.000035
18572 0.000033
18573 0.000027
18574 0.000018
18575 0.000021
18576 0.000017
18577 0.000012
18578 0.000016
18579 0.000018
18580 0.000026
18581 0.000021
18582 0.000037
18583 0.000020
18584 0.000026
18585 0.000010
18586 0.000008
18587 0.000013
18588 0.000024
18589 0.000040
18590 0.000021
18591 0.000011
18592 0.000024
18593 0.000028
18594 0.000015
18595 0.000030
18596 0.000019
18597 0.000020
18598 0.000017
18599 0.000018
18600 0.000015
18601 0.000014
18602 0.000013
18603 0.000014
18604 0.000020
18605 0.000010
18606 0.000006
18607 0.000011
18608 0.000016
18609 0.000026
18610 0.000027
18611 0.000026
18612 0.000019
18613 0.000028
18614 0.000024
18615 0.000017
18616 0.000023
18617 0.000016
18618 0.000025
18619 0.000016
18620 0.000024
18621 0.000024
18622 0.000018
18623 0.000010
18624 0.000015
18625 0.000019
18626 0.000015
18627 0.000023
18628 0.000005
18629 0.000027
18630 0.000012
18631 0.000037
18632 0.000018
18633 0.000017
18634 0.000027
18635 0.000015
18636 0.000020
18637 0.000009
18638 0.000015
18639 0.000023
18640 0.000011
18641 0.000006
18642 0.000006
18643 0.000008
18644 0.000015
18645 0.000014
18646 0.000014
18647 0.000020
18648 0.000016
18649 0.000018
18650 0.000010
18651 0.000020
18652 0.000011
18653 0.000025
18654 0.000017
18655 0.000031
18656 0.000016
18657 0.000020
18658 0.000025
18659 0.000019
18660 0.000027
18661 0.000020
18662 0.000036
18663 0.000024
18664 0.000012
18665 0.000014
18666 0.000011
18667 0.000019
18668 0.000032
18669 0.000023
18670 0.000042
18671 0.000016
18672 0.000032
18673 0.000033
18674 0.000021
18675 0.000013
18676 0.000014
18677 0.000015
18678 0.000012
18679 0.000012
18680 0.000009
18681 0.000017
18682 0.000027
18683 0.000018
18684 0.000014
18685 0.000022
18686 0.000020
18687 0.000016
18688 0.000021
18689 0.000012
18690 0.000012
18691 0.000014
18692 0.000011
18693 0.000013
18694 0.000047
18695 0.000030
18696 0.000019
18697 0.000029
18698 0.000039
18699 0.000014
18700 0.000013
18701 0.000020
18702 0.000030
18703 0.000029
18704 0.000026
18705 0.000032
18706 0.000028
18707 0.000020
18708 0.000009
18709 0.000010
18710 0.000016
18711 0.000010
18712 0.000014
18713 0.000017
18714 0.000015
18715 0.000007
18716 0.000009
18717 0.000030
18718 0.000031
18719 0.000013
18720 0.000028
18721 0.000021
18722 0.000018
18723 0.000031
18724 0.000022
18725 0.000034
18726 0.000017
18727 0.000014
18728 0.000025
18729 0.000012
18730 0.000017
18731 0.000026
18732 0.000015
18733 0.000013
18734 0.000021
18735 0.000016
18736 0.000011
18737 0.000028
18738 0.000019
18739 0.000017
18740 0.000006
18741 0.000020
18742 0.000032
18743 0.000015
18744 0.000011
18745 0.000014
18746 0.000019
18747 0.000016
18748 0.000007
18749 0.000018
18750 0.000021
18751 0.000019
18752 0.000025
18753 0.000018
18754 0.000015
18755 0.000029
18756 0.000029
18757 0.000010
18758 0.000024
18759 0.000025
18760 0.000030
18761 0.000027
18762 0.000010
18763 0.000016
18764 0.000017
18765 0.000020
18766 0.000015
18767 0.000022
18768 0.000015
18769 0.000017
18770 0.000008
18771 0.000019
18772 0.000015
18773 0.000012
18774 0.000019
18775 0.000019
18776 0.000032
18777 0.000024
18778 0.000025
18779 0.000022
18780 0.000025
18781 0.000017
18782 0.000016
18783 0.000014
18784 0.000036
18785 0.000021
18786 0.000025
18787 0.000029
18788 0.000019
18789 0.000019
18790 0.000012
18791 0.000015
18792 0.000012
18793 0.000029
18794 0.000031
18795 0.000015
18796 0.000026
18797 0.000019
18798 0.000018
18799 0.000023
18800 0.000011
18801 0.000015
18802 0.000035
18803 0.000020
18804 0.000016
18805 0.000020
18806 0.000023
18807 0.000016
18808 0.000016
18809 0.000014
18810 0.000007
18811 0.000033
18812 0.000014
18813 0.000019
18814 0.000014
18815 0.000019
18816 0.000011
18817 0.000019
18818 0.000009
18819 0.000015
18820 0.000026
18821 0.000014
18822 0.000025
18823 0.000011
18824 0.000016
18825 0.000009
18826 0.000026
18827 0.000022
18828 0.000014
18829 0.000020
18830 0.000016
18831 0.000016
18832 0.000021
18833 0.000028
18834 0.000012
18835 0.000031
18836 0.000026
18837 0.000016
18838 0.000033
18839 0.000031
18840 0.000045
18841 0.000019
18842 0.000017
18843 0.000021
18844 0.000018
18845 0.000015
18846 0.000024
18847 0.000011
18848 0.000029
18849 0.000027
18850 0.000028
18851 0.000025
18852 0.000042
18853 0.000026
18854 0.000024
18855 0.000013
18856 0.000012
18857 0.000014
18858 0.000021
18859 0.000024
18860 0.000019
18861 0.000015
18862 0.000017
18863 0.000018
18864 0.000027
18865 0.000016
18866 0.000016
18867 0.000015
18868 0.000011
18869 0.000016
18870 0.000020
18871 0.000014
18872 0.000029
18873 0.000022
18874 0.000020
18875 0.000019
18876 0.000016
18877 0.000023
18878 0.000025
18879 0.000028
18880 0.000011
18881 0.000017
18882 0.000006
18883 0.000021
18884 0.000025
18885 0.000020
18886 0.000017
18887 0.000026
18888 0.000010
18889 0.000014
18890 0.000024
18891 0.000009
18892 0.000012
18893 0.000009
18894 0.000024
18895 0.000010
18896 0.000034
18897 0.000020
18898 0.000022
18899 0.000010
18900 0.000038
18901 0.000020
18902 0.000016
18903 0.000023
18904 0.000034
18905 0.000017
18906 0.000022
18907 0.000013
18908 0.000012
18909 0.000020
18910 0.000017
18911 0.000021
18912 0.000007
18913 0.000011
18914 0.000013
18915 0.000019
18916 0.000027
18917 0.000022
18918 0.000019
18919 0.000027
18920 0.000019
18921 0.000017
18922 0.000026
18923 0.000014
18924 0.000014
18925 0.000016
18926 0.000013
18927 0.000028
18928 0.000016
18929 0.000025
18930 0.000022
18931 0.000023
18932 0.000029
18933 0.000022
18934 0.000023
18935 0.000023
18936 0.000009
18937 0.000032
18938 0.000012
18939 0.000023
18940 0.000024
18941 0.000036
18942 0.000035
18943 0.000028
18944 0.000021
18945 0.000018
18946 0.000016
18947 0.000010
18948 0.000033
18949 0.000023
18950 0.000008
18951 0.000034
18952 0.000019
18953 0.000023
18954 0.000034
18955 0.000029
18956 0.000015
18957 0.000025
18958 0.000013
18959 0.000028
18960 0.000016
18961 0.000014
18962 0.000011
18963 0.000016
18964 0.000019
18965 0.000030
18966 0.000022
18967 0.000019
18968 0.000023
18969 0.000035
18970 0.000015
18971 0.000015
18972 0.000026
18973 0.000033
18974 0.000024
18975 0.000026
18976 0.000041
18977 0.000035
18978 0.000022
18979 0.000020
18980 0.000023
18981 0.000027
18982 0.000050
18983 0.000039
18984 0.000036
18985 0.000035
18986 0.000020
18987 0.000014
18988 0.000014
18989 0.000014
18990 0.000015
18991 0.000013
18992 0.000019
18993 0.000021
18994 0.000014
18995 0.000009
18996 0.000019
18997 0.000028
18998 0.000024
18999 0.000026
19000 0.000023
19001 0.000014
19002 0.000014
19003 0.000011
19004 0.000016
19005 0.000013
19006 0.000027
19007 0.000023
19008 0.000030
19009 0.000020
19010 0.000017
19011 0.000018
19012 0.000007
19013 0.000012
19014 0.000011
19015 0.000012
19016 0.000013
19017 0.000016
19018 0.000013
19019 0.000013
19020 0.000016
19021 0.000022
19022 0.000019
19023 0.000033
19024 0.000014
19025 0.000021
19026 0.000025
19027 0.000019
19028 0.000019
19029 0.000013
19030 0.000016
19031 0.000013
19032 0.000017
19033 0.000011
19034 0.000009
19035 0.000034
19036 0.000024
19037 0.000019
19038 0.000025
19039 0.000020
19040 0.000012
19041 0.000024
19042 0.000016
19043 0.000008
19044 0.000021
19045 0.000031
19046 0.000020
19047 0.000011
19048 0.000012
19049 0.000015
19050 0.000011
19051 0.000022
19052 0.000007
19053 0.000023
19054 0.000010
19055 0.000014
19056 0.000025
19057 0.000027
19058 0.000020
19059 0.000029
19060 0.000041
19061 0.000019
19062 0.000014
19063 0.000010
19064 0.000018
19065 0.000019
19066 0.000026
19067 0.000024
19068 0.000028
19069 0.000015
19070 0.000013
19071 0.000019
19072 0.000009
19073 0.000018
19074 0.000020
19075 0.000006
19076 0.000021
19077 0.000014
19078 0.000009
19079 0.000009
19080 0.000029
19081 0.000035
19082 0.000020
19083 0.000031
19084 0.000028
19085 0.000011
19086 0.000025
19087 0.000015
19088 0.000025
19089 0.000023
19090 0.000030
19091 0.000017
19092 0.000013
19093 0.000011
19094 0.000011
19095 0.000021
19096 0.000015
19097 0.000010
19098 0.000027
19099 0.000023
19100 0.000029
19101 0.000010
19102 0.000027
19103 0.000022
19104 0.000037
19105 0.000019
19106 0.000020
19107 0.000020
19108 0.000022
19109 0.000036
19110 0.000024
19111 0.000021
19112 0.000018
19113 0.000018
19114 0.000026
19115 0.000029
19116 0.000022
19117 0.000017
19118 0.000012
19119 0.000028
19120 0.000024
19121 0.000029
19122 0.000013
19123 0.000015
19124 0.000008
19125 0.000028
19126 0.000018
19127 0.000016
19128 0.000014
19129 0.000005
19130 0.000010
19131 0.000009
19132 0.000012
19133 0.000019
19134 0.000014
19135 0.000025
19136 0.000018
19137 0.000017
19138 0.000012
19139 0.000021
19140 0.000053
19141 0.000017
19142 0.000024
19143 0.000020
19144 0.000012
19145 0.000023
19146 0.000031
19147 0.000022
19148 0.000011
19149 0.000015
19150 0.000016
19151 0.000026
19152 0.000026
19153 0.000016
19154 0.000019
19155 0.000026
19156 0.000028
19157 0.000025
19158 0.000030
19159 0.000016
19160 0.000012
19161 0.000015
19162 0.000012
19163 0.000019
19164 0.000023
19165 0.000023
19166 0.000017
19167 0.000022
19168 0.000019
19169 0.000021
19170 0.000006
19171 0.000021
19172 0.000024
19173 0.000030
19174 0.000016
19175 0.000016
19176 0.000009
19177 0.000010
19178 0.000046
19179 0.000025
19180 0.000014
19181 0.000016
19182 0.000021
19183 0.000031
19184 0.000019
19185 0.000023
19186 0.000028
19187 0.000022
19188 0.000015
19189 0.000022
19190 0.000019
19191 0.000024
19192 0.000026
19193 0.000012
19194 0.000008
19195 0.000011
19196 0.000016
19197 0.000010
19198 0.000013
19199 0.000019
19200 0.000009
19201 0.000018
19202 0.000017
19203 0.000021
19204 0.000011
19205 0.000013
19206 0.000016
19207 0.000026
19208 0.000020
19209 0.000008
19210 0.000025
19211 0.000027
19212 0.000026
19213 0.000019
19214 0.000019
19215 0.000020
19216 0.000014
19217 0.000015
19218 0.000020
19219 0.000012
19220 0.000015
19221 0.000018
19222 0.000013
19223 0.000026
19224 0.000026
19225 0.000043
19226 0.000026
19227 0.000017
19228 0.000011
19229 0.000020
19230 0.000018
19231 0.000024
19232 0.000016
19233 0.000018
19234 0.000026
19235 0.000032
19236 0.000026
19237 0.000024
19238 0.000018
19239 0.000025
19240 0.000019
19241 0.000019
19242 0.000016
19243 0.000017
19244 0.000015
19245 0.000023
19246 0.000018
19247 0.000028
19248 0.000013
19249 0.000025
19250 0.000024
19251 0.000014
19252 0.000032
19253 0.000013
19254 0.000015
19255 0.000012
19256 0.000023
19257 0.000018
19258 0.000011
19259 0.000025
19260 0.000010
19261 0.000019
19262 0.000028
19263 0.000017
19264 0.000025
19265 0.000017
19266 0.000011
19267 0.000019
19268 0.000012
19269 0.000009
19270 0.000023
19271 0.000018
19272 0.000012
19273 0.000017
19274 0.000018
19275 0.000016
19276 0.000011
19277 0.000020
19278 0.000012
19279 0.000015
19280 0.000021
19281 0.000019
19282 0.000020
19283 0.000028
19284 0.000024
19285 0.000015
19286 0.000012
19287 0.000029
19288 0.000029
19289 0.000026
19290 0.000015
19291 0.000030
19292 0.000028
19293 0.000057
19294 0.000026
19295 0.000013
19296 0.000011
19297 0.000029
19298 0.000017
19299 0.000022
19300 0.000024
19301 0.000017
19302 0.000016
19303 0.000020
19304 0.000011
19305 0.000011
19306 0.000012
19307 0.000029
19308 0.000013
19309 0.000019
19310 0.000021
19311 0.000009
19312 0.000013
19313 0.000025
19314 0.000033
19315 0.000021
19316 0.000019
19317 0.000024
19318 0.000020
19319 0.000017
19320 0.000014
19321 0.000016
19322 0.000006
19323 0.000011
19324 0.000022
19325 0.000028
19326 0.000016
19327 0.000037
19328 0.000018
19329 0.000026
19330 0.000021
19331 0.000023
19332 0.000026
19333 0.000022
19334 0.000030
19335 0.000016
19336 0.000032
19337 0.000029
19338 0.000022
19339 0.000010
19340 0.000015
19341 0.000017
19342 0.000012
19343 0.000018
19344 0.000010
19345 0.000019
19346 0.000028
19347 0.000017
19348 0.000027
19349 0.000019
19350 0.000012
19351 0.000017
19352 0.000016
19353 0.000015
19354 0.000028
19355 0.000016
19356 0.000027
19357 0.000020
19358 0.000013
19359 0.000033
19360 0.000026
19361 0.000027
19362 0.000019
19363 0.000027
19364 0.000022
19365 0.000036
19366 0.000036
19367 0.000032
19368 0.000021
19369 0.000018
19370 0.000023
19371 0.000015
19372 0.000022
19373 0.000015
19374 0.000028
19375 0.000021
19376 0.000013
19377 0.000008
19378 0.000010
19379 0.000017
19380 0.000038
19381 0.000013
19382 0.000008
19383 0.000032
19384 0.000013
19385 0.000010
19386 0.000019
19387 0.000009
19388 0.000012
19389 0.000024
19390 0.000031
19391 0.000036
19392 0.000018
19393 0.000010
19394 0.000023
19395 0.000019
19396 0.000008
19397 0.000014
19398 0.000021
19399 0.000029
19400 0.000018
19401 0.000019
19402 0.000022
19403 0.000030
19404 0.000015
19405 0.000010
19406 0.000013
19407 0.000021
19408 0.000010
19409 0.000012
19410 0.000024
19411 0.000031
19412 0.000037
19413 0.000012
19414 0.000022
19415 0.000019
19416 0.000020
19417 0.000029
19418 0.000021
19419 0.000012
19420 0.000020
19421 0.000018
19422 0.000013
19423 0.000016
19424 0.000013
19425 0.000022
19426 0.000018
19427 0.000020
19428 0.000006
19429 0.000013
19430 0.000016
19431 0.000019
19432 0.000029
19433 0.000031
19434 0.000026
19435 0.000011
19436 0.000022
19437 0.000015
19438 0.000026
19439 0.000018
19440 0.000022
19441 0.000012
19442 0.000029
19443 0.000031
19444 0.000018
19445 0.000028
19446 0.000010
19447 0.000022
19448 0.000021
19449 0.000010
19450 0.000016
19451 0.000015
19452 0.000040
19453 0.000020
19454 0.000014
19455 0.000006
19456 0.000009
19457 0.000015
19458 0.000018
19459 0.000013
19460 0.000019
19461 0.000018
19462 0.000010
19463 0.000013
19464 0.000012
19465 0.000012
19466 0.000008
19467 0.000028
19468 0.000028
19469 0.000016
19470 0.000005
19471 0.000008
19472 0.000015
19473 0.000012
19474 0.000035
19475 0.000016
19476 0.000024
19477 0.000016
19478 0.000026
19479 0.000022
19480 0.000034
19481 0.000035
19482 0.000016
19483 0.000026
19484 0.000024
19485 0.000010
19486 0.000030
19487 0.000012
19488 0.000024
19489 0.000020
19490 0.000030
19491 0.000015
19492 0.000028
19493 0.000021
19494 0.000014
19495 0.000010
19496 0.000017
19497 0.000012
19498 0.000016
19499 0.000009
19500 0.000015
19501 0.000023
19502 0.000011
19503 0.000012
19504 0.000025
19505 0.000008
19506 0.000017
19507 0.000013
19508 0.000027
19509 0.000015
19510 0.000019
19511 0.000019
19512 0.000025
19513 0.000033
19514 0.000017
19515 0.000022
19516 0.000023
19517 0.000015
19518 0.000023
19519 0.000020
19520 0.000010
19521 0.000025
19522 0.000016
19523 0.000018
19524 0.000022
19525 0.000011
19526 0.000037
19527 0.000042
19528 0.000017
19529 0.000016
19530 0.000015
19531 0.000017
19532 0.000015
19533 0.000013
19534 0.000022
19535 0.000018
19536 0.000027
19537 0.000029
19538 0.000014
19539 0.000024
19540 0.000010
19541 0.000019
19542 0.000023
19543 0.000007
19544 0.000021
19545 0.000015
19546 0.000020
19547 0.000027
19548 0.000015
19549 0.000016
19550 0.000017
19551 0.000009
19552 0.000005
19553 0.000026
19554 0.000016
19555 0.000023
19556 0.000011
19557 0.000018
19558 0.000011
19559 0.000011
19560 0.000013
19561 0.000010
19562 0.000027
19563 0.000029
19564 0.000025
19565 0.000015
19566 0.000025
19567 0.000026
19568 0.000016
19569 0.000023
19570 0.000023
19571 0.000020
19572 0.000018
19573 0.000012
19574 0.000032
19575 0.000023
19576 0.000023
19577 0.000026
19578 0.000040
19579 0.000011
19580 0.000010
19581 0.000008
19582 0.000018
19583 0.000009
19584 0.000016
19585 0.000036
19586 0.000013
19587 0.000013
19588 0.000023
19589 0.000014
19590 0.000026
19591 0.000024
19592 0.000006
19593 0.000011
19594 0.000009
19595 0.000022
19596 0.000015
19597 0.000021
19598 0.000027
19599 0.000033
19600 0.000026
19601 0.000023
19602 0.000008
19603 0.000016
19604 0.000037
19605 0.000047
19606 0.000022
19607 0.000011
19608 0.000033
19609 0.000011
19610 0.000012
19611 0.000022
19612 0.000034
19613 0.000016
19614 0.000028
19615 0.000023
19616 0.000013
19617 0.000017
19618 0.000024
19619 0.000026
19620 0.000015
19621 0.000024
19622 0.000015
19623 0.000011
19624 0.000019
19625 0.000009
19626 0.000017
19627 0.000008
19628 0.000016
19629 0.000028
19630 0.000029
19631 0.000011
19632 0.000038
19633 0.000036
19634 0.000016
19635 0.000013
19636 0.000018
19637 0.000016
19638 0.000017
19639 0.000020
19640 0.000011
19641 0.000027
19642 0.000020
19643 0.000020
19644 0.000013
19645 0.000015
19646 0.000032
19647 0.000014
19648 0.000010
19649 0.000017
19650 0.000017
19651 0.000021
19652 0.000007
19653 0.000019
19654 0.000021
19655 0.000014
19656 0.000019
19657 0.000025
19658 0.000033
19659 0.000018
19660 0.000014
19661 0.000008
19662 0.000014
19663 0.000008
19664 0.000018
19665 0.000020
19666 0.000016
19667 0.000013
19668 0.000036
19669 0.000051
19670 0.000014
19671 0.000010
19672 0.000017
19673 0.000014
19674 0.000019
19675 0.000022
19676 0.000032
19677 0.000017
19678 0.000016
19679 0.000026
19680 0.000024
19681 0.000027
19682 0.000016
19683 0.000010
19684 0.000012
19685 0.000018
19686 0.000013
19687 0.000020
19688 0.000022
19689 0.000016
19690 0.000019
19691 0.000023
19692 0.000020
19693 0.000031
19694 0.000029
19695 0.000040
19696 0.000023
19697 0.000011
19698 0.000017
19699 0.000017
19700 0.000043
19701 0.000027
19702 0.000028
19703 0.000017
19704 0.000019
19705 0.000027
19706 0.000022
19707 0.000020
19708 0.000037
19709 0.000028
19710 0.000013
19711 0.000019
19712 0.000026
19713 0.000017
19714 0.000019
19715 0.000018
19716 0.000014
19717 0.000019
19718 0.000022
19719 0.000020
19720 0.000032
19721 0.000024
19722 0.000007
19723 0.000036
19724 0.000018
19725 0.000015
19726 0.000019
19727 0.000015
19728 0.000015
19729 0.000009
19730 0.000020
19731 0.000026
19732 0.000015
19733 0.000015
19734 0.000018
19735 0.000011
19736 0.000018
19737 0.000022
19738 0.000010
19739 0.000022
19740 0.000020
19741 0.000029
19742 0.000019
19743 0.000012
19744 0.000017
19745 0.000020
19746 0.000039
19747 0.000023
19748 0.000022
19749 0.000017
19750 0.000027
19751 0.000020
19752 0.000027
19753 0.000016
19754 0.000012
19755 0.000028
19756 0.000019
19757 0.000017
19758 0.000023
19759 0.000022
19760 0.000016
19761 0.000008
19762 0.000017
19763 0.000026
19764 0.000033
19765 0.000029
19766 0.000018
19767 0.000022
19768 0.000010
19769 0.000014
19770 0.000024
19771 0.000036
19772 0.000020
19773 0.000032
19774 0.000037
19775 0.000026
19776 0.000015
19777 0.000023
19778 0.000023
19779 0.000019
19780 0.000009
19781 0.000015
19782 0.000017
19783 0.000016
19784 0.000029
19785 0.000007
19786 0.000016
19787 0.000010
19788 0.000016
19789 0.000013
19790 0.000015
19791 0.000021
19792 0.000020
19793 0.000013
19794 0.000013
19795 0.000030
19796 0.000024
19797 0.000011
19798 0.000017
19799 0.000017
19800 0.000022
19801 0.000018
19802 0.000012
19803 0.000016
19804 0.000007
19805 0.000006
19806 0.000023
19807 0.000014
19808 0.000024
19809 0.000023
19810 0.000024
19811 0.000021
19812 0.000016
19813 0.000017
19814 0.000020
19815 0.000016
19816 0.000022
19817 0.000026
19818 0.000015
19819 0.000023
19820 0.000025
19821 0.000026
19822 0.000030
19823 0.000042
19824 0.000017
19825 0.000017
19826 0.000009
19827 0.000033
19828 0.000025
19829 0.000008
19830 0.000010
19831 0.000018
19832 0.000027
19833 0.000024
19834 0.000015
19835 0.000040
19836 0.000015
19837 0.000022
19838 0.000014
19839 0.000010
19840 0.000023
19841 0.000017
19842 0.000022
19843 0.000026
19844 0.000041
19845 0.000026
19846 0.000023
19847 0.000033
19848 0.000033
19849 0.000018
19850 0.000008
19851 0.000011
19852 0.000021
19853 0.000011
19854 0.000017
19855 0.000016
19856 0.000020
19857 0.000015
19858 0.000019
19859 0.000023
19860 0.000022
19861 0.000017
19862 0.000013
19863 0.000010
19864 0.000018
19865 0.000021
19866 0.000016
19867 0.000011
19868 0.000019
19869 0.000016
19870 0.000018
19871 0.000021
19872 0.000022
19873 0.000008
19874 0.000021
19875 0.000037
19876 0.000029
19877 0.000017
19878 0.000034
19879 0.000027
19880 0.000014
19881 0.000029
19882 0.000015
19883 0.000012
19884 0.000019
19885 0.000016
19886 0.000022
19887 0.000029
19888 0.000029
19889 0.000030
19890 0.000015
19891 0.000006
19892 0.000012
19893 0.000008
19894 0.000022
19895 0.000013
19896 0.000012
19897 0.000010
19898 0.000015
19899 0.000026
19900 0.000013
19901 0.000013
19902 0.000007
19903 0.000009
19904 0.000011
19905 0.000024
19906 0.000021
19907 0.000011
19908 0.000017
19909 0.000012
19910 0.000034
19911 0.000027
19912 0.000015
19913 0.000027
19914 0.000026
19915 0.000010
19916 0.000027
19917 0.000016
19918 0.000020
19919 0.000015
19920 0.000044
19921 0.000012
19922 0.000009
19923 0.000025
19924 0.000029
19925 0.000011
19926 0.000013
19927 0.000026
19928 0.000024
19929 0.000014
19930 0.000018
19931 0.000008
19932 0.000027
19933 0.000015
19934 0.000019
19935 0.000020
19936 0.000011
19937 0.000008
19938 0.000025
19939 0.000018
19940 0.000032
19941 0.000029
19942 0.000014
19943 0.000021
19944 0.000011
19945 0.000020
19946 0.000025
19947 0.000035
19948 0.000042
19949 0.000031
19950 0.000025
19951 0.000014
19952 0.000017
19953 0.000026
19954 0.000017
19955 0.000033
19956 0.000014
19957 0.000021
19958 0.000013
19959 0.000034
19960 0.000015
19961 0.000022
19962 0.000021
19963 0.000028
19964 0.000034
19965 0.000028
19966 0.000032
19967 0.000021
19968 0.000021
19969 0.000024
19970 0.000024
19971 0.000021
19972 0.000019
19973 0.000015
19974 0.000022
19975 0.000025
19976 0.000017
19977 0.000011
19978 0.000019
19979 0.000007
19980 0.000017
19981 0.000013
19982 0.000024
19983 0.000016
19984 0.000021
19985 0.000021
19986 0.000028
19987 0.000028
19988 0.000037
19989 0.000015
19990 0.000017
19991 0.000016
19992 0.000009
19993 0.000024
19994 0.000032
19995 0.000022
19996 0.000026
19997 0.000021
19998 0.000017
19999 0.000016
20000 0.000020
20001 0.000032
20002 0.000028
20003 0.000029
20004 0.000019
20005 0.000010
20006 0.000019
20007 0.000020
20008 0.000024
20009 0.000015
20010 0.000011
20011 0.000023
20012 0.000022
20013 0.000012
20014 0.000022
20015 0.000013
20016 0.000028
20017 0.000020
20018 0.000025
20019 0.000024
20020 0.000017
20021 0.000023
20022 0.000009
20023 0.000015
20024 0.000022
20025 0.000021
20026 0.000043
20027 0.000028
20028 0.000015
20029 0.000019
20030 0.000026
20031 0.000021
20032 0.000027
20033 0.000016
20034 0.000010
20035 0.000015
20036 0.000023
20037 0.000018
20038 0.000019
20039 0.000020
20040 0.000013
20041 0.000012
20042 0.000011
20043 0.000010
20044 0.000013
20045 0.000009
20046 0.000009
20047 0.000018
20048 0.000026
20049 0.000016
20050 0.000024
20051 0.000018
20052 0.000009
20053 0.000025
20054 0.000023
20055 0.000024
20056 0.000016
20057 0.000012
20058 0.000020
20059 0.000027
20060 0.000023
20061 0.000021
20062 0.000015
20063 0.000023
20064 0.000032
20065 0.000048
20066 0.000035
20067 0.000023
20068 0.000034
20069 0.000022
20070 0.000020
20071 0.000027
20072 0.000026
20073 0.000028
20074 0.000022
20075 0.000027
20076 0.000019
20077 0.000017
20078 0.000017
20079 0.000032
20080 0.000026
20081 0.000027
20082 0.000031
20083 0.000031
20084 0.000038
20085 0.000030
20086 0.000034
20087 0.000027
20088 0.000023
20089 0.000033
20090 0.000013
20091 0.000015
20092 0.000027
20093 0.000010
20094 0.000011
20095 0.000015
20096 0.000023
20097 0.000020
20098 0.000014
20099 0.000012
20100 0.000027
20101 0.000022
20102 0.000036
20103 0.000009
20104 0.000010
20105 0.000009
20106 0.000036
20107 0.000043
20108 0.000021
20109 0.000016
20110 0.000024
20111 0.000024
20112 0.000020
20113 0.000029
20114 0.000021
20115 0.000025
20116 0.000025
20117 0.000022
20118 0.000009
20119 0.000017
20120 0.000026
20121 0.000026
20122 0.000032
20123 0.000027
20124 0.000035
20125 0.000029
20126 0.000022
20127 0.000026
20128 0.000015
20129 0.000016
20130 0.000020
20131 0.000016
20132 0.000023
20133 0.000006
20134 0.000018
20135 0.000017
20136 0.000029
20137 0.000009
20138 0.000020
20139 0.000027
20140 0.000024
20141 0.000029
20142 0.000026
20143 0.000019
20144 0.000031
20145 0.000018
20146 0.000011
20147 0.000016
20148 0.000021
20149 0.000018
20150 0.000021
20151 0.000018
20152 0.000031
20153 0.000020
20154 0.000015
20155 0.000005
20156 0.000031
20157 0.000014
20158 0.000029
20159 0.000026
20160 0.000029
20161 0.000029
20162 0.000021
20163 0.000022
20164 0.000012
20165 0.000020
20166 0.000020
20167 0.000023
20168 0.000030
20169 0.000025
20170 0.000014
20171 0.000013
20172 0.000024
20173 0.000022
20174 0.000021
20175 0.000016
20176 0.000020
20177 0.000012
20178 0.000026
20179 0.000033
20180 0.000011
20181 0.000024
20182 0.000019
20183 0.000026
20184 0.000022
20185 0.000011
20186 0.000033
20187 0.000013
20188 0.000031
20189 0.000017
20190 0.000015
20191 0.000015
20192 0.000023
20193 0.000013
20194 0.000015
20195 0.000019
20196 0.000019
20197 0.000020
20198 0.000025
20199 0.000022
20200 0.000019
20201 0.000021
20202 0.000025
20203 0.000007
20204 0.000024
20205 0.000010
20206 0.000035
20207 0.000025
20208 0.000013
20209 0.000030
20210 0.000026
20211 0.000017
20212 0.000011
20213 0.000014
20214 0.000010
20215 0.000017
20216 0.000014
20217 0.000015
20218 0.000011
20219 0.000014
20220 0.000026
20221 0.000030
20222 0.000021
20223 0.000022
20224 0.000031
20225 0.000014
20226 0.000013
20227 0.000027
20228 0.000023
20229 0.000022
20230 0.000014
20231 0.000022
20232 0.000014
20233 0.000015
20234 0.000018
20235 0.000018
20236 0.000020
20237 0.000021
20238 0.000011
20239 0.000023
20240 0.000030
20241 0.000021
20242 0.000026
20243 0.000023
20244 0.000022
20245 0.000022
20246 0.000013
20247 0.000028
20248 0.000031
20249 0.000018
20250 0.000015
20251 0.000014
20252 0.000022
20253 0.000015
20254 0.000015
20255 0.000018
20256 0.000020
20257 0.000013
20258 0.000019
20259 0.000031
20260 0.000013
20261 0.000023
20262 0.000023
20263 0.000023
20264 0.000041
20265 0.000017
20266 0.000023
20267 0.000018
20268 0.000017
20269 0.000036
20270 0.000023
20271 0.000016
20272 0.000016
20273 0.000010
20274 0.000031
20275 0.000030
20276 0.000019
20277 0.000025
20278 0.000025
20279 0.000010
20280 0.000025
20281 0.000014
20282 0.000010
20283 0.000021
20284 0.000018
20285 0.000015
20286 0.000013
20287 0.000011
20288 0.000027
20289 0.000019
20290 0.000017
20291 0.000018
20292 0.000016
20293 0.000028
20294 0.000017
20295 0.000016
20296 0.000020
20297 0.000033
20298 0.000023
20299 0.000026
20300 0.000037
20301 0.000016
20302 0.000027
20303 0.000008
20304 0.000034
20305 0.000026
20306 0.000022
20307 0.000024
20308 0.000014
20309 0.000022
20310 0.000022
20311 0.000019
20312 0.000030
20313 0.000022
20314 0.000018
20315 0.000037
20316 0.000021
20317 0.000019
20318 0.000016
20319 0.000022
20320 0.000020
20321 0.000013
20322 0.000025
20323 0.000019
20324 0.000007
20325 0.000020
20326 0.000026
20327 0.000028
20328 0.000011
20329 0.000012
20330 0.000017
20331 0.000017
20332 0.000012
20333 0.000016
20334 0.000030
20335 0.000032
20336 0.000013
20337 0.000037
20338 0.000013
20339 0.000019
20340 0.000022
20341 0.000025
20342 0.000040
20343 0.000014
20344 0.000039
20345 0.000018
20346 0.000031
20347 0.000027
20348 0.000018
20349 0.000013
20350 0.000013
20351 0.000008
20352 0.000028
20353 0.000024
20354 0.000024
20355 0.000012
20356 0.000015
20357 0.000016
20358 0.000023
20359 0.000029
20360 0.000011
20361 0.000015
20362 0.000033
20363 0.000027
20364 0.000020
20365 0.000016
20366 0.000013
20367 0.000019
20368 0.000012
20369 0.000011
20370 0.000016
20371 0.000017
20372 0.000011
20373 0.000035
20374 0.000033
20375 0.000026
20376 0.000030
20377 0.000009
20378 0.000011
20379 0.000017
20380 0.000033
20381 0.000015
20382 0.000009
20383 0.000014
20384 0.000028
20385 0.000014
20386 0.000013
20387 0.000025
20388 0.000017
20389 0.000013
20390 0.000021
20391 0.000046
20392 0.000021
20393 0.000027
20394 0.000033
20395 0.000016
20396 0.000006
20397 0.000005
20398 0.000026
20399 0.000021
20400 0.000035
20401 0.000022
20402 0.000024
20403 0.000019
20404 0.000029
20405 0.000014
20406 0.000008
20407 0.000022
20408 0.000023
20409 0.000024
20410 0.000028
20411 0.000029
20412 0.000020
20413 0.000040
20414 0.000025
20415 0.000036
20416 0.000030
20417 0.000017
20418 0.000026
20419 0.000022
20420 0.000011
20421 0.000024
20422 0.000021
20423 0.000011
20424 0.000008
20425 0.000018
20426 0.000018
20427 0.000026
20428 0.000020
20429 0.000018
20430 0.000006
20431 0.000029
20432 0.000041
20433 0.000018
20434 0.000017
20435 0.000024
20436 0.000025
20437 0.000034
20438 0.000025
20439 0.000020
20440 0.000022
20441 0.000011
20442 0.000020
20443 0.000027
20444 0.000027
20445 0.000033
20446 0.000021
20447 0.000028
20448 0.000016
20449 0.000010
20450 0.000010
20451 0.000024
20452 0.000012
20453 0.000027
20454 0.000015
20455 0.000016
20456 0.000032
20457 0.000031
20458 0.000033
20459 0.000015
20460 0.000029
20461 0.000028
20462 0.000009
20463 0.000019
20464 0.000013
20465 0.000019
20466 0.000016
20467 0.000035
20468 0.000017
20469 0.000013
20470 0.000015
20471 0.000018
20472 0.000026
20473 0.000020
20474 0.000016
20475 0.000018
20476 0.000017
20477 0.000005
20478 0.000022
20479 0.000021
20480 0.000013
20481 0.000006
20482 0.000014
20483 0.000015
20484 0.000022
20485 0.000018
20486 0.000023
20487 0.000020
20488 0.000019
20489 0.000024
20490 0.000012
20491 0.000031
20492 0.000024
20493 0.000019
20494 0.000018
20495 0.000040
20496 0.000012
20497 0.000020
20498 0.000030
20499 0.000031
20500 0.000014
20501 0.000014
20502 0.000012
20503 0.000013
20504 0.000026
20505 0.000014
20506 0.000010
20507 0.000018
20508 0.000013
20509 0.000015
20510 0.000024
20511 0.000012
20512 0.000024
20513 0.000020
20514 0.000027
20515 0.000020
20516 0.000018
20517 0.000020
20518 0.000014
20519 0.000013
20520 0.000017
20521 0.000015
20522 0.000028
20523 0.000022
20524 0.000013
20525 0.000013
20526 0.000005
20527 0.000017
20528 0.000011
20529 0.000010
20530 0.000028
20531 0.000014
20532 0.000017
20533 0.000043
20534 0.000029
20535 0.000032
20536 0.000018
20537 0.000014
20538 0.000024
20539 0.000035
20540 0.000019
20541 0.000017
20542 0.000010
20543 0.000018
20544 0.000026
20545 0.000017
20546 0.000030
20547 0.000018
20548 0.000016
20549 0.000016
20550 0.000040
20551 0.000017
20552 0.000017
20553 0.000016
20554 0.000019
20555 0.000013
20556 0.000040
20557 0.000030
20558 0.000029
20559 0.000044
20560 0.000029
20561 0.000025
20562 0.000009
20563 0.000019
20564 0.000034
20565 0.000022
20566 0.000014
20567 0.000023
20568 0.000026
20569 0.000015
20570 0.000011
20571 0.000020
20572 0.000010
20573 0.000022
20574 0.000013
20575 0.000014
20576 0.000025
20577 0.000022
20578 0.000011
20579 0.000014
20580 0.000028
20581 0.000023
20582 0.000008
20583 0.000013
20584 0.000041
20585 0.000016
20586 0.000029
20587 0.000023
20588 0.000024
20589 0.000011
20590 0.000018
20591 0.000010
20592 0.000017
20593 0.000020
20594 0.000024
20595 0.000025
20596 0.000026
20597 0.000031
20598 0.000030
20599 0.000025
20600 0.000021
20601 0.000018
20602 0.000028
20603 0.000031
20604 0.000018
20605 0.000031
20606 0.000017
20607 0.000022
20608 0.000009
20609 0.000045
20610 0.000027
20611 0.000017
20612 0.000018
20613 0.000011
20614 0.000023
20615 0.000039
20616 0.000022
20617 0.000028
20618 0.000009
20619 0.000018
20620 0.000019
20621 0.000022
20622 0.000017
20623 0.000016
20624 0.000027
20625 0.000025
20626 0.000021
20627 0.000023
20628 0.000019
20629 0.000022
20630 0.000021
20631 0.000019
20632 0.000017
20633 0.000021
20634 0.000012
20635 0.000019
20636 0.000035
20637 0.000025
20638 0.000018
20639 0.000026
20640 0.000014
20641 0.000019
20642 0.000027
20643 0.000010
20644 0.000005
20645 0.000010
20646 0.000020
20647 0.000019
20648 0.000023
20649 0.000023
20650 0.000020
20651 0.000022
20652 0.000027
20653 0.000020
20654 0.000009
20655 0.000018
20656 0.000008
20657 0.000017
20658 0.000015
20659 0.000019
20660 0.000021
20661 0.000033
20662 0.000039
20663 0.000023
20664 0.000015
20665 0.000019
20666 0.000017
20667 0.000014
20668 0.000012
20669 0.000016
20670 0.000023
20671 0.000016
20672 0.000021
20673 0.000012
20674 0.000022
20675 0.000012
20676 0.000016
20677 0.000015
20678 0.000023
20679 0.000015
20680 0.000015
20681 0.000018
20682 0.000022
20683 0.000018
20684 0.000021
20685 0.000012
20686 0.000015
20687 0.000018
20688 0.000012
20689 0.000022
20690 0.000018
20691 0.000023
20692 0.000009
20693 0.000018
20694 0.000025
20695 0.000019
20696 0.000032
20697 0.000007
20698 0.000009
20699 0.000044
20700 0.000015
20701 0.000025
20702 0.000020
20703 0.000022
20704 0.000006
20705 0.000026
20706 0.000016
20707 0.000016
20708 0.000014
20709 0.000023
20710 0.000020
20711 0.000020
20712 0.000014
20713 0.000016
20714 0.000018
20715 0.000014
20716 0.000019
20717 0.000006
20718 0.000019
20719 0.000015
20720 0.000034
20721 0.000019
20722 0.000014
20723 0.000012
20724 0.000016
20725 0.000014
20726 0.000009
20727 0.000014
20728 0.000024
20729 0.000022
20730 0.000015
20731 0.000027
20732 0.000015
20733 0.000011
20734 0.000013
20735 0.000026
20736 0.000034
20737 0.000020
20738 0.000024
20739 0.000019
20740 0.000013
20741 0.000023
20742 0.000010
20743 0.000021
20744 0.000006
20745 0.000006
20746 0.000016
20747 0.000023
20748 0.000016
20749 0.000023
20750 0.000033
20751 0.000041
20752 0.000013
20753 0.000025
20754 0.000021
20755 0.000012
20756 0.000022
20757 0.000016
20758 0.000013
20759 0.000018
20760 0.000021
20761 0.000022
20762 0.000021
20763 0.000024
20764 0.000011
20765 0.000018
20766 0.000011
20767 0.000037
20768 0.000015
20769 0.000011
20770 0.000009
20771 0.000018
20772 0.000023
20773 0.000019
20774 0.000023
20775 0.000023
20776 0.000021
20777 0.000033
20778 0.000011
20779 0.000032
20780 0.000031
20781 0.000019
20782 0.000012
20783 0.000024
20784 0.000021
20785 0.000011
20786 0.000009
20787 0.000048
20788 0.000017
20789 0.000022
20790 0.000009
20791 0.000012
20792 0.000021
20793 0.000034
20794 0.000017
20795 0.000019
20796 0.000023
20797 0.000025
20798 0.000034
20799 0.000015
20800 0.000007
20801 0.000016
20802 0.000024
20803 0.000011
20804 0.000007
20805 0.000011
20806 0.000008
20807 0.000040
20808 0.000027
20809 0.000021
20810 0.000022
20811 0.000020
20812 0.000017
20813 0.000023
20814 0.000014
20815 0.000027
20816 0.000028
20817 0.000022
20818 0.000025
20819 0.000022
20820 0.000025
20821 0.000013
20822 0.000007
20823 0.000008
20824 0.000017
20825 0.000005
20826 0.000016
20827 0.000007
20828 0.000016
20829 0.000013
20830 0.000031
20831 0.000029
20832 0.000024
20833 0.000022
20834 0.000012
20835 0.000027
20836 0.000024
20837 0.000032
20838 0.000011
20839 0.000012
20840 0.000023
20841 0.000036
20842 0.000020
20843 0.000011
20844 0.000020
20845 0.000017
20846 0.000020
20847 0.000013
20848 0.000030
20849 0.000041
20850 0.000023
20851 0.000010
20852 0.000020
20853 0.000014
20854 0.000010
20855 0.000019
20856 0.000023
20857 0.000012
20858 0.000016
20859 0.000031
20860 0.000031
20861 0.000033
20862 0.000045
20863 0.000016
20864 0.000033
20865 0.000017
20866 0.000027
20867 0.000014
20868 0.000024
20869 0.000020
20870 0.000026
20871 0.000011
20872 0.000020
20873 0.000005
20874 0.000014
20875 0.000035
20876 0.000023
20877 0.000020
20878 0.000018
20879 0.000022
20880 0.000022
20881 0.000015
20882 0.000026
20883 0.000012
20884 0.000024
20885 0.000012
20886 0.000019
20887 0.000010
20888 0.000034
20889 0.000032
20890 0.000012
20891 0.000022
20892 0.000023
20893 0.000012
20894 0.000021
20895 0.000017
20896 0.000010
20897 0.000026
20898 0.000030
20899 0.000021
20900 0.000019
20901 0.000032
20902 0.000013
20903 0.000019
20904 0.000029
20905 0.000009
20906 0.000007
20907 0.000009
20908 0.000009
20909 0.000019
20910 0.000012
20911 0.000023
20912 0.000014
20913 0.000025
20914 0.000033
20915 0.000018
20916 0.000014
20917 0.000020
20918 0.000016
20919 0.000028
20920 0.000021
20921 0.000016
20922 0.000014
20923 0.000012
20924 0.000021
20925 0.000041
20926 0.000034
20927 0.000029
20928 0.000041
20929 0.000032
20930 0.000018
20931 0.000016
20932 0.000012
20933 0.000015
20934 0.000017
20935 0.000015
20936 0.000014
20937 0.000016
20938 0.000013
20939 0.000023
20940 0.000015
20941 0.000015
20942 0.000023
20943 0.000021
20944 0.000029
20945 0.000025
20946 0.000013
20947 0.000030
20948 0.000025
20949 0.000036
20950 0.000029
20951 0.000035
20952 0.000048
20953 0.000020
20954 0.000020
20955 0.000015
20956 0.000013
20957 0.000022
20958 0.000022
20959 0.000026
20960 0.000011
20961 0.000016
20962 0.000009
20963 0.000023
20964 0.000015
20965 0.000022
20966 0.000034
20967 0.000023
20968 0.000024
20969 0.000019
20970 0.000023
20971 0.000053
20972 0.000024
20973 0.000019
20974 0.000030
20975 0.000040
20976 0.000022
20977 0.000011
20978 0.000015
20979 0.000022
20980 0.000015
20981 0.000022
20982 0.000019
20983 0.000029
20984 0.000015
20985 0.000019
20986 0.000025
20987 0.000025
20988 0.000025
20989 0.000016
20990 0.000011
20991 0.000019
20992 0.000017
20993 0.000019
20994 0.000012
20995 0.000013
20996 0.000033
20997 0.000022
20998 0.000016
20999 0.000037
21000 0.000024
21001 0.000029
21002 0.000014
21003 0.000013
21004 0.000025
21005 0.000009
21006 0.000018
21007 0.000038
21008 0.000031
21009 0.000022
21010 0.000014
21011 0.000028
21012 0.000015
21013 0.000017
21014 0.000020
21015 0.000026
21016 0.000015
21017 0.000041
21018 0.000022
21019 0.000011
21020 0.000018
21021 0.000014
21022 0.000018
21023 0.000011
21024 0.000027
21025 0.000014
21026 0.000025
21027 0.000018
21028 0.000008
21029 0.000028
21030 0.000023
21031 0.000015
21032 0.000005
21033 0.000014
21034 0.000020
21035 0.000013
21036 0.000014
21037 0.000019
21038 0.000014
21039 0.000020
21040 0.000014
21041 0.000017
21042 0.000008
21043 0.000012
21044 0.000019
21045 0.000006
21046 0.000020
21047 0.000011
21048 0.000013
21049 0.000019
21050 0.000012
21051 0.000020
21052 0.000018
21053 0.000022
21054 0.000023
21055 0.000016
21056 0.000026
21057 0.000033
21058 0.000023
21059 0.000017
21060 0.000014
21061 0.000016
21062 0.000033
21063 0.000009
21064 0.000026
21065 0.000021
21066 0.000011
21067 0.000028
21068 0.000015
21069 0.000015
21070 0.000029
21071 0.000029
21072 0.000020
21073 0.000018
21074 0.000009
21075 0.000020
21076 0.000026
21077 0.000031
21078 0.000028
21079 0.000033
21080 0.000029
21081 0.000023
21082 0.000019
21083 0.000024
21084 0.000028
21085 0.000015
21086 0.000037
21087 0.000018
21088 0.000021
21089 0.000027
21090 0.000028
21091 0.000016
21092 0.000032
21093 0.000015
21094 0.000027
21095 0.000013
21096 0.000028
21097 0.000027
21098 0.000015
21099 0.000015
21100 0.000022
21101 0.000020
21102 0.000021
21103 0.000016
21104 0.000029
21105 0.000026
21106 0.000032
21107 0.000023
21108 0.000006
21109 0.000027
21110 0.000012
21111 0.000032
21112 0.000018
21113 0.000018
21114 0.000018
21115 0.000026
21116 0.000016
21117 0.000046
21118 0.000016
21119 0.000009
21120 0.000020
21121 0.000014
21122 0.000032
21123 0.000017
21124 0.000010
21125 0.000020
21126 0.000032
21127 0.000036
21128 0.000017
21129 0.000024
21130 0.000011
21131 0.000013
21132 0.000016
21133 0.000034
21134 0.000033
21135 0.000023
21136 0.000013
21137 0.000019
21138 0.000018
21139 0.000027
21140 0.000020
21141 0.000017
21142 0.000019
21143 0.000013
21144 0.000022
21145 0.000017
21146 0.000014
21147 0.000014
21148 0.000016
21149 0.000019
21150 0.000022
21151 0.000015
21152 0.000005
21153 0.000021
21154 0.000007
21155 0.000010
21156 0.000009
21157 0.000014
21158 0.000030
21159 0.000018
21160 0.000012
21161 0.000023
21162 0.000016
21163 0.000018
21164 0.000039
21165 0.000026
21166 0.000020
21167 0.000023
21168 0.000028
21169 0.000029
21170 0.000034
21171 0.000019
21172 0.000014
21173 0.000021
21174 0.000015
21175 0.000022
21176 0.000015
21177 0.000023
21178 0.000023
21179 0.000021
21180 0.000011
21181 0.000029
21182 0.000029
21183 0.000028
21184 0.000039
21185 0.000022
21186 0.000021
21187 0.000025
21188 0.000022
21189 0.000018
21190 0.000033
21191 0.000034
21192 0.000020
21193 0.000022
21194 0.000032
21195 0.000027
21196 0.000017
21197 0.000007
21198 0.000026
21199 0.000039
21200 0.000008
21201 0.000013
21202 0.000017
21203 0.000013
21204 0.000019
21205 0.000009
21206 0.000030
21207 0.000022
21208 0.000023
21209 0.000016
21210 0.000016
21211 0.000010
21212 0.000013
21213 0.000022
21214 0.000020
21215 0.000021
21216 0.000014
21217 0.000025
21218 0.000027
21219 0.000023
21220 0.000013
21221 0.000026
21222 0.000011
21223 0.000009
21224 0.000030
21225 0.000019
21226 0.000029
21227 0.000020
21228 0.000025
21229 0.000031
21230 0.000016
21231 0.000015
21232 0.000022
21233 0.000014
21234 0.000030
21235 0.000019
21236 0.000014
21237 0.000014
21238 0.000040
21239 0.000029
21240 0.000036
21241 0.000036
21242 0.000016
21243 0.000010
21244 0.000023
21245 0.000021
21246 0.000015
21247 0.000019
21248 0.000012
21249 0.000016
21250 0.000013
21251 0.000030
21252 0.000025
21253 0.000019
21254 0.000015
21255 0.000028
21256 0.000021
21257 0.000010
21258 0.000013
21259 0.000010
21260 0.000014
21261 0.000006
21262 0.000023
21263 0.000027
21264 0.000020
21265 0.000013
21266 0.000017
21267 0.000017
21268 0.000029
21269 0.000013
21270 0.000019
21271 0.000031
21272 0.000036
21273 0.000010
21274 0.000020
21275 0.000012
21276 0.000016
21277 0.000034
21278 0.000015
21279 0.000017
21280 0.000024
21281 0.000012
21282 0.000026
21283 0.000030
21284 0.000029
21285 0.000025
21286 0.000028
21287 0.000020
21288 0.000029
21289 0.000025
21290 0.000018
21291 0.000011
21292 0.000008
21293 0.000021
21294 0.000039
21295 0.000023
21296 0.000011
21297 0.000030
21298 0.000008
21299 0.000014
21300 0.000028
21301 0.000016
21302 0.000029
21303 0.000029
21304 0.000015
21305 0.000019
21306 0.000037
21307 0.000025
21308 0.000016
21309 0.000017
21310 0.000042
21311 0.000031
21312 0.000018
21313 0.000026
21314 0.000021
21315 0.000019
21316 0.000028
21317 0.000018
21318 0.000012
21319 0.000008
21320 0.000030
21321 0.000016
21322 0.000023
21323 0.000014
21324 0.000021
21325 0.000018
21326 0.000022
21327 0.000013
21328 0.000029
21329 0.000031
21330 0.000016
21331 0.000031
21332 0.000023
21333 0.000021
21334 0.000017
21335 0.000018
21336 0.000016
21337 0.000038
21338 0.000033
21339 0.000029
21340 0.000012
21341 0.000007
21342 0.000007
21343 0.000029
21344 0.000015
21345 0.000021
21346 0.000011
21347 0.000033
21348 0.000008
21349 0.000018
21350 0.000028
21351 0.000018
21352 0.000023
21353 0.000016
21354 0.000019
21355 0.000027
21356 0.000018
21357 0.000027
21358 0.000013
21359 0.000012
21360 0.000010
21361 0.000024
21362 0.000021
21363 0.000024
21364 0.000022
21365 0.000016
21366 0.000011
21367 0.000023
21368 0.000016
21369 0.000039
21370 0.000043
21371 0.000017
21372 0.000011
21373 0.000019
21374 0.000025
21375 0.000039
21376 0.000040
21377 0.000017
21378 0.000016
21379 0.000008
21380 0.000010
21381 0.000011
21382 0.000017
21383 0.000017
21384 0.000018
21385 0.000012
21386 0.000011
21387 0.000011
21388 0.000016
21389 0.000026
21390 0.000013
21391 0.000012
21392 0.000030
21393 0.000018
21394 0.000010
21395 0.000019
21396 0.000014
21397 0.000015
21398 0.000020
21399 0.000029
21400 0.000026
21401 0.000015
21402 0.000016
21403 0.000024
21404 0.000038
21405 0.000020
21406 0.000018
21407 0.000017
21408 0.000017
21409 0.000019
21410 0.000017
21411 0.000027
21412 0.000016
21413 0.000023
21414 0.000013
21415 0.000019
21416 0.000009
21417 0.000023
21418 0.000024
21419 0.000013
21420 0.000021
21421 0.000017
21422 0.000019
21423 0.000027
21424 0.000013
21425 0.000015
21426 0.000030
21427 0.000021
21428 0.000049
21429 0.000018
21430 0.000026
21431 0.000015
21432 0.000014
21433 0.000019
21434 0.000020
21435 0.000027
21436 0.000014
21437 0.000008
21438 0.000007
21439 0.000006
21440 0.000010
21441 0.000016
21442 0.000023
21443 0.000026
21444 0.000018
21445 0.000022
21446 0.000020
21447 0.000017
21448 0.000024
21449 0.000014
21450 0.000012
21451 0.000007
21452 0.000018
21453 0.000021
21454 0.000021
21455 0.000024
21456 0.000018
21457 0.000022
21458 0.000019
21459 0.000015
21460 0.000024
21461 0.000024
21462 0.000025
21463 0.000021
21464 0.000024
21465 0.000020
21466 0.000013
21467 0.000025
21468 0.000028
21469 0.000029
21470 0.000034
21471 0.000011
21472 0.000024
21473 0.000022
21474 0.000019
21475 0.000014
21476 0.000007
21477 0.000009
21478 0.000007
21479 0.000030
21480 0.000009
21481 0.000016
21482 0.000020
21483 0.000020
21484 0.000019
21485 0.000013
21486 0.000011
21487 0.000008
21488 0.000023
21489 0.000011
21490 0.000016
21491 0.000025
21492 0.000012
21493 0.000017
21494 0.000011
21495 0.000016
21496 0.000016
21497 0.000030
21498 0.000016
21499 0.000017
21500 0.000024
21501 0.000028
21502 0.000018
21503 0.000011
21504 0.000024
21505 0.000024
21506 0.000019
21507 0.000019
21508 0.000018
21509 0.000007
21510 0.000010
21511 0.000034
21512 0.000010
21513 0.000019
21514 0.000020
21515 0.000022
21516 0.000039
21517 0.000015
21518 0.000011
21519 0.000025
21520 0.000013
21521 0.000023
21522 0.000020
21523 0.000025
21524 0.000036
21525 0.000032
21526 0.000021
21527 0.000024
21528 0.000024
21529 0.000024
21530 0.000015
21531 0.000016
21532 0.000014
21533 0.000022
21534 0.000027
21535 0.000016
21536 0.000011
21537 0.000011
21538 0.000039
21539 0.000028
21540 0.000012
21541 0.000015
21542 0.000018
21543 0.000025
21544 0.000012
21545 0.000014
21546 0.000033
21547 0.000027
21548 0.000012
21549 0.000026
21550 0.000020
21551 0.000016
21552 0.000022
21553 0.000022
21554 0.000025
21555 0.000014
21556 0.000011
21557 0.000012
21558 0.000011
21559 0.000028
21560 0.000020
21561 0.000013
21562 0.000021
21563 0.000022
21564 0.000019
21565 0.000030
21566 0.000013
21567 0.000023
21568 0.000022
21569 0.000021
21570 0.000028
21571 0.000019
21572 0.000016
21573 0.000046
21574 0.000033
21575 0.000024
21576 0.000017
21577 0.000040
21578 0.000036
21579 0.000030
21580 0.000020
21581 0.000010
21582 0.000005
21583 0.000012
21584 0.000019
21585 0.000006
21586 0.000024
21587 0.000022
21588 0.000029
21589 0.000018
21590 0.000016
21591 0.000035
21592 0.000030
21593 0.000022
21594 0.000013
21595 0.000017
21596 0.000030
21597 0.000013
21598 0.000019
21599 0.000019
21600 0.000019
21601 0.000018
21602 0.000012
21603 0.000015
21604 0.000009
21605 0.000014
21606 0.000030
21607 0.000033
21608 0.000027
21609 0.000017
21610 0.000017
21611 0.000017
21612 0.000014
21613 0.000013
21614 0.000032
21615 0.000019
21616 0.000020
21617 0.000036
21618 0.000009
21619 0.000020
21620 0.000027
21621 0.000020
21622 0.000020
21623 0.000010
21624 0.000019
21625 0.000024
21626 0.000022
21627 0.000011
21628 0.000023
21629 0.000019
21630 0.000022
21631 0.000025
21632 0.000019
21633 0.000019
21634 0.000022
21635 0.000009
21636 0.000009
21637 0.000023
21638 0.000016
21639 0.000029
21640 0.000021
21641 0.000018
21642 0.000029
21643 0.000017
21644 0.000020
21645 0.000020
21646 0.000008
21647 0.000012
21648 0.000018
21649 0.000011
21650 0.000032
21651 0.000024
21652 0.000017
21653 0.000016
21654 0.000017
21655 0.000010
21656 0.000024
21657 0.000019
21658 0.000029
21659 0.000033
21660 0.000018
21661 0.000014
21662 0.000016
21663 0.000019
21664 0.000019
21665 0.000023
21666 0.000019
21667 0.000056
21668 0.000033
21669 0.000014
21670 0.000036
21671 0.000016
21672 0.000014
21673 0.000018
21674 0.000021
21675 0.000014
21676 0.000017
21677 0.000016
21678 0.000011
21679 0.000018
21680 0.000018
21681 0.000013
21682 0.000013
21683 0.000009
21684 0.000006
21685 0.000026
21686 0.000021
21687 0.000012
21688 0.000018
21689 0.000009
21690 0.000023
21691 0.000032
21692 0.000033
21693 0.000024
21694 0.000016
21695 0.000015
21696 0.000031
21697 0.000025
21698 0.000030
21699 0.000013
21700 0.000012
21701 0.000021
21702 0.000036
21703 0.000013
21704 0.000031
21705 0.000015
21706 0.000006
21707 0.000014
21708 0.000008
21709 0.000015
21710 0.000037
21711 0.000021
21712 0.000028
21713 0.000010
21714 0.000019
21715 0.000015
21716 0.000020
21717 0.000028
21718 0.000022
21719 0.000031
21720 0.000017
21721 0.000018
21722 0.000022
21723 0.000007
21724 0.000014
21725 0.000017
21726 0.000026
21727 0.000016
21728 0.000013
21729 0.000023
21730 0.000017
21731 0.000013
21732 0.000016
21733 0.000010
21734 0.000015
21735 0.000017
21736 0.000013
21737 0.000008
21738 0.000024
21739 0.000016
21740 0.000005
21741 0.000017
21742 0.000024
21743 0.000028
21744 0.000021
21745 0.000012
21746 0.000050
21747 0.000026
21748 0.000026
21749 0.000024
21750 0.000015
21751 0.000015
21752 0.000016
21753 0.000012
21754 0.000016
21755 0.000017
21756 0.000018
21757 0.000029
21758 0.000012
21759 0.000025
21760 0.000022
21761 0.000020
21762 0.000007
21763 0.000028
21764 0.000022
21765 0.000016
21766 0.000026
21767 0.000023
21768 0.000030
21769 0.000016
21770 0.000014
21771 0.000026
21772 0.000022
21773 0.000017
21774 0.000013
21775 0.000013
21776 0.000014
21777 0.000007
21778 0.000017
21779 0.000011
21780 0.000009
21781 0.000026
21782 0.000023
21783 0.000034
21784 0.000043
21785 0.000026
21786 0.000013
21787 0.000030
21788 0.000024
21789 0.000010
21790 0.000013
21791 0.000019
21792 0.000010
21793 0.000010
21794 0.000014
21795 0.000022
21796 0.000021
21797 0.000008
21798 0.000011
21799 0.000032
21800 0.000045
21801 0.000022
21802 0.000015
21803 0.000020
21804 0.000016
21805 0.000017
21806 0.000024
21807 0.000030
21808 0.000012
21809 0.000014
21810 0.000021
21811 0.000023
21812 0.000016
21813 0.000015
21814 0.000024
21815 0.000025
21816 0.000019
21817 0.000029
21818 0.000018
21819 0.000027
21820 0.000020
21821 0.000016
21822 0.000015
21823 0.000008
21824 0.000007
21825 0.000018
21826 0.000019
21827 0.000019
21828 0.000009
21829 0.000021
21830 0.000014
21831 0.000017
21832 0.000051
21833 0.000029
21834 0.000014
21835 0.000020
21836 0.000017
21837 0.000015
21838 0.000026
21839 0.000016
21840 0.000033
21841 0.000014
21842 0.000016
21843 0.000017
21844 0.000009
21845 0.000009
21846 0.000008
21847 0.000032
21848 0.000018
21849 0.000018
21850 0.000014
21851 0.000016
21852 0.000015
21853 0.000009
21854 0.000016
21855 0.000018
21856 0.000013
21857 0.000014
21858 0.000032
21859 0.000012
21860 0.000010
21861 0.000024
21862 0.000027
21863 0.000019
21864 0.000034
21865 0.000010
21866 0.000016
21867 0.000015
21868 0.000046
21869 0.000036
21870 0.000025
21871 0.000016
21872 0.000015
21873 0.000029
21874 0.000011
21875 0.000016
21876 0.000015
21877 0.000011
21878 0.000015
21879 0.000035
21880 0.000021
21881 0.000017
21882 0.000012
21883 0.000018
21884 0.000021
21885 0.000018
21886 0.000030
21887 0.000019
21888 0.000016
21889 0.000027
21890 0.000019
21891 0.000013
21892 0.000009
21893 0.000017
21894 0.000019
21895 0.000013
21896 0.000014
21897 0.000028
21898 0.000027
21899 0.000024
21900 0.000025
21901 0.000029
21902 0.000019
21903 0.000017
21904 0.000013
21905 0.000015
21906 0.000012
21907 0.000027
21908 0.000020
21909 0.000017
21910 0.000027
21911 0.000014
21912 0.000013
21913 0.000008
21914 0.000014
21915 0.000009
21916 0.000011
21917 0.000021
21918 0.000027
21919 0.000012
21920 0.000016
21921 0.000018
21922 0.000019
21923 0.000034
21924 0.000012
21925 0.000017
21926 0.000018
21927 0.000019
21928 0.000022
21929 0.000031
21930 0.000010
21931 0.000011
21932 0.000022
21933 0.000010
21934 0.000005
21935 0.000006
21936 0.000012
21937 0.000028
21938 0.000017
21939 0.000015
21940 0.000019
21941 0.000016
21942 0.000008
21943 0.000022
21944 0.000025
21945 0.000032
21946 0.000027
21947 0.000018
21948 0.000026
21949 0.000019
21950 0.000014
21951 0.000015
21952 0.000020
21953 0.000008
21954 0.000005
21955 0.000021
21956 0.000023
21957 0.000029
21958 0.000030
21959 0.000026
21960 0.000018
21961 0.000017
21962 0.000020
21963 0.000018
21964 0.000008
21965 0.000011
21966 0.000013
21967 0.000031
21968 0.000015
21969 0.000028
21970 0.000012
21971 0.000006
21972 0.000012
21973 0.000025
21974 0.000022
21975 0.000022
21976 0.000035
21977 0.000022
21978 0.000028
21979 0.000017
21980 0.000015
21981 0.000016
21982 0.000023
21983 0.000014
21984 0.000033
21985 0.000021
21986 0.000015
21987 0.000007
21988 0.000009
21989 0.000018
21990 0.000013
21991 0.000009
21992 0.000017
21993 0.000021
21994 0.000030
21995 0.000035
21996 0.000018
21997 0.000018
21998 0.000016
21999 0.000030
22000 0.000013
22001 0.000019
22002 0.000023
22003 0.000021
22004 0.000016
22005 0.000012
22006 0.000009
22007 0.000020
22008 0.000014
22009 0.000012
22010 0.000031
22011 0.000018
22012 0.000010
22013 0.000014
22014 0.000015
22015 0.000024
22016 0.000032
22017 0.000016
22018 0.000023
22019 0.000022
22020 0.000013
22021 0.000019
22022 0.000009
22023 0.000008
22024 0.000026
22025 0.000018
22026 0.000038
22027 0.000048
22028 0.000017
22029 0.000020
22030 0.000020
22031 0.000029
22032 0.000017
22033 0.000023
22034 0.000024
22035 0.000027
22036 0.000013
22037 0.000022
22038 0.000020
22039 0.000024
22040 0.000032
22041 0.000014
22042 0.000042
22043 0.000029
22044 0.000041
22045 0.000029
22046 0.000022
22047 0.000021
22048 0.000017
22049 0.000018
22050 0.000030
22051 0.000015
22052 0.000016
22053 0.000011
22054 0.000030
22055 0.000043
22056 0.000026
22057 0.000030
22058 0.000011
22059 0.000020
22060 0.000020
22061 0.000038
22062 0.000013
22063 0.000017
22064 0.000013
22065 0.000021
22066 0.000022
22067 0.000020
22068 0.000042
22069 0.000015
22070 0.000009
22071 0.000015
22072 0.000015
22073 0.000020
22074 0.000009
22075 0.000006
22076 0.000016
22077 0.000016
22078 0.000006
22079 0.000019
22080 0.000007
22081 0.000016
22082 0.000013
22083 0.000013
22084 0.000013
22085 0.000015
22086 0.000016
22087 0.000013
22088 0.000012
22089 0.000025
22090 0.000016
22091 0.000019
22092 0.000013
22093 0.000018
22094 0.000011
22095 0.000025
22096 0.000019
22097 0.000028
22098 0.000009
22099 0.000023
22100 0.000021
22101 0.000007
22102 0.000022
22103 0.000017
22104 0.000019
22105 0.000019
22106 0.000019
22107 0.000031
22108 0.000018
22109 0.000016
22110 0.000027
22111 0.000019
22112 0.000024
22113 0.000021
22114 0.000018
22115 0.000011
22116 0.000018
22117 0.000021
22118 0.000013
22119 0.000013
22120 0.000019
22121 0.000024
22122 0.000018
22123 0.000033
22124 0.000013
22125 0.000007
22126 0.000019
22127 0.000010
22128 0.000027
22129 0.000016
22130 0.000015
22131 0.000009
22132 0.000019
22133 0.000008
22134 0.000018
22135 0.000012
22136 0.000018
22137 0.000034
22138 0.000037
22139 0.000022
22140 0.000049
22141 0.000035
22142 0.000016
22143 0.000029
22144 0.000013
22145 0.000013
22146 0.000008
22147 0.000010
22148 0.000008
22149 0.000022
22150 0.000029
22151 0.000013
22152 0.000026
22153 0.000023
22154 0.000027
22155 0.000016
22156 0.000010
22157 0.000013
22158 0.000010
22159 0.000011
22160 0.000023
22161 0.000012
22162 0.000016
22163 0.000024
22164 0.000031
22165 0.000007
22166 0.000009
22167 0.000016
22168 0.000015
22169 0.000021
22170 0.000016
22171 0.000013
22172 0.000022
22173 0.000020
22174 0.000023
22175 0.000016
22176 0.000006
22177 0.000012
22178 0.000008
22179 0.000021
22180 0.000011
22181 0.000016
22182 0.000022
22183 0.000043
22184 0.000012
22185 0.000010
22186 0.000011
22187 0.000026
22188 0.000019
22189 0.000022
22190 0.000022
22191 0.000024
22192 0.000024
22193 0.000008
22194 0.000019
22195 0.000028
22196 0.000008
22197 0.000019
22198 0.000016
22199 0.000014
22200 0.000014
22201 0.000024
22202 0.000015
22203 0.000013
22204 0.000024
22205 0.000026
22206 0.000027
22207 0.000018
22208 0.000015
22209 0.000013
22210 0.000033
22211 0.000018
22212 0.000026
22213 0.000025
22214 0.000015
22215 0.000016
22216 0.000022
22217 0.000029
22218 0.000023
22219 0.000018
22220 0.000021
22221 0.000029
22222 0.000013
22223 0.000021
22224 0.000021
22225 0.000009
22226 0.000027
22227 0.000026
22228 0.000019
22229 0.000028
22230 0.000014
22231 0.000022
22232 0.000014
22233 0.000030
22234 0.000013
22235 0.000013
22236 0.000025
22237 0.000020
22238 0.000039
22239 0.000027
22240 0.000024
22241 0.000013
22242 0.000025
22243 0.000022
22244 0.000017
22245 0.000019
22246 0.000023
22247 0.000022
22248 0.000007
22249 0.000038
22250 0.000017
22251 0.000011
22252 0.000034
22253 0.000027
22254 0.000027
22255 0.000012
22256 0.000024
22257 0.000019
22258 0.000010
22259 0.000008
22260 0.000030
22261 0.000033
22262 0.000028
22263 0.000009
22264 0.000019
22265 0.000028
22266 0.000012
22267 0.000024
22268 0.000020
22269 0.000016
22270 0.000014
22271 0.000010
22272 0.000011
22273 0.000012
22274 0.000016
22275 0.000018
22276 0.000015
22277 0.000007
22278 0.000007
22279 0.000010
22280 0.000019
22281 0.000015
22282 0.000018
22283 0.000038
22284 0.000020
22285 0.000025
22286 0.000008
22287 0.000010
22288 0.000022
22289 0.000021
22290 0.000034
22291 0.000017
22292 0.000016
22293 0.000021
22294 0.000007
22295 0.000020
22296 0.000008
22297 0.000031
22298 0.000016
22299 0.000010
22300 0.000014
22301 0.000028
22302 0.000010
22303 0.000015
22304 0.000012
22305 0.000024
22306 0.000025
22307 0.000026
22308 0.000017
22309 0.000010
22310 0.000026
22311 0.000025
22312 0.000015
22313 0.000040
22314 0.000014
22315 0.000022
22316 0.000019
22317 0.000017
22318 0.000009
22319 0.000029
22320 0.000021
22321 0.000015
22322 0.000014
22323 0.000027
22324 0.000010
22325 0.000012
22326 0.000021
22327 0.000018
22328 0.000020
22329 0.000015
22330 0.000025
22331 0.000012
22332 0.000016
22333 0.000024
22334 0.000014
22335 0.000024
22336 0.000025
22337 0.000016
22338 0.000015
22339 0.000006
22340 0.000010
22341 0.000014
22342 0.000021
22343 0.000021
22344 0.000015
22345 0.000021
22346 0.000014
22347 0.000008
22348 0.000019
22349 0.000030
22350 0.000007
22351 0.000020
22352 0.000016
22353 0.000042
22354 0.000018
22355 0.000015
22356 0.000039
22357 0.000022
22358 0.000018
22359 0.000016
22360 0.000022
22361 0.000011
22362 0.000009
22363 0.000019
22364 0.000017
22365 0.000029
22366 0.000024
22367 0.000012
22368 0.000011
22369 0.000009
22370 0.000028
22371 0.000017
22372 0.000018
22373 0.000031
22374 0.000020
22375 0.000027
22376 0.000018
22377 0.000019
22378 0.000006
22379 0.000024
22380 0.000014
22381 0.000028
22382 0.000018
22383 0.000009
22384 0.000014
22385 0.000026
22386 0.000015
22387 0.000016
22388 0.000028
22389 0.000029
22390 0.000027
22391 0.000023
22392 0.000021
22393 0.000013
22394 0.000034
22395 0.000023
22396 0.000022
22397 0.000024
22398 0.000031
22399 0.000022
22400 0.000028
22401 0.000035
22402 0.000038
22403 0.000012
22404 0.000016
22405 0.000040
22406 0.000032
22407 0.000008
22408 0.000007
22409 0.000012
22410 0.000017
22411 0.000020
22412 0.000011
22413 0.000016
22414 0.000014
22415 0.000013
22416 0.000017
22417 0.000013
22418 0.000016
22419 0.000016
22420 0.000027
22421 0.000026
22422 0.000024
22423 0.000017
22424 0.000008
22425 0.000013
22426 0.000012
22427 0.000033
22428 0.000019
22429 0.000011
22430 0.000048
22431 0.000016
22432 0.000015
22433 0.000032
22434 0.000015
22435 0.000024
22436 0.000010
22437 0.000016
22438 0.000015
22439 0.000011
22440 0.000014
22441 0.000019
22442 0.000031
22443 0.000024
22444 0.000016
22445 0.000028
22446 0.000008
22447 0.000017
22448 0.000013
22449 0.000021
22450 0.000016
22451 0.000028
22452 0.000018
22453 0.000019
22454 0.000037
22455 0.000019
22456 0.000016
22457 0.000022
22458 0.000024
22459 0.000029
22460 0.000028
22461 0.000024
22462 0.000012
22463 0.000021
22464 0.000028
22465 0.000032
22466 0.000018
22467 0.000008
22468 0.000012
22469 0.000033
22470 0.000015
22471 0.000009
22472 0.000026
22473 0.000010
22474 0.000020
22475 0.000017
22476 0.000007
22477 0.000007
22478 0.000033
22479 0.000015
22480 0.000015
22481 0.000020
22482 0.000032
22483 0.000025
22484 0.000016
22485 0.000015
22486 0.000011
22487 0.000018
22488 0.000018
22489 0.000039
22490 0.000026
22491 0.000011
22492 0.000023
22493 0.000022
22494 0.000011
22495 0.000010
22496 0.000010
22497 0.000013
22498 0.000017
22499 0.000024
22500 0.000026
22501 0.000015
22502 0.000015
22503 0.000017
22504 0.000026
22505 0.000018
22506 0.000015
22507 0.000018
22508 0.000024
22509 0.000021
22510 0.000017
22511 0.000023
22512 0.000020
22513 0.000021
22514 0.000028
22515 0.000016
22516 0.000018
22517 0.000032
22518 0.000037
22519 0.000028
22520 0.000018
22521 0.000013
22522 0.000016
22523 0.000024
22524 0.000013
22525 0.000022
22526 0.000010
22527 0.000022
22528 0.000023
22529 0.000013
22530 0.000009
22531 0.000021
22532 0.000036
22533 0.000014
22534 0.000011
22535 0.000007
22536 0.000010
22537 0.000011
22538 0.000008
22539 0.000016
22540 0.000028
22541 0.000022
22542 0.000025
22543 0.000015
22544 0.000014
22545 0.000019
22546 0.000014
22547 0.000020
22548 0.000022
22549 0.000026
22550 0.000020
22551 0.000015
22552 0.000019
22553 0.000012
22554 0.000032
22555 0.000014
22556 0.000010
22557 0.000010
22558 0.000028
22559 0.000018
22560 0.000011
22561 0.000018
22562 0.000018
22563 0.000019
22564 0.000035
22565 0.000020
22566 0.000025
22567 0.000022
22568 0.000024
22569 0.000025
22570 0.000015
22571 0.000018
22572 0.000018
22573 0.000035
22574 0.000010
22575 0.000008
22576 0.000018
22577 0.000016
22578 0.000014
22579 0.000013
22580 0.000031
22581 0.000017
22582 0.000020
22583 0.000014
22584 0.000021
22585 0.000016
22586 0.000012
22587 0.000033
22588 0.000016
22589 0.000025
22590 0.000038
22591 0.000025
22592 0.000023
22593 0.000021
22594 0.000027
22595 0.000023
22596 0.000017
22597 0.000009
22598 0.000013
22599 0.000011
22600 0.000011
22601 0.000024
22602 0.000028
22603 0.000024
22604 0.000011
22605 0.000017
22606 0.000012
22607 0.000017
22608 0.000014
22609 0.000010
22610 0.000010
22611 0.000012
22612 0.000030
22613 0.000022
22614 0.000030
22615 0.000015
22616 0.000026
22617 0.000019
22618 0.000036
22619 0.000027
22620 0.000017
22621 0.000018
22622 0.000013
22623 0.000021
22624 0.000022
22625 0.000026
22626 0.000014
22627 0.000022
22628 0.000026
22629 0.000019
22630 0.000012
22631 0.000020
22632 0.000016
22633 0.000013
22634 0.000017
22635 0.000024
22636 0.000030
22637 0.000022
22638 0.000016
22639 0.000014
22640 0.000018
22641 0.000025
22642 0.000043
22643 0.000032
22644 0.000019
22645 0.000018
22646 0.000031
22647 0.000036
22648 0.000019
22649 0.000026
22650 0.000021
22651 0.000016
22652 0.000014
22653 0.000045
22654 0.000028
22655 0.000019
22656 0.000023
22657 0.000037
22658 0.000014
22659 0.000024
22660 0.000014
22661 0.000013
22662 0.000030
22663 0.000016
22664 0.000029
22665 0.000014
22666 0.000032
22667 0.000023
22668 0.000025
22669 0.000014
22670 0.000018
22671 0.000015
22672 0.000019
22673 0.000027
22674 0.000027
22675 0.000019
22676 0.000020
22677 0.000006
22678 0.000017
22679 0.000018
22680 0.000014
22681 0.000034
22682 0.000022
22683 0.000018
22684 0.000018
22685 0.000016
22686 0.000015
22687 0.000020
22688 0.000016
22689 0.000017
22690 0.000017
22691 0.000013
22692 0.000024
22693 0.000027
22694 0.000011
22695 0.000011
22696 0.000005
22697 0.000008
22698 0.000012
22699 0.000022
22700 0.000028
22701 0.000011
22702 0.000022
22703 0.000020
22704 0.000023
22705 0.000026
22706 0.000024
22707 0.000018
22708 0.000026
22709 0.000016
22710 0.000028
22711 0.000023
22712 0.000018
22713 0.000026
22714 0.000026
22715 0.000028
22716 0.000014
22717 0.000008
22718 0.000029
22719 0.000022
22720 0.000012
22721 0.000027
22722 0.000016
22723 0.000011
22724 0.000013
22725 0.000024
22726 0.000019
22727 0.000028
22728 0.000016
22729 0.000010
22730 0.000023
22731 0.000032
22732 0.000028
22733 0.000015
22734 0.000016
22735 0.000032
22736 0.000025
22737 0.000007
22738 0.000024
22739 0.000028
22740 0.000011
22741 0.000007
22742 0.000013
22743 0.000020
22744 0.000024
22745 0.000017
22746 0.000007
22747 0.000016
22748 0.000018
22749 0.000014
22750 0.000013
22751 0.000018
22752 0.000022
22753 0.000022
22754 0.000025
22755 0.000021
22756 0.000018
22757 0.000037
22758 0.000023
22759 0.000024
22760 0.000024
22761 0.000037
22762 0.000016
22763 0.000016
22764 0.000042
22765 0.000045
22766 0.000032
22767 0.000037
22768 0.000023
22769 0.000017
22770 0.000011
22771 0.000016
22772 0.000016
22773 0.000009
22774 0.000014
22775 0.000033
22776 0.000021
22777 0.000014
22778 0.000022
22779 0.000019
22780 0.000024
22781 0.000023
22782 0.000016
22783 0.000026
22784 0.000020
22785 0.000035
22786 0.000015
22787 0.000027
22788 0.000024
22789 0.000037
22790 0.000017
22791 0.000014
22792 0.000015
22793 0.000013
22794 0.000016
22795 0.000014
22796 0.000022
22797 0.000029
22798 0.000030
22799 0.000018
22800 0.000017
22801 0.000016
22802 0.000010
22803 0.000025
22804 0.000018
22805 0.000017
22806 0.000016
22807 0.000020
22808 0.000008
22809 0.000021
22810 0.000018
22811 0.000018
22812 0.000008
22813 0.000017
22814 0.000011
22815 0.000014
22816 0.000006
22817 0.000021
22818 0.000014
22819 0.000031
22820 0.000027
22821 0.000016
22822 0.000012
22823 0.000032
22824 0.000024
22825 0.000013
22826 0.000011
22827 0.000020
22828 0.000012
22829 0.000014
22830 0.000020
22831 0.000021
22832 0.000008
22833 0.000016
22834 0.000012
22835 0.000019
22836 0.000025
22837 0.000030
22838 0.000035
22839 0.000012
22840 0.000023
22841 0.000026
22842 0.000023
22843 0.000020
22844 0.000021
22845 0.000017
22846 0.000027
22847 0.000021
22848 0.000011
22849 0.000018
22850 0.000017
22851 0.000020
22852 0.000021
22853 0.000030
22854 0.000024
22855 0.000026
22856 0.000012
22857 0.000028
22858 0.000024
22859 0.000025
22860 0.000022
22861 0.000023
22862 0.000027
22863 0.000012
22864 0.000018
22865 0.000015
22866 0.000020
22867 0.000027
22868 0.000044
22869 0.000014
22870 0.000026
22871 0.000012
22872 0.000015
22873 0.000022
22874 0.000013
22875 0.000007
22876 0.000018
22877 0.000017
22878 0.000007
22879 0.000034
22880 0.000027
22881 0.000014
22882 0.000013
22883 0.000013
22884 0.000017
22885 0.000023
22886 0.000029
22887 0.000016
22888 0.000008
22889 0.000035
22890 0.000012
22891 0.000008
22892 0.000020
22893 0.000018
22894 0.000018
22895 0.000011
22896 0.000017
22897 0.000030
22898 0.000038
22899 0.000014
22900 0.000026
22901 0.000022
22902 0.000009
22903 0.000010
22904 0.000022
22905 0.000020
22906 0.000045
22907 0.000027
22908 0.000030
22909 0.000025
22910 0.000035
22911 0.000029
22912 0.000021
22913 0.000021
22914 0.000040
22915 0.000025
22916 0.000022
22917 0.000023
22918 0.000025
22919 0.000013
22920 0.000040
22921 0.000026
22922 0.000016
22923 0.000022
22924 0.000030
22925 0.000036
22926 0.000022
22927 0.000006
22928 0.000023
22929 0.000010
22930 0.000007
22931 0.000017
22932 0.000025
22933 0.000023
22934 0.000027
22935 0.000027
22936 0.000012
22937 0.000016
22938 0.000018
22939 0.000017
22940 0.000009
22941 0.000008
22942 0.000018
22943 0.000007
22944 0.000028
22945 0.000020
22946 0.000007
22947 0.000008
22948 0.000025
22949 0.000037
22950 0.000023
22951 0.000026
22952 0.000030
22953 0.000016
22954 0.000031
22955 0.000016
22956 0.000033
22957 0.000045
22958 0.000035
22959 0.000023
22960 0.000007
22961 0.000030
22962 0.000015
22963 0.000023
22964 0.000023
22965 0.000025
22966 0.000013
22967 0.000008
22968 0.000015
22969 0.000024
22970 0.000017
22971 0.000010
22972 0.000030
22973 0.000026
22974 0.000016
22975 0.000023
22976 0.000026
22977 0.000021
22978 0.000019
22979 0.000012
22980 0.000016
22981 0.000012
22982 0.000007
22983 0.000039
22984 0.000011
22985 0.000023
22986 0.000026
22987 0.000027
22988 0.000018
22989 0.000017
22990 0.000031
22991 0.000014
22992 0.000014
22993 0.000010
22994 0.000025
22995 0.000019
22996 0.000019
22997 0.000016
22998 0.000030
22999 0.000028
23000 0.000016
23001 0.000018
23002 0.000026
23003 0.000023
23004 0.000020
23005 0.000031
23006 0.000011
23007 0.000019
23008 0.000025
23009 0.000033
23010 0.000028
23011 0.000010
23012 0.000029
23013 0.000020
23014 0.000018
23015 0.000009
23016 0.000021
23017 0.000019
23018 0.000006
23019 0.000008
23020 0.000016
23021 0.000020
23022 0.000018
23023 0.000023
23024 0.000015
23025 0.000018
23026 0.000018
23027 0.000011
23028 0.000009
23029 0.000037
23030 0.000035
23031 0.000022
23032 0.000018
23033 0.000027
23034 0.000017
23035 0.000012
23036 0.000009
23037 0.000021
23038 0.000013
23039 0.000015
23040 0.000018
23041 0.000005
23042 0.000004
23043 0.000006
23044 0.000004
23045 0.000019
23046 0.000015
23047 0.000012
23048 0.000011
23049 0.000021
23050 0.000019
23051 0.000018
23052 0.000028
23053 0.000038
23054 0.000027
23055 0.000027
23056 0.000013
23057 0.000018
23058 0.000021
23059 0.000023
23060 0.000031
23061 0.000028
23062 0.000017
23063 0.000018
23064 0.000023
23065 0.000027
23066 0.000021
23067 0.000035
23068 0.000018
23069 0.000030
23070 0.000022
23071 0.000017
23072 0.000012
23073 0.000021
23074 0.000015
23075 0.000008
23076 0.000014
23077 0.000031
23078 0.000023
23079 0.000027
23080 0.000025
23081 0.000020
23082 0.000045
23083 0.000029
23084 0.000019
23085 0.000015
23086 0.000013
23087 0.000033
23088 0.000016
23089 0.000026
23090 0.000019
23091 0.000017
23092 0.000019
23093 0.000008
23094 0.000012
23095 0.000014
23096 0.000014
23097 0.000022
23098 0.000011
23099 0.000020
23100 0.000020
23101 0.000020
23102 0.000028
23103 0.000013
23104 0.000030
23105 0.000032
23106 0.000013
23107 0.000031
23108 0.000016
23109 0.000024
23110 0.000017
23111 0.000012
23112 0.000023
23113 0.000021
23114 0.000017
23115 0.000015
23116 0.000028
23117 0.000025
23118 0.000022
23119 0.000015
23120 0.000019
23121 0.000022
23122 0.000025
23123 0.000019
23124 0.000008
23125 0.000026
23126 0.000015
23127 0.000039
23128 0.000015
23129 0.000037
23130 0.000028
23131 0.000010
23132 0.000038
23133 0.000017
23134 0.000025
23135 0.000022
23136 0.000027
23137 0.000049
23138 0.000041
23139 0.000019
23140 0.000028
23141 0.000036
23142 0.000018
23143 0.000020
23144 0.000008
23145 0.000015
23146 0.000008
23147 0.000024
23148 0.000037
23149 0.000019
23150 0.000030
23151 0.000011
23152 0.000016
23153 0.000036
23154 0.000013
23155 0.000011
23156 0.000019
23157 0.000009
23158 0.000015
23159 0.000008
23160 0.000013
23161 0.000022
23162 0.000008
23163 0.000022
23164 0.000015
23165 0.000016
23166 0.000017
23167 0.000018
23168 0.000016
23169 0.000017
23170 0.000022
23171 0.000026
23172 0.000025
23173 0.000021
23174 0.000017
23175 0.000038
23176 0.000023
23177 0.000036
23178 0.000015
23179 0.000005
23180 0.000022
23181 0.000024
23182 0.000022
23183 0.000024
23184 0.000039
23185 0.000022
23186 0.000025
23187 0.000032
23188 0.000017
23189 0.000031
23190 0.000013
23191 0.000010
23192 0.000017
23193 0.000012
23194 0.000022
23195 0.000012
23196 0.000016
23197 0.000011
23198 0.000019
23199 0.000016
23200 0.000016
23201 0.000021
23202 0.000023
23203 0.000029
23204 0.000012
23205 0.000017
23206 0.000022
23207 0.000017
23208 0.000013
23209 0.000019
23210 0.000016
23211 0.000006
23212 0.000012
23213 0.000029
23214 0.000019
23215 0.000024
23216 0.000018
23217 0.000022
23218 0.000023
23219 0.000022
23220 0.000010
23221 0.000019
23222 0.000014
23223 0.000015
23224 0.000016
23225 0.000026
23226 0.000039
23227 0.000012
23228 0.000017
23229 0.000024
23230 0.000030
23231 0.000021
23232 0.000018
23233 0.000023
23234 0.000016
23235 0.000018
23236 0.000025
23237 0.000018
23238 0.000007
23239 0.000024
23240 0.000025
23241 0.000030
23242 0.000022
23243 0.000033
23244 0.000016
23245 0.000021
23246 0.000022
23247 0.000054
23248 0.000020
23249 0.000014
23250 0.000028
23251 0.000011
23252 0.000011
23253 0.000008
23254 0.000029
23255 0.000018
23256 0.000014
23257 0.000016
23258 0.000018
23259 0.000024
23260 0.000013
23261 0.000027
23262 0.000023
23263 0.000012
23264 0.000012
23265 0.000032
23266 0.000030
23267 0.000019
23268 0.000028
23269 0.000032
23270 0.000022
23271 0.000012
23272 0.000026
23273 0.000022
23274 0.000021
23275 0.000020
23276 0.000023
23277 0.000027
23278 0.000044
23279 0.000023
23280 0.000027
23281 0.000015
23282 0.000014
23283 0.000017
23284 0.000009
23285 0.000026
23286 0.000025
23287 0.000018
23288 0.000014
23289 0.000021
23290 0.000017
23291 0.000023
23292 0.000016
23293 0.000016
23294 0.000019
23295 0.000019
23296 0.000020
23297 0.000026
23298 0.000015
23299 0.000019
23300 0.000019
23301 0.000014
23302 0.000021
23303 0.000012
23304 0.000020
23305 0.000030
23306 0.000020
23307 0.000025
23308 0.000027
23309 0.000020
23310 0.000030
23311 0.000023
23312 0.000023
23313 0.000020
23314 0.000022
23315 0.000019
23316 0.000019
23317 0.000021
23318 0.000007
23319 0.000018
23320 0.000032
23321 0.000021
23322 0.000009
23323 0.000026
23324 0.000032
23325 0.000022
23326 0.000018
23327 0.000020
23328 0.000011
23329 0.000028
23330 0.000015
23331 0.000028
23332 0.000018
23333 0.000027
23334 0.000032
23335 0.000015
23336 0.000012
23337 0.000026
23338 0.000018
23339 0.000013
23340 0.000041
23341 0.000025
23342 0.000033
23343 0.000024
23344 0.000025
23345 0.000021
23346 0.000019
23347 0.000030
23348 0.000009
23349 0.000020
23350 0.000034
23351 0.000057
23352 0.000025
23353 0.000036
23354 0.000034
23355 0.000020
23356 0.000035
23357 0.000013
23358 0.000025
23359 0.000024
23360 0.000017
23361 0.000035
23362 0.000034
23363 0.000019
23364 0.000013
23365 0.000017
23366 0.000023
23367 0.000015
23368 0.000019
23369 0.000013
23370 0.000029
23371 0.000013
23372 0.000026
23373 0.000029
23374 0.000027
23375 0.000032
23376 0.000022
23377 0.000016
23378 0.000025
23379 0.000030
23380 0.000016
23381 0.000017
23382 0.000013
23383 0.000014
23384 0.000014
23385 0.000011
23386 0.000024
23387 0.000025
23388 0.000022
23389 0.000041
23390 0.000046
23391 0.000011
23392 0.000020
23393 0.000023
23394 0.000031
23395 0.000017
23396 0.000019
23397 0.000026
23398 0.000014
23399 0.000022
23400 0.000019
23401 0.000016
23402 0.000015
23403 0.000014
23404 0.000015
23405 0.000034
23406 0.000020
23407 0.000034
23408 0.000028
23409 0.000017
23410 0.000017
23411 0.000014
23412 0.000018
23413 0.000009
23414 0.000009
23415 0.000010
23416 0.000014
23417 0.000014
23418 0.000018
23419 0.000017
23420 0.000021
23421 0.000023
23422 0.000022
23423 0.000009
23424 0.000005
23425 0.000010
23426 0.000009
23427 0.000004
23428 0.000006
23429 0.000027
23430 0.000014
23431 0.000020
23432 0.000028
23433 0.000024
23434 0.000020
23435 0.000017
23436 0.000016
23437 0.000023
23438 0.000026
23439 0.000021
23440 0.000020
23441 0.000005
23442 0.000021
23443 0.000031
23444 0.000023
23445 0.000010
23446 0.000021
23447 0.000015
23448 0.000015
23449 0.000008
23450 0.000013
23451 0.000008
23452 0.000010
23453 0.000013
23454 0.000015
23455 0.000044
23456 0.000016
23457 0.000021
23458 0.000014
23459 0.000009
23460 0.000013
23461 0.000031
23462 0.000019
23463 0.000030
23464 0.000020
23465 0.000011
23466 0.000016
23467 0.000051
23468 0.000016
23469 0.000007
23470 0.000011
23471 0.000018
23472 0.000011
23473 0.000015
23474 0.000035
23475 0.000034
23476 0.000019
23477 0.000006
23478 0.000016
23479 0.000031
23480 0.000036
23481 0.000025
23482 0.000019
23483 0.000016
23484 0.000007
23485 0.000012
23486 0.000021
23487 0.000050
23488 0.000030
23489 0.000032
23490 0.000024
23491 0.000021
23492 0.000019
23493 0.000019
23494 0.000018
23495 0.000027
23496 0.000025
23497 0.000024
23498 0.000019
23499 0.000025
23500 0.000010
23501 0.000012
23502 0.000016
23503 0.000019
23504 0.000009
23505 0.000016
23506 0.000005
23507 0.000023
23508 0.000033
23509 0.000034
23510 0.000026
23511 0.000021
23512 0.000012
23513 0.000011
23514 0.000013
23515 0.000027
23516 0.000032
23517 0.000024
23518 0.000022
23519 0.000015
23520 0.000014
23521 0.000011
23522 0.000012
23523 0.000014
23524 0.000012
23525 0.000015
23526 0.000020
23527 0.000021
23528 0.000013
23529 0.000021
23530 0.000028
23531 0.000010
23532 0.000015
23533 0.000033
23534 0.000018
23535 0.000021
23536 0.000016
23537 0.000011
23538 0.000024
23539 0.000015
23540 0.000026
23541 0.000021
23542 0.000028
23543 0.000039
23544 0.000029
23545 0.000015
23546 0.000013
23547 0.000014
23548 0.000020
23549 0.000018
23550 0.000022
23551 0.000022
23552 0.000049
23553 0.000027
23554 0.000009
23555 0.000014
23556 0.000011
23557 0.000018
23558 0.000016
23559 0.000007
23560 0.000015
23561 0.000017
23562 0.000012
23563 0.000042
23564 0.000021
23565 0.000014
23566 0.000019
23567 0.000008
23568 0.000010
23569 0.000031
23570 0.000018
23571 0.000016
23572 0.000011
23573 0.000005
23574 0.000025
23575 0.000023
23576 0.000032
23577 0.000033
23578 0.000027
23579 0.000018
23580 0.000014
23581 0.000014
23582 0.000019
23583 0.000009
23584 0.000016
23585 0.000021
23586 0.000010
23587 0.000020
23588 0.000022
23589 0.000028
23590 0.000036
23591 0.000026
23592 0.000016
23593 0.000014
23594 0.000025
23595 0.000023
23596 0.000013
23597 0.000029
23598 0.000038
23599 0.000025
23600 0.000014
23601 0.000010
23602 0.000013
23603 0.000018
23604 0.000019
23605 0.000019
23606 0.000017
23607 0.000027
23608 0.000031
23609 0.000032
23610 0.000016
23611 0.000028
23612 0.000012
23613 0.000012
23614 0.000024
23615 0.000030
23616 0.000022
23617 0.000009
23618 0.000036
23619 0.000028
23620 0.000013
23621 0.000022
23622 0.000032
23623 0.000010
23624 0.000012
23625 0.000014
23626 0.000012
23627 0.000016
23628 0.000015
23629 0.000030
23630 0.000014
23631 0.000017
23632 0.000007
23633 0.000010
23634 0.000017
23635 0.000019
23636 0.000018
23637 0.000018
23638 0.000035
23639 0.000017
23640 0.000008
23641 0.000004
23642 0.000011
23643 0.000016
23644 0.000010
23645 0.000012
23646 0.000021
23647 0.000012
23648 0.000019
23649 0.000008
23650 0.000006
23651 0.000018
23652 0.000031
23653 0.000038
23654 0.000026
23655 0.000020
23656 0.000026
23657 0.000020
23658 0.000014
23659 0.000010
23660 0.000054
23661 0.000021
23662 0.000010
23663 0.000008
23664 0.000027
23665 0.000032
23666 0.000012
23667 0.000022
23668 0.000013
23669 0.000013
23670 0.000014
23671 0.000012
23672 0.000021
23673 0.000011
23674 0.000013
23675 0.000029
23676 0.000019
23677 0.000013
23678 0.000009
23679 0.000017
23680 0.000014
23681 0.000026
23682 0.000013
23683 0.000033
23684 0.000022
23685 0.000022
23686 0.000012
23687 0.000034
23688 0.000019
23689 0.000017
23690 0.000030
23691 0.000018
23692 0.000021
23693 0.000015
23694 0.000015
23695 0.000024
23696 0.000013
23697 0.000014
23698 0.000032
23699 0.000018
23700 0.000029
23701 0.000034
23702 0.000020
23703 0.000019
23704 0.000011
23705 0.000026
23706 0.000011
23707 0.000012
23708 0.000022
23709 0.000028
23710 0.000018
23711 0.000020
23712 0.000021
23713 0.000013
23714 0.000015
23715 0.000023
23716 0.000006
23717 0.000027
23718 0.000018
23719 0.000015
23720 0.000016
23721 0.000010
23722 0.000029
23723 0.000030
23724 0.000031
23725 0.000021
23726 0.000027
23727 0.000011
23728 0.000011
23729 0.000014
23730 0.000023
23731 0.000015
23732 0.000016
23733 0.000015
23734 0.000017
23735 0.000040
23736 0.000029
23737 0.000020
23738 0.000034
23739 0.000012
23740 0.000011
23741 0.000014
23742 0.000018
23743 0.000017
23744 0.000010
23745 0.000018
23746 0.000008
23747 0.000019
23748 0.000019
23749 0.000027
23750 0.000021
23751 0.000006
23752 0.000007
23753 0.000010
23754 0.000014
23755 0.000021
23756 0.000026
23757 0.000024
23758 0.000024
23759 0.000021
23760 0.000019
23761 0.000013
23762 0.000031
23763 0.000027
23764 0.000026
23765 0.000011
23766 0.000027
23767 0.000021
23768 0.000033
23769 0.000011
23770 0.000026
23771 0.000017
23772 0.000011
23773 0.000015
23774 0.000030
23775 0.000013
23776 0.000008
23777 0.000022
23778 0.000014
23779 0.000010
23780 0.000012
23781 0.000024
23782 0.000034
23783 0.000036
23784 0.000016
23785 0.000031
23786 0.000028
23787 0.000025
23788 0.000023
23789 0.000015
23790 0.000030
23791 0.000014
23792 0.000015
23793 0.000020
23794 0.000019
23795 0.000022
23796 0.000011
23797 0.000018
23798 0.000019
23799 0.000028
23800 0.000021
23801 0.000016
23802 0.000012
23803 0.000011
23804 0.000019
23805 0.000016
23806 0.000018
23807 0.000008
23808 0.000016
23809 0.000014
23810 0.000023
23811 0.000032
23812 0.000035
23813 0.000018
23814 0.000016
23815 0.000013
23816 0.000013
23817 0.000013
23818 0.000027
23819 0.000015
23820 0.000007
23821 0.000012
23822 0.000015
23823 0.000017
23824 0.000019
23825 0.000016
23826 0.000024
23827 0.000025
23828 0.000009
23829 0.000017
23830 0.000027
23831 0.000015
23832 0.000014
23833 0.000033
23834 0.000034
23835 0.000033
23836 0.000028
23837 0.000017
23838 0.000012
23839 0.000012
23840 0.000011
23841 0.000021
23842 0.000020
23843 0.000020
23844 0.000011
23845 0.000019
23846 0.000022
23847 0.000017
23848 0.000026
23849 0.000018
23850 0.000021
23851 0.000038
23852 0.000021
23853 0.000016
23854 0.000014
23855 0.000012
23856 0.000017
23857 0.000013
23858 0.000012
23859 0.000023
23860 0.000015
23861 0.000014
23862 0.000015
23863 0.000020
23864 0.000012
23865 0.000015
23866 0.000021
23867 0.000021
23868 0.000023
23869 0.000016
23870 0.000025
23871 0.000014
23872 0.000007
23873 0.000011
23874 0.000016
23875 0.000020
23876 0.000014
23877 0.000025
23878 0.000014
23879 0.000022
23880 0.000011
23881 0.000014
23882 0.000011
23883 0.000015
23884 0.000026
23885 0.000021
23886 0.000034
23887 0.000017
23888 0.000006
23889 0.000008
23890 0.000013
23891 0.000013
23892 0.000013
23893 0.000021
23894 0.000013
23895 0.000012
23896 0.000016
23897 0.000022
23898 0.000011
23899 0.000012
23900 0.000013
23901 0.000016
23902 0.000022
23903 0.000020
23904 0.000014
23905 0.000013
23906 0.000021
23907 0.000030
23908 0.000031
23909 0.000013
23910 0.000018
23911 0.000031
23912 0.000020
23913 0.000022
23914 0.000018
23915 0.000027
23916 0.000025
23917 0.000012
23918 0.000030
23919 0.000014
23920 0.000034
23921 0.000018
23922 0.000018
23923 0.000013
23924 0.000021
23925 0.000010
23926 0.000028
23927 0.000024
23928 0.000023
23929 0.000030
23930 0.000019
23931 0.000019
23932 0.000031
23933 0.000021
23934 0.000024
23935 0.000024
23936 0.000027
23937 0.000013
23938 0.000015
23939 0.000024
23940 0.000017
23941 0.000013
23942 0.000035
23943 0.000018
23944 0.000011
23945 0.000014
23946 0.000027
23947 0.000026
23948 0.000025
23949 0.000035
23950 0.000019
23951 0.000017
23952 0.000015
23953 0.000015
23954 0.000014
23955 0.000032
23956 0.000012
23957 0.000017
23958 0.000014
23959 0.000020
23960 0.000020
23961 0.000019
23962 0.000015
23963 0.000016
23964 0.000011
23965 0.000017
23966 0.000015
23967 0.000020
23968 0.000019
23969 0.000014
23970 0.000023
23971 0.000041
23972 0.000018
23973 0.000005
23974 0.000021
23975 0.000012
23976 0.000020
23977 0.000007
23978 0.000008
23979 0.000027
23980 0.000017
23981 0.000025
23982 0.000010
23983 0.000026
23984 0.000029
23985 0.000027
23986 0.000022
23987 0.000024
23988 0.000033
23989 0.000011
23990 0.000013
23991 0.000015
23992 0.000026
23993 0.000018
23994 0.000013
23995 0.000010
23996 0.000026
23997 0.000022
23998 0.000030
23999 0.000024
24000 0.000028
24001 0.000017
24002 0.000019
24003 0.000018
24004 0.000025
24005 0.000027
24006 0.000027
24007 0.000024
24008 0.000010
24009 0.000014
24010 0.000027
24011 0.000024
24012 0.000044
24013 0.000017
24014 0.000011
24015 0.000018
24016 0.000029
24017 0.000038
24018 0.000021
24019 0.000017
24020 0.000011
24021 0.000019
24022 0.000025
24023 0.000024
24024 0.000029
24025 0.000025
24026 0.000025
24027 0.000021
24028 0.000020
24029 0.000014
24030 0.000015
24031 0.000019
24032 0.000031
24033 0.000018
24034 0.000034
24035 0.000022
24036 0.000018
24037 0.000018
24038 0.000011
24039 0.000023
24040 0.000021
24041 0.000021
24042 0.000014
24043 0.000010
24044 0.000030
24045 0.000011
24046 0.000009
24047 0.000031
24048 0.000030
24049 0.000014
24050 0.000019
24051 0.000013
24052 0.000007
24053 0.000014
24054 0.000033
24055 0.000037
24056 0.000010
24057 0.000027
24058 0.000026
24059 0.000021
24060 0.000016
24061 0.000013
24062 0.000012
24063 0.000022
24064 0.000022
24065 0.000022
24066 0.000035
24067 0.000016
24068 0.000013
24069 0.000019
24070 0.000032
24071 0.000029
24072 0.000020
24073 0.000026
24074 0.000031
24075 0.000026
24076 0.000027
24077 0.000014
24078 0.000024
24079 0.000027
24080 0.000016
24081 0.000013
24082 0.000012
24083 0.000039
24084 0.000025
24085 0.000014
24086 0.000010
24087 0.000018
24088 0.000021
24089 0.000025
24090 0.000014
24091 0.000013
24092 0.000011
24093 0.000024
24094 0.000019
24095 0.000023
24096 0.000038
24097 0.000043
24098 0.000016
24099 0.000016
24100 0.000020
24101 0.000028
24102 0.000018
24103 0.000024
24104 0.000042
24105 0.000025
24106 0.000016
24107 0.000020
24108 0.000049
24109 0.000014
24110 0.000012
24111 0.000016
24112 0.000009
24113 0.000022
24114 0.000016
24115 0.000007
24116 0.000026
24117 0.000019
24118 0.000015
24119 0.000011
24120 0.000018
24121 0.000018
24122 0.000015
24123 0.000014
24124 0.000019
24125 0.000022
24126 0.000015
24127 0.000010
24128 0.000032
24129 0.000011
24130 0.000011
24131 0.000004
24132 0.000016
24133 0.000034
24134 0.000025
24135 0.000011
24136 0.000032
24137 0.000025
24138 0.000015
24139 0.000020
24140 0.000027
24141 0.000023
24142 0.000022
24143 0.000024
24144 0.000020
24145 0.000025
24146 0.000010
24147 0.000022
24148 0.000016
24149 0.000011
24150 0.000014
24151 0.000011
24152 0.000017
24153 0.000032
24154 0.000031
24155 0.000011
24156 0.000023
24157 0.000012
24158 0.000009
24159 0.000009
24160 0.000012
24161 0.000008
24162 0.000019
24163 0.000012
24164 0.000021
24165 0.000042
24166 0.000024
24167 0.000017
24168 0.000025
24169 0.000016
24170 0.000032
24171 0.000017
24172 0.000012
24173 0.000030
24174 0.000028
24175 0.000030
24176 0.000025
24177 0.000024
24178 0.000017
24179 0.000009
24180 0.000016
24181 0.000021
24182 0.000012
24183 0.000033
24184 0.000020
24185 0.000016
24186 0.000017
24187 0.000018
24188 0.000030
24189 0.000032
24190 0.000022
24191 0.000008
24192 0.000014
24193 0.000024
24194 0.000022
24195 0.000025
24196 0.000040
24197 0.000022
24198 0.000024
24199 0.000023
24200 0.000028
24201 0.000012
24202 0.000019
24203 0.000023
24204 0.000017
24205 0.000031
24206 0.000016
24207 0.000020
24208 0.000016
24209 0.000030
24210 0.000018
24211 0.000006
24212 0.000009
24213 0.000017
24214 0.000027
24215 0.000012
24216 0.000019
24217 0.000019
24218 0.000021
24219 0.000014
24220 0.000014
24221 0.000016
24222 0.000015
24223 0.000028
24224 0.000027
24225 0.000010
24226 0.000010
24227 0.000017
24228 0.000022
24229 0.000020
24230 0.000012
24231 0.000018
24232 0.000014
24233 0.000027
24234 0.000047
24235 0.000027
24236 0.000030
24237 0.000025
24238 0.000019
24239 0.000036
24240 0.000024
24241 0.000022
24242 0.000034
24243 0.000016
24244 0.000011
24245 0.000028
24246 0.000021
24247 0.000029
24248 0.000030
24249 0.000021
24250 0.000015
24251 0.000020
24252 0.000042
24253 0.000021
24254 0.000014
24255 0.000028
24256 0.000021
24257 0.000017
24258 0.000018
24259 0.000020
24260 0.000013
24261 0.000019
24262 0.000022
24263 0.000019
24264 0.000027
24265 0.000027
24266 0.000033
24267 0.000017
24268 0.000015
24269 0.000016
24270 0.000016
24271 0.000015
24272 0.000018
24273 0.000021
24274 0.000023
24275 0.000012
24276 0.000023
24277 0.000017
24278 0.000028
24279 0.000024
24280 0.000017
24281 0.000033
24282 0.000021
24283 0.000010
24284 0.000012
24285 0.000015
24286 0.000016
24287 0.000010
24288 0.000015
24289 0.000021
24290 0.000015
24291 0.000011
24292 0.000024
24293 0.000021
24294 0.000013
24295 0.000018
24296 0.000021
24297 0.000023
24298 0.000015
24299 0.000009
24300 0.000021
24301 0.000022
24302 0.000009
24303 0.000016
24304 0.000026
24305 0.000026
24306 0.000038
24307 0.000037
24308 0.000041
24309 0.000021
24310 0.000022
24311 0.000020
24312 0.000022
24313 0.000020
24314 0.000024
24315 0.000046
24316 0.000030
24317 0.000025
24318 0.000017
24319 0.000015
24320 0.000017
24321 0.000021
24322 0.000025
24323 0.000017
24324 0.000013
24325 0.000022
24326 0.000032
24327 0.000028
24328 0.000036
24329 0.000014
24330 0.000028
24331 0.000039
24332 0.000024
24333 0.000019
24334 0.000040
24335 0.000025
24336 0.000023
24337 0.000020
24338 0.000016
24339 0.000017
24340 0.000017
24341 0.000020
24342 0.000012
24343 0.000025
24344 0.000029
24345 0.000019
24346 0.000036
24347 0.000013
24348 0.000027
24349 0.000029
24350 0.000043
24351 0.000014
24352 0.000018
24353 0.000017
24354 0.000008
24355 0.000024
24356 0.000017
24357 0.000018
24358 0.000009
24359 0.000010
24360 0.000031
24361 0.000010
24362 0.000011
24363 0.000017
24364 0.000020
24365 0.000025
24366 0.000035
24367 0.000019
24368 0.000018
24369 0.000007
24370 0.000012
24371 0.000016
24372 0.000022
24373 0.000017
24374 0.000020
24375 0.000023
24376 0.000028
24377 0.000018
24378 0.000021
24379 0.000010
24380 0.000016
24381 0.000019
24382 0.000017
24383 0.000018
24384 0.000033
24385 0.000018
24386 0.000012
24387 0.000007
24388 0.000014
24389 0.000024
24390 0.000027
24391 0.000024
24392 0.000030
24393 0.000030
24394 0.000019
24395 0.000021
24396 0.000011
24397 0.000020
24398 0.000020
24399 0.000017
24400 0.000029
24401 0.000010
24402 0.000011
24403 0.000021
24404 0.000013
24405 0.000020
24406 0.000022
24407 0.000017
24408 0.000022
24409 0.000019
24410 0.000024
24411 0.000011
24412 0.000005
24413 0.000016
24414 0.000012
24415 0.000019
24416 0.000011
24417 0.000013
24418 0.000038
24419 0.000021
24420 0.000021
24421 0.000020
24422 0.000049
24423 0.000022
24424 0.000008
24425 0.000026
24426 0.000014
24427 0.000029
24428 0.000019
24429 0.000023
24430 0.000022
24431 0.000030
24432 0.000022
24433 0.000016
24434 0.000027
24435 0.000022
24436 0.000011
24437 0.000008
24438 0.000009
24439 0.000024
24440 0.000025
24441 0.000031
24442 0.000011
24443 0.000014
24444 0.000026
24445 0.000021
24446 0.000018
24447 0.000024
24448 0.000028
24449 0.000043
24450 0.000019
24451 0.000013
24452 0.000006
24453 0.000020
24454 0.000024
24455 0.000010
24456 0.000022
24457 0.000020
24458 0.000027
24459 0.000019
24460 0.000024
24461 0.000023
24462 0.000023
24463 0.000022
24464 0.000029
24465 0.000009
24466 0.000021
24467 0.000007
24468 0.000017
24469 0.000010
24470 0.000010
24471 0.000022
24472 0.000018
24473 0.000024
24474 0.000014
24475 0.000024
24476 0.000019
24477 0.000023
24478 0.000022
24479 0.000015
24480 0.000013
24481 0.000009
24482 0.000015
24483 0.000009
24484 0.000013
24485 0.000013
24486 0.000015
24487 0.000023
24488 0.000011
24489 0.000012
24490 0.000015
24491 0.000012
24492 0.000025
24493 0.000026
24494 0.000022
24495 0.000010
24496 0.000020
24497 0.000014
24498 0.000026
24499 0.000017
24500 0.000012
24501 0.000018
24502 0.000026
24503 0.000016
24504 0.000005
24505 0.000020
24506 0.000013
24507 0.000021
24508 0.000024
24509 0.000014
24510 0.000011
24511 0.000030
24512 0.000018
24513 0.000015
24514 0.000029
24515 0.000022
24516 0.000014
24517 0.000035
24518 0.000014
24519 0.000023
24520 0.000010
24521 0.000009
24522 0.000021
24523 0.000028
24524 0.000014
24525 0.000022
24526 0.000014
24527 0.000022
24528 0.000019
24529 0.000022
24530 0.000011
24531 0.000008
24532 0.000016
24533 0.000005
24534 0.000024
24535 0.000030
24536 0.000031
24537 0.000020
24538 0.000035
24539 0.000023
24540 0.000026
24541 0.000017
24542 0.000008
24543 0.000035
24544 0.000018
24545 0.000029
24546 0.000021
24547 0.000008
24548 0.000013
24549 0.000014
24550 0.000014
24551 0.000018
24552 0.000028
24553 0.000014
24554 0.000022
24555 0.000029
24556 0.000019
24557 0.000018
24558 0.000023
24559 0.000024
24560 0.000021
24561 0.000011
24562 0.000008
24563 0.000025
24564 0.000034
24565 0.000016
24566 0.000014
24567 0.000008
24568 0.000023
24569 0.000030
24570 0.000014
24571 0.000011
24572 0.000033
24573 0.000016
24574 0.000021
24575 0.000009
24576 0.000024
24577 0.000016
24578 0.000023
24579 0.000041
24580 0.000036
24581 0.000029
24582 0.000020
24583 0.000013
24584 0.000011
24585 0.000014
24586 0.000022
24587 0.000012
24588 0.000020
24589 0.000016
24590 0.000030
24591 0.000009
24592 0.000005
24593 0.000026
24594 0.000045
24595 0.000020
24596 0.000011
24597 0.000005
24598 0.000008
24599 0.000024
24600 0.000014
24601 0.000011
24602 0.000016
24603 0.000028
24604 0.000037
24605 0.000024
24606 0.000034
24607 0.000023
24608 0.000023
24609 0.000019
24610 0.000024
24611 0.000034
24612 0.000019
24613 0.000018
24614 0.000018
24615 0.000023
24616 0.000035
24617 0.000036
24618 0.000036
24619 0.000021
24620 0.000009
24621 0.000014
24622 0.000036
24623 0.000035
24624 0.000040
24625 0.000036
24626 0.000028
24627 0.000040
24628 0.000021
24629 0.000016
24630 0.000019
24631 0.000027
24632 0.000022
24633 0.000016
24634 0.000017
24635 0.000015
24636 0.000007
24637 0.000014
24638 0.000030
24639 0.000017
24640 0.000021
24641 0.000016
24642 0.000023
24643 0.000029
24644 0.000017
24645 0.000018
24646 0.000014
24647 0.000025
24648 0.000025
24649 0.000032
24650 0.000020
24651 0.000014
24652 0.000010
24653 0.000021
24654 0.000014
24655 0.000036
24656 0.000025
24657 0.000011
24658 0.000024
24659 0.000037
24660 0.000016
24661 0.000013
24662 0.000013
24663 0.000015
24664 0.000022
24665 0.000011
24666 0.000021
24667 0.000020
24668 0.000014
24669 0.000023
24670 0.000019
24671 0.000029
24672 0.000012
24673 0.000011
24674 0.000010
24675 0.000011
24676 0.000013
24677 0.000018
24678 0.000011
24679 0.000012
24680 0.000021
24681 0.000022
24682 0.000009
24683 0.000019
24684 0.000024
24685 0.000037
24686 0.000020
24687 0.000012
24688 0.000030
24689 0.000029
24690 0.000020
24691 0.000026
24692 0.000018
24693 0.000006
24694 0.000020
24695 0.000032
24696 0.000028
24697 0.000042
24698 0.000013
24699 0.000012
24700 0.000005
24701 0.000019
24702 0.000026
24703 0.000014
24704 0.000028
24705 0.000012
24706 0.000010
24707 0.000024
24708 0.000022
24709 0.000015
24710 0.000024
24711 0.000014
24712 0.000031
24713 0.000019
24714 0.000009
24715 0.000023
24716 0.000030
24717 0.000027
24718 0.000022
24719 0.000008
24720 0.000029
24721 0.000014
24722 0.000012
24723 0.000014
24724 0.000032
24725 0.000020
24726 0.000020
24727 0.000027
24728 0.000022
24729 0.000015
24730 0.000010
24731 0.000009
24732 0.000010
24733 0.000008
24734 0.000022
24735 0.000023
24736 0.000032
24737 0.000057
24738 0.000029
24739 0.000040
24740 0.000022
24741 0.000013
24742 0.000016
24743 0.000012
24744 0.000013
24745 0.000009
24746 0.000029
24747 0.000030
24748 0.000020
24749 0.000017
24750 0.000026
24751 0.000009
24752 0.000028
24753 0.000010
24754 0.000018
24755 0.000024
24756 0.000020
24757 0.000022
24758 0.000008
24759 0.000015
24760 0.000014
24761 0.000016
24762 0.000016
24763 0.000020
24764 0.000005
24765 0.000011
24766 0.000024
24767 0.000048
24768 0.000027
24769 0.000031
24770 0.000017
24771 0.000018
24772 0.000009
24773 0.000014
24774 0.000017
24775 0.000025
24776 0.000019
24777 0.000012
24778 0.000021
24779 0.000037
24780 0.000022
24781 0.000019
24782 0.000019
24783 0.000016
24784 0.000014
24785 0.000026
24786 0.000022
24787 0.000040
24788 0.000026
24789 0.000028
24790 0.000017
24791 0.000015
24792 0.000014
24793 0.000017
24794 0.000009
24795 0.000017
24796 0.000021
24797 0.000034
24798 0.000018
24799 0.000006
24800 0.000028
24801 0.000020
24802 0.000017
24803 0.000017
24804 0.000013
24805 0.000012
24806 0.000018
24807 0.000019
24808 0.000017
24809 0.000027
24810 0.000025
24811 0.000036
24812 0.000029
24813 0.000027
24814 0.000022
24815 0.000014
24816 0.000011
24817 0.000024
24818 0.000011
24819 0.000019
24820 0.000017
24821 0.000015
24822 0.000021
24823 0.000022
24824 0.000026
24825 0.000012
24826 0.000013
24827 0.000011
24828 0.000015
24829 0.000019
24830 0.000013
24831 0.000023
24832 0.000024
24833 0.000027
24834 0.000023
24835 0.000014
24836 0.000025
24837 0.000015
24838 0.000014
24839 0.000023
24840 0.000022
24841 0.000038
24842 0.000021
24843 0.000022
24844 0.000011
24845 0.000017
24846 0.000027
24847 0.000008
24848 0.000009
24849 0.000010
24850 0.000006
24851 0.000011
24852 0.000013
24853 0.000020
24854 0.000009
24855 0.000016
24856 0.000012
24857 0.000014
24858 0.000011
24859 0.000012
24860 0.000034
24861 0.000029
24862 0.000031
24863 0.000038
24864 0.000012
24865 0.000018
24866 0.000021
24867 0.000022
24868 0.000024
24869 0.000023
24870 0.000018
24871 0.000023
24872 0.000029
24873 0.000009
24874 0.000010
24875 0.000017
24876 0.000024
24877 0.000025
24878 0.000023
24879 0.000031
24880 0.000015
24881 0.000014
24882 0.000013
24883 0.000015
24884 0.000019
24885 0.000012
24886 0.000016
24887 0.000018
24888 0.000025
24889 0.000010
24890 0.000012
24891 0.000011
24892 0.000014
24893 0.000032
24894 0.000014
24895 0.000032
24896 0.000008
24897 0.000020
24898 0.000024
24899 0.000033
24900 0.000022
24901 0.000015
24902 0.000022
24903 0.000017
24904 0.000019
24905 0.000008
24906 0.000018
24907 0.000022
24908 0.000026
24909 0.000058
24910 0.000029
24911 0.000014
24912 0.000012
24913 0.000033
24914 0.000015
24915 0.000024
24916 0.000043
24917 0.000017
24918 0.000020
24919 0.000021
24920 0.000014
24921 0.000020
24922 0.000007
24923 0.000010
24924 0.000008
24925 0.000021
24926 0.000030
24927 0.000015
24928 0.000013
24929 0.000010
24930 0.000018
24931 0.000022
24932 0.000022
24933 0.000015
24934 0.000011
24935 0.000032
24936 0.000031
24937 0.000029
24938 0.000026
24939 0.000025
24940 0.000012
24941 0.000012
24942 0.000011
24943 0.000019
24944 0.000023
24945 0.000022
24946 0.000025
24947 0.000018
24948 0.000014
24949 0.000023
24950 0.000016
24951 0.000015
24952 0.000037
24953 0.000022
24954 0.000026
24955 0.000023
24956 0.000021
24957 0.000013
24958 0.000012
24959 0.000030
24960 0.000021
24961 0.000008
24962 0.000010
24963 0.000024
24964 0.000015
24965 0.000022
24966 0.000016
24967 0.000028
24968 0.000028
24969 0.000019
24970 0.000007
24971 0.000017
24972 0.000018
24973 0.000005
24974 0.000004
24975 0.000012
24976 0.000017
24977 0.000037
24978 0.000037
24979 0.000019
24980 0.000022
24981 0.000016
24982 0.000018
24983 0.000031
24984 0.000040
24985 0.000041
24986 0.000021
24987 0.000010
24988 0.000016
24989 0.000009
24990 0.000019
24991 0.000012
24992 0.000010
24993 0.000009
24994 0.000021
24995 0.000014
24996 0.000016
24997 0.000036
24998 0.000022
24999 0.000013
25000 0.000009
25001 0.000028
25002 0.000024
25003 0.000020
25004 0.000015
25005 0.000013
25006 0.000008
25007 0.000030
25008 0.000024
25009 0.000029
25010 0.000019
25011 0.000012
25012 0.000024
25013 0.000030
25014 0.000022
25015 0.000019
25016 0.000016
25017 0.000032
25018 0.000022
25019 0.000013
25020 0.000023
25021 0.000034
25022 0.000019
25023 0.000011
25024 0.000009
25025 0.000017
25026 0.000011
25027 0.000017
25028 0.000031
25029 0.000023
25030 0.000044
25031 0.000052
25032 0.000024
25033 0.000022
25034 0.000019
25035 0.000011
25036 0.000016
25037 0.000022
25038 0.000021
25039 0.000019
25040 0.000017
25041 0.000018
25042 0.000020
25043 0.000009
25044 0.000023
25045 0.000011
25046 0.000042
25047 0.000031
25048 0.000026
25049 0.000041
25050 0.000051
25051 0.000042
25052 0.000026
25053 0.000030
25054 0.000018
25055 0.000016
25056 0.000010
25057 0.000019
25058 0.000018
25059 0.000020
25060 0.000021
25061 0.000018
25062 0.000020
25063 0.000022
25064 0.000016
25065 0.000023
25066 0.000024
25067 0.000008
25068 0.000017
25069 0.000022
25070 0.000020
25071 0.000013
25072 0.000027
25073 0.000020
25074 0.000012
25075 0.000019
25076 0.000026
25077 0.000022
25078 0.000013
25079 0.000020
25080 0.000015
25081 0.000016
25082 0.000021
25083 0.000015
25084 0.000019
25085 0.000017
25086 0.000013
25087 0.000013
25088 0.000027
25089 0.000030
25090 0.000018
25091 0.000020
25092 0.000012
25093 0.000017
25094 0.000022
25095 0.000026
25096 0.000022
25097 0.000010
25098 0.000033
25099 0.000019
25100 0.000022
25101 0.000016
25102 0.000010
25103 0.000007
25104 0.000025
25105 0.000019
25106 0.000026
25107 0.000015
25108 0.000013
25109 0.000023
25110 0.000011
25111 0.000016
25112 0.000011
25113 0.000016
25114 0.000010
25115 0.000029
25116 0.000018
25117 0.000028
25118 0.000025
25119 0.000032
25120 0.000016
25121 0.000022
25122 0.000023
25123 0.000010
25124 0.000015
25125 0.000017
25126 0.000023
25127 0.000024
25128 0.000021
25129 0.000027
25130 0.000013
25131 0.000025
25132 0.000031
25133 0.000027
25134 0.000011
25135 0.000014
25136 0.000018
25137 0.000022
25138 0.000018
25139 0.000006
25140 0.000004
25141 0.000010
25142 0.000013
25143 0.000026
25144 0.000032
25145 0.000021
25146 0.000017
25147 0.000018
25148 0.000013
25149 0.000017
25150 0.000007
25151 0.000034
25152 0.000032
25153 0.000022
25154 0.000008
25155 0.000020
25156 0.000027
25157 0.000022
25158 0.000023
25159 0.000012
25160 0.000023
25161 0.000030
25162 0.000022
25163 0.000034
25164 0.000020
25165 0.000043
25166 0.000018
25167 0.000020
25168 0.000025
25169 0.000016
25170 0.000033
25171 0.000018
25172 0.000008
25173 0.000017
25174 0.000016
25175 0.000012
25176 0.000014
25177 0.000019
25178 0.000028
25179 0.000022
25180 0.000031
25181 0.000024
25182 0.000021
25183 0.000009
25184 0.000016
25185 0.000015
25186 0.000021
25187 0.000035
25188 0.000015
25189 0.000026
25190 0.000017
25191 0.000018
25192 0.000009
25193 0.000018
25194 0.000012
25195 0.000010
25196 0.000020
25197 0.000010
25198 0.000016
25199 0.000014
25200 0.000029
25201 0.000029
25202 0.000017
25203 0.000026
25204 0.000047
25205 0.000021
25206 0.000019
25207 0.000006
25208 0.000014
25209 0.000018
25210 0.000012
25211 0.000020
25212 0.000020
25213 0.000022
25214 0.000018
25215 0.000007
25216 0.000010
25217 0.000013
25218 0.000023
25219 0.000010
25220 0.000014
25221 0.000026
25222 0.000027
25223 0.000027
25224 0.000023
25225 0.000020
25226 0.000016
25227 0.000021
25228 0.000008
25229 0.000019
25230 0.000008
25231 0.000021
25232 0.000015
25233 0.000018
25234 0.000015
25235 0.000017
25236 0.000016
25237 0.000010
25238 0.000017
25239 0.000013
25240 0.000022
25241 0.000015
25242 0.000014
25243 0.000017
25244 0.000032
25245 0.000018
25246 0.000022
25247 0.000027
25248 0.000020
25249 0.000014
25250 0.000008
25251 0.000011
25252 0.000018
25253 0.000028
25254 0.000027
25255 0.000009
25256 0.000018
25257 0.000015
25258 0.000028
25259 0.000043
25260 0.000019
25261 0.000012
25262 0.000017
25263 0.000016
25264 0.000027
25265 0.000011
25266 0.000014
25267 0.000011
25268 0.000019
25269 0.000019
25270 0.000017
25271 0.000015
25272 0.000023
25273 0.000010
25274 0.000015
25275 0.000018
25276 0.000016
25277 0.000022
25278 0.000018
25279 0.000020
25280 0.000006
25281 0.000009
25282 0.000014
25283 0.000017
25284 0.000026
25285 0.000038
25286 0.000024
25287 0.000026
25288 0.000015
25289 0.000016
25290 0.000015
25291 0.000010
25292 0.000019
25293 0.000010
25294 0.000006
25295 0.000007
25296 0.000031
25297 0.000029
25298 0.000020
25299 0.000045
25300 0.000029
25301 0.000050
25302 0.000019
25303 0.000024
25304 0.000021
25305 0.000019
25306 0.000031
25307 0.000035
25308 0.000012
25309 0.000015
25310 0.000022
25311 0.000020
25312 0.000030
25313 0.000015
25314 0.000015
25315 0.000007
25316 0.000023
25317 0.000025
25318 0.000028
25319 0.000015
25320 0.000022
25321 0.000024
25322 0.000018
25323 0.000030
25324 0.000023
25325 0.000020
25326 0.000011
25327 0.000019
25328 0.000027
25329 0.000021
25330 0.000019
25331 0.000019
25332 0.000013
25333 0.000020
25334 0.000032
25335 0.000017
25336 0.000021
25337 0.000026
25338 0.000021
25339 0.000024
25340 0.000013
25341 0.000023
25342 0.000023
25343 0.000016
25344 0.000029
25345 0.000009
25346 0.000012
25347 0.000018
25348 0.000017
25349 0.000008
25350 0.000012
25351 0.000013
25352 0.000018
25353 0.000017
25354 0.000011
25355 0.000019
25356 0.000028
25357 0.000016
25358 0.000035
25359 0.000025
25360 0.000016
25361 0.000032
25362 0.000018
25363 0.000014
25364 0.000012
25365 0.000011
25366 0.000016
25367 0.000019
25368 0.000012
25369 0.000005
25370 0.000028
25371 0.000016
25372 0.000007
25373 0.000019
25374 0.000021
25375 0.000010
25376 0.000021
25377 0.000035
25378 0.000021
25379 0.000021
25380 0.000005
25381 0.000012
25382 0.000019
25383 0.000022
25384 0.000023
25385 0.000015
25386 0.000018
25387 0.000024
25388 0.000020
25389 0.000028
25390 0.000015
25391 0.000009
25392 0.000026
25393 0.000008
25394 0.000014
25395 0.000011
25396 0.000012
25397 0.000017
25398 0.000018
25399 0.000018
25400 0.000007
25401 0.000018
25402 0.000035
25403 0.000019
25404 0.000027
25405 0.000021
25406 0.000020
25407 0.000019
25408 0.000020
25409 0.000019
25410 0.000024
25411 0.000018
25412 0.000047
25413 0.000021
25414 0.000028
25415 0.000019
25416 0.000027
25417 0.000016
25418 0.000016
25419 0.000011
25420 0.000018
25421 0.000037
25422 0.000021
25423 0.000029
25424 0.000023
25425 0.000017
25426 0.000012
25427 0.000016
25428 0.000009
25429 0.000012
25430 0.000016
25431 0.000026
25432 0.000023
25433 0.000015
25434 0.000017
25435 0.000017
25436 0.000030
25437 0.000015
25438 0.000015
25439 0.000016
25440 0.000015
25441 0.000023
25442 0.000020
25443 0.000023
25444 0.000042
25445 0.000022
25446 0.000018
25447 0.000020
25448 0.000021
25449 0.000039
25450 0.000029
25451 0.000035
25452 0.000019
25453 0.000020
25454 0.000024
25455 0.000021
25456 0.000039
25457 0.000023
25458 0.000011
25459 0.000013
25460 0.000022
25461 0.000036
25462 0.000015
25463 0.000021
25464 0.000030
25465 0.000021
25466 0.000012
25467 0.000028
25468 0.000015
25469 0.000022
25470 0.000023
25471 0.000032
25472 0.000026
25473 0.000019
25474 0.000016
25475 0.000018
25476 0.000015
25477 0.000014
25478 0.000015
25479 0.000020
25480 0.000024
25481 0.000013
25482 0.000010
25483 0.000018
25484 0.000012
25485 0.000030
25486 0.000036
25487 0.000019
25488 0.000018
25489 0.000022
25490 0.000022
25491 0.000023
25492 0.000024
25493 0.000009
25494 0.000022
25495 0.000012
25496 0.000008
25497 0.000007
25498 0.000013
25499 0.000009
25500 0.000010
25501 0.000017
25502 0.000010
25503 0.000015
25504 0.000008
25505 0.000010
25506 0.000027
25507 0.000016
25508 0.000014
25509 0.000016
25510 0.000019
25511 0.000020
25512 0.000029
25513 0.000026
25514 0.000015
25515 0.000023
25516 0.000025
25517 0.000014
25518 0.000012
25519 0.000013
25520 0.000026
25521 0.000017
25522 0.000021
25523 0.000017
25524 0.000009
25525 0.000014
25526 0.000005
25527 0.000017
25528 0.000027
25529 0.000014
25530 0.000021
25531 0.000026
25532 0.000013
25533 0.000018
25534 0.000014
25535 0.000017
25536 0.000020
25537 0.000028
25538 0.000020
25539 0.000013
25540 0.000011
25541 0.000025
25542 0.000026
25543 0.000025
25544 0.000012
25545 0.000012
25546 0.000025
25547 0.000018
25548 0.000010
25549 0.000012
25550 0.000022
25551 0.000024
25552 0.000016
25553 0.000025
25554 0.000012
25555 0.000010
25556 0.000012
25557 0.000015
25558 0.000009
25559 0.000005
25560 0.000006
25561 0.000007
25562 0.000016
25563 0.000032
25564 0.000025
25565 0.000016
25566 0.000031
25567 0.000010
25568 0.000025
25569 0.000014
25570 0.000016
25571 0.000012
25572 0.000012
25573 0.000010
25574 0.000020
25575 0.000016
25576 0.000008
25577 0.000017
25578 0.000017
25579 0.000014
25580 0.000026
25581 0.000030
25582 0.000022
25583 0.000018
25584 0.000031
25585 0.000027
25586 0.000022
25587 0.000013
25588 0.000022
25589 0.000018
25590 0.000025
25591 0.000017
25592 0.000031
25593 0.000029
25594 0.000038
25595 0.000016
25596 0.000029
25597 0.000007
25598 0.000010
25599 0.000016
25600 0.000010
25601 0.000011
25602 0.000011
25603 0.000022
25604 0.000011
25605 0.000009
25606 0.000012
25607 0.000018
25608 0.000013
25609 0.000011
25610 0.000027
25611 0.000032
25612 0.000006
25613 0.000024
25614 0.000035
25615 0.000025
25616 0.000014
25617 0.000031
25618 0.000017
25619 0.000020
25620 0.000010
25621 0.000014
25622 0.000008
25623 0.000008
25624 0.000021
25625 0.000019
25626 0.000024
25627 0.000009
25628 0.000005
25629 0.000012
25630 0.000021
25631 0.000022
25632 0.000027
25633 0.000035
25634 0.000034
25635 0.000010
25636 0.000012
25637 0.000011
25638 0.000027
25639 0.000020
25640 0.000019
25641 0.000024
25642 0.000027
25643 0.000023
25644 0.000028
25645 0.000020
25646 0.000015
25647 0.000027
25648 0.000024
25649 0.000053
25650 0.000037
25651 0.000027
25652 0.000019
25653 0.000018
25654 0.000022
25655 0.000024
25656 0.000026
25657 0.000018
25658 0.000019
25659 0.000021
25660 0.000012
25661 0.000020
25662 0.000026
25663 0.000026
25664 0.000018
25665 0.000016
25666 0.000023
25667 0.000021
25668 0.000039
25669 0.000021
25670 0.000028
25671 0.000025
25672 0.000028
25673 0.000031
25674 0.000012
25675 0.000023
25676 0.000040
25677 0.000019
25678 0.000024
25679 0.000047
25680 0.000016
25681 0.000016
25682 0.000024
25683 0.000035
25684 0.000024
25685 0.000017
25686 0.000027
25687 0.000012
25688 0.000024
25689 0.000014
25690 0.000034
25691 0.000020
25692 0.000021
25693 0.000015
25694 0.000024
25695 0.000027
25696 0.000027
25697 0.000028
25698 0.000019
25699 0.000018
25700 0.000027
25701 0.000014
25702 0.000016
25703 0.000023
25704 0.000030
25705 0.000019
25706 0.000014
25707 0.000021
25708 0.000012
25709 0.000026
25710 0.000019
25711 0.000010
25712 0.000032
25713 0.000021
25714 0.000015
25715 0.000028
25716 0.000027
25717 0.000025
25718 0.000024
25719 0.000027
25720 0.000018
25721 0.000014
25722 0.000017
25723 0.000030
25724 0.000010
25725 0.000016
25726 0.000012
25727 0.000022
25728 0.000021
25729 0.000015
25730 0.000021
25731 0.000012
25732 0.000031
25733 0.000030
25734 0.000044
25735 0.000026
25736 0.000026
25737 0.000013
25738 0.000009
25739 0.000017
25740 0.000018
25741 0.000016
25742 0.000028
25743 0.000020
25744 0.000018
25745 0.000008
25746 0.000027
25747 0.000045
25748 0.000038
25749 0.000021
25750 0.000033
25751 0.000031
25752 0.000026
25753 0.000022
25754 0.000019
25755 0.000017
25756 0.000016
25757 0.000039
25758 0.000025
25759 0.000023
25760 0.000016
25761 0.000014
25762 0.000017
25763 0.000024
25764 0.000015
25765 0.000015
25766 0.000011
25767 0.000022
25768 0.000016
25769 0.000017
25770 0.000020
25771 0.000019
25772 0.000006
25773 0.000013
25774 0.000012
25775 0.000016
25776 0.000020
25777 0.000013
25778 0.000008
25779 0.000013
25780 0.000012
25781 0.000009
25782 0.000021
25783 0.000027
25784 0.000041
25785 0.000028
25786 0.000025
25787 0.000019
25788 0.000024
25789 0.000020
25790 0.000014
25791 0.000008
25792 0.000014
25793 0.000017
25794 0.000023
25795 0.000025
25796 0.000018
25797 0.000029
25798 0.000020
25799 0.000018
25800 0.000013
25801 0.000011
25802 0.000027
25803 0.000014
25804 0.000016
25805 0.000009
25806 0.000011
25807 0.000016
25808 0.000017
25809 0.000013
25810 0.000015
25811 0.000012
25812 0.000024
25813 0.000017
25814 0.000018
25815 0.000029
25816 0.000012
25817 0.000009
25818 0.000007
25819 0.000027
25820 0.000027
25821 0.000022
25822 0.000022
25823 0.000030
25824 0.000016
25825 0.000014
25826 0.000053
25827 0.000043
25828 0.000017
25829 0.000010
25830 0.000022
25831 0.000023
25832 0.000011
25833 0.000015
25834 0.000034
25835 0.000023
25836 0.000005
25837 0.000016
25838 0.000031
25839 0.000040
25840 0.000019
25841 0.000035
25842 0.000037
25843 0.000032
25844 0.000023
25845 0.000012
25846 0.000009
25847 0.000024
25848 0.000027
25849 0.000025
25850 0.000020
25851 0.000027
25852 0.000026
25853 0.000022
25854 0.000016
25855 0.000028
25856 0.000010
25857 0.000014
25858 0.000026
25859 0.000022
25860 0.000014
25861 0.000008
25862 0.000009
25863 0.000012
25864 0.000020
25865 0.000010
25866 0.000025
25867 0.000015
25868 0.000022
25869 0.000015
25870 0.000017
25871 0.000013
25872 0.000020
25873 0.000021
25874 0.000032
25875 0.000017
25876 0.000020
25877 0.000024
25878 0.000021
25879 0.000038
25880 0.000019
25881 0.000012
25882 0.000021
25883 0.000023
25884 0.000013
25885 0.000040
25886 0.000020
25887 0.000018
25888 0.000016
25889 0.000008
25890 0.000013
25891 0.000031
25892 0.000016
25893 0.000026
25894 0.000030
25895 0.000036
25896 0.000022
25897 0.000014
25898 0.000023
25899 0.000026
25900 0.000010
25901 0.000030
25902 0.000021
25903 0.000024
25904 0.000024
25905 0.000026
25906 0.000016
25907 0.000020
25908 0.000033
25909 0.000011
25910 0.000007
25911 0.000013
25912 0.000025
25913 0.000032
25914 0.000020
25915 0.000011
25916 0.000019
25917 0.000020
25918 0.000020
25919 0.000015
25920 0.000031
25921 0.000032
25922 0.000023
25923 0.000009
25924 0.000020
25925 0.000041
25926 0.000022
25927 0.000011
25928 0.000021
25929 0.000015
25930 0.000026
25931 0.000025
25932 0.000017
25933 0.000027
25934 0.000026
25935 0.000025
25936 0.000040
25937 0.000025
25938 0.000017
25939 0.000007
25940 0.000010
25941 0.000019
25942 0.000015
25943 0.000018
25944 0.000024
25945 0.000013
25946 0.000018
25947 0.000024
25948 0.000015
25949 0.000025
25950 0.000025
25951 0.000016
25952 0.000014
25953 0.000034
25954 0.000017
25955 0.000015
25956 0.000021
25957 0.000025
25958 0.000019
25959 0.000021
25960 0.000018
25961 0.000013
25962 0.000020
25963 0.000025
25964 0.000035
25965 0.000021
25966 0.000016
25967 0.000037
25968 0.000025
25969 0.000029
25970 0.000020
25971 0.000005
25972 0.000006
25973 0.000008
25974 0.000020
25975 0.000023
25976 0.000014
25977 0.000020
25978 0.000015
25979 0.000020
25980 0.000024
25981 0.000017
25982 0.000019
25983 0.000027
25984 0.000019
25985 0.000024
25986 0.000012
25987 0.000022
25988 0.000019
25989 0.000017
25990 0.000044
25991 0.000024
25992 0.000023
25993 0.000024
25994 0.000027
25995 0.000016
25996 0.000019
25997 0.000015
25998 0.000013
25999 0.000011
26000 0.000032
26001 0.000014
26002 0.000016
26003 0.000026
26004 0.000018
26005 0.000036
26006 0.000018
26007 0.000013
26008 0.000019
26009 0.000021
26010 0.000025
26011 0.000025
26012 0.000028
26013 0.000024
26014 0.000017
26015 0.000015
26016 0.000013
26017 0.000030
26018 0.000019
26019 0.000023
26020 0.000015
26021 0.000020
26022 0.000019
26023 0.000031
26024 0.000024
26025 0.000030
26026 0.000031
26027 0.000034
26028 0.000011
26029 0.000014
26030 0.000020
26031 0.000015
26032 0.000014
26033 0.000020
26034 0.000024
26035 0.000025
26036 0.000023
26037 0.000020
26038 0.000029
26039 0.000027
26040 0.000022
26041 0.000022
26042 0.000013
26043 0.000013
26044 0.000029
26045 0.000016
26046 0.000017
26047 0.000016
26048 0.000014
26049 0.000018
26050 0.000035
26051 0.000018
26052 0.000025
26053 0.000023
26054 0.000020
26055 0.000018
26056 0.000017
26057 0.000029
26058 0.000036
26059 0.000025
26060 0.000011
26061 0.000024
26062 0.000012
26063 0.000012
26064 0.000045
26065 0.000017
26066 0.000031
26067 0.000019
26068 0.000028
26069 0.000027
26070 0.000008
26071 0.000010
26072 0.000013
26073 0.000028
26074 0.000025
26075 0.000012
26076 0.000023
26077 0.000036
26078 0.000029
26079 0.000030
26080 0.000007
26081 0.000031
26082 0.000016
26083 0.000023
26084 0.000014
26085 0.000017
26086 0.000030
26087 0.000021
26088 0.000030
26089 0.000037
26090 0.000027
26091 0.000027
26092 0.000025
26093 0.000034
26094 0.000013
26095 0.000018
26096 0.000024
26097 0.000022
26098 0.000030
26099 0.000046
26100 0.000036
26101 0.000021
26102 0.000014
26103 0.000015
26104 0.000012
26105 0.000029
26106 0.000046
26107 0.000024
26108 0.000013
26109 0.000015
26110 0.000018
26111 0.000029
26112 0.000032
26113 0.000031
26114 0.000032
26115 0.000018
26116 0.000014
26117 0.000015
26118 0.000011
26119 0.000018
26120 0.000008
26121 0.000014
26122 0.000016
26123 0.000031
26124 0.000028
26125 0.000006
26126 0.000014
26127 0.000028
26128 0.000009
26129 0.000013
26130 0.000017
26131 0.000011
26132 0.000025
26133 0.000012
26134 0.000017
26135 0.000019
26136 0.000007
26137 0.000016
26138 0.000021
26139 0.000024
26140 0.000019
26141 0.000023
26142 0.000012
26143 0.000014
26144 0.000027
26145 0.000034
26146 0.000034
26147 0.000014
26148 0.000021
26149 0.000008
26150 0.000014
26151 0.000022
26152 0.000027
26153 0.000018
26154 0.000012
26155 0.000025
26156 0.000023
26157 0.000007
26158 0.000004
26159 0.000005
26160 0.000019
26161 0.000008
26162 0.000024
26163 0.000024
26164 0.000024
26165 0.000023
26166 0.000024
26167 0.000021
26168 0.000047
26169 0.000025
26170 0.000013
26171 0.000018
26172 0.000013
26173 0.000023
26174 0.000015
26175 0.000014
26176 0.000031
26177 0.000023
26178 0.000017
26179 0.000023
26180 0.000020
26181 0.000019
26182 0.000015
26183 0.000023
26184 0.000019
26185 0.000013
26186 0.000012
26187 0.000028
26188 0.000029
26189 0.000021
26190 0.000019
26191 0.000015
26192 0.000015
26193 0.000015
26194 0.000024
26195 0.000008
26196 0.000026
26197 0.000025
26198 0.000025
26199 0.000021
26200 0.000032
26201 0.000023
26202 0.000020
26203 0.000010
26204 0.000020
26205 0.000013
26206 0.000025
26207 0.000013
26208 0.000026
26209 0.000032
26210 0.000008
26211 0.000011
26212 0.000013
26213 0.000007
26214 0.000021
26215 0.000012
26216 0.000011
26217 0.000018
26218 0.000018
26219 0.000017
26220 0.000024
26221 0.000021
26222 0.000018
26223 0.000005
26224 0.000016
26225 0.000021
26226 0.000037
26227 0.000016
26228 0.000029
26229 0.000018
26230 0.000018
26231 0.000027
26232 0.000034
26233 0.000029
26234 0.000032
26235 0.000015
26236 0.000012
26237 0.000010
26238 0.000015
26239 0.000020
26240 0.000005
26241 0.000015
26242 0.000024
26243 0.000021
26244 0.000017
26245 0.000014
26246 0.000010
26247 0.000018
26248 0.000008
26249 0.000012
26250 0.000013
26251 0.000010
26252 0.000010
26253 0.000031
26254 0.000025
26255 0.000019
26256 0.000012
26257 0.000016
26258 0.000025
26259 0.000024
26260 0.000027
26261 0.000034
26262 0.000016
26263 0.000014
26264 0.000030
26265 0.000031
26266 0.000016
26267 0.000012
26268 0.000019
26269 0.000019
26270 0.000014
26271 0.000016
26272 0.000023
26273 0.000027
26274 0.000044
26275 0.000033
26276 0.000023
26277 0.000024
26278 0.000029
26279 0.000016
26280 0.000020
26281 0.000035
26282 0.000047
26283 0.000019
26284 0.000014
26285 0.000022
26286 0.000027
26287 0.000027
26288 0.000023
26289 0.000012
26290 0.000010
26291 0.000011
26292 0.000035
26293 0.000020
26294 0.000016
26295 0.000017
26296 0.000025
26297 0.000022
26298 0.000023
26299 0.000015
26300 0.000029
26301 0.000036
26302 0.000029
26303 0.000014
26304 0.000011
26305 0.000021
26306 0.000028
26307 0.000021
26308 0.000013
26309 0.000016
26310 0.000016
26311 0.000027
26312 0.000018
26313 0.000009
26314 0.000019
26315 0.000019
26316 0.000024
26317 0.000030
26318 0.000011
26319 0.000015
26320 0.000009
26321 0.000008
26322 0.000022
26323 0.000019
26324 0.000015
26325 0.000012
26326 0.000012
26327 0.000013
26328 0.000021
26329 0.000017
26330 0.000017
26331 0.000029
26332 0.000018
26333 0.000018
26334 0.000033
26335 0.000032
26336 0.000024
26337 0.000019
26338 0.000018
26339 0.000019
26340 0.000015
26341 0.000009
26342 0.000021
26343 0.000021
26344 0.000025
26345 0.000024
26346 0.000027
26347 0.000014
26348 0.000005
26349 0.000008
26350 0.000012
26351 0.000021
26352 0.000023
26353 0.000016
26354 0.000029
26355 0.000006
26356 0.000022
26357 0.000016
26358 0.000014
26359 0.000026
26360 0.000027
26361 0.000027
26362 0.000031
26363 0.000027
26364 0.000016
26365 0.000016
26366 0.000021
26367 0.000011
26368 0.000007
26369 0.000010
26370 0.000017
26371 0.000021
26372 0.000007
26373 0.000024
26374 0.000013
26375 0.000016
26376 0.000010
26377 0.000023
26378 0.000025
26379 0.000029
26380 0.000029
26381 0.000012
26382 0.000016
26383 0.000009
26384 0.000008
26385 0.000017
26386 0.000014
26387 0.000020
26388 0.000021
26389 0.000021
26390 0.000020
26391 0.000030
26392 0.000039
26393 0.000028
26394 0.000014
26395 0.000025
26396 0.000011
26397 0.000024
26398 0.000015
26399 0.000024
26400 0.000033
26401 0.000013
26402 0.000008
26403 0.000022
26404 0.000011
26405 0.000017
26406 0.000024
26407 0.000026
26408 0.000015
26409 0.000014
26410 0.000035
26411 0.000027
26412 0.000025
26413 0.000014
26414 0.000008
26415 0.000007
26416 0.000007
26417 0.000005
26418 0.000025
26419 0.000010
26420 0.000022
26421 0.000028
26422 0.000025
26423 0.000036
26424 0.000028
26425 0.000014
26426 0.000016
26427 0.000014
26428 0.000021
26429 0.000014
26430 0.000020
26431 0.000014
26432 0.000033
26433 0.000017
26434 0.000016
26435 0.000029
26436 0.000021
26437 0.000019
26438 0.000019
26439 0.000018
26440 0.000021
26441 0.000025
26442 0.000026
26443 0.000021
26444 0.000025
26445 0.000006
26446 0.000017
26447 0.000013
26448 0.000016
26449 0.000014
26450 0.000028
26451 0.000030
26452 0.000024
26453 0.000032
26454 0.000011
26455 0.000020
26456 0.000015
26457 0.000024
26458 0.000012
26459 0.000032
26460 0.000033
26461 0.000013
26462 0.000015
26463 0.000018
26464 0.000018
26465 0.000020
26466 0.000026
26467 0.000022
26468 0.000016
26469 0.000026
26470 0.000035
26471 0.000018
26472 0.000008
26473 0.000037
26474 0.000021
26475 0.000034
26476 0.000015
26477 0.000012
26478 0.000025
26479 0.000010
26480 0.000021
26481 0.000025
26482 0.000010
26483 0.000011
26484 0.000013
26485 0.000008
26486 0.000029
26487 0.000008
26488 0.000023
26489 0.000011
26490 0.000024
26491 0.000020
26492 0.000017
26493 0.000022
26494 0.000010
26495 0.000017
26496 0.000019
26497 0.000051
26498 0.000032
26499 0.000021
26500 0.000011
26501 0.000013
26502 0.000024
26503 0.000021
26504 0.000024
26505 0.000014
26506 0.000020
26507 0.000019
26508 0.000018
26509 0.000033
26510 0.000029
26511 0.000019
26512 0.000030
26513 0.000011
26514 0.000006
26515 0.000024
26516 0.000020
26517 0.000014
26518 0.000013
26519 0.000020
26520 0.000010
26521 0.000021
26522 0.000023
26523 0.000027
26524 0.000028
26525 0.000026
26526 0.000025
26527 0.000011
26528 0.000028
26529 0.000022
26530 0.000028
26531 0.000022
26532 0.000023
26533 0.000032
26534 0.000018
26535 0.000017
26536 0.000040
26537 0.000023
26538 0.000019
26539 0.000025
26540 0.000025
26541 0.000023
26542 0.000016
26543 0.000031
26544 0.000027
26545 0.000016
26546 0.000013
26547 0.000017
26548 0.000028
26549 0.000019
26550 0.000021
26551 0.000038
26552 0.000018
26553 0.000026
26554 0.000024
26555 0.000023
26556 0.000030
26557 0.000025
26558 0.000019
26559 0.000015
26560 0.000021
26561 0.000023
26562 0.000025
26563 0.000015
26564 0.000022
26565 0.000014
26566 0.000017
26567 0.000022
26568 0.000008
26569 0.000024
26570 0.000032
26571 0.000038
26572 0.000008
26573 0.000011
26574 0.000020
26575 0.000018
26576 0.000006
26577 0.000010
26578 0.000026
26579 0.000016
26580 0.000010
26581 0.000009
26582 0.000018
26583 0.000019
26584 0.000031
26585 0.000028
26586 0.000022
26587 0.000024
26588 0.000024
26589 0.000020
26590 0.000020
26591 0.000027
26592 0.000022
26593 0.000028
26594 0.000011
26595 0.000017
26596 0.000017
26597 0.000023
26598 0.000019
26599 0.000017
26600 0.000020
26601 0.000007
26602 0.000011
26603 0.000008
26604 0.000017
26605 0.000016
26606 0.000012
26607 0.000018
26608 0.000020
26609 0.000010
26610 0.000025
26611 0.000033
26612 0.000015
26613 0.000026
26614 0.000025
26615 0.000017
26616 0.000020
26617 0.000017
26618 0.000020
26619 0.000019
26620 0.000014
26621 0.000016
26622 0.000022
26623 0.000023
26624 0.000017
26625 0.000007
26626 0.000020
26627 0.000034
26628 0.000023
26629 0.000026
26630 0.000031
26631 0.000032
26632 0.000017
26633 0.000015
26634 0.000016
26635 0.000018
26636 0.000020
26637 0.000018
26638 0.000025
26639 0.000027
26640 0.000017
26641 0.000012
26642 0.000023
26643 0.000024
26644 0.000009
26645 0.000022
26646 0.000015
26647 0.000012
26648 0.000011
26649 0.000017
26650 0.000009
26651 0.000007
26652 0.000008
26653 0.000019
26654 0.000034
26655 0.000023
26656 0.000022
26657 0.000024
26658 0.000022
26659 0.000019
26660 0.000009
26661 0.000024
26662 0.000026
26663 0.000009
26664 0.000006
26665 0.000022
26666 0.000011
26667 0.000017
26668 0.000009
26669 0.000019
26670 0.000014
26671 0.000020
26672 0.000012
26673 0.000005
26674 0.000020
26675 0.000023
26676 0.000019
26677 0.000012
26678 0.000011
26679 0.000017
26680 0.000014
26681 0.000014
26682 0.000020
26683 0.000025
26684 0.000009
26685 0.000033
26686 0.000029
26687 0.000023
26688 0.000013
26689 0.000020
26690 0.000016
26691 0.000015
26692 0.000008
26693 0.000009
26694 0.000035
26695 0.000037
26696 0.000049
26697 0.000026
26698 0.000021
26699 0.000014
26700 0.000020
26701 0.000016
26702 0.000011
26703 0.000011
26704 0.000011
26705 0.000018
26706 0.000025
26707 0.000045
26708 0.000034
26709 0.000025
26710 0.000035
26711 0.000022
26712 0.000022
26713 0.000024
26714 0.000021
26715 0.000020
26716 0.000017
26717 0.000029
26718 0.000022
26719 0.000034
26720 0.000024
26721 0.000018
26722 0.000029
26723 0.000018
26724 0.000024
26725 0.000017
26726 0.000017
26727 0.000017
26728 0.000017
26729 0.000022
26730 0.000023
26731 0.000019
26732 0.000032
26733 0.000025
26734 0.000017
26735 0.000015
26736 0.000014
26737 0.000013
26738 0.000015
26739 0.000035
26740 0.000029
26741 0.000021
26742 0.000023
26743 0.000019
26744 0.000021
26745 0.000017
26746 0.000009
26747 0.000023
26748 0.000011
26749 0.000029
26750 0.000021
26751 0.000023
26752 0.000025
26753 0.000020
26754 0.000014
26755 0.000014
26756 0.000019
26757 0.000013
26758 0.000026
26759 0.000015
26760 0.000009
26761 0.000018
26762 0.000023
26763 0.000026
26764 0.000031
26765 0.000024
26766 0.000008
26767 0.000012
26768 0.000006
26769 0.000019
26770 0.000043
26771 0.000042
26772 0.000020
26773 0.000017
26774 0.000015
26775 0.000021
26776 0.000023
26777 0.000018
26778 0.000019
26779 0.000010
26780 0.000015
26781 0.000014
26782 0.000026
26783 0.000019
26784 0.000029
26785 0.000018
26786 0.000020
26787 0.000021
26788 0.000012
26789 0.000025
26790 0.000019
26791 0.000008
26792 0.000032
26793 0.000037
26794 0.000028
26795 0.000022
26796 0.000024
26797 0.000011
26798 0.000005
26799 0.000018
26800 0.000040
26801 0.000011
26802 0.000024
26803 0.000017
26804 0.000015
26805 0.000017
26806 0.000021
26807 0.000016
26808 0.000018
26809 0.000016
26810 0.000008
26811 0.000018
26812 0.000013
26813 0.000018
26814 0.000014
26815 0.000028
26816 0.000022
26817 0.000025
26818 0.000023
26819 0.000032
26820 0.000009
26821 0.000012
26822 0.000025
26823 0.000014
26824 0.000026
26825 0.000022
26826 0.000019
26827 0.000028
26828 0.000017
26829 0.000023
26830 0.000019
26831 0.000019
26832 0.000023
26833 0.000028
26834 0.000039
26835 0.000027
26836 0.000018
26837 0.000026
26838 0.000015
26839 0.000016
26840 0.000011
26841 0.000022
26842 0.000018
26843 0.000009
26844 0.000017
26845 0.000017
26846 0.000036
26847 0.000022
26848 0.000028
26849 0.000014
26850 0.000012
26851 0.000010
26852 0.000007
26853 0.000015
26854 0.000015
26855 0.000013
26856 0.000011
26857 0.000022
26858 0.000025
26859 0.000010
26860 0.000008
26861 0.000014
26862 0.000013
26863 0.000020
26864 0.000027
26865 0.000019
26866 0.000023
26867 0.000021
26868 0.000017
26869 0.000020
26870 0.000020
26871 0.000023
26872 0.000022
26873 0.000014
26874 0.000019
26875 0.000027
26876 0.000011
26877 0.000013
26878 0.000014
26879 0.000026
26880 0.000023
26881 0.000016
26882 0.000023
26883 0.000017
26884 0.000018
26885 0.000025
26886 0.000013
26887 0.000022
26888 0.000012
26889 0.000030
26890 0.000026
26891 0.000017
26892 0.000018
26893 0.000016
26894 0.000009
26895 0.000019
26896 0.000006
26897 0.000014
26898 0.000017
26899 0.000022
26900 0.000008
26901 0.000022
26902 0.000027
26903 0.000018
26904 0.000020
26905 0.000021
26906 0.000027
26907 0.000014
26908 0.000024
26909 0.000020
26910 0.000005
26911 0.000010
26912 0.000013
26913 0.000013
26914 0.000018
26915 0.000026
26916 0.000019
26917 0.000014
26918 0.000017
26919 0.000017
26920 0.000021
26921 0.000019
26922 0.000012
26923 0.000020
26924 0.000015
26925 0.000021
26926 0.000026
26927 0.000049
26928 0.000038
26929 0.000010
26930 0.000004
26931 0.000019
26932 0.000052
26933 0.000024
26934 0.000029
26935 0.000022
26936 0.000014
26937 0.000018
26938 0.000021
26939 0.000019
26940 0.000015
26941 0.000013
26942 0.000012
26943 0.000020
26944 0.000016
26945 0.000029
26946 0.000014
26947 0.000009
26948 0.000025
26949 0.000019
26950 0.000018
26951 0.000011
26952 0.000013
26953 0.000026
26954 0.000026
26955 0.000022
26956 0.000016
26957 0.000017
26958 0.000026
26959 0.000017
26960 0.000016
26961 0.000009
26962 0.000033
26963 0.000016
26964 0.000034
26965 0.000026
26966 0.000020
26967 0.000023
26968 0.000014
26969 0.000028
26970 0.000011
26971 0.000019
26972 0.000036
26973 0.000022
26974 0.000021
26975 0.000012
26976 0.000014
26977 0.000008
26978 0.000021
26979 0.000016
26980 0.000028
26981 0.000018
26982 0.000019
26983 0.000017
26984 0.000025
26985 0.000033
26986 0.000021
26987 0.000026
26988 0.000026
26989 0.000012
26990 0.000016
26991 0.000026
26992 0.000021
26993 0.000023
26994 0.000030
26995 0.000009
26996 0.000017
26997 0.000023
26998 0.000027
26999 0.000006
27000 0.000025
27001 0.000018
27002 0.000024
27003 0.000014
27004 0.000007
27005 0.000015
27006 0.000025
27007 0.000028
27008 0.000013
27009 0.000009
27010 0.000015
27011 0.000024
27012 0.000014
27013 0.000015
27014 0.000030
27015 0.000017
27016 0.000021
27017 0.000016
27018 0.000043
27019 0.000033
27020 0.000013
27021 0.000019
27022 0.000008
27023 0.000017
27024 0.000034
27025 0.000017
27026 0.000059
27027 0.000014
27028 0.000013
27029 0.000017
27030 0.000021
27031 0.000022
27032 0.000013
27033 0.000013
27034 0.000032
27035 0.000013
27036 0.000022
27037 0.000018
27038 0.000016
27039 0.000025
27040 0.000008
27041 0.000033
27042 0.000031
27043 0.000014
27044 0.000013
27045 0.000011
27046 0.000023
27047 0.000025
27048 0.000016
27049 0.000011
27050 0.000013
27051 0.000014
27052 0.000018
27053 0.000015
27054 0.000018
27055 0.000018
27056 0.000007
27057 0.000018
27058 0.000011
27059 0.000008
27060 0.000020
27061 0.000005
27062 0.000013
27063 0.000015
27064 0.000020
27065 0.000020
27066 0.000018
27067 0.000021
27068 0.000025
27069 0.000011
27070 0.000015
27071 0.000009
27072 0.000011
27073 0.000021
27074 0.000026
27075 0.000010
27076 0.000006
27077 0.000009
27078 0.000014
27079 0.000018
27080 0.000017
27081 0.000018
27082 0.000018
27083 0.000010
27084 0.000017
27085 0.000025
27086 0.000010
27087 0.000016
27088 0.000022
27089 0.000015
27090 0.000008
27091 0.000021
27092 0.000025
27093 0.000026
27094 0.000026
27095 0.000011
27096 0.000032
27097 0.000029
27098 0.000018
27099 0.000019
27100 0.000020
27101 0.000010
27102 0.000021
27103 0.000027
27104 0.000027
27105 0.000017
27106 0.000028
27107 0.000024
27108 0.000020
27109 0.000011
27110 0.000009
27111 0.000016
27112 0.000009
27113 0.000029
27114 0.000010
27115 0.000014
27116 0.000015
27117 0.000028
27118 0.000027
27119 0.000019
27120 0.000018
27121 0.000021
27122 0.000021
27123 0.000017
27124 0.000012
27125 0.000020
27126 0.000011
27127 0.000012
27128 0.000010
27129 0.000013
27130 0.000032
27131 0.000008
27132 0.000023
27133 0.000021
27134 0.000029
27135 0.000035
27136 0.000018
27137 0.000014
27138 0.000016
27139 0.000010
27140 0.000007
27141 0.000023
27142 0.000020
27143 0.000018
27144 0.000017
27145 0.000021
27146 0.000012
27147 0.000013
27148 0.000049
27149 0.000016
27150 0.000027
27151 0.000020
27152 0.000019
27153 0.000042
27154 0.000065
27155 0.000021
27156 0.000036
27157 0.000030
27158 0.000019
27159 0.000016
27160 0.000026
27161 0.000012
27162 0.000018
27163 0.000020
27164 0.000042
27165 0.000044
27166 0.000029
27167 0.000036
27168 0.000015
27169 0.000016
27170 0.000027
27171 0.000030
27172 0.000029
27173 0.000023
27174 0.000016
27175 0.000026
27176 0.000017
27177 0.000013
27178 0.000013
27179 0.000013
27180 0.000024
27181 0.000026
27182 0.000018
27183 0.000016
27184 0.000011
27185 0.000018
27186 0.000036
27187 0.000020
27188 0.000013
27189 0.000021
27190 0.000021
27191 0.000015
27192 0.000013
27193 0.000024
27194 0.000020
27195 0.000026
27196 0.000018
27197 0.000020
27198 0.000025
27199 0.000014
27200 0.000010
27201 0.000012
27202 0.000018
27203 0.000015
27204 0.000029
27205 0.000023
27206 0.000010
27207 0.000033
27208 0.000046
27209 0.000015
27210 0.000017
27211 0.000009
27212 0.000010
27213 0.000008
27214 0.000021
27215 0.000036
27216 0.000033
27217 0.000033
27218 0.000028
27219 0.000017
27220 0.000042
27221 0.000022
27222 0.000007
27223 0.000007
27224 0.000007
27225 0.000017
27226 0.000016
27227 0.000029
27228 0.000029
27229 0.000020
27230 0.000021
27231 0.000012
27232 0.000006
27233 0.000021
27234 0.000023
27235 0.000019
27236 0.000011
27237 0.000013
27238 0.000006
27239 0.000021
27240 0.000016
27241 0.000014
27242 0.000032
27243 0.000038
27244 0.000024
27245 0.000021
27246 0.000005
27247 0.000008
27248 0.000018
27249 0.000018
27250 0.000013
27251 0.000024
27252 0.000015
27253 0.000026
27254 0.000015
27255 0.000020
27256 0.000010
27257 0.000034
27258 0.000021
27259 0.000033
27260 0.000019
27261 0.000029
27262 0.000020
27263 0.000009
27264 0.000011
27265 0.000027
27266 0.000022
27267 0.000027
27268 0.000021
27269 0.000008
27270 0.000014
27271 0.000013
27272 0.000018
27273 0.000026
27274 0.000024
27275 0.000022
27276 0.000018
27277 0.000022
27278 0.000023
27279 0.000023
27280 0.000025
27281 0.000030
27282 0.000025
27283 0.000023
27284 0.000037
27285 0.000020
27286 0.000014
27287 0.000018
27288 0.000021
27289 0.000016
27290 0.000016
27291 0.000016
27292 0.000024
27293 0.000011
27294 0.000013
27295 0.000015
27296 0.000023
27297 0.000013
27298 0.000018
27299 0.000011
27300 0.000016
27301 0.000021
27302 0.000022
27303 0.000020
27304 0.000007
27305 0.000006
27306 0.000024
27307 0.000027
27308 0.000025
27309 0.000026
27310 0.000024
27311 0.000019
27312 0.000014
27313 0.000015
27314 0.000023
27315 0.000010
27316 0.000017
27317 0.000019
27318 0.000037
27319 0.000011
27320 0.000036
27321 0.000036
27322 0.000047
27323 0.000029
27324 0.000016
27325 0.000023
27326 0.000021
27327 0.000015
27328 0.000032
27329 0.000019
27330 0.000021
27331 0.000014
27332 0.000018
27333 0.000019
27334 0.000013
27335 0.000012
27336 0.000013
27337 0.000021
27338 0.000017
27339 0.000027
27340 0.000028
27341 0.000013
27342 0.000022
27343 0.000018
27344 0.000034
27345 0.000017
27346 0.000021
27347 0.000028
27348 0.000027
27349 0.000021
27350 0.000018
27351 0.000012
27352 0.000035
27353 0.000021
27354 0.000012
27355 0.000011
27356 0.000011
27357 0.000011
27358 0.000027
27359 0.000029
27360 0.000016
27361 0.000012
27362 0.000020
27363 0.000008
27364 0.000033
27365 0.000036
27366 0.000024
27367 0.000028
27368 0.000020
27369 0.000014
27370 0.000016
27371 0.000033
27372 0.000023
27373 0.000032
27374 0.000018
27375 0.000025
27376 0.000022
27377 0.000012
27378 0.000024
27379 0.000014
27380 0.000029
27381 0.000019
27382 0.000029
27383 0.000016
27384 0.000019
27385 0.000016
27386 0.000028
27387 0.000025
27388 0.000014
27389 0.000023
27390 0.000012
27391 0.000022
27392 0.000020
27393 0.000019
27394 0.000035
27395 0.000024
27396 0.000021
27397 0.000034
27398 0.000009
27399 0.000014
27400 0.000024
27401 0.000014
27402 0.000015
27403 0.000025
27404 0.000031
27405 0.000022
27406 0.000014
27407 0.000026
27408 0.000009
27409 0.000026
27410 0.000017
27411 0.000036
27412 0.000034
27413 0.000029
27414 0.000020
27415 0.000008
27416 0.000016
27417 0.000028
27418 0.000009
27419 0.000016
27420 0.000022
27421 0.000015
27422 0.000010
27423 0.000023
27424 0.000030
27425 0.000019
27426 0.000019
27427 0.000012
27428 0.000015
27429 0.000013
27430 0.000026
27431 0.000019
27432 0.000023
27433 0.000010
27434 0.000013
27435 0.000017
27436 0.000010
27437 0.000018
27438 0.000024
27439 0.000019
27440 0.000022
27441 0.000022
27442 0.000020
27443 0.000027
27444 0.000020
27445 0.000012
27446 0.000027
27447 0.000016
27448 0.000025
27449 0.000014
27450 0.000028
27451 0.000026
27452 0.000016
27453 0.000021
27454 0.000020
27455 0.000028
27456 0.000013
27457 0.000020
27458 0.000018
27459 0.000011
27460 0.000021
27461 0.000017
27462 0.000011
27463 0.000015
27464 0.000010
27465 0.000016
27466 0.000006
27467 0.000022
27468 0.000028
27469 0.000033
27470 0.000038
27471 0.000035
27472 0.000016
27473 0.000025
27474 0.000020
27475 0.000026
27476 0.000035
27477 0.000044
27478 0.000016
27479 0.000019
27480 0.000037
27481 0.000014
27482 0.000012
27483 0.000015
27484 0.000015
27485 0.000010
27486 0.000015
27487 0.000005
27488 0.000014
27489 0.000013
27490 0.000025
27491 0.000027
27492 0.000008
27493 0.000016
27494 0.000021
27495 0.000006
27496 0.000030
27497 0.000014
27498 0.000014
27499 0.000016
27500 0.000026
27501 0.000011
27502 0.000008
27503 0.000016
27504 0.000027
27505 0.000016
27506 0.000021
27507 0.000027
27508 0.000025
27509 0.000028
27510 0.000012
27511 0.000023
27512 0.000008
27513 0.000035
27514 0.000023
27515 0.000020
27516 0.000024
27517 0.000027
27518 0.000035
27519 0.000016
27520 0.000017
27521 0.000027
27522 0.000016
27523 0.000031
27524 0.000028
27525 0.000027
27526 0.000009
27527 0.000017
27528 0.000023
27529 0.000016
27530 0.000013
27531 0.000014
27532 0.000018
27533 0.000018
27534 0.000013
27535 0.000015
27536 0.000022
27537 0.000035
27538 0.000017
27539 0.000018
27540 0.000017
27541 0.000026
27542 0.000019
27543 0.000039
27544 0.000024
27545 0.000014
27546 0.000018
27547 0.000021
27548 0.000030
27549 0.000021
27550 0.000017
27551 0.000035
27552 0.000014
27553 0.000015
27554 0.000017
27555 0.000014
27556 0.000008
27557 0.000011
27558 0.000029
27559 0.000016
27560 0.000022
27561 0.000010
27562 0.000060
27563 0.000027
27564 0.000027
27565 0.000019
27566 0.000023
27567 0.000010
27568 0.000016
27569 0.000015
27570 0.000019
27571 0.000015
27572 0.000020
27573 0.000018
27574 0.000007
27575 0.000017
27576 0.000018
27577 0.000015
27578 0.000015
27579 0.000014
27580 0.000016
27581 0.000012
27582 0.000019
27583 0.000013
27584 0.000025
27585 0.000015
27586 0.000019
27587 0.000028
27588 0.000019
27589 0.000021
27590 0.000016
27591 0.000013
27592 0.000007
27593 0.000028
27594 0.000012
27595 0.000018
27596 0.000041
27597 0.000020
27598 0.000021
27599 0.000017
27600 0.000019
27601 0.000014
27602 0.000008
27603 0.000019
27604 0.000016
27605 0.000012
27606 0.000025
27607 0.000030
27608 0.000018
27609 0.000026
27610 0.000011
27611 0.000012
27612 0.000006
27613 0.000029
27614 0.000016
27615 0.000022
27616 0.000020
27617 0.000020
27618 0.000033
27619 0.000019
27620 0.000025
27621 0.000019
27622 0.000012
27623 0.000013
27624 0.000025
27625 0.000024
27626 0.000018
27627 0.000016
27628 0.000016
27629 0.000020
27630 0.000028
27631 0.000032
27632 0.000057
27633 0.000022
27634 0.000014
27635 0.000011
27636 0.000012
27637 0.000009
27638 0.000021
27639 0.000016
27640 0.000019
27641 0.000015
27642 0.000013
27643 0.000020
27644 0.000013
27645 0.000022
27646 0.000037
27647 0.000026
27648 0.000024
27649 0.000020
27650 0.000013
27651 0.000019
27652 0.000021
27653 0.000018
27654 0.000017
27655 0.000033
27656 0.000045
27657 0.000033
27658 0.000020
27659 0.000018
27660 0.000008
27661 0.000014
27662 0.000031
27663 0.000017
27664 0.000025
27665 0.000028
27666 0.000019
27667 0.000030
27668 0.000026
27669 0.000014
27670 0.000018
27671 0.000020
27672 0.000019
27673 0.000007
27674 0.000023
27675 0.000034
27676 0.000022
27677 0.000025
27678 0.000022
27679 0.000027
27680 0.000012
27681 0.000015
27682 0.000006
27683 0.000035
27684 0.000020
27685 0.000015
27686 0.000005
27687 0.000013
27688 0.000028
27689 0.000036
27690 0.000012
27691 0.000011
27692 0.000018
27693 0.000022
27694 0.000014
27695 0.000018
27696 0.000014
27697 0.000008
27698 0.000025
27699 0.000039
27700 0.000015
27701 0.000021
27702 0.000030
27703 0.000018
27704 0.000012
27705 0.000020
27706 0.000016
27707 0.000019
27708 0.000018
27709 0.000016
27710 0.000010
27711 0.000022
27712 0.000018
27713 0.000025
27714 0.000024
27715 0.000014
27716 0.000027
27717 0.000015
27718 0.000029
27719 0.000018
27720 0.000026
27721 0.000022
27722 0.000027
27723 0.000031
27724 0.000026
27725 0.000026
27726 0.000016
27727 0.000010
27728 0.000029
27729 0.000016
27730 0.000019
27731 0.000022
27732 0.000027
27733 0.000023
27734 0.000023
27735 0.000026
27736 0.000024
27737 0.000032
27738 0.000014
27739 0.000013
27740 0.000032
27741 0.000026
27742 0.000018
27743 0.000020
27744 0.000022
27745 0.000022
27746 0.000034
27747 0.000024
27748 0.000029
27749 0.000009
27750 0.000025
27751 0.000030
27752 0.000019
27753 0.000017
27754 0.000013
27755 0.000028
27756 0.000026
27757 0.000017
27758 0.000014
27759 0.000024
27760 0.000019
27761 0.000028
27762 0.000025
27763 0.000018
27764 0.000021
27765 0.000027
27766 0.000019
27767 0.000011
27768 0.000030
27769 0.000027
27770 0.000026
27771 0.000035
27772 0.000025
27773 0.000029
27774 0.000020
27775 0.000020
27776 0.000033
27777 0.000012
27778 0.000012
27779 0.000027
27780 0.000021
27781 0.000014
27782 0.000031
27783 0.000035
27784 0.000018
27785 0.000026
27786 0.000011
27787 0.000018
27788 0.000021
27789 0.000024
27790 0.000015
27791 0.000015
27792 0.000030
27793 0.000029
27794 0.000015
27795 0.000011
27796 0.000016
27797 0.000021
27798 0.000020
27799 0.000013
27800 0.000019
27801 0.000014
27802 0.000031
27803 0.000015
27804 0.000011
27805 0.000024
27806 0.000022
27807 0.000012
27808 0.000021
27809 0.000028
27810 0.000021
27811 0.000014
27812 0.000024
27813 0.000015
27814 0.000019
27815 0.000020
27816 0.000012
27817 0.000030
27818 0.000024
27819 0.000010
27820 0.000017
27821 0.000012
27822 0.000017
27823 0.000020
27824 0.000031
27825 0.000033
27826 0.000032
27827 0.000027
27828 0.000017
27829 0.000022
27830 0.000024
27831 0.000029
27832 0.000019
27833 0.000019
27834 0.000020
27835 0.000011
27836 0.000020
27837 0.000028
27838 0.000033
27839 0.000023
27840 0.000020
27841 0.000015
27842 0.000027
27843 0.000012
27844 0.000008
27845 0.000043
27846 0.000021
27847 0.000013
27848 0.000011
27849 0.000008
27850 0.000021
27851 0.000021
27852 0.000024
27853 0.000020
27854 0.000021
27855 0.000019
27856 0.000041
27857 0.000025
27858 0.000015
27859 0.000027
27860 0.000017
27861 0.000028
27862 0.000010
27863 0.000015
27864 0.000018
27865 0.000015
27866 0.000015
27867 0.000019
27868 0.000009
27869 0.000011
27870 0.000012
27871 0.000025
27872 0.000047
27873 0.000030
27874 0.000012
27875 0.000006
27876 0.000017
27877 0.000018
27878 0.000015
27879 0.000020
27880 0.000018
27881 0.000014
27882 0.000009
27883 0.000029
27884 0.000039
27885 0.000029
27886 0.000023
27887 0.000028
27888 0.000025
27889 0.000012
27890 0.000024
27891 0.000033
27892 0.000025
27893 0.000009
27894 0.000011
27895 0.000018
27896 0.000021
27897 0.000015
27898 0.000021
27899 0.000025
27900 0.000016
27901 0.000011
27902 0.000014
27903 0.000029
27904 0.000018
27905 0.000009
27906 0.000011
27907 0.000015
27908 0.000017
27909 0.000015
27910 0.000008
27911 0.000013
27912 0.000018
27913 0.000017
27914 0.000021
27915 0.000007
27916 0.000018
27917 0.000021
27918 0.000014
27919 0.000028
27920 0.000034
27921 0.000022
27922 0.000006
27923 0.000007
27924 0.000022
27925 0.000023
27926 0.000014
27927 0.000016
27928 0.000051
27929 0.000025
27930 0.000039
27931 0.000032
27932 0.000019
27933 0.000032
27934 0.000031
27935 0.000027
27936 0.000019
27937 0.000010
27938 0.000017
27939 0.000030
27940 0.000021
27941 0.000027
27942 0.000033
27943 0.000021
27944 0.000012
27945 0.000024
27946 0.000017
27947 0.000015
27948 0.000032
27949 0.000023
27950 0.000015
27951 0.000010
27952 0.000015
27953 0.000037
27954 0.000019
27955 0.000017
27956 0.000008
27957 0.000022
27958 0.000013
27959 0.000014
27960 0.000015
27961 0.000015
27962 0.000017
27963 0.000014
27964 0.000014
27965 0.000022
27966 0.000022
27967 0.000016
27968 0.000014
27969 0.000024
27970 0.000018
27971 0.000039
27972 0.000020
27973 0.000037
27974 0.000026
27975 0.000015
27976 0.000035
27977 0.000010
27978 0.000010
27979 0.000020
27980 0.000028
27981 0.000015
27982 0.000007
27983 0.000015
27984 0.000019
27985 0.000018
27986 0.000024
27987 0.000010
27988 0.000026
27989 0.000010
27990 0.000011
27991 0.000018
27992 0.000020
27993 0.000013
27994 0.000030
27995 0.000027
27996 0.000014
27997 0.000008
27998 0.000015
27999 0.000028
28000 0.000029
28001 0.000015
28002 0.000019
28003 0.000024
28004 0.000013
28005 0.000012
28006 0.000020
28007 0.000011
28008 0.000015
28009 0.000021
28010 0.000020
28011 0.000009
28012 0.000009
28013 0.000007
28014 0.000021
28015 0.000023
28016 0.000007
28017 0.000020
28018 0.000020
28019 0.000019
28020 0.000011
28021 0.000014
28022 0.000014
28023 0.000007
28024 0.000026
28025 0.000024
28026 0.000022
28027 0.000015
28028 0.000029
28029 0.000023
28030 0.000029
28031 0.000025
28032 0.000021
28033 0.000029
28034 0.000023
28035 0.000012
28036 0.000019
28037 0.000021
28038 0.000014
28039 0.000029
28040 0.000024
28041 0.000020
28042 0.000025
28043 0.000019
28044 0.000018
28045 0.000018
28046 0.000026
28047 0.000006
28048 0.000011
28049 0.000021
28050 0.000009
28051 0.000026
28052 0.000014
28053 0.000015
28054 0.000025
28055 0.000018
28056 0.000018
28057 0.000008
28058 0.000017
28059 0.000020
28060 0.000020
28061 0.000039
28062 0.000025
28063 0.000024
28064 0.000027
28065 0.000021
28066 0.000014
28067 0.000008
28068 0.000010
28069 0.000011
28070 0.000014
28071 0.000011
28072 0.000011
28073 0.000006
28074 0.000031
28075 0.000019
28076 0.000010
28077 0.000014
28078 0.000015
28079 0.000039
28080 0.000024
28081 0.000014
28082 0.000008
28083 0.000020
28084 0.000028
28085 0.000024
28086 0.000025
28087 0.000022
28088 0.000017
28089 0.000011
28090 0.000037
28091 0.000024
28092 0.000023
28093 0.000019
28094 0.000015
28095 0.000024
28096 0.000031
28097 0.000016
28098 0.000008
28099 0.000020
28100 0.000016
28101 0.000014
28102 0.000011
28103 0.000022
28104 0.000035
28105 0.000021
28106 0.000032
28107 0.000029
28108 0.000019
28109 0.000029
28110 0.000027
28111 0.000020
28112 0.000017
28113 0.000020
28114 0.000017
28115 0.000024
28116 0.000028
28117 0.000011
28118 0.000036
28119 0.000016
28120 0.000010
28121 0.000022
28122 0.000024
28123 0.000018
28124 0.000023
28125 0.000013
28126 0.000031
28127 0.000021
28128 0.000029
28129 0.000018
28130 0.000014
28131 0.000016
28132 0.000007
28133 0.000037
28134 0.000019
28135 0.000014
28136 0.000018
28137 0.000029
28138 0.000022
28139 0.000017
28140 0.000040
28141 0.000034
28142 0.000017
28143 0.000021
28144 0.000018
28145 0.000021
28146 0.000025
28147 0.000011
28148 0.000014
28149 0.000007
28150 0.000011
28151 0.000024
28152 0.000027
28153 0.000017
28154 0.000029
28155 0.000028
28156 0.000024
28157 0.000012
28158 0.000022
28159 0.000023
28160 0.000021
28161 0.000017
28162 0.000012
28163 0.000017
28164 0.000032
28165 0.000016
28166 0.000010
28167 0.000017
28168 0.000025
28169 0.000028
28170 0.000020
28171 0.000016
28172 0.000022
28173 0.000017
28174 0.000039
28175 0.000035
28176 0.000018
28177 0.000038
28178 0.000032
28179 0.000020
28180 0.000024
28181 0.000050
28182 0.000027
28183 0.000014
28184 0.000019
28185 0.000034
28186 0.000024
28187 0.000015
28188 0.000014
28189 0.000011
28190 0.000027
28191 0.000023
28192 0.000023
28193 0.000013
28194 0.000012
28195 0.000013
28196 0.000014
28197 0.000014
28198 0.000018
28199 0.000010
28200 0.000024
28201 0.000023
28202 0.000011
28203 0.000006
28204 0.000010
28205 0.000021
28206 0.000014
28207 0.000013
28208 0.000018
28209 0.000018
28210 0.000019
28211 0.000016
28212 0.000008
28213 0.000034
28214 0.000027
28215 0.000026
28216 0.000034
28217 0.000016
28218 0.000009
28219 0.000014
28220 0.000029
28221 0.000031
28222 0.000049
28223 0.000027
28224 0.000026
28225 0.000019
28226 0.000023
28227 0.000014
28228 0.000018
28229 0.000014
28230 0.000030
28231 0.000018
28232 0.000029
28233 0.000031
28234 0.000013
28235 0.000019
28236 0.000014
28237 0.000017
28238 0.000023
28239 0.000013
28240 0.000012
28241 0.000019
28242 0.000025
28243 0.000011
28244 0.000023
28245 0.000010
28246 0.000019
28247 0.000013
28248 0.000021
28249 0.000028
28250 0.000023
28251 0.000015
28252 0.000026
28253 0.000014
28254 0.000014
28255 0.000015
28256 0.000016
28257 0.000012
28258 0.000026
28259 0.000030
28260 0.000031
28261 0.000023
28262 0.000010
28263 0.000016
28264 0.000025
28265 0.000017
28266 0.000038
28267 0.000023
28268 0.000006
28269 0.000013
28270 0.000017
28271 0.000020
28272 0.000026
28273 0.000018
28274 0.000014
28275 0.000011
28276 0.000017
28277 0.000010
28278 0.000017
28279 0.000008
28280 0.000034
28281 0.000032
28282 0.000036
28283 0.000037
28284 0.000017
28285 0.000024
28286 0.000022
28287 0.000026
28288 0.000017
28289 0.000031
28290 0.000031
28291 0.000027
28292 0.000012
28293 0.000020
28294 0.000015
28295 0.000028
28296 0.000031
28297 0.000023
28298 0.000024
28299 0.000028
28300 0.000030
28301 0.000018
28302 0.000016
28303 0.000012
28304 0.000019
28305 0.000019
28306 0.000020
28307 0.000026
28308 0.000022
28309 0.000023
28310 0.000030
28311 0.000012
28312 0.000015
28313 0.000016
28314 0.000036
28315 0.000025
28316 0.000036
28317 0.000027
28318 0.000017
28319 0.000036
28320 0.000022
28321 0.000009
28322 0.000023
28323 0.000019
28324 0.000038
28325 0.000024
28326 0.000027
28327 0.000009
28328 0.000015
28329 0.000026
28330 0.000013
28331 0.000047
28332 0.000036
28333 0.000027
28334 0.000045
28335 0.000028
28336 0.000026
28337 0.000019
28338 0.000008
28339 0.000024
28340 0.000029
28341 0.000018
28342 0.000012
28343 0.000023
28344 0.000035
28345 0.000007
28346 0.000028
28347 0.000025
28348 0.000022
28349 0.000031
28350 0.000009
28351 0.000007
28352 0.000018
28353 0.000010
28354 0.000014
28355 0.000006
28356 0.000040
28357 0.000030
28358 0.000024
28359 0.000021
28360 0.000022
28361 0.000020
28362 0.000014
28363 0.000027
28364 0.000016
28365 0.000021
28366 0.000015
28367 0.000028
28368 0.000039
28369 0.000019
28370 0.000014
28371 0.000018
28372 0.000028
28373 0.000008
28374 0.000016
28375 0.000016
28376 0.000009
28377 0.000033
28378 0.000017
28379 0.000008
28380 0.000018
28381 0.000016
28382 0.000023
28383 0.000014
28384 0.000026
28385 0.000017
28386 0.000021
28387 0.000028
28388 0.000040
28389 0.000034
28390 0.000023
28391 0.000019
28392 0.000015
28393 0.000013
28394 0.000005
28395 0.000010
28396 0.000027
28397 0.000013
28398 0.000019
28399 0.000019
28400 0.000030
28401 0.000010
28402 0.000011
28403 0.000015
28404 0.000026
28405 0.000028
28406 0.000019
28407 0.000008
28408 0.000021
28409 0.000012
28410 0.000018
28411 0.000011
28412 0.000010
28413 0.000019
28414 0.000010
28415 0.000038
28416 0.000031
28417 0.000019
28418 0.000026
28419 0.000027
28420 0.000014
28421 0.000016
28422 0.000015
28423 0.000013
28424 0.000019
28425 0.000026
28426 0.000017
28427 0.000018
28428 0.000013
28429 0.000017
28430 0.000016
28431 0.000033
28432 0.000016
28433 0.000011
28434 0.000017
28435 0.000014
28436 0.000024
28437 0.000024
28438 0.000019
28439 0.000024
28440 0.000034
28441 0.000011
28442 0.000012
28443 0.000010
28444 0.000015
28445 0.000020
28446 0.000019
28447 0.000016
28448 0.000026
28449 0.000011
28450 0.000025
28451 0.000027
28452 0.000031
28453 0.000021
28454 0.000021
28455 0.000020
28456 0.000014
28457 0.000021
28458 0.000017
28459 0.000007
28460 0.000031
28461 0.000021
28462 0.000030
28463 0.000031
28464 0.000018
28465 0.000011
28466 0.000028
28467 0.000012
28468 0.000015
28469 0.000016
28470 0.000023
28471 0.000022
28472 0.000015
28473 0.000022
28474 0.000017
28475 0.000030
28476 0.000030
28477 0.000015
28478 0.000039
28479 0.000039
28480 0.000020
28481 0.000029
28482 0.000040
28483 0.000027
28484 0.000023
28485 0.000022
28486 0.000018
28487 0.000018
28488 0.000023
28489 0.000010
28490 0.000007
28491 0.000012
28492 0.000013
28493 0.000012
28494 0.000020
28495 0.000026
28496 0.000020
28497 0.000012
28498 0.000016
28499 0.000014
28500 0.000029
28501 0.000017
28502 0.000022
28503 0.000022
28504 0.000010
28505 0.000011
28506 0.000019
28507 0.000015
28508 0.000010
28509 0.000014
28510 0.000028
28511 0.000014
28512 0.000020
28513 0.000019
28514 0.000020
28515 0.000017
28516 0.000025
28517 0.000018
28518 0.000017
28519 0.000016
28520 0.000014
28521 0.000038
28522 0.000023
28523 0.000036
28524 0.000033
28525 0.000019
28526 0.000035
28527 0.000031
28528 0.000036
28529 0.000034
28530 0.000022
28531 0.000028
28532 0.000031
28533 0.000019
28534 0.000006
28535 0.000014
28536 0.000012
28537 0.000014
28538 0.000018
28539 0.000026
28540 0.000044
28541 0.000021
28542 0.000023
28543 0.000007
28544 0.000006
28545 0.000029
28546 0.000027
28547 0.000040
28548 0.000024
28549 0.000021
28550 0.000011
28551 0.000026
28552 0.000025
28553 0.000021
28554 0.000012
28555 0.000009
28556 0.000030
28557 0.000021
28558 0.000026
28559 0.000012
28560 0.000011
28561 0.000024
28562 0.000006
28563 0.000021
28564 0.000009
28565 0.000027
28566 0.000030
28567 0.000024
28568 0.000017
28569 0.000023
28570 0.000018
28571 0.000017
28572 0.000018
28573 0.000017
28574 0.000020
28575 0.000015
28576 0.000026
28577 0.000013
28578 0.000013
28579 0.000015
28580 0.000009
28581 0.000020
28582 0.000015
28583 0.000018
28584 0.000011
28585 0.000012
28586 0.000017
28587 0.000014
28588 0.000010
28589 0.000014
28590 0.000016
28591 0.000028
28592 0.000015
28593 0.000023
28594 0.000041
28595 0.000036
28596 0.000015
28597 0.000015
28598 0.000016
28599 0.000019
28600 0.000034
28601 0.000015
28602 0.000024
28603 0.000010
28604 0.000028
28605 0.000016
28606 0.000019
28607 0.000010
28608 0.000011
28609 0.000017
28610 0.000033
28611 0.000025
28612 0.000021
28613 0.000016
28614 0.000018
28615 0.000009
28616 0.000014
28617 0.000018
28618 0.000019
28619 0.000032
28620 0.000026
28621 0.000018
28622 0.000035
28623 0.000021
28624 0.000014
28625 0.000024
28626 0.000020
28627 0.000034
28628 0.000023
28629 0.000014
28630 0.000025
28631 0.000030
28632 0.000022
28633 0.000023
28634 0.000016
28635 0.000019
28636 0.000013
28637 0.000011
28638 0.000018
28639 0.000015
28640 0.000024
28641 0.000041
28642 0.000033
28643 0.000016
28644 0.000024
28645 0.000026
28646 0.000027
28647 0.000034
28648 0.000023
28649 0.000030
28650 0.000023
28651 0.000036
28652 0.000019
28653 0.000019
28654 0.000021
28655 0.000019
28656 0.000030
28657 0.000022
28658 0.000018
28659 0.000019
28660 0.000013
28661 0.000018
28662 0.000021
28663 0.000035
28664 0.000012
28665 0.000023
28666 0.000026
28667 0.000020
28668 0.000022
28669 0.000018
28670 0.000015
28671 0.000025
28672 0.000034
28673 0.000019
28674 0.000017
28675 0.000022
28676 0.000015
28677 0.000020
28678 0.000024
28679 0.000014
28680 0.000034
28681 0.000021
28682 0.000017
28683 0.000022
28684 0.000020
28685 0.000030
28686 0.000018
28687 0.000025
28688 0.000028
28689 0.000029
28690 0.000008
28691 0.000022
28692 0.000019
28693 0.000023
28694 0.000020
28695 0.000014
28696 0.000015
28697 0.000020
28698 0.000042
28699 0.000028
28700 0.000025
28701 0.000013
28702 0.000016
28703 0.000025
28704 0.000019
28705 0.000052
28706 0.000036
28707 0.000034
28708 0.000017
28709 0.000018
28710 0.000026
28711 0.000012
28712 0.000017
28713 0.000016
28714 0.000011
28715 0.000009
28716 0.000016
28717 0.000026
28718 0.000016
28719 0.000019
28720 0.000022
28721 0.000016
28722 0.000019
28723 0.000023
28724 0.000027
28725 0.000029
28726 0.000018
28727 0.000039
28728 0.000014
28729 0.000023
28730 0.000025
28731 0.000013
28732 0.000012
28733 0.000008
28734 0.000025
28735 0.000026
28736 0.000014
28737 0.000018
28738 0.000025
28739 0.000033
28740 0.000021
28741 0.000019
28742 0.000026
28743 0.000015
28744 0.000034
28745 0.000024
28746 0.000015
28747 0.000020
28748 0.000014
28749 0.000016
28750 0.000032
28751 0.000009
28752 0.000012
28753 0.000015
28754 0.000051
28755 0.000044
28756 0.000048
28757 0.000034
28758 0.000037
28759 0.000020
28760 0.000031
28761 0.000030
28762 0.000011
28763 0.000027
28764 0.000020
28765 0.000020
28766 0.000019
28767 0.000018
28768 0.000016
28769 0.000021
28770 0.000021
28771 0.000023
28772 0.000017
28773 0.000020
28774 0.000026
28775 0.000034
28776 0.000023
28777 0.000024
28778 0.000006
28779 0.000008
28780 0.000010
28781 0.000016
28782 0.000019
28783 0.000021
28784 0.000006
28785 0.000019
28786 0.000023
28787 0.000013
28788 0.000008
28789 0.000009
28790 0.000018
28791 0.000014
28792 0.000013
28793 0.000047
28794 0.000012
28795 0.000020
28796 0.000028
28797 0.000020
28798 0.000029
28799 0.000024
28800 0.000026
28801 0.000012
28802 0.000028
28803 0.000017
28804 0.000018
28805 0.000011
28806 0.000012
28807 0.000008
28808 0.000025
28809 0.000015
28810 0.000017
28811 0.000009
28812 0.000019
28813 0.000035
28814 0.000011
28815 0.000038
28816 0.000021
28817 0.000020
28818 0.000012
28819 0.000012
28820 0.000021
28821 0.000023
28822 0.000013
28823 0.000015
28824 0.000019
28825 0.000022
28826 0.000015
28827 0.000044
28828 0.000037
28829 0.000019
28830 0.000021
28831 0.000015
28832 0.000016
28833 0.000018
28834 0.000017
28835 0.000013
28836 0.000010
28837 0.000025
28838 0.000025
28839 0.000017
28840 0.000017
28841 0.000013
28842 0.000017
28843 0.000018
28844 0.000019
28845 0.000008
28846 0.000018
28847 0.000035
28848 0.000023
28849 0.000012
28850 0.000019
28851 0.000020
28852 0.000016
28853 0.000016
28854 0.000016
28855 0.000012
28856 0.000021
28857 0.000022
28858 0.000016
28859 0.000015
28860 0.000019
28861 0.000024
28862 0.000025
28863 0.000020
28864 0.000016
28865 0.000023
28866 0.000010
28867 0.000013
28868 0.000025
28869 0.000031
28870 0.000027
28871 0.000023
28872 0.000010
28873 0.000024
28874 0.000016
28875 0.000013
28876 0.000019
28877 0.000008
28878 0.000018
28879 0.000035
28880 0.000025
28881 0.000012
28882 0.000028
28883 0.000011
28884 0.000017
28885 0.000022
28886 0.000018
28887 0.000012
28888 0.000027
28889 0.000013
28890 0.000015
28891 0.000016
28892 0.000030
28893 0.000010
28894 0.000027
28895 0.000026
28896 0.000029
28897 0.000023
28898 0.000025
28899 0.000020
28900 0.000016
28901 0.000010
28902 0.000012
28903 0.000011
28904 0.000011
28905 0.000025
28906 0.000010
28907 0.000009
28908 0.000021
28909 0.000007
28910 0.000009
28911 0.000022
28912 0.000028
28913 0.000024
28914 0.000015
28915 0.000032
28916 0.000017
28917 0.000022
28918 0.000017
28919 0.000020
28920 0.000020
28921 0.000015
28922 0.000019
28923 0.000025
28924 0.000014
28925 0.000032
28926 0.000016
28927 0.000021
28928 0.000017
28929 0.000015
28930 0.000025
28931 0.000018
28932 0.000030
28933 0.000028
28934 0.000017
28935 0.000019
28936 0.000025
28937 0.000036
28938 0.000020
28939 0.000010
28940 0.000017
28941 0.000038
28942 0.000024
28943 0.000015
28944 0.000013
28945 0.000007
28946 0.000027
28947 0.000039
28948 0.000034
28949 0.000018
28950 0.000022
28951 0.000025
28952 0.000017
28953 0.000029
28954 0.000046
28955 0.000025
28956 0.000019
28957 0.000023
28958 0.000016
28959 0.000019
28960 0.000016
28961 0.000018
28962 0.000009
28963 0.000015
28964 0.000030
28965 0.000023
28966 0.000022
28967 0.000028
28968 0.000018
28969 0.000031
28970 0.000012
28971 0.000017
28972 0.000027
28973 0.000018
28974 0.000021
28975 0.000020
28976 0.000018
28977 0.000026
28978 0.000015
28979 0.000026
28980 0.000053
28981 0.000028
28982 0.000023
28983 0.000017
28984 0.000015
28985 0.000014
28986 0.000032
28987 0.000014
28988 0.000013
28989 0.000010
28990 0.000013
28991 0.000021
28992 0.000031
28993 0.000025
28994 0.000022
28995 0.000014
28996 0.000017
28997 0.000024
28998 0.000030
28999 0.000038
29000 0.000013
29001 0.000018
29002 0.000017
29003 0.000019
29004 0.000024
29005 0.000020
29006 0.000020
29007 0.000023
29008 0.000012
29009 0.000016
29010 0.000023
29011 0.000012
29012 0.000013
29013 0.000009
29014 0.000014
29015 0.000016
29016 0.000022
29017 0.000029
29018 0.000023
29019 0.000014
29020 0.000011
29021 0.000022
29022 0.000012
29023 0.000020
29024 0.000028
29025 0.000024
29026 0.000013
29027 0.000030
29028 0.000026
29029 0.000030
29030 0.000012
29031 0.000024
29032 0.000015
29033 0.000023
29034 0.000014
29035 0.000007
29036 0.000024
29037 0.000011
29038 0.000016
29039 0.000020
29040 0.000013
29041 0.000026
29042 0.000023
29043 0.000032
29044 0.000035
29045 0.000013
29046 0.000014
29047 0.000020
29048 0.000019
29049 0.000014
29050 0.000017
29051 0.000023
29052 0.000018
29053 0.000024
29054 0.000017
29055 0.000028
29056 0.000014
29057 0.000019
29058 0.000005
29059 0.000021
29060 0.000021
29061 0.000013
29062 0.000008
29063 0.000013
29064 0.000010
29065 0.000016
29066 0.000024
29067 0.000025
29068 0.000021
29069 0.000025
29070 0.000042
29071 0.000019
29072 0.000008
29073 0.000022
29074 0.000014
29075 0.000014
29076 0.000008
29077 0.000032
29078 0.000016
29079 0.000014
29080 0.000031
29081 0.000025
29082 0.000014
29083 0.000017
29084 0.000021
29085 0.000018
29086 0.000023
29087 0.000019
29088 0.000017
29089 0.000024
29090 0.000014
29091 0.000016
29092 0.000023
29093 0.000017
29094 0.000013
29095 0.000013
29096 0.000017
29097 0.000012
29098 0.000035
29099 0.000033
29100 0.000036
29101 0.000048
29102 0.000031
29103 0.000026
29104 0.000010
29105 0.000009
29106 0.000020
29107 0.000019
29108 0.000021
29109 0.000015
29110 0.000012
29111 0.000020
29112 0.000015
29113 0.000023
29114 0.000018
29115 0.000019
29116 0.000017
29117 0.000032
29118 0.000021
29119 0.000023
29120 0.000028
29121 0.000022
29122 0.000018
29123 0.000023
29124 0.000020
29125 0.000025
29126 0.000013
29127 0.000011
29128 0.000011
29129 0.000018
29130 0.000014
29131 0.000013
29132 0.000021
29133 0.000023
29134 0.000016
29135 0.000034
29136 0.000017
29137 0.000015
29138 0.000026
29139 0.000026
29140 0.000026
29141 0.000044
29142 0.000026
29143 0.000015
29144 0.000015
29145 0.000023
29146 0.000010
29147 0.000026
29148 0.000034
29149 0.000018
29150 0.000020
29151 0.000031
29152 0.000022
29153 0.000015
29154 0.000023
29155 0.000008
29156 0.000020
29157 0.000018
29158 0.000009
29159 0.000012
29160 0.000019
29161 0.000013
29162 0.000021
29163 0.000025
29164 0.000036
29165 0.000024
29166 0.000023
29167 0.000023
29168 0.000029
29169 0.000021
29170 0.000020
29171 0.000030
29172 0.000015
29173 0.000013
29174 0.000029
29175 0.000013
29176 0.000026
29177 0.000018
29178 0.000014
29179 0.000020
29180 0.000022
29181 0.000015
29182 0.000022
29183 0.000041
29184 0.000034
29185 0.000025
29186 0.000005
29187 0.000006
29188 0.000020
29189 0.000017
29190 0.000024
29191 0.000013
29192 0.000012
29193 0.000018
29194 0.000021
29195 0.000033
29196 0.000015
29197 0.000009
29198 0.000034
29199 0.000018
29200 0.000018
29201 0.000010
29202 0.000005
29203 0.000029
29204 0.000013
29205 0.000032
29206 0.000020
29207 0.000008
29208 0.000017
29209 0.000033
29210 0.000033
29211 0.000025
29212 0.000033
29213 0.000029
29214 0.000035
29215 0.000020
29216 0.000034
29217 0.000006
29218 0.000043
29219 0.000012
29220 0.000017
29221 0.000031
29222 0.000033
29223 0.000016
29224 0.000017
29225 0.000009
29226 0.000021
29227 0.000027
29228 0.000021
29229 0.000020
29230 0.000029
29231 0.000040
29232 0.000025
29233 0.000017
29234 0.000008
29235 0.000014
29236 0.000018
29237 0.000026
29238 0.000021
29239 0.000026
29240 0.000020
29241 0.000015
29242 0.000031
29243 0.000027
29244 0.000016
29245 0.000014
29246 0.000021
29247 0.000032
29248 0.000013
29249 0.000018
29250 0.000032
29251 0.000022
29252 0.000034
29253 0.000021
29254 0.000018
29255 0.000016
29256 0.000027
29257 0.000009
29258 0.000020
29259 0.000018
29260 0.000020
29261 0.000006
29262 0.000015
29263 0.000025
29264 0.000033
29265 0.000027
29266 0.000006
29267 0.000006
29268 0.000013
29269 0.000008
29270 0.000017
29271 0.000034
29272 0.000031
29273 0.000029
29274 0.000022
29275 0.000022
29276 0.000040
29277 0.000015
29278 0.000018
29279 0.000015
29280 0.000008
29281 0.000023
29282 0.000027
29283 0.000029
29284 0.000016
29285 0.000018
29286 0.000032
29287 0.000016
29288 0.000019
29289 0.000020
29290 0.000016
29291 0.000013
29292 0.000007
29293 0.000012
29294 0.000022
29295 0.000015
29296 0.000026
29297 0.000020
29298 0.000020
29299 0.000018
29300 0.000006
29301 0.000028
29302 0.000013
29303 0.000026
29304 0.000018
29305 0.000018
29306 0.000012
29307 0.000020
29308 0.000016
29309 0.000026
29310 0.000015
29311 0.000014
29312 0.000030
29313 0.000037
29314 0.000013
29315 0.000017
29316 0.000009
29317 0.000018
29318 0.000009
29319 0.000021
29320 0.000017
29321 0.000013
29322 0.000037
29323 0.000034
29324 0.000026
29325 0.000031
29326 0.000027
29327 0.000030
29328 0.000012
29329 0.000012
29330 0.000018
29331 0.000014
29332 0.000012
29333 0.000033
29334 0.000040
29335 0.000015
29336 0.000034
29337 0.000025
29338 0.000013
29339 0.000025
29340 0.000020
29341 0.000025
29342 0.000019
29343 0.000014
29344 0.000010
29345 0.000020
29346 0.000029
29347 0.000034
29348 0.000016
29349 0.000020
29350 0.000007
29351 0.000026
29352 0.000018
29353 0.000019
29354 0.000009
29355 0.000008
29356 0.000020
29357 0.000016
29358 0.000016
29359 0.000011
29360 0.000022
29361 0.000021
29362 0.000021
29363 0.000017
29364 0.000017
29365 0.000026
29366 0.000012
29367 0.000018
29368 0.000016
29369 0.000023
29370 0.000019
29371 0.000016
29372 0.000007
29373 0.000010
29374 0.000008
29375 0.000012
29376 0.000024
29377 0.000018
29378 0.000020
29379 0.000017
29380 0.000012
29381 0.000023
29382 0.000025
29383 0.000033
29384 0.000016
29385 0.000016
29386 0.000009
29387 0.000012
29388 0.000022
29389 0.000042
29390 0.000033
29391 0.000033
29392 0.000017
29393 0.000014
29394 0.000025
29395 0.000018
29396 0.000016
29397 0.000021
29398 0.000013
29399 0.000014
29400 0.000011
29401 0.000012
29402 0.000014
29403 0.000017
29404 0.000017
29405 0.000025
29406 0.000011
29407 0.000031
29408 0.000027
29409 0.000033
29410 0.000018
29411 0.000022
29412 0.000034
29413 0.000035
29414 0.000020
29415 0.000028
29416 0.000026
29417 0.000025
29418 0.000019
29419 0.000014
29420 0.000016
29421 0.000015
29422 0.000031
29423 0.000018
29424 0.000047
29425 0.000023
29426 0.000033
29427 0.000026
29428 0.000010
29429 0.000010
29430 0.000024
29431 0.000015
29432 0.000025
29433 0.000019
29434 0.000008
29435 0.000016
29436 0.000011
29437 0.000010
29438 0.000015
29439 0.000020
29440 0.000014
29441 0.000016
29442 0.000011
29443 0.000015
29444 0.000017
29445 0.000009
29446 0.000023
29447 0.000007
29448 0.000029
29449 0.000018
29450 0.000026
29451 0.000026
29452 0.000039
29453 0.000031
29454 0.000014
29455 0.000009
29456 0.000021
29457 0.000027
29458 0.000017
29459 0.000023
29460 0.000014
29461 0.000015
29462 0.000020
29463 0.000019
29464 0.000030
29465 0.000020
29466 0.000012
29467 0.000023
29468 0.000010
29469 0.000011
29470 0.000012
29471 0.000037
29472 0.000026
29473 0.000014
29474 0.000014
29475 0.000005
29476 0.000022
29477 0.000020
29478 0.000026
29479 0.000028
29480 0.000019
29481 0.000013
29482 0.000022
29483 0.000021
29484 0.000015
29485 0.000022
29486 0.000028
29487 0.000007
29488 0.000012
29489 0.000014
29490 0.000021
29491 0.000022
29492 0.000014
29493 0.000008
29494 0.000009
29495 0.000005
29496 0.000019
29497 0.000024
29498 0.000033
29499 0.000014
29500 0.000027
29501 0.000018
29502 0.000033
29503 0.000015
29504 0.000015
29505 0.000020
29506 0.000020
29507 0.000027
29508 0.000013
29509 0.000014
29510 0.000016
29511 0.000019
29512 0.000019
29513 0.000019
29514 0.000027
29515 0.000016
29516 0.000011
29517 0.000020
29518 0.000034
29519 0.000025
29520 0.000027
29521 0.000017
29522 0.000016
29523 0.000019
29524 0.000025
29525 0.000030
29526 0.000017
29527 0.000009
29528 0.000023
29529 0.000018
29530 0.000018
29531 0.000022
29532 0.000007
29533 0.000011
29534 0.000016
29535 0.000005
29536 0.000012
29537 0.000011
29538 0.000017
29539 0.000020
29540 0.000017
29541 0.000023
29542 0.000017
29543 0.000006
29544 0.000030
29545 0.000036
29546 0.000020
29547 0.000015
29548 0.000022
29549 0.000018
29550 0.000015
29551 0.000019
29552 0.000015
29553 0.000021
29554 0.000016
29555 0.000013
29556 0.000015
29557 0.000025
29558 0.000027
29559 0.000015
29560 0.000010
29561 0.000012
29562 0.000014
29563 0.000027
29564 0.000019
29565 0.000018
29566 0.000033
29567 0.000020
29568 0.000030
29569 0.000020
29570 0.000023
29571 0.000010
29572 0.000018
29573 0.000019
29574 0.000024
29575 0.000029
29576 0.000008
29577 0.000030
29578 0.000019
29579 0.000013
29580 0.000005
29581 0.000024
29582 0.000019
29583 0.000013
29584 0.000006
29585 0.000010
29586 0.000020
29587 0.000018
29588 0.000024
29589 0.000019
29590 0.000026
29591 0.000017
29592 0.000027
29593 0.000014
29594 0.000025
29595 0.000015
29596 0.000036
29597 0.000014
29598 0.000010
29599 0.000019
29600 0.000013
29601 0.000022
29602 0.000021
29603 0.000036
29604 0.000040
29605 0.000022
29606 0.000009
29607 0.000022
29608 0.000006
29609 0.000015
29610 0.000024
29611 0.000015
29612 0.000025
29613 0.000039
29614 0.000012
29615 0.000011
29616 0.000012
29617 0.000019
29618 0.000008
29619 0.000013
29620 0.000025
29621 0.000018
29622 0.000024
29623 0.000020
29624 0.000013
29625 0.000027
29626 0.000030
29627 0.000023
29628 0.000023
29629 0.000013
29630 0.000012
29631 0.000018
29632 0.000023
29633 0.000015
29634 0.000018
29635 0.000019
29636 0.000019
29637 0.000009
29638 0.000023
29639 0.000015
29640 0.000023
29641 0.000015
29642 0.000015
29643 0.000020
29644 0.000040
29645 0.000017
29646 0.000010
29647 0.000025
29648 0.000023
29649 0.000015
29650 0.000030
29651 0.000028
29652 0.000009
29653 0.000016
29654 0.000022
29655 0.000018
29656 0.000015
29657 0.000008
29658 0.000006
29659 0.000011
29660 0.000016
29661 0.000019
29662 0.000016
29663 0.000024
29664 0.000027
29665 0.000051
29666 0.000019
29667 0.000036
29668 0.000029
29669 0.000025
29670 0.000017
29671 0.000019
29672 0.000012
29673 0.000038
29674 0.000030
29675 0.000016
29676 0.000023
29677 0.000024
29678 0.000028
29679 0.000030
29680 0.000024
29681 0.000025
29682 0.000016
29683 0.000020
29684 0.000013
29685 0.000017
29686 0.000018
29687 0.000028
29688 0.000021
29689 0.000011
29690 0.000013
29691 0.000013
29692 0.000020
29693 0.000031
29694 0.000009
29695 0.000018
29696 0.000018
29697 0.000017
29698 0.000013
29699 0.000019
29700 0.000010
29701 0.000015
29702 0.000014
29703 0.000034
29704 0.000014
29705 0.000018
29706 0.000017
29707 0.000011
29708 0.000031
29709 0.000017
29710 0.000030
29711 0.000021
29712 0.000021
29713 0.000025
29714 0.000022
29715 0.000010
29716 0.000030
29717 0.000033
29718 0.000025
29719 0.000023
29720 0.000017
29721 0.000030
29722 0.000011
29723 0.000022
29724 0.000026
29725 0.000017
29726 0.000013
29727 0.000016
29728 0.000027
29729 0.000037
29730 0.000031
29731 0.000037
29732 0.000020
29733 0.000018
29734 0.000029
29735 0.000027
29736 0.000021
29737 0.000016
29738 0.000014
29739 0.000016
29740 0.000032
29741 0.000029
29742 0.000013
29743 0.000017
29744 0.000027
29745 0.000044
29746 0.000029
29747 0.000007
29748 0.000023
29749 0.000016
29750 0.000020
29751 0.000017
29752 0.000019
29753 0.000017
29754 0.000033
29755 0.000014
29756 0.000020
29757 0.000011
29758 0.000011
29759 0.000016
29760 0.000017
29761 0.000015
29762 0.000010
29763 0.000013
29764 0.000022
29765 0.000020
29766 0.000027
29767 0.000035
29768 0.000027
29769 0.000014
29770 0.000015
29771 0.000015
29772 0.000018
29773 0.000012
29774 0.000026
29775 0.000009
29776 0.000010
29777 0.000033
29778 0.000026
29779 0.000016
29780 0.000020
29781 0.000026
29782 0.000018
29783 0.000030
29784 0.000011
29785 0.000024
29786 0.000023
29787 0.000042
29788 0.000024
29789 0.000034
29790 0.000015
29791 0.000014
29792 0.000017
29793 0.000009
29794 0.000015
29795 0.000014
29796 0.000023
29797 0.000016
29798 0.000010
29799 0.000013
29800 0.000013
29801 0.000013
29802 0.000022
29803 0.000049
29804 0.000023
29805 0.000010
29806 0.000018
29807 0.000021
29808 0.000020
29809 0.000009
29810 0.000014
29811 0.000025
29812 0.000030
29813 0.000026
29814 0.000023
29815 0.000033
29816 0.000009
29817 0.000036
29818 0.000033
29819 0.000028
29820 0.000022
29821 0.000028
29822 0.000013
29823 0.000027
29824 0.000030
29825 0.000018
29826 0.000026
29827 0.000022
29828 0.000024
29829 0.000029
29830 0.000015
29831 0.000015
29832 0.000008
29833 0.000018
29834 0.000020
29835 0.000022
29836 0.000013
29837 0.000013
29838 0.000017
29839 0.000010
29840 0.000017
29841 0.000024
29842 0.000013
29843 0.000028
29844 0.000008
29845 0.000011
29846 0.000027
29847 0.000014
29848 0.000021
29849 0.000016
29850 0.000025
29851 0.000014
29852 0.000019
29853 0.000020
29854 0.000022
29855 0.000020
29856 0.000043
29857 0.000019
29858 0.000011
29859 0.000026
29860 0.000025
29861 0.000010
29862 0.000012
29863 0.000031
29864 0.000027
29865 0.000021
29866 0.000020
29867 0.000026
29868 0.000009
29869 0.000018
29870 0.000026
29871 0.000012
29872 0.000031
29873 0.000016
29874 0.000018
29875 0.000018
29876 0.000009
29877 0.000009
29878 0.000014
29879 0.000019
29880 0.000015
29881 0.000014
29882 0.000028
29883 0.000022
29884 0.000022
29885 0.000031
29886 0.000033
29887 0.000015
29888 0.000028
29889 0.000020
29890 0.000015
29891 0.000031
29892 0.000024
29893 0.000014
29894 0.000030
29895 0.000025
29896 0.000035
29897 0.000018
29898 0.000017
29899 0.000026
29900 0.000029
29901 0.000015
29902 0.000023
29903 0.000041
29904 0.000028
29905 0.000022
29906 0.000021
29907 0.000024
29908 0.000025
29909 0.000032
29910 0.000026
29911 0.000015
29912 0.000019
29913 0.000010
29914 0.000021
29915 0.000009
29916 0.000009
29917 0.000016
29918 0.000026
29919 0.000027
29920 0.000014
29921 0.000010
29922 0.000013
29923 0.000032
29924 0.000022
29925 0.000028
29926 0.000044
29927 0.000011
29928 0.000017
29929 0.000027
29930 0.000030
29931 0.000013
29932 0.000027
29933 0.000014
29934 0.000005
29935 0.000021
29936 0.000023
29937 0.000023
29938 0.000033
29939 0.000028
29940 0.000017
29941 0.000031
29942 0.000025
29943 0.000017
29944 0.000010
29945 0.000030
29946 0.000023
29947 0.000013
29948 0.000015
29949 0.000028
29950 0.000017
29951 0.000011
29952 0.000013
29953 0.000010
29954 0.000034
29955 0.000023
29956 0.000010
29957 0.000017
29958 0.000017
29959 0.000024
29960 0.000006
29961 0.000004
29962 0.000011
29963 0.000013
29964 0.000033
29965 0.000007
29966 0.000013
29967 0.000017
29968 0.000007
29969 0.000013
29970 0.000021
29971 0.000030
29972 0.000013
29973 0.000027
29974 0.000017
29975 0.000023
29976 0.000015
29977 0.000018
29978 0.000006
29979 0.000004
29980 0.000024
29981 0.000047
29982 0.000035
29983 0.000021
29984 0.000015
29985 0.000012
29986 0.000026
29987 0.000046
29988 0.000030
29989 0.000008
29990 0.000013
29991 0.000017
29992 0.000033
29993 0.000021
29994 0.000024
29995 0.000027
29996 0.000011
29997 0.000012
29998 0.000020
29999 0.000014
30000 0.000032
30001 0.000019
30002 0.000018
30003 0.000015
30004 0.000010
30005 0.000018
30006 0.000025
30007 0.000019
30008 0.000043
30009 0.000009
30010 0.000024
30011 0.000023
30012 0.000036
30013 0.000033
30014 0.000023
30015 0.000032
30016 0.000032
30017 0.000012
30018 0.000015
30019 0.000033
30020 0.000019
30021 0.000013
30022 0.000011
30023 0.000012
30024 0.000027
30025 0.000041
30026 0.000030
30027 0.000020
30028 0.000011
30029 0.000018
30030 0.000040
30031 0.000043
30032 0.000017
30033 0.000017
30034 0.000018
30035 0.000020
30036 0.000016
30037 0.000036
30038 0.000030
30039 0.000007
30040 0.000025
30041 0.000010
30042 0.000013
30043 0.000011
30044 0.000015
30045 0.000020
30046 0.000020
30047 0.000041
30048 0.000015
30049 0.000015
30050 0.000019
30051 0.000014
30052 0.000010
30053 0.000011
30054 0.000011
30055 0.000015
30056 0.000006
30057 0.000009
30058 0.000016
30059 0.000028
30060 0.000019
30061 0.000013
30062 0.000022
30063 0.000023
30064 0.000016
30065 0.000036
30066 0.000024
30067 0.000018
30068 0.000018
30069 0.000021
30070 0.000028
30071 0.000014
30072 0.000015
30073 0.000013
30074 0.000011
30075 0.000015
30076 0.000016
30077 0.000040
30078 0.000019
30079 0.000017
30080 0.000026
30081 0.000024
30082 0.000020
30083 0.000032
30084 0.000016
30085 0.000022
30086 0.000026
30087 0.000025
30088 0.000012
30089 0.000019
30090 0.000019
30091 0.000019
30092 0.000018
30093 0.000011
30094 0.000012
30095 0.000013
30096 0.000012
30097 0.000023
30098 0.000025
30099 0.000012
30100 0.000020
30101 0.000011
30102 0.000030
30103 0.000035
30104 0.000017
30105 0.000023
30106 0.000019
30107 0.000014
30108 0.000014
30109 0.000019
30110 0.000028
30111 0.000040
30112 0.000048
30113 0.000014
30114 0.000024
30115 0.000032
30116 0.000025
30117 0.000026
30118 0.000015
30119 0.000016
30120 0.000019
30121 0.000026
30122 0.000019
30123 0.000006
30124 0.000012
30125 0.000022
30126 0.000021
30127 0.000017
30128 0.000015
30129 0.000021
30130 0.000030
30131 0.000021
30132 0.000013
30133 0.000024
30134 0.000017
30135 0.000023
30136 0.000008
30137 0.000026
30138 0.000009
30139 0.000010
30140 0.000018
30141 0.000016
30142 0.000008
30143 0.000011
30144 0.000012
30145 0.000019
30146 0.000020
30147 0.000015
30148 0.000023
30149 0.000024
30150 0.000013
30151 0.000012
30152 0.000012
30153 0.000035
30154 0.000028
30155 0.000043
30156 0.000016
30157 0.000037
30158 0.000020
30159 0.000008
30160 0.000008
30161 0.000012
30162 0.000011
30163 0.000026
30164 0.000039
30165 0.000009
30166 0.000011
30167 0.000010
30168 0.000015
30169 0.000030
30170 0.000032
30171 0.000017
30172 0.000010
30173 0.000011
30174 0.000010
30175 0.000010
30176 0.000020
30177 0.000010
30178 0.000018
30179 0.000022
30180 0.000012
30181 0.000025
30182 0.000022
30183 0.000013
30184 0.000015
30185 0.000013
30186 0.000024
30187 0.000026
30188 0.000022
30189 0.000025
30190 0.000027
30191 0.000008
30192 0.000015
30193 0.000012
30194 0.000011
30195 0.000018
30196 0.000017
30197 0.000025
30198 0.000022
30199 0.000023
30200 0.000029
30201 0.000023
30202 0.000022
30203 0.000016
30204 0.000016
30205 0.000009
30206 0.000026
30207 0.000021
30208 0.000019
30209 0.000011
30210 0.000038
30211 0.000028
30212 0.000017
30213 0.000018
30214 0.000013
30215 0.000018
30216 0.000020
30217 0.000016
30218 0.000026
30219 0.000016
30220 0.000018
30221 0.000030
30222 0.000026
30223 0.000023
30224 0.000019
30225 0.000025
30226 0.000019
30227 0.000009
30228 0.000021
30229 0.000020
30230 0.000025
30231 0.000024
30232 0.000017
30233 0.000008
30234 0.000009
30235 0.000015
30236 0.000013
30237 0.000028
30238 0.000018
30239 0.000011
30240 0.000009
30241 0.000025
30242 0.000014
30243 0.000016
30244 0.000030
30245 0.000030
30246 0.000019
30247 0.000024
30248 0.000018
30249 0.000023
30250 0.000022
30251 0.000010
30252 0.000014
30253 0.000019
30254 0.000013
30255 0.000020
30256 0.000009
30257 0.000020
30258 0.000017
30259 0.000031
30260 0.000010
30261 0.000015
30262 0.000017
30263 0.000007
30264 0.000025
30265 0.000023
30266 0.000017
30267 0.000022
30268 0.000007
30269 0.000016
30270 0.000011
30271 0.000013
30272 0.000012
30273 0.000016
30274 0.000022
30275 0.000024
30276 0.000042
30277 0.000031
30278 0.000043
30279 0.000039
30280 0.000018
30281 0.000017
30282 0.000012
30283 0.000017
30284 0.000020
30285 0.000043
30286 0.000036
30287 0.000023
30288 0.000038
30289 0.000034
30290 0.000022
30291 0.000021
30292 0.000041
30293 0.000014
30294 0.000020
30295 0.000028
30296 0.000025
30297 0.000019
30298 0.000016
30299 0.000021
30300 0.000015
30301 0.000021
30302 0.000025
30303 0.000041
30304 0.000031
30305 0.000025
30306 0.000014
30307 0.000020
30308 0.000014
30309 0.000017
30310 0.000010
30311 0.000011
30312 0.000017
30313 0.000025
30314 0.000023
30315 0.000021
30316 0.000021
30317 0.000009
30318 0.000024
30319 0.000018
30320 0.000007
30321 0.000030
30322 0.000020
30323 0.000012
30324 0.000019
30325 0.000018
30326 0.000018
30327 0.000016
30328 0.000013
30329 0.000031
30330 0.000031
30331 0.000020
30332 0.000029
30333 0.000018
30334 0.000026
30335 0.000026
30336 0.000017
30337 0.000015
30338 0.000021
30339 0.000025
30340 0.000025
30341 0.000021
30342 0.000029
30343 0.000021
30344 0.000009
30345 0.000013
30346 0.000020
30347 0.000036
30348 0.000022
30349 0.000030
30350 0.000027
30351 0.000027
30352 0.000010
30353 0.000009
30354 0.000010
30355 0.000010
30356 0.000035
30357 0.000052
30358 0.000032
30359 0.000022
30360 0.000014
30361 0.000011
30362 0.000013
30363 0.000020
30364 0.000015
30365 0.000027
30366 0.000009
30367 0.000023
30368 0.000017
30369 0.000016
30370 0.000016
30371 0.000018
30372 0.000016
30373 0.000033
30374 0.000024
30375 0.000017
30376 0.000021
30377 0.000025
30378 0.000025
30379 0.000019
30380 0.000014
30381 0.000023
30382 0.000019
30383 0.000024
30384 0.000021
30385 0.000013
30386 0.000028
30387 0.000014
30388 0.000022
30389 0.000031
30390 0.000018
30391 0.000024
30392 0.000013
30393 0.000019
30394 0.000015
30395 0.000013
30396 0.000012
30397 0.000023
30398 0.000026
30399 0.000015
30400 0.000027
30401 0.000025
30402 0.000011
30403 0.000009
30404 0.000015
30405 0.000036
30406 0.000024
30407 0.000023
30408 0.000017
30409 0.000015
30410 0.000015
30411 0.000031
30412 0.000019
30413 0.000013
30414 0.000023
30415 0.000026
30416 0.000016
30417 0.000017
30418 0.000010
30419 0.000024
30420 0.000023
30421 0.000013
30422 0.000019
30423 0.000028
30424 0.000011
30425 0.000018
30426 0.000012
30427 0.000016
30428 0.000008
30429 0.000020
30430 0.000026
30431 0.000014
30432 0.000015
30433 0.000019
30434 0.000011
30435 0.000007
30436 0.000021
30437 0.000015
30438 0.000009
30439 0.000024
30440 0.000017
30441 0.000013
30442 0.000010
30443 0.000017
30444 0.000007
30445 0.000023
30446 0.000015
30447 0.000020
30448 0.000022
30449 0.000017
30450 0.000029
30451 0.000017
30452 0.000023
30453 0.000016
30454 0.000013
30455 0.000015
30456 0.000019
30457 0.000011
30458 0.000020
30459 0.000024
30460 0.000014
30461 0.000025
30462 0.000032
30463 0.000027
30464 0.000026
30465 0.000020
30466 0.000024
30467 0.000020
30468 0.000026
30469 0.000025
30470 0.000023
30471 0.000039
30472 0.000016
30473 0.000026
30474 0.000013
30475 0.000014
30476 0.000019
30477 0.000019
30478 0.000019
30479 0.000017
30480 0.000014
30481 0.000015
30482 0.000016
30483 0.000045
30484 0.000026
30485 0.000028
30486 0.000026
30487 0.000021
30488 0.000033
30489 0.000026
30490 0.000017
30491 0.000012
30492 0.000023
30493 0.000021
30494 0.000018
30495 0.000011
30496 0.000013
30497 0.000021
30498 0.000014
30499 0.000021
30500 0.000023
30501 0.000028
30502 0.000020
30503 0.000016
30504 0.000021
30505 0.000036
30506 0.000011
30507 0.000015
30508 0.000025
30509 0.000020
30510 0.000026
30511 0.000033
30512 0.000029
30513 0.000027
30514 0.000016
30515 0.000010
30516 0.000021
30517 0.000018
30518 0.000019
30519 0.000017
30520 0.000010
30521 0.000014
30522 0.000020
30523 0.000032
30524 0.000031
30525 0.000020
30526 0.000019
30527 0.000032
30528 0.000039
30529 0.000033
30530 0.000006
30531 0.000017
30532 0.000011
30533 0.000014
30534 0.000025
30535 0.000019
30536 0.000024
30537 0.000034
30538 0.000023
30539 0.000019
30540 0.000021
30541 0.000038
30542 0.000034
30543 0.000029
30544 0.000010
30545 0.000031
30546 0.000023
30547 0.000027
30548 0.000024
30549 0.000022
30550 0.000013
30551 0.000016
30552 0.000013
30553 0.000044
30554 0.000024
30555 0.000012
30556 0.000015
30557 0.000012
30558 0.000016
30559 0.000025
30560 0.000017
30561 0.000014
30562 0.000020
30563 0.000018
30564 0.000015
30565 0.000021
30566 0.000017
30567 0.000017
30568 0.000027
30569 0.000036
30570 0.000019
30571 0.000017
30572 0.000020
30573 0.000030
30574 0.000017
30575 0.000014
30576 0.000009
30577 0.000012
30578 0.000022
30579 0.000022
30580 0.000026
30581 0.000010
30582 0.000031
30583 0.000013
30584 0.000014
30585 0.000014
30586 0.000034
30587 0.000019
30588 0.000017
30589 0.000024
30590 0.000013
30591 0.000007
30592 0.000021
30593 0.000011
30594 0.000027
30595 0.000008
30596 0.000015
30597 0.000012
30598 0.000011
30599 0.000017
30600 0.000013
30601 0.000041
30602 0.000009
30603 0.000012
30604 0.000024
30605 0.000010
30606 0.000018
30607 0.000020
30608 0.000016
30609 0.000025
30610 0.000039
30611 0.000032
30612 0.000017
30613 0.000018
30614 0.000021
30615 0.000025
30616 0.000012
30617 0.000034
30618 0.000020
30619 0.000021
30620 0.000011
30621 0.000016
30622 0.000026
30623 0.000036
30624 0.000019
30625 0.000022
30626 0.000014
30627 0.000007
30628 0.000029
30629 0.000013
30630 0.000031
30631 0.000024
30632 0.000032
30633 0.000012
30634 0.000022
30635 0.000017
30636 0.000009
30637 0.000021
30638 0.000012
30639 0.000015
30640 0.000023
30641 0.000026
30642 0.000027
30643 0.000019
30644 0.000021
30645 0.000030
30646 0.000020
30647 0.000027
30648 0.000020
30649 0.000009
30650 0.000015
30651 0.000014
30652 0.000016
30653 0.000026
30654 0.000026
30655 0.000014
30656 0.000012
30657 0.000018
30658 0.000022
30659 0.000020
30660 0.000013
30661 0.000007
30662 0.000025
30663 0.000023
30664 0.000013
30665 0.000017
30666 0.000030
30667 0.000017
30668 0.000016
30669 0.000021
30670 0.000011
30671 0.000012
30672 0.000016
30673 0.000009
30674 0.000012
30675 0.000014
30676 0.000024
30677 0.000023
30678 0.000013
30679 0.000026
30680 0.000022
30681 0.000024
30682 0.000018
30683 0.000023
30684 0.000025
30685 0.000014
30686 0.000039
30687 0.000011
30688 0.000034
30689 0.000026
30690 0.000022
30691 0.000034
30692 0.000011
30693 0.000022
30694 0.000020
30695 0.000015
30696 0.000013
30697 0.000012
30698 0.000015
30699 0.000019
30700 0.000028
30701 0.000046
30702 0.000017
30703 0.000025
30704 0.000017
30705 0.000016
30706 0.000020
30707 0.000012
30708 0.000007
30709 0.000012
30710 0.000011
30711 0.000008
30712 0.000025
30713 0.000014
30714 0.000012
30715 0.000007
30716 0.000014
30717 0.000016
30718 0.000010
30719 0.000014
30720 0.000016
30721 0.000021
30722 0.000010
30723 0.000012
30724 0.000017
30725 0.000016
30726 0.000023
30727 0.000020
30728 0.000030
30729 0.000050
30730 0.000034
30731 0.000019
30732 0.000030
30733 0.000015
30734 0.000010
30735 0.000021
30736 0.000026
30737 0.000029
30738 0.000025
30739 0.000016
30740 0.000015
30741 0.000010
30742 0.000016
30743 0.000009
30744 0.000013
30745 0.000016
30746 0.000017
30747 0.000019
30748 0.000027
30749 0.000029
30750 0.000020
30751 0.000028
30752 0.000015
30753 0.000027
30754 0.000014
30755 0.000014
30756 0.000021
30757 0.000022
30758 0.000022
30759 0.000034
30760 0.000013
30761 0.000032
30762 0.000023
30763 0.000021
30764 0.000013
30765 0.000014
30766 0.000020
30767 0.000019
30768 0.000007
30769 0.000010
30770 0.000025
30771 0.000047
30772 0.000024
30773 0.000028
30774 0.000045
30775 0.000026
30776 0.000007
30777 0.000011
30778 0.000021
30779 0.000010
30780 0.000016
30781 0.000013
30782 0.000009
30783 0.000004
30784 0.000013
30785 0.000021
30786 0.000039
30787 0.000015
30788 0.000028
30789 0.000014
30790 0.000021
30791 0.000015
30792 0.000019
30793 0.000014
30794 0.000012
30795 0.000010
30796 0.000018
30797 0.000018
30798 0.000013
30799 0.000025
30800 0.000028
30801 0.000022
30802 0.000028
30803 0.000023
30804 0.000019
30805 0.000022
30806 0.000025
30807 0.000020
30808 0.000012
30809 0.000034
30810 0.000027
30811 0.000029
30812 0.000017
30813 0.000021
30814 0.000031
30815 0.000008
30816 0.000023
30817 0.000051
30818 0.000022
30819 0.000016
30820 0.000021
30821 0.000034
30822 0.000016
30823 0.000014
30824 0.000008
30825 0.000018
30826 0.000022
30827 0.000015
30828 0.000033
30829 0.000022
30830 0.000018
30831 0.000018
30832 0.000016
30833 0.000014
30834 0.000022
30835 0.000019
30836 0.000012
30837 0.000019
30838 0.000019
30839 0.000026
30840 0.000019
30841 0.000009
30842 0.000012
30843 0.000043
30844 0.000030
30845 0.000029
30846 0.000022
30847 0.000022
30848 0.000015
30849 0.000019
30850 0.000015
30851 0.000019
30852 0.000012
30853 0.000024
30854 0.000017
30855 0.000012
30856 0.000036
30857 0.000017
30858 0.000029
30859 0.000021
30860 0.000020
30861 0.000026
30862 0.000028
30863 0.000031
30864 0.000012
30865 0.000016
30866 0.000023
30867 0.000010
30868 0.000013
30869 0.000014
30870 0.000015
30871 0.000017
30872 0.000017
30873 0.000010
30874 0.000018
30875 0.000015
30876 0.000021
30877 0.000017
30878 0.000011
30879 0.000010
30880 0.000015
30881 0.000009
30882 0.000007
30883 0.000015
30884 0.000023
30885 0.000016
30886 0.000009
30887 0.000035
30888 0.000024
30889 0.000016
30890 0.000021
30891 0.000012
30892 0.000021
30893 0.000010
30894 0.000012
30895 0.000005
30896 0.000016
30897 0.000018
30898 0.000009
30899 0.000014
30900 0.000019
30901 0.000017
30902 0.000013
30903 0.000028
30904 0.000026
30905 0.000020
30906 0.000024
30907 0.000011
30908 0.000015
30909 0.000010
30910 0.000021
30911 0.000022
30912 0.000039
30913 0.000026
30914 0.000025
30915 0.000010
30916 0.000010
30917 0.000023
30918 0.000030
30919 0.000044
30920 0.000031
30921 0.000014
30922 0.000012
30923 0.000019
30924 0.000012
30925 0.000012
30926 0.000009
30927 0.000013
30928 0.000014
30929 0.000030
30930 0.000013
30931 0.000014
30932 0.000007
30933 0.000008
30934 0.000029
30935 0.000032
30936 0.000014
30937 0.000015
30938 0.000023
30939 0.000041
30940 0.000018
30941 0.000023
30942 0.000016
30943 0.000040
30944 0.000010
30945 0.000018
30946 0.000021
30947 0.000018
30948 0.000030
30949 0.000018
30950 0.000020
30951 0.000008
30952 0.000011
30953 0.000011
30954 0.000025
30955 0.000017
30956 0.000011
30957 0.000034
30958 0.000023
30959 0.000011
30960 0.000010
30961 0.000010
30962 0.000011
30963 0.000025
30964 0.000009
30965 0.000022
30966 0.000009
30967 0.000012
30968 0.000019
30969 0.000013
30970 0.000023
30971 0.000023
30972 0.000022
30973 0.000014
30974 0.000028
30975 0.000015
30976 0.000020
30977 0.000016
30978 0.000021
30979 0.000010
30980 0.000010
30981 0.000009
30982 0.000010
30983 0.000016
30984 0.000026
30985 0.000015
30986 0.000019
30987 0.000032
30988 0.000015
30989 0.000015
30990 0.000017
30991 0.000018
30992 0.000017
30993 0.000051
30994 0.000021
30995 0.000021
30996 0.000035
30997 0.000033
30998 0.000013
30999 0.000009
31000 0.000020
31001 0.000015
31002 0.000035
31003 0.000018
31004 0.000014
31005 0.000028
31006 0.000035
31007 0.000013
31008 0.000030
31009 0.000018
31010 0.000026
31011 0.000017
31012 0.000038
31013 0.000019
31014 0.000029
31015 0.000023
31016 0.000023
31017 0.000019
31018 0.000017
31019 0.000012
31020 0.000019
31021 0.000042
31022 0.000020
31023 0.000032
31024 0.000026
31025 0.000011
31026 0.000029
31027 0.000017
31028 0.000036
31029 0.000031
31030 0.000023
31031 0.000031
31032 0.000015
31033 0.000021
31034 0.000019
31035 0.000013
31036 0.000012
31037 0.000024
31038 0.000013
31039 0.000026
31040 0.000018
31041 0.000015
31042 0.000008
31043 0.000011
31044 0.000020
31045 0.000024
31046 0.000017
31047 0.000027
31048 0.000033
31049 0.000022
31050 0.000029
31051 0.000019
31052 0.000028
31053 0.000016
31054 0.000025
31055 0.000017
31056 0.000021
31057 0.000019
31058 0.000018
31059 0.000017
31060 0.000013
31061 0.000019
31062 0.000023
31063 0.000017
31064 0.000015
31065 0.000011
31066 0.000007
31067 0.000005
31068 0.000011
31069 0.000017
31070 0.000013
31071 0.000023
31072 0.000023
31073 0.000016
31074 0.000015
31075 0.000016
31076 0.000008
31077 0.000016
31078 0.000009
31079 0.000007
31080 0.000033
31081 0.000028
31082 0.000023
31083 0.000013
31084 0.000012
31085 0.000015
31086 0.000019
31087 0.000039
31088 0.000019
31089 0.000019
31090 0.000019
31091 0.000015
31092 0.000021
31093 0.000015
31094 0.000013
31095 0.000009
31096 0.000015
31097 0.000021
31098 0.000027
31099 0.000022
31100 0.000015
31101 0.000010
31102 0.000022
31103 0.000015
31104 0.000022
31105 0.000025
31106 0.000025
31107 0.000013
31108 0.000027
31109 0.000021
31110 0.000026
31111 0.000014
31112 0.000029
31113 0.000032
31114 0.000031
31115 0.000015
31116 0.000027
31117 0.000016
31118 0.000026
31119 0.000022
31120 0.000024
31121 0.000016
31122 0.000015
31123 0.000038
31124 0.000035
31125 0.000022
31126 0.000010
31127 0.000011
31128 0.000013
31129 0.000017
31130 0.000010
31131 0.000030
31132 0.000021
31133 0.000015
31134 0.000014
31135 0.000021
31136 0.000021
31137 0.000029
31138 0.000009
31139 0.000012
31140 0.000023
31141 0.000011
31142 0.000018
31143 0.000032
31144 0.000011
31145 0.000010
31146 0.000024
31147 0.000024
31148 0.000014
31149 0.000017
31150 0.000016
31151 0.000015
31152 0.000041
31153 0.000045
31154 0.000039
31155 0.000029
31156 0.000025
31157 0.000008
31158 0.000011
31159 0.000016
31160 0.000032
31161 0.000019
31162 0.000014
31163 0.000028
31164 0.000018
31165 0.000006
31166 0.000023
31167 0.000009
31168 0.000013
31169 0.000011
31170 0.000031
31171 0.000020
31172 0.000031
31173 0.000024
31174 0.000027
31175 0.000024
31176 0.000013
31177 0.000013
31178 0.000019
31179 0.000026
31180 0.000021
31181 0.000019
31182 0.000033
31183 0.000020
31184 0.000020
31185 0.000008
31186 0.000017
31187 0.000014
31188 0.000017
31189 0.000037
31190 0.000017
31191 0.000021
31192 0.000024
31193 0.000030
31194 0.000028
31195 0.000055
31196 0.000040
31197 0.000045
31198 0.000017
31199 0.000016
31200 0.000011
31201 0.000021
31202 0.000013
31203 0.000016
31204 0.000012
31205 0.000014
31206 0.000022
31207 0.000016
31208 0.000019
31209 0.000011
31210 0.000007
31211 0.000015
31212 0.000014
31213 0.000020
31214 0.000020
31215 0.000020
31216 0.000019
31217 0.000019
31218 0.000017
31219 0.000014
31220 0.000026
31221 0.000017
31222 0.000010
31223 0.000019
31224 0.000016
31225 0.000034
31226 0.000020
31227 0.000028
31228 0.000010
31229 0.000015
31230 0.000031
31231 0.000033
31232 0.000014
31233 0.000022
31234 0.000011
31235 0.000034
31236 0.000031
31237 0.000011
31238 0.000040
31239 0.000027
31240 0.000019
31241 0.000023
31242 0.000013
31243 0.000023
31244 0.000014
31245 0.000021
31246 0.000020
31247 0.000011
31248 0.000017
31249 0.000016
31250 0.000018
31251 0.000031
31252 0.000024
31253 0.000038
31254 0.000018
31255 0.000022
31256 0.000010
31257 0.000026
31258 0.000021
31259 0.000037
31260 0.000016
31261 0.000014
31262 0.000049
31263 0.000030
31264 0.000013
31265 0.000019
31266 0.000030
31267 0.000026
31268 0.000021
31269 0.000038
31270 0.000028
31271 0.000022
31272 0.000024
31273 0.000025
31274 0.000029
31275 0.000015
31276 0.000016
31277 0.000046
31278 0.000026
31279 0.000019
31280 0.000013
31281 0.000010
31282 0.000010
31283 0.000012
31284 0.000006
31285 0.000014
31286 0.000042
31287 0.000030
31288 0.000016
31289 0.000013
31290 0.000015
31291 0.000020
31292 0.000049
31293 0.000039
31294 0.000044
31295 0.000020
31296 0.000024
31297 0.000029
31298 0.000018
31299 0.000017
31300 0.000010
31301 0.000026
31302 0.000016
31303 0.000014
31304 0.000013
31305 0.000023
31306 0.000021
31307 0.000020
31308 0.000015
31309 0.000011
31310 0.000024
31311 0.000018
31312 0.000021
31313 0.000017
31314 0.000021
31315 0.000011
31316 0.000028
31317 0.000040
31318 0.000019
31319 0.000019
31320 0.000017
31321 0.000011
31322 0.000018
31323 0.000023
31324 0.000027
31325 0.000018
31326 0.000026
31327 0.000028
31328 0.000031
31329 0.000026
31330 0.000019
31331 0.000013
31332 0.000016
31333 0.000020
31334 0.000013
31335 0.000013
31336 0.000010
31337 0.000014
31338 0.000020
31339 0.000032
31340 0.000027
31341 0.000012
31342 0.000015
31343 0.000014
31344 0.000009
31345 0.000018
31346 0.000043
31347 0.000020
31348 0.000015
31349 0.000016
31350 0.000029
31351 0.000013
31352 0.000022
31353 0.000043
31354 0.000020
31355 0.000022
31356 0.000019
31357 0.000020
31358 0.000016
31359 0.000022
31360 0.000020
31361 0.000016
31362 0.000021
31363 0.000012
31364 0.000021
31365 0.000040
31366 0.000020
31367 0.000023
31368 0.000014
31369 0.000016
31370 0.000017
31371 0.000023
31372 0.000019
31373 0.000030
31374 0.000029
31375 0.000022
31376 0.000015
31377 0.000011
31378 0.000012
31379 0.000027
31380 0.000032
31381 0.000033
31382 0.000018
31383 0.000013
31384 0.000014
31385 0.000026
31386 0.000012
31387 0.000024
31388 0.000028
31389 0.000015
31390 0.000012
31391 0.000022
31392 0.000016
31393 0.000019
31394 0.000025
31395 0.000016
31396 0.000012
31397 0.000035
31398 0.000034
31399 0.000039
31400 0.000012
31401 0.000016
31402 0.000020
31403 0.000022
31404 0.000030
31405 0.000007
31406 0.000025
31407 0.000026
31408 0.000011
31409 0.000016
31410 0.000015
31411 0.000018
31412 0.000015
31413 0.000015
31414 0.000012
31415 0.000015
31416 0.000013
31417 0.000019
31418 0.000013
31419 0.000023
31420 0.000009
31421 0.000009
31422 0.000019
31423 0.000033
31424 0.000024
31425 0.000021
31426 0.000017
31427 0.000010
31428 0.000015
31429 0.000024
31430 0.000015
31431 0.000019
31432 0.000021
31433 0.000021
31434 0.000018
31435 0.000015
31436 0.000029
31437 0.000026
31438 0.000017
31439 0.000029
31440 0.000016
31441 0.000005
31442 0.000011
31443 0.000027
31444 0.000013
31445 0.000024
31446 0.000023
31447 0.000019
31448 0.000010
31449 0.000031
31450 0.000014
31451 0.000023
31452 0.000012
31453 0.000008
31454 0.000012
31455 0.000020
31456 0.000026
31457 0.000032
31458 0.000019
31459 0.000012
31460 0.000029
31461 0.000023
31462 0.000017
31463 0.000018
31464 0.000013
31465 0.000008
31466 0.000013
31467 0.000014
31468 0.000013
31469 0.000019
31470 0.000023
31471 0.000008
31472 0.000011
31473 0.000008
31474 0.000014
31475 0.000028
31476 0.000021
31477 0.000021
31478 0.000021
31479 0.000014
31480 0.000015
31481 0.000026
31482 0.000016
31483 0.000036
31484 0.000032
31485 0.000019
31486 0.000032
31487 0.000013
31488 0.000028
31489 0.000040
31490 0.000017
31491 0.000022
31492 0.000014
31493 0.000010
31494 0.000025
31495 0.000015
31496 0.000016
31497 0.000022
31498 0.000019
31499 0.000028
31500 0.000018
31501 0.000006
31502 0.000010
31503 0.000015
31504 0.000039
31505 0.000042
31506 0.000027
31507 0.000018
31508 0.000020
31509 0.000023
31510 0.000013
31511 0.000013
31512 0.000029
31513 0.000019
31514 0.000015
31515 0.000018
31516 0.000027
31517 0.000027
31518 0.000030
31519 0.000012
31520 0.000019
31521 0.000013
31522 0.000023
31523 0.000020
31524 0.000021
31525 0.000012
31526 0.000026
31527 0.000023
31528 0.000018
31529 0.000027
31530 0.000020
31531 0.000015
31532 0.000016
31533 0.000015
31534 0.000020
31535 0.000012
31536 0.000010
31537 0.000011
31538 0.000013
31539 0.000007
31540 0.000019
31541 0.000031
31542 0.000021
31543 0.000038
31544 0.000011
31545 0.000008
31546 0.000016
31547 0.000018
31548 0.000015
31549 0.000025
31550 0.000033
31551 0.000012
31552 0.000011
31553 0.000010
31554 0.000019
31555 0.000037
31556 0.000025
31557 0.000015
31558 0.000010
31559 0.000010
31560 0.000021
31561 0.000010
31562 0.000016
31563 0.000015
31564 0.000008
31565 0.000023
31566 0.000019
31567 0.000036
31568 0.000028
31569 0.000041
31570 0.000021
31571 0.000019
31572 0.000027
31573 0.000019
31574 0.000026
31575 0.000014
31576 0.000024
31577 0.000031
31578 0.000027
31579 0.000019
31580 0.000006
31581 0.000011
31582 0.000010
31583 0.000033
31584 0.000023
31585 0.000012
31586 0.000030
31587 0.000026
31588 0.000033
31589 0.000030
31590 0.000020
31591 0.000031
31592 0.000016
31593 0.000016
31594 0.000011
31595 0.000016
31596 0.000016
31597 0.000009
31598 0.000020
31599 0.000026
31600 0.000016
31601 0.000023
31602 0.000024
31603 0.000014
31604 0.000010
31605 0.000014
31606 0.000018
31607 0.000023
31608 0.000018
31609 0.000025
31610 0.000035
31611 0.000039
31612 0.000017
31613 0.000018
31614 0.000012
31615 0.000030
31616 0.000021
31617 0.000033
31618 0.000021
31619 0.000021
31620 0.000020
31621 0.000020
31622 0.000028
31623 0.000019
31624 0.000021
31625 0.000023
31626 0.000024
31627 0.000024
31628 0.000015
31629 0.000016
31630 0.000020
31631 0.000032
31632 0.000017
31633 0.000014
31634 0.000034
31635 0.000022
31636 0.000014
31637 0.000032
31638 0.000018
31639 0.000015
31640 0.000024
31641 0.000034
31642 0.000021
31643 0.000019
31644 0.000008
31645 0.000020
31646 0.000018
31647 0.000025
31648 0.000015
31649 0.000027
31650 0.000036
31651 0.000033
31652 0.000030
31653 0.000013
31654 0.000025
31655 0.000019
31656 0.000021
31657 0.000030
31658 0.000025
31659 0.000010
31660 0.000011
31661 0.000010
31662 0.000019
31663 0.000014
31664 0.000014
31665 0.000014
31666 0.000016
31667 0.000010
31668 0.000044
31669 0.000019
31670 0.000020
31671 0.000009
31672 0.000011
31673 0.000018
31674 0.000025
31675 0.000021
31676 0.000012
31677 0.000023
31678 0.000015
31679 0.000029
31680 0.000019
31681 0.000026
31682 0.000030
31683 0.000022
31684 0.000016
31685 0.000016
31686 0.000006
31687 0.000007
31688 0.000017
31689 0.000013
31690 0.000010
31691 0.000016
31692 0.000012
31693 0.000024
31694 0.000024
31695 0.000031
31696 0.000012
31697 0.000017
31698 0.000016
31699 0.000028
31700 0.000021
31701 0.000026
31702 0.000016
31703 0.000016
31704 0.000035
31705 0.000021
31706 0.000027
31707 0.000017
31708 0.000008
31709 0.000026
31710 0.000017
31711 0.000016
31712 0.000009
31713 0.000018
31714 0.000027
31715 0.000026
31716 0.000024
31717 0.000010
31718 0.000041
31719 0.000026
31720 0.000010
31721 0.000016
31722 0.000013
31723 0.000016
31724 0.000014
31725 0.000024
31726 0.000012
31727 0.000010
31728 0.000019
31729 0.000019
31730 0.000015
31731 0.000025
31732 0.000014
31733 0.000017
31734 0.000015
31735 0.000015
31736 0.000020
31737 0.000014
31738 0.000021
31739 0.000025
31740 0.000013
31741 0.000026
31742 0.000031
31743 0.000011
31744 0.000011
31745 0.000012
31746 0.000005
31747 0.000021
31748 0.000038
31749 0.000043
31750 0.000032
31751 0.000030
31752 0.000023
31753 0.000024
31754 0.000010
31755 0.000021
31756 0.000034
31757 0.000030
31758 0.000017
31759 0.000021
31760 0.000022
31761 0.000014
31762 0.000016
31763 0.000023
31764 0.000021
31765 0.000015
31766 0.000015
31767 0.000015
31768 0.000015
31769 0.000016
31770 0.000039
31771 0.000017
31772 0.000016
31773 0.000017
31774 0.000011
31775 0.000025
31776 0.000023
31777 0.000020
31778 0.000013
31779 0.000015
31780 0.000024
31781 0.000020
31782 0.000013
31783 0.000025
31784 0.000013
31785 0.000017
31786 0.000035
31787 0.000012
31788 0.000017
31789 0.000007
31790 0.000025
31791 0.000017
31792 0.000027
31793 0.000016
31794 0.000039
31795 0.000036
31796 0.000030
31797 0.000019
31798 0.000024
31799 0.000017
31800 0.000014
31801 0.000024
31802 0.000022
31803 0.000030
31804 0.000023
31805 0.000030
31806 0.000013
31807 0.000026
31808 0.000023
31809 0.000027
31810 0.000018
31811 0.000020
31812 0.000012
31813 0.000007
31814 0.000020
31815 0.000034
31816 0.000015
31817 0.000005
31818 0.000008
31819 0.000013
31820 0.000014
31821 0.000011
31822 0.000024
31823 0.000022
31824 0.000016
31825 0.000009
31826 0.000017
31827 0.000022
31828 0.000041
31829 0.000031
31830 0.000016
31831 0.000023
31832 0.000029
31833 0.000014
31834 0.000017
31835 0.000020
31836 0.000010
31837 0.000007
31838 0.000010
31839 0.000017
31840 0.000025
31841 0.000012
31842 0.000020
31843 0.000025
31844 0.000012
31845 0.000024
31846 0.000018
31847 0.000023
31848 0.000023
31849 0.000018
31850 0.000018
31851 0.000009
31852 0.000032
31853 0.000026
31854 0.000018
31855 0.000015
31856 0.000016
31857 0.000015
31858 0.000010
31859 0.000011
31860 0.000017
31861 0.000009
31862 0.000017
31863 0.000021
31864 0.000049
31865 0.000018
31866 0.000041
31867 0.000031
31868 0.000019
31869 0.000022
31870 0.000028
31871 0.000017
31872 0.000014
31873 0.000021
31874 0.000022
31875 0.000013
31876 0.000023
31877 0.000024
31878 0.000019
31879 0.000020
31880 0.000009
31881 0.000006
31882 0.000011
31883 0.000024
31884 0.000022
31885 0.000018
31886 0.000019
31887 0.000022
31888 0.000014
31889 0.000017
31890 0.000015
31891 0.000026
31892 0.000038
31893 0.000027
31894 0.000025
31895 0.000012
31896 0.000014
31897 0.000022
31898 0.000015
31899 0.000017
31900 0.000014
31901 0.000019
31902 0.000030
31903 0.000022
31904 0.000017
31905 0.000016
31906 0.000029
31907 0.000019
31908 0.000028
31909 0.000030
31910 0.000013
31911 0.000041
31912 0.000022
31913 0.000020
31914 0.000015
31915 0.000022
31916 0.000017
31917 0.000017
31918 0.000013
31919 0.000011
31920 0.000019
31921 0.000011
31922 0.000014
31923 0.000008
31924 0.000015
31925 0.000011
31926 0.000013
31927 0.000013
31928 0.000015
31929 0.000028
31930 0.000015
31931 0.000017
31932 0.000025
31933 0.000028
31934 0.000027
31935 0.000045
31936 0.000027
31937 0.000030
31938 0.000030
31939 0.000028
31940 0.000021
31941 0.000022
31942 0.000020
31943 0.000012
31944 0.000016
31945 0.000016
31946 0.000025
31947 0.000032
31948 0.000024
31949 0.000043
31950 0.000017
31951 0.000024
31952 0.000026
31953 0.000019
31954 0.000030
31955 0.000024
31956 0.000008
31957 0.000038
31958 0.000043
31959 0.000016
31960 0.000013
31961 0.000015
31962 0.000015
31963 0.000026
31964 0.000043
31965 0.000010
31966 0.000016
31967 0.000020
31968 0.000021
31969 0.000039
31970 0.000024
31971 0.000019
31972 0.000015
31973 0.000015
31974 0.000016
31975 0.000008
31976 0.000021
31977 0.000040
31978 0.000023
31979 0.000009
31980 0.000012
31981 0.000007
31982 0.000032
31983 0.000025
31984 0.000030
31985 0.000017
31986 0.000014
31987 0.000022
31988 0.000009
31989 0.000013
31990 0.000023
31991 0.000026
31992 0.000021
31993 0.000022
31994 0.000026
31995 0.000017
31996 0.000029
31997 0.000027
31998 0.000024
31999 0.000048
32000 0.000017
32001 0.000021
32002 0.000016
32003 0.000014
32004 0.000016
32005 0.000018
32006 0.000030
32007 0.000036
32008 0.000011
32009 0.000014
32010 0.000022
32011 0.000010
32012 0.000019
32013 0.000008
32014 0.000021
32015 0.000029
32016 0.000015
32017 0.000030
32018 0.000021
32019 0.000025
32020 0.000016
32021 0.000026
32022 0.000008
32023 0.000022
32024 0.000017
32025 0.000019
32026 0.000012
32027 0.000007
32028 0.000004
32029 0.000015
32030 0.000020
32031 0.000015
32032 0.000011
32033 0.000016
32034 0.000010
32035 0.000044
32036 0.000027
32037 0.000029
32038 0.000009
32039 0.000026
32040 0.000016
32041 0.000018
32042 0.000035
32043 0.000025
32044 0.000009
32045 0.000012
32046 0.000016
32047 0.000023
32048 0.000022
32049 0.000013
32050 0.000005
32051 0.000015
32052 0.000015
32053 0.000019
32054 0.000025
32055 0.000015
32056 0.000017
32057 0.000013
32058 0.000014
32059 0.000041
32060 0.000026
32061 0.000035
32062 0.000010
32063 0.000014
32064 0.000008
32065 0.000020
32066 0.000018
32067 0.000018
32068 0.000023
32069 0.000011
32070 0.000031
32071 0.000026
32072 0.000018
32073 0.000031
32074 0.000029
32075 0.000022
32076 0.000017
32077 0.000020
32078 0.000018
32079 0.000019
32080 0.000015
32081 0.000020
32082 0.000010
32083 0.000020
32084 0.000021
32085 0.000009
32086 0.000017
32087 0.000024
32088 0.000020
32089 0.000008
32090 0.000028
32091 0.000029
32092 0.000019
32093 0.000007
32094 0.000015
32095 0.000028
32096 0.000014
32097 0.000028
32098 0.000024
32099 0.000008
32100 0.000024
32101 0.000022
32102 0.000015
32103 0.000038
32104 0.000009
32105 0.000028
32106 0.000026
32107 0.000015
32108 0.000010
32109 0.000020
32110 0.000018
32111 0.000020
32112 0.000015
32113 0.000017
32114 0.000017
32115 0.000036
32116 0.000028
32117 0.000012
32118 0.000020
32119 0.000031
32120 0.000021
32121 0.000025
32122 0.000018
32123 0.000026
32124 0.000011
32125 0.000012
32126 0.000011
32127 0.000006
32128 0.000026
32129 0.000017
32130 0.000013
32131 0.000019
32132 0.000019
32133 0.000019
32134 0.000016
32135 0.000021
32136 0.000018
32137 0.000015
32138 0.000020
32139 0.000014
32140 0.000034
32141 0.000013
32142 0.000026
32143 0.000012
32144 0.000019
32145 0.000019
32146 0.000018
32147 0.000031
32148 0.000077
32149 0.000032
32150 0.000025
32151 0.000028
32152 0.000018
32153 0.000016
32154 0.000023
32155 0.000015
32156 0.000030
32157 0.000020
32158 0.000017
32159 0.000022
32160 0.000015
32161 0.000021
32162 0.000030
32163 0.000013
32164 0.000016
32165 0.000019
32166 0.000030
32167 0.000037
32168 0.000013
32169 0.000015
32170 0.000016
32171 0.000018
32172 0.000015
32173 0.000016
32174 0.000022
32175 0.000013
32176 0.000012
32177 0.000026
32178 0.000021
32179 0.000026
32180 0.000025
32181 0.000021
32182 0.000010
32183 0.000014
32184 0.000032
32185 0.000036
32186 0.000023
32187 0.000022
32188 0.000018
32189 0.000012
32190 0.000011
32191 0.000017
32192 0.000020
32193 0.000041
32194 0.000020
32195 0.000013
32196 0.000021
32197 0.000024
32198 0.000022
32199 0.000030
32200 0.000026
32201 0.000022
32202 0.000013
32203 0.000012
32204 0.000029
32205 0.000026
32206 0.000029
32207 0.000030
32208 0.000020
32209 0.000028
32210 0.000022
32211 0.000019
32212 0.000018
32213 0.000017
32214 0.000013
32215 0.000023
32216 0.000019
32217 0.000018
32218 0.000004
32219 0.000017
32220 0.000012
32221 0.000018
32222 0.000027
32223 0.000017
32224 0.000014
32225 0.000021
32226 0.000022
32227 0.000020
32228 0.000021
32229 0.000018
32230 0.000015
32231 0.000005
32232 0.000014
32233 0.000016
32234 0.000019
32235 0.000024
32236 0.000021
32237 0.000030
32238 0.000026
32239 0.000020
32240 0.000010
32241 0.000026
32242 0.000029
32243 0.000036
32244 0.000020
32245 0.000016
32246 0.000012
32247 0.000015
32248 0.000027
32249 0.000039
32250 0.000015
32251 0.000015
32252 0.000023
32253 0.000031
32254 0.000029
32255 0.000016
32256 0.000016
32257 0.000040
32258 0.000016
32259 0.000016
32260 0.000012
32261 0.000028
32262 0.000013
32263 0.000012
32264 0.000029
32265 0.000021
32266 0.000020
32267 0.000022
32268 0.000020
32269 0.000008
32270 0.000023
32271 0.000019
32272 0.000011
32273 0.000008
32274 0.000010
32275 0.000016
32276 0.000019
32277 0.000013
32278 0.000022
32279 0.000022
32280 0.000014
32281 0.000011
32282 0.000016
32283 0.000015
32284 0.000023
32285 0.000022
32286 0.000013
32287 0.000027
32288 0.000021
32289 0.000013
32290 0.000023
32291 0.000030
32292 0.000016
32293 0.000029
32294 0.000018
32295 0.000016
32296 0.000021
32297 0.000025
32298 0.000026
32299 0.000048
32300 0.000024
32301 0.000017
32302 0.000013
32303 0.000011
32304 0.000017
32305 0.000020
32306 0.000032
32307 0.000025
32308 0.000018
32309 0.000021
32310 0.000022
32311 0.000013
32312 0.000042
32313 0.000041
32314 0.000025
32315 0.000029
32316 0.000012
32317 0.000018
32318 0.000015
32319 0.000008
32320 0.000022
32321 0.000011
32322 0.000024
32323 0.000021
32324 0.000014
32325 0.000021
32326 0.000011
32327 0.000019
32328 0.000014
32329 0.000010
32330 0.000009
32331 0.000014
32332 0.000024
32333 0.000022
32334 0.000024
32335 0.000016
32336 0.000019
32337 0.000036
32338 0.000015
32339 0.000024
32340 0.000022
32341 0.000023
32342 0.000016
32343 0.000041
32344 0.000025
32345 0.000024
32346 0.000024
32347 0.000026
32348 0.000020
32349 0.000015
32350 0.000018
32351 0.000015
32352 0.000019
32353 0.000019
32354 0.000019
32355 0.000021
32356 0.000009
32357 0.000017
32358 0.000031
32359 0.000022
32360 0.000023
32361 0.000026
32362 0.000036
32363 0.000027
32364 0.000025
32365 0.000021
32366 0.000013
32367 0.000014
32368 0.000011
32369 0.000023
32370 0.000025
32371 0.000018
32372 0.000021
32373 0.000019
32374 0.000020
32375 0.000016
32376 0.000042
32377 0.000019
32378 0.000023
32379 0.000018
32380 0.000030
32381 0.000015
32382 0.000023
32383 0.000031
32384 0.000018
32385 0.000015
32386 0.000016
32387 0.000008
32388 0.000021
32389 0.000026
32390 0.000027
32391 0.000024
32392 0.000022
32393 0.000019
32394 0.000011
32395 0.000013
32396 0.000024
32397 0.000020
32398 0.000014
32399 0.000027
32400 0.000030
32401 0.000041
32402 0.000019
32403 0.000047
32404 0.000012
32405 0.000011
32406 0.000018
32407 0.000010
32408 0.000013
32409 0.000013
32410 0.000016
32411 0.000021
32412 0.000020
32413 0.000018
32414 0.000017
32415 0.000025
32416 0.000029
32417 0.000009
32418 0.000017
32419 0.000029
32420 0.000016
32421 0.000030
32422 0.000033
32423 0.000034
32424 0.000035
32425 0.000033
32426 0.000017
32427 0.000024
32428 0.000019
32429 0.000009
32430 0.000019
32431 0.000021
32432 0.000028
32433 0.000019
32434 0.000024
32435 0.000019
32436 0.000019
32437 0.000012
32438 0.000017
32439 0.000024
32440 0.000017
32441 0.000017
32442 0.000033
32443 0.000016
32444 0.000025
32445 0.000022
32446 0.000008
32447 0.000015
32448 0.000016
32449 0.000014
32450 0.000019
32451 0.000023
32452 0.000019
32453 0.000026
32454 0.000026
32455 0.000006
32456 0.000011
32457 0.000040
32458 0.000015
32459 0.000012
32460 0.000020
32461 0.000009
32462 0.000025
32463 0.000036
32464 0.000031
32465 0.000027
32466 0.000022
32467 0.000027
32468 0.000016
32469 0.000017
32470 0.000029
32471 0.000018
32472 0.000012
32473 0.000020
32474 0.000014
32475 0.000011
32476 0.000012
32477 0.000025
32478 0.000016
32479 0.000020
32480 0.000019
32481 0.000024
32482 0.000017
32483 0.000024
32484 0.000036
32485 0.000045
32486 0.000022
32487 0.000027
32488 0.000030
32489 0.000016
32490 0.000012
32491 0.000018
32492 0.000019
32493 0.000031
32494 0.000010
32495 0.000008
32496 0.000015
32497 0.000030
32498 0.000017
32499 0.000027
32500 0.000012
32501 0.000014
32502 0.000025
32503 0.000019
32504 0.000019
32505 0.000024
32506 0.000011
32507 0.000009
32508 0.000014
32509 0.000024
32510 0.000010
32511 0.000021
32512 0.000023
32513 0.000020
32514 0.000018
32515 0.000012
32516 0.000034
32517 0.000016
32518 0.000016
32519 0.000018
32520 0.000009
32521 0.000013
32522 0.000016
32523 0.000022
32524 0.000041
32525 0.000030
32526 0.000009
32527 0.000016
32528 0.000020
32529 0.000022
32530 0.000014
32531 0.000034
32532 0.000021
32533 0.000015
32534 0.000011
32535 0.000019
32536 0.000015
32537 0.000016
32538 0.000031
32539 0.000018
32540 0.000015
32541 0.000017
32542 0.000045
32543 0.000022
32544 0.000022
32545 0.000028
32546 0.000025
32547 0.000019
32548 0.000021
32549 0.000012
32550 0.000009
32551 0.000012
32552 0.000009
32553 0.000012
32554 0.000025
32555 0.000020
32556 0.000022
32557 0.000016
32558 0.000019
32559 0.000028
32560 0.000014
32561 0.000019
32562 0.000020
32563 0.000030
32564 0.000021
32565 0.000019
32566 0.000024
32567 0.000020
32568 0.000022
32569 0.000014
32570 0.000037
32571 0.000025
32572 0.000025
32573 0.000013
32574 0.000016
32575 0.000013
32576 0.000026
32577 0.000018
32578 0.000015
32579 0.000023
32580 0.000022
32581 0.000028
32582 0.000040
32583 0.000023
32584 0.000013
32585 0.000009
32586 0.000020
32587 0.000032
32588 0.000018
32589 0.000020
32590 0.000014
32591 0.000018
32592 0.000024
32593 0.000013
32594 0.000020
32595 0.000015
32596 0.000008
32597 0.000006
32598 0.000022
32599 0.000008
32600 0.000022
32601 0.000023
32602 0.000029
32603 0.000020
32604 0.000022
32605 0.000034
32606 0.000036
32607 0.000018
32608 0.000013
32609 0.000018
32610 0.000007
32611 0.000022
32612 0.000022
32613 0.000016
32614 0.000017
32615 0.000018
32616 0.000020
32617 0.000016
32618 0.000025
32619 0.000013
32620 0.000015
32621 0.000008
32622 0.000013
32623 0.000010
32624 0.000028
32625 0.000009
32626 0.000006
32627 0.000045
32628 0.000024
32629 0.000027
32630 0.000016
32631 0.000006
32632 0.000013
32633 0.000023
32634 0.000027
32635 0.000015
32636 0.000019
32637 0.000031
32638 0.000018
32639 0.000027
32640 0.000028
32641 0.000008
32642 0.000004
32643 0.000021
32644 0.000017
32645 0.000008
32646 0.000026
32647 0.000016
32648 0.000024
32649 0.000025
32650 0.000015
32651 0.000013
32652 0.000013
32653 0.000014
32654 0.000018
32655 0.000011
32656 0.000036
32657 0.000021
32658 0.000022
32659 0.000017
32660 0.000041
32661 0.000029
32662 0.000026
32663 0.000023
32664 0.000014
32665 0.000014
32666 0.000014
32667 0.000017
32668 0.000030
32669 0.000030
32670 0.000014
32671 0.000033
32672 0.000012
32673 0.000007
32674 0.000007
32675 0.000020
32676 0.000024
32677 0.000024
32678 0.000015
32679 0.000013
32680 0.000009
32681 0.000016
32682 0.000008
32683 0.000018
32684 0.000028
32685 0.000008
32686 0.000020
32687 0.000024
32688 0.000026
32689 0.000017
32690 0.000015
32691 0.000025
32692 0.000013
32693 0.000028
32694 0.000035
32695 0.000017
32696 0.000013
32697 0.000015
32698 0.000021
32699 0.000024
32700 0.000023
32701 0.000029
32702 0.000024
32703 0.000031
32704 0.000019
32705 0.000032
32706 0.000021
32707 0.000027
32708 0.000022
32709 0.000017
32710 0.000018
32711 0.000010
32712 0.000015
32713 0.000014
32714 0.000037
32715 0.000017
32716 0.000023
32717 0.000030
32718 0.000034
32719 0.000030
32720 0.000041
32721 0.000020
32722 0.000016
32723 0.000016
32724 0.000019
32725 0.000019
32726 0.000013
32727 0.000011
32728 0.000019
32729 0.000027
32730 0.000012
32731 0.000014
32732 0.000023
32733 0.000021
32734 0.000017
32735 0.000013
32736 0.000009
32737 0.000011
32738 0.000015
32739 0.000015
32740 0.000019
32741 0.000019
32742 0.000022
32743 0.000021
32744 0.000021
32745 0.000032
32746 0.000018
32747 0.000019
32748 0.000013
32749 0.000022
32750 0.000042
32751 0.000023
32752 0.000015
32753 0.000021
32754 0.000012
32755 0.000024
32756 0.000028
32757 0.000030
32758 0.000023
32759 0.000022
32760 0.000033
32761 0.000024
32762 0.000020
32763 0.000014
32764 0.000018
32765 0.000016
32766 0.000027
32767 0.000028
32768 0.000017
32769 0.000016
32770 0.000013
32771 0.000018
32772 0.000014
32773 0.000019
32774 0.000017
32775 0.000033
32776 0.000015
32777 0.000010
32778 0.000027
32779 0.000035
32780 0.000052
32781 0.000043
32782 0.000030
32783 0.000022
32784 0.000007
32785 0.000012
32786 0.000022
32787 0.000008
32788 0.000011
32789 0.000054
32790 0.000019
32791 0.000011
32792 0.000005
32793 0.000011
32794 0.000013
32795 0.000016
32796 0.000019
32797 0.000018
32798 0.000024
32799 0.000018
32800 0.000014
32801 0.000021
32802 0.000036
32803 0.000020
32804 0.000008
32805 0.000021
32806 0.000010
32807 0.000022
32808 0.000038
32809 0.000033
32810 0.000025
32811 0.000020
32812 0.000011
32813 0.000022
32814 0.000021
32815 0.000010
32816 0.000025
32817 0.000024
32818 0.000013
32819 0.000031
32820 0.000037
32821 0.000012
32822 0.000033
32823 0.000023
32824 0.000015
32825 0.000018
32826 0.000011
32827 0.000014
32828 0.000028
32829 0.000020
32830 0.000019
32831 0.000013
32832 0.000022
32833 0.000030
32834 0.000019
32835 0.000019
32836 0.000028
32837 0.000023
32838 0.000026
32839 0.000010
32840 0.000019
32841 0.000036
32842 0.000030
32843 0.000020
32844 0.000033
32845 0.000022
32846 0.000012
32847 0.000017
32848 0.000010
32849 0.000020
32850 0.000028
32851 0.000018
32852 0.000027
32853 0.000016
32854 0.000023
32855 0.000028
32856 0.000015
32857 0.000016
32858 0.000017
32859 0.000037
32860 0.000037
32861 0.000009
32862 0.000007
32863 0.000032
32864 0.000025
32865 0.000009
32866 0.000029
32867 0.000016
32868 0.000031
32869 0.000032
32870 0.000032
32871 0.000030
32872 0.000026
32873 0.000033
32874 0.000046
32875 0.000030
32876 0.000015
32877 0.000021
32878 0.000031
32879 0.000015
32880 0.000016
32881 0.000016
32882 0.000015
32883 0.000021
32884 0.000018
32885 0.000024
32886 0.000008
32887 0.000026
32888 0.000011
32889 0.000007
32890 0.000008
32891 0.000011
32892 0.000023
32893 0.000018
32894 0.000016
32895 0.000018
32896 0.000007
32897 0.000027
32898 0.000025
32899 0.000021
32900 0.000025
32901 0.000023
32902 0.000025
32903 0.000028
32904 0.000016
32905 0.000033
32906 0.000038
32907 0.000027
32908 0.000017
32909 0.000019
32910 0.000026
32911 0.000021
32912 0.000016
32913 0.000031
32914 0.000017
32915 0.000019
32916 0.000034
32917 0.000025
32918 0.000030
32919 0.000018
32920 0.000018
32921 0.000019
32922 0.000026
32923 0.000023
32924 0.000019
32925 0.000019
32926 0.000012
32927 0.000028
32928 0.000009
32929 0.000013
32930 0.000015
32931 0.000032
32932 0.000037
32933 0.000027
32934 0.000022
32935 0.000016
32936 0.000016
32937 0.000019
32938 0.000020
32939 0.000010
32940 0.000009
32941 0.000011
32942 0.000012
32943 0.000029
32944 0.000019
32945 0.000020
32946 0.000012
32947 0.000015
32948 0.000017
32949 0.000020
32950 0.000020
32951 0.000027
32952 0.000038
32953 0.000017
32954 0.000017
32955 0.000011
32956 0.000025
32957 0.000039
32958 0.000021
32959 0.000013
32960 0.000010
32961 0.000020
32962 0.000025
32963 0.000021
32964 0.000033
32965 0.000011
32966 0.000015
32967 0.000016
32968 0.000030
32969 0.000034
32970 0.000017
32971 0.000008
32972 0.000025
32973 0.000041
32974 0.000041
32975 0.000011
32976 0.000019
32977 0.000020
32978 0.000025
32979 0.000019
32980 0.000016
32981 0.000009
32982 0.000015
32983 0.000021
32984 0.000018
32985 0.000033
32986 0.000021
32987 0.000018
32988 0.000017
32989 0.000020
32990 0.000029
32991 0.000047
32992 0.000017
32993 0.000009
32994 0.000009
32995 0.000005
32996 0.000018
32997 0.000025
32998 0.000018
32999 0.000018
33000 0.000018
33001 0.000024
33002 0.000018
33003 0.000006
33004 0.000016
33005 0.000028
33006 0.000017
33007 0.000010
33008 0.000010
33009 0.000017
33010 0.000005
33011 0.000019
33012 0.000009
33013 0.000022
33014 0.000023
33015 0.000023
33016 0.000018
33017 0.000019
33018 0.000020
33019 0.000029
33020 0.000009
33021 0.000007
33022 0.000008
33023 0.000019
33024 0.000036
33025 0.000016
33026 0.000018
33027 0.000027
33028 0.000011
33029 0.000015
33030 0.000012
33031 0.000011
33032 0.000012
33033 0.000012
33034 0.000016
33035 0.000009
33036 0.000017
33037 0.000032
33038 0.000026
33039 0.000017
33040 0.000013
33041 0.000012
33042 0.000016
33043 0.000025
33044 0.000014
33045 0.000030
33046 0.000025
33047 0.000036
33048 0.000020
33049 0.000012
33050 0.000021
33051 0.000014
33052 0.000016
33053 0.000013
33054 0.000020
33055 0.000038
33056 0.000020
33057 0.000029
33058 0.000008
33059 0.000020
33060 0.000017
33061 0.000033
33062 0.000014
33063 0.000017
33064 0.000031
33065 0.000018
33066 0.000010
33067 0.000014
33068 0.000030
33069 0.000040
33070 0.000014
33071 0.000014
33072 0.000024
33073 0.000016
33074 0.000010
33075 0.000008
33076 0.000023
33077 0.000017
33078 0.000018
33079 0.000037
33080 0.000023
33081 0.000020
33082 0.000022
33083 0.000010
33084 0.000009
33085 0.000009
33086 0.000011
33087 0.000025
33088 0.000016
33089 0.000007
33090 0.000013
33091 0.000011
33092 0.000023
33093 0.000016
33094 0.000023
33095 0.000014
33096 0.000022
33097 0.000024
33098 0.000021
33099 0.000021
33100 0.000018
33101 0.000020
33102 0.000038
33103 0.000032
33104 0.000011
33105 0.000011
33106 0.000037
33107 0.000024
33108 0.000015
33109 0.000017
33110 0.000029
33111 0.000021
33112 0.000021
33113 0.000019
33114 0.000018
33115 0.000036
33116 0.000017
33117 0.000012
33118 0.000028
33119 0.000026
33120 0.000040
33121 0.000016
33122 0.000022
33123 0.000026
33124 0.000021
33125 0.000022
33126 0.000030
33127 0.000011
33128 0.000018
33129 0.000022
33130 0.000031
33131 0.000016
33132 0.000019
33133 0.000022
33134 0.000020
33135 0.000039
33136 0.000035
33137 0.000023
33138 0.000008
33139 0.000034
33140 0.000022
33141 0.000020
33142 0.000010
33143 0.000028
33144 0.000023
33145 0.000009
33146 0.000012
33147 0.000026
33148 0.000019
33149 0.000009
33150 0.000010
33151 0.000026
33152 0.000036
33153 0.000024
33154 0.000022
33155 0.000020
33156 0.000010
33157 0.000013
33158 0.000019
33159 0.000020
33160 0.000025
33161 0.000010
33162 0.000031
33163 0.000023
33164 0.000021
33165 0.000015
33166 0.000017
33167 0.000018
33168 0.000026
33169 0.000026
33170 0.000034
33171 0.000017
33172 0.000030
33173 0.000015
33174 0.000024
33175 0.000026
33176 0.000020
33177 0.000011
33178 0.000021
33179 0.000045
33180 0.000016
33181 0.000017
33182 0.000011
33183 0.000016
33184 0.000019
33185 0.000034
33186 0.000021
33187 0.000010
33188 0.000022
33189 0.000017
33190 0.000022
33191 0.000014
33192 0.000007
33193 0.000015
33194 0.000014
33195 0.000018
33196 0.000015
33197 0.000015
33198 0.000013
33199 0.000007
33200 0.000009
33201 0.000018
33202 0.000031
33203 0.000008
33204 0.000007
33205 0.000009
33206 0.000010
33207 0.000023
33208 0.000021
33209 0.000022
33210 0.000025
33211 0.000033
33212 0.000024
33213 0.000021
33214 0.000019
33215 0.000028
33216 0.000012
33217 0.000019
33218 0.000013
33219 0.000016
33220 0.000038
33221 0.000036
33222 0.000035
33223 0.000028
33224 0.000013
33225 0.000012
33226 0.000012
33227 0.000026
33228 0.000028
33229 0.000017
33230 0.000026
33231 0.000020
33232 0.000013
33233 0.000013
33234 0.000018
33235 0.000021
33236 0.000010
33237 0.000011
33238 0.000004
33239 0.000011
33240 0.000013
33241 0.000022
33242 0.000022
33243 0.000012
33244 0.000009
33245 0.000032
33246 0.000017
33247 0.000024
33248 0.000022
33249 0.000025
33250 0.000052
33251 0.000042
33252 0.000021
33253 0.000014
33254 0.000011
33255 0.000020
33256 0.000016
33257 0.000020
33258 0.000032
33259 0.000024
33260 0.000023
33261 0.000019
33262 0.000033
33263 0.000022
33264 0.000018
33265 0.000019
33266 0.000027
33267 0.000011
33268 0.000034
33269 0.000020
33270 0.000018
33271 0.000033
33272 0.000012
33273 0.000019
33274 0.000025
33275 0.000020
33276 0.000014
33277 0.000024
33278 0.000041
33279 0.000021
33280 0.000027
33281 0.000028
33282 0.000017
33283 0.000023
33284 0.000019
33285 0.000022
33286 0.000017
33287 0.000014
33288 0.000019
33289 0.000022
33290 0.000025
33291 0.000024
33292 0.000047
33293 0.000027
33294 0.000026
33295 0.000016
33296 0.000026
33297 0.000017
33298 0.000012
33299 0.000008
33300 0.000013
33301 0.000016
33302 0.000012
33303 0.000020
33304 0.000007
33305 0.000016
33306 0.000014
33307 0.000021
33308 0.000018
33309 0.000017
33310 0.000022
33311 0.000014
33312 0.000017
33313 0.000031
33314 0.000022
33315 0.000027
33316 0.000042
33317 0.000028
33318 0.000031
33319 0.000025
33320 0.000016
33321 0.000022
33322 0.000008
33323 0.000018
33324 0.000040
33325 0.000005
33326 0.000032
33327 0.000013
33328 0.000018
33329 0.000019
33330 0.000005
33331 0.000007
33332 0.000012
33333 0.000017
33334 0.000017
33335 0.000027
33336 0.000022
33337 0.000023
33338 0.000020
33339 0.000019
33340 0.000015
33341 0.000016
33342 0.000016
33343 0.000018
33344 0.000019
33345 0.000012
33346 0.000039
33347 0.000030
33348 0.000020
33349 0.000017
33350 0.000014
33351 0.000007
33352 0.000016
33353 0.000009
33354 0.000015
33355 0.000013
33356 0.000019
33357 0.000034
33358 0.000009
33359 0.000013
33360 0.000027
33361 0.000024
33362 0.000022
33363 0.000019
33364 0.000027
33365 0.000022
33366 0.000017
33367 0.000023
33368 0.000010
33369 0.000012
33370 0.000025
33371 0.000012
33372 0.000017
33373 0.000041
33374 0.000029
33375 0.000051
33376 0.000024
33377 0.000023
33378 0.000024
33379 0.000035
33380 0.000019
33381 0.000006
33382 0.000019
33383 0.000029
33384 0.000017
33385 0.000018
33386 0.000020
33387 0.000030
33388 0.000014
33389 0.000037
33390 0.000022
33391 0.000018
33392 0.000019
33393 0.000034
33394 0.000009
33395 0.000011
33396 0.000014
33397 0.000024
33398 0.000015
33399 0.000020
33400 0.000021
33401 0.000036
33402 0.000028
33403 0.000022
33404 0.000018
33405 0.000017
33406 0.000021
33407 0.000029
33408 0.000013
33409 0.000017
33410 0.000021
33411 0.000009
33412 0.000018
33413 0.000012
33414 0.000013
33415 0.000007
33416 0.000013
33417 0.000011
33418 0.000014
33419 0.000017
33420 0.000024
33421 0.000022
33422 0.000028
33423 0.000020
33424 0.000022
33425 0.000025
33426 0.000052
33427 0.000018
33428 0.000023
33429 0.000014
33430 0.000010
33431 0.000024
33432 0.000012
33433 0.000012
33434 0.000019
33435 0.000016
33436 0.000006
33437 0.000017
33438 0.000023
33439 0.000011
33440 0.000028
33441 0.000018
33442 0.000027
33443 0.000021
33444 0.000047
33445 0.000021
33446 0.000019
33447 0.000035
33448 0.000009
33449 0.000010
33450 0.000013
33451 0.000023
33452 0.000014
33453 0.000012
33454 0.000026
33455 0.000017
33456 0.000022
33457 0.000023
33458 0.000009
33459 0.000009
33460 0.000021
33461 0.000009
33462 0.000010
33463 0.000023
33464 0.000022
33465 0.000013
33466 0.000022
33467 0.000016
33468 0.000009
33469 0.000028
33470 0.000009
33471 0.000026
33472 0.000025
33473 0.000016
33474 0.000019
33475 0.000042
33476 0.000016
33477 0.000014
33478 0.000032
33479 0.000032
33480 0.000024
33481 0.000015
33482 0.000009
33483 0.000009
33484 0.000014
33485 0.000032
33486 0.000024
33487 0.000025
33488 0.000013
33489 0.000012
33490 0.000019
33491 0.000026
33492 0.000025
33493 0.000024
33494 0.000017
33495 0.000008
33496 0.000013
33497 0.000034
33498 0.000007
33499 0.000015
33500 0.000035
33501 0.000029
33502 0.000018
33503 0.000025
33504 0.000013
33505 0.000007
33506 0.000023
33507 0.000014
33508 0.000027
33509 0.000022
33510 0.000025
33511 0.000029
33512 0.000008
33513 0.000009
33514 0.000010
33515 0.000014
33516 0.000034
33517 0.000013
33518 0.000018
33519 0.000011
33520 0.000017
33521 0.000024
33522 0.000017
33523 0.000012
33524 0.000018
33525 0.000028
33526 0.000015
33527 0.000026
33528 0.000013
33529 0.000026
33530 0.000028
33531 0.000012
33532 0.000026
33533 0.000007
33534 0.000019
33535 0.000008
33536 0.000017
33537 0.000012
33538 0.000021
33539 0.000016
33540 0.000012
33541 0.000010
33542 0.000024
33543 0.000037
33544 0.000040
33545 0.000023
33546 0.000020
33547 0.000025
33548 0.000013
33549 0.000019
33550 0.000027
33551 0.000014
33552 0.000032
33553 0.000007
33554 0.000026
33555 0.000035
33556 0.000017
33557 0.000019
33558 0.000015
33559 0.000025
33560 0.000024
33561 0.000009
33562 0.000015
33563 0.000015
33564 0.000013
33565 0.000013
33566 0.000017
33567 0.000027
33568 0.000045
33569 0.000022
33570 0.000012
33571 0.000017
33572 0.000013
33573 0.000012
33574 0.000016
33575 0.000012
33576 0.000025
33577 0.000031
33578 0.000025
33579 0.000029
33580 0.000027
33581 0.000029
33582 0.000019
33583 0.000025
33584 0.000010
33585 0.000020
33586 0.000032
33587 0.000014
33588 0.000017
33589 0.000016
33590 0.000017
33591 0.000038
33592 0.000018
33593 0.000013
33594 0.000014
33595 0.000011
33596 0.000012
33597 0.000008
33598 0.000012
33599 0.000021
33600 0.000015
33601 0.000027
33602 0.000034
33603 0.000028
33604 0.000027
33605 0.000036
33606 0.000012
33607 0.000011
33608 0.000012
33609 0.000016
33610 0.000016
33611 0.000018
33612 0.000021
33613 0.000009
33614 0.000045
33615 0.000024
33616 0.000029
33617 0.000022
33618 0.000035
33619 0.000020
33620 0.000025
33621 0.000043
33622 0.000034
33623 0.000025
33624 0.000028
33625 0.000023
33626 0.000008
33627 0.000010
33628 0.000027
33629 0.000024
33630 0.000015
33631 0.000015
33632 0.000014
33633 0.000009
33634 0.000019
33635 0.000017
33636 0.000010
33637 0.000009
33638 0.000015
33639 0.000013
33640 0.000025
33641 0.000027
33642 0.000015
33643 0.000007
33644 0.000007
33645 0.000027
33646 0.000019
33647 0.000015
33648 0.000019
33649 0.000011
33650 0.000030
33651 0.000013
33652 0.000039
33653 0.000030
33654 0.000017
33655 0.000027
33656 0.000027
33657 0.000020
33658 0.000014
33659 0.000007
33660 0.000004
33661 0.000010
33662 0.000005
33663 0.000019
33664 0.000014
33665 0.000021
33666 0.000022
33667 0.000027
33668 0.000045
33669 0.000030
33670 0.000037
33671 0.000016
33672 0.000021
33673 0.000026
33674 0.000027
33675 0.000012
33676 0.000013
33677 0.000010
33678 0.000035
33679 0.000022
33680 0.000012
33681 0.000030
33682 0.000015
33683 0.000016
33684 0.000035
33685 0.000019
33686 0.000014
33687 0.000020
33688 0.000018
33689 0.000031
33690 0.000017
33691 0.000013
33692 0.000010
33693 0.000007
33694 0.000011
33695 0.000024
33696 0.000018
33697 0.000030
33698 0.000021
33699 0.000016
33700 0.000021
33701 0.000015
33702 0.000019
33703 0.000017
33704 0.000014
33705 0.000014
33706 0.000016
33707 0.000015
33708 0.000023
33709 0.000039
33710 0.000019
33711 0.000024
33712 0.000009
33713 0.000014
33714 0.000006
33715 0.000027
33716 0.000022
33717 0.000024
33718 0.000029
33719 0.000016
33720 0.000032
33721 0.000010
33722 0.000004
33723 0.000006
33724 0.000018
33725 0.000014
33726 0.000017
33727 0.000035
33728 0.000029
33729 0.000024
33730 0.000011
33731 0.000011
33732 0.000012
33733 0.000016
33734 0.000026
33735 0.000021
33736 0.000013
33737 0.000014
33738 0.000026
33739 0.000017
33740 0.000020
33741 0.000016
33742 0.000029
33743 0.000033
33744 0.000014
33745 0.000030
33746 0.000034
33747 0.000009
33748 0.000018
33749 0.000020
33750 0.000012
33751 0.000012
33752 0.000012
33753 0.000010
33754 0.000007
33755 0.000028
33756 0.000015
33757 0.000020
33758 0.000008
33759 0.000018
33760 0.000022
33761 0.000016
33762 0.000021
33763 0.000012
33764 0.000023
33765 0.000034
33766 0.000017
33767 0.000009
33768 0.000018
33769 0.000012
33770 0.000008
33771 0.000018
33772 0.000013
33773 0.000012
33774 0.000012
33775 0.000022
33776 0.000020
33777 0.000018
33778 0.000014
33779 0.000023
33780 0.000010
33781 0.000018
33782 0.000016
33783 0.000020
33784 0.000019
33785 0.000015
33786 0.000011
33787 0.000026
33788 0.000032
33789 0.000008
33790 0.000010
33791 0.000014
33792 0.000018
33793 0.000028
33794 0.000017
33795 0.000034
33796 0.000018
33797 0.000010
33798 0.000026
33799 0.000035
33800 0.000021
33801 0.000023
33802 0.000014
33803 0.000022
33804 0.000033
33805 0.000026
33806 0.000020
33807 0.000013
33808 0.000020
33809 0.000020
33810 0.000025
33811 0.000035
33812 0.000021
33813 0.000015
33814 0.000019
33815 0.000011
33816 0.000032
33817 0.000017
33818 0.000010
33819 0.000023
33820 0.000017
33821 0.000019
33822 0.000050
33823 0.000026
33824 0.000017
33825 0.000009
33826 0.000006
33827 0.000004
33828 0.000023
33829 0.000024
33830 0.000026
33831 0.000009
33832 0.000010
33833 0.000028
33834 0.000037
33835 0.000042
33836 0.000059
33837 0.000046
33838 0.000015
33839 0.000017
33840 0.000013
33841 0.000010
33842 0.000021
33843 0.000021
33844 0.000024
33845 0.000010
33846 0.000017
33847 0.000015
33848 0.000023
33849 0.000025
33850 0.000034
33851 0.000023
33852 0.000017
33853 0.000023
33854 0.000022
33855 0.000015
33856 0.000012
33857 0.000012
33858 0.000016
33859 0.000017
33860 0.000034
33861 0.000017
33862 0.000014
33863 0.000019
33864 0.000020
33865 0.000020
33866 0.000012
33867 0.000017
33868 0.000015
33869 0.000024
33870 0.000016
33871 0.000015
33872 0.000027
33873 0.000012
33874 0.000009
33875 0.000020
33876 0.000021
33877 0.000022
33878 0.000008
33879 0.000040
33880 0.000040
33881 0.000032
33882 0.000029
33883 0.000014
33884 0.000028
33885 0.000020
33886 0.000020
33887 0.000017
33888 0.000026
33889 0.000013
33890 0.000009
33891 0.000017
33892 0.000019
33893 0.000030
33894 0.000020
33895 0.000028
33896 0.000008
33897 0.000012
33898 0.000018
33899 0.000017
33900 0.000016
33901 0.000041
33902 0.000026
33903 0.000023
33904 0.000014
33905 0.000022
33906 0.000028
33907 0.000014
33908 0.000026
33909 0.000033
33910 0.000019
33911 0.000018
33912 0.000010
33913 0.000009
33914 0.000016
33915 0.000015
33916 0.000024
33917 0.000026
33918 0.000020
33919 0.000012
33920 0.000025
33921 0.000021
33922 0.000012
33923 0.000009
33924 0.000013
33925 0.000008
33926 0.000015
33927 0.000023
33928 0.000009
33929 0.000016
33930 0.000005
33931 0.000015
33932 0.000009
33933 0.000010
33934 0.000016
33935 0.000020
33936 0.000013
33937 0.000016
33938 0.000018
33939 0.000014
33940 0.000021
33941 0.000022
33942 0.000018
33943 0.000012
33944 0.000012
33945 0.000007
33946 0.000013
33947 0.000024
33948 0.000016
33949 0.000018
33950 0.000025
33951 0.000025
33952 0.000022
33953 0.000037
33954 0.000026
33955 0.000016
33956 0.000017
33957 0.000021
33958 0.000018
33959 0.000019
33960 0.000019
33961 0.000008
33962 0.000016
33963 0.000020
33964 0.000029
33965 0.000016
33966 0.000012
33967 0.000016
33968 0.000023
33969 0.000030
33970 0.000037
33971 0.000029
33972 0.000014
33973 0.000014
33974 0.000010
33975 0.000016
33976 0.000021
33977 0.000019
33978 0.000012
33979 0.000012
33980 0.000016
33981 0.000011
33982 0.000019
33983 0.000017
33984 0.000013
33985 0.000025
33986 0.000015
33987 0.000022
33988 0.000013
33989 0.000012
33990 0.000008
33991 0.000018
33992 0.000028
33993 0.000019
33994 0.000024
33995 0.000018
33996 0.000017
33997 0.000019
33998 0.000020
33999 0.000017
34000 0.000017
34001 0.000007
34002 0.000017
34003 0.000019
34004 0.000037
34005 0.000017
34006 0.000013
34007 0.000011
34008 0.000025
34009 0.000025
34010 0.000022
34011 0.000025
34012 0.000023
34013 0.000014
34014 0.000010
34015 0.000008
34016 0.000015
34017 0.000013
34018 0.000033
34019 0.000028
34020 0.000030
34021 0.000030
34022 0.000014
34023 0.000025
34024 0.000024
34025 0.000007
34026 0.000031
34027 0.000023
34028 0.000014
34029 0.000011
34030 0.000019
34031 0.000009
34032 0.000006
34033 0.000023
34034 0.000037
34035 0.000013
34036 0.000020
34037 0.000020
34038 0.000022
34039 0.000009
34040 0.000012
34041 0.000011
34042 0.000014
34043 0.000014
34044 0.000016
34045 0.000017
34046 0.000022
34047 0.000025
34048 0.000017
34049 0.000029
34050 0.000021
34051 0.000015
34052 0.000024
34053 0.000016
34054 0.000052
34055 0.000027
34056 0.000019
34057 0.000015
34058 0.000012
34059 0.000019
34060 0.000024
34061 0.000016
34062 0.000011
34063 0.000025
34064 0.000017
34065 0.000018
34066 0.000012
34067 0.000026
34068 0.000014
34069 0.000019
34070 0.000014
34071 0.000033
34072 0.000049
34073 0.000015
34074 0.000034
34075 0.000019
34076 0.000017
34077 0.000015
34078 0.000018
34079 0.000013
34080 0.000012
34081 0.000015
34082 0.000025
34083 0.000017
34084 0.000017
34085 0.000018
34086 0.000005
34087 0.000020
34088 0.000023
34089 0.000039
34090 0.000023
34091 0.000017
34092 0.000030
34093 0.000011
34094 0.000014
34095 0.000013
34096 0.000013
34097 0.000020
34098 0.000038
34099 0.000028
34100 0.000015
34101 0.000021
34102 0.000017
34103 0.000018
34104 0.000022
34105 0.000020
34106 0.000019
34107 0.000023
34108 0.000038
34109 0.000017
34110 0.000035
34111 0.000027
34112 0.000023
34113 0.000036
34114 0.000022
34115 0.000021
34116 0.000015
34117 0.000028
34118 0.000017
34119 0.000016
34120 0.000014
34121 0.000014
34122 0.000013
34123 0.000025
34124 0.000016
34125 0.000024
34126 0.000022
34127 0.000022
34128 0.000021
34129 0.000029
34130 0.000026
34131 0.000017
34132 0.000030
34133 0.000030
34134 0.000030
34135 0.000014
34136 0.000014
34137 0.000034
34138 0.000023
34139 0.000014
34140 0.000021
34141 0.000015
34142 0.000024
34143 0.000037
34144 0.000014
34145 0.000011
34146 0.000010
34147 0.000024
34148 0.000025
34149 0.000010
34150 0.000010
34151 0.000008
34152 0.000026
34153 0.000028
34154 0.000017
34155 0.000019
34156 0.000026
34157 0.000028
34158 0.000018
34159 0.000022
34160 0.000019
34161 0.000033
34162 0.000014
34163 0.000023
34164 0.000015
34165 0.000016
34166 0.000018
34167 0.000036
34168 0.000011
34169 0.000012
34170 0.000020
34171 0.000031
34172 0.000013
34173 0.000020
34174 0.000005
34175 0.000011
34176 0.000016
34177 0.000008
34178 0.000018
34179 0.000024
34180 0.000015
34181 0.000013
34182 0.000016
34183 0.000016
34184 0.000013
34185 0.000017
34186 0.000033
34187 0.000022
34188 0.000023
34189 0.000025
34190 0.000009
34191 0.000016
34192 0.000019
34193 0.000023
34194 0.000017
34195 0.000023
34196 0.000013
34197 0.000012
34198 0.000022
34199 0.000010
34200 0.000014
34201 0.000014
34202 0.000014
34203 0.000022
34204 0.000029
34205 0.000020
34206 0.000025
34207 0.000021
34208 0.000019
34209 0.000015
34210 0.000015
34211 0.000032
34212 0.000014
34213 0.000016
34214 0.000022
34215 0.000013
34216 0.000014
34217 0.000014
34218 0.000024
34219 0.000012
34220 0.000024
34221 0.000017
34222 0.000025
34223 0.000024
34224 0.000013
34225 0.000011
34226 0.000008
34227 0.000014
34228 0.000027
34229 0.000037
34230 0.000037
34231 0.000021
34232 0.000025
34233 0.000023
34234 0.000019
34235 0.000011
34236 0.000033
34237 0.000020
34238 0.000015
34239 0.000017
34240 0.000022
34241 0.000023
34242 0.000020
34243 0.000017
34244 0.000016
34245 0.000014
34246 0.000012
34247 0.000024
34248 0.000011
34249 0.000013
34250 0.000020
34251 0.000025
34252 0.000014
34253 0.000009
34254 0.000012
34255 0.000020
34256 0.000021
34257 0.000021
34258 0.000019
34259 0.000021
34260 0.000027
34261 0.000012
34262 0.000008
34263 0.000012
34264 0.000014
34265 0.000015
34266 0.000022
34267 0.000013
34268 0.000014
34269 0.000011
34270 0.000019
34271 0.000019
34272 0.000010
34273 0.000014
34274 0.000017
34275 0.000026
34276 0.000028
34277 0.000020
34278 0.000008
34279 0.000014
34280 0.000017
34281 0.000011
34282 0.000009
34283 0.000011
34284 0.000010
34285 0.000017
34286 0.000031
34287 0.000022
34288 0.000026
34289 0.000015
34290 0.000023
34291 0.000032
34292 0.000026
34293 0.000021
34294 0.000029
34295 0.000030
34296 0.000023
34297 0.000031
34298 0.000030
34299 0.000032
34300 0.000025
34301 0.000019
34302 0.000023
34303 0.000013
34304 0.000018
34305 0.000005
34306 0.000022
34307 0.000026
34308 0.000013
34309 0.000018
34310 0.000021
34311 0.000024
34312 0.000014
34313 0.000019
34314 0.000009
34315 0.000013
34316 0.000022
34317 0.000012
34318 0.000020
34319 0.000033
34320 0.000023
34321 0.000033
34322 0.000017
34323 0.000024
34324 0.000015
34325 0.000027
34326 0.000018
34327 0.000035
34328 0.000013
34329 0.000016
34330 0.000017
34331 0.000012
34332 0.000025
34333 0.000039
34334 0.000034
34335 0.000031
34336 0.000021
34337 0.000016
34338 0.000013
34339 0.000012
34340 0.000018
34341 0.000028
34342 0.000035
34343 0.000011
34344 0.000016
34345 0.000011
34346 0.000010
34347 0.000026
34348 0.000011
34349 0.000024
34350 0.000030
34351 0.000017
34352 0.000017
34353 0.000014
34354 0.000029
34355 0.000041
34356 0.000020
34357 0.000016
34358 0.000019
34359 0.000022
34360 0.000025
34361 0.000014
34362 0.000011
34363 0.000022
34364 0.000018
34365 0.000012
34366 0.000017
34367 0.000017
34368 0.000015
34369 0.000040
34370 0.000012
34371 0.000018
34372 0.000022
34373 0.000027
34374 0.000035
34375 0.000024
34376 0.000010
34377 0.000013
34378 0.000006
34379 0.000012
34380 0.000030
34381 0.000008
34382 0.000007
34383 0.000038
34384 0.000028
34385 0.000026
34386 0.000020
34387 0.000008
34388 0.000028
34389 0.000018
34390 0.000019
34391 0.000011
34392 0.000012
34393 0.000020
34394 0.000035
34395 0.000040
34396 0.000022
34397 0.000025
34398 0.000023
34399 0.000010
34400 0.000018
34401 0.000018
34402 0.000017
34403 0.000019
34404 0.000026
34405 0.000033
34406 0.000030
34407 0.000021
34408 0.000020
34409 0.000026
34410 0.000022
34411 0.000021
34412 0.000020
34413 0.000032
34414 0.000023
34415 0.000017
34416 0.000012
34417 0.000021
34418 0.000018
34419 0.000031
34420 0.000024
34421 0.000018
34422 0.000011
34423 0.000023
34424 0.000025
34425 0.000021
34426 0.000020
34427 0.000032
34428 0.000016
34429 0.000011
34430 0.000029
34431 0.000017
34432 0.000037
34433 0.000035
34434 0.000021
34435 0.000029
34436 0.000021
34437 0.000024
34438 0.000018
34439 0.000011
34440 0.000018
34441 0.000025
34442 0.000019
34443 0.000020
34444 0.000019
34445 0.000020
34446 0.000023
34447 0.000005
34448 0.000006
34449 0.000008
34450 0.000012
34451 0.000043
34452 0.000034
34453 0.000016
34454 0.000014
34455 0.000027
34456 0.000018
34457 0.000017
34458 0.000017
34459 0.000013
34460 0.000020
34461 0.000020
34462 0.000015
34463 0.000019
34464 0.000014
34465 0.000021
34466 0.000016
34467 0.000014
34468 0.000019
34469 0.000017
34470 0.000017
34471 0.000008
34472 0.000017
34473 0.000011
34474 0.000008
34475 0.000014
34476 0.000014
34477 0.000014
34478 0.000026
34479 0.000009
34480 0.000008
34481 0.000019
34482 0.000015
34483 0.000015
34484 0.000014
34485 0.000037
34486 0.000021
34487 0.000018
34488 0.000017
34489 0.000015
34490 0.000019
34491 0.000020
34492 0.000017
34493 0.000017
34494 0.000031
34495 0.000025
34496 0.000035
34497 0.000015
34498 0.000013
34499 0.000014
34500 0.000010
34501 0.000020
34502 0.000012
34503 0.000015
34504 0.000027
34505 0.000028
34506 0.000030
34507 0.000011
34508 0.000017
34509 0.000030
34510 0.000016
34511 0.000017
34512 0.000026
34513 0.000019
34514 0.000026
34515 0.000020
34516 0.000014
34517 0.000032
34518 0.000026
34519 0.000007
34520 0.000020
34521 0.000028
34522 0.000022
34523 0.000024
34524 0.000026
34525 0.000012
34526 0.000017
34527 0.000024
34528 0.000016
34529 0.000016
34530 0.000018
34531 0.000017
34532 0.000022
34533 0.000022
34534 0.000013
34535 0.000014
34536 0.000017
34537 0.000030
34538 0.000022
34539 0.000014
34540 0.000031
34541 0.000030
34542 0.000018
34543 0.000024
34544 0.000023
34545 0.000015
34546 0.000030
34547 0.000018
34548 0.000009
34549 0.000020
34550 0.000019
34551 0.000015
34552 0.000023
34553 0.000024
34554 0.000017
34555 0.000017
34556 0.000027
34557 0.000014
34558 0.000024
34559 0.000017
34560 0.000031
34561 0.000024
34562 0.000029
34563 0.000031
34564 0.000011
34565 0.000045
34566 0.000018
34567 0.000031
34568 0.000026
34569 0.000025
34570 0.000014
34571 0.000020
34572 0.000021
34573 0.000021
34574 0.000023
34575 0.000017
34576 0.000024
34577 0.000038
34578 0.000027
34579 0.000027
34580 0.000035
34581 0.000027
34582 0.000018
34583 0.000017
34584 0.000017
34585 0.000012
34586 0.000020
34587 0.000009
34588 0.000029
34589 0.000019
34590 0.000039
34591 0.000023
34592 0.000017
34593 0.000014
34594 0.000022
34595 0.000023
34596 0.000018
34597 0.000028
34598 0.000017
34599 0.000013
34600 0.000009
34601 0.000016
34602 0.000031
34603 0.000025
34604 0.000014
34605 0.000020
34606 0.000030
34607 0.000027
34608 0.000035
34609 0.000026
34610 0.000019
34611 0.000008
34612 0.000012
34613 0.000017
34614 0.000021
34615 0.000017
34616 0.000022
34617 0.000015
34618 0.000036
34619 0.000027
34620 0.000031
34621 0.000022
34622 0.000024
34623 0.000026
34624 0.000028
34625 0.000019
34626 0.000027
34627 0.000021
34628 0.000021
34629 0.000015
34630 0.000021
34631 0.000019
34632 0.000011
34633 0.000013
34634 0.000027
34635 0.000018
34636 0.000016
34637 0.000018
34638 0.000016
34639 0.000009
34640 0.000014
34641 0.000022
34642 0.000007
34643 0.000009
34644 0.000020
34645 0.000005
34646 0.000010
34647 0.000011
34648 0.000011
34649 0.000016
34650 0.000009
34651 0.000021
34652 0.000023
34653 0.000021
34654 0.000028
34655 0.000014
34656 0.000025
34657 0.000013
34658 0.000022
34659 0.000018
34660 0.000015
34661 0.000024
34662 0.000027
34663 0.000018
34664 0.000013
34665 0.000017
34666 0.000015
34667 0.000016
34668 0.000017
34669 0.000032
34670 0.000021
34671 0.000044
34672 0.000017
34673 0.000023
34674 0.000026
34675 0.000022
34676 0.000018
34677 0.000019
34678 0.000009
34679 0.000009
34680 0.000022
34681 0.000020
34682 0.000025
34683 0.000045
34684 0.000022
34685 0.000013
34686 0.000025
34687 0.000017
34688 0.000021
34689 0.000026
34690 0.000017
34691 0.000017
34692 0.000024
34693 0.000016
34694 0.000022
34695 0.000020
34696 0.000014
34697 0.000005
34698 0.000011
34699 0.000012
34700 0.000022
34701 0.000020
34702 0.000022
34703 0.000026
34704 0.000036
34705 0.000038
34706 0.000035
34707 0.000034
34708 0.000013
34709 0.000008
34710 0.000012
34711 0.000023
34712 0.000017
34713 0.000020
34714 0.000021
34715 0.000013
34716 0.000011
34717 0.000013
34718 0.000007
34719 0.000026
34720 0.000030
34721 0.000020
34722 0.000033
34723 0.000026
34724 0.000025
34725 0.000034
34726 0.000026
34727 0.000012
34728 0.000018
34729 0.000024
34730 0.000006
34731 0.000014
34732 0.000014
34733 0.000022
34734 0.000019
34735 0.000014
34736 0.000014
34737 0.000005
34738 0.000025
34739 0.000021
34740 0.000021
34741 0.000024
34742 0.000023
34743 0.000018
34744 0.000026
34745 0.000019
34746 0.000009
34747 0.000029
34748 0.000016
34749 0.000019
34750 0.000020
34751 0.000020
34752 0.000015
34753 0.000029
34754 0.000015
34755 0.000013
34756 0.000030
34757 0.000017
34758 0.000016
34759 0.000020
34760 0.000024
34761 0.000022
34762 0.000016
34763 0.000018
34764 0.000028
34765 0.000019
34766 0.000027
34767 0.000012
34768 0.000046
34769 0.000018
34770 0.000018
34771 0.000019
34772 0.000019
34773 0.000018
34774 0.000022
34775 0.000021
34776 0.000012
34777 0.000012
34778 0.000016
34779 0.000008
34780 0.000026
34781 0.000015
34782 0.000029
34783 0.000017
34784 0.000019
34785 0.000011
34786 0.000014
34787 0.000023
34788 0.000034
34789 0.000018
34790 0.000020
34791 0.000056
34792 0.000035
34793 0.000016
34794 0.000015
34795 0.000011
34796 0.000005
34797 0.000017
34798 0.000018
34799 0.000017
34800 0.000024
34801 0.000015
34802 0.000049
34803 0.000023
34804 0.000012
34805 0.000020
34806 0.000031
34807 0.000024
34808 0.000012
34809 0.000016
34810 0.000021
34811 0.000023
34812 0.000013
34813 0.000016
34814 0.000029
34815 0.000016
34816 0.000013
34817 0.000016
34818 0.000011
34819 0.000016
34820 0.000010
34821 0.000010
34822 0.000009
34823 0.000026
34824 0.000013
34825 0.000009
34826 0.000015
34827 0.000015
34828 0.000019
34829 0.000026
34830 0.000023
34831 0.000012
34832 0.000027
34833 0.000031
34834 0.000012
34835 0.000014
34836 0.000008
34837 0.000019
34838 0.000023
34839 0.000024
34840 0.000026
34841 0.000042
34842 0.000009
34843 0.000036
34844 0.000034
34845 0.000043
34846 0.000029
34847 0.000020
34848 0.000024
34849 0.000015
34850 0.000012
34851 0.000013
34852 0.000015
34853 0.000024
34854 0.000010
34855 0.000027
34856 0.000013
34857 0.000006
34858 0.000019
34859 0.000015
34860 0.000022
34861 0.000018
34862 0.000017
34863 0.000018
34864 0.000030
34865 0.000023
34866 0.000013
34867 0.000014
34868 0.000023
34869 0.000016
34870 0.000011
34871 0.000011
34872 0.000013
34873 0.000016
34874 0.000010
34875 0.000014
34876 0.000017
34877 0.000023
34878 0.000027
34879 0.000039
34880 0.000015
34881 0.000009
34882 0.000014
34883 0.000009
34884 0.000018
34885 0.000008
34886 0.000013
34887 0.000020
34888 0.000030
34889 0.000037
34890 0.000023
34891 0.000021
34892 0.000018
34893 0.000011
34894 0.000019
34895 0.000033
34896 0.000033
34897 0.000019
34898 0.000021
34899 0.000018
34900 0.000021
34901 0.000021
34902 0.000029
34903 0.000035
34904 0.000029
34905 0.000027
34906 0.000016
34907 0.000017
34908 0.000009
34909 0.000035
34910 0.000022
34911 0.000022
34912 0.000014
34913 0.000019
34914 0.000025
34915 0.000021
34916 0.000021
34917 0.000039
34918 0.000014
34919 0.000027
34920 0.000034
34921 0.000023
34922 0.000029
34923 0.000018
34924 0.000010
34925 0.000023
34926 0.000021
34927 0.000022
34928 0.000012
34929 0.000022
34930 0.000033
34931 0.000016
34932 0.000029
34933 0.000016
34934 0.000024
34935 0.000034
34936 0.000015
34937 0.000006
34938 0.000014
34939 0.000011
34940 0.000023
34941 0.000038
34942 0.000013
34943 0.000016
34944 0.000025
34945 0.000017
34946 0.000015
34947 0.000024
34948 0.000026
34949 0.000021
34950 0.000014
34951 0.000023
34952 0.000020
34953 0.000012
34954 0.000015
34955 0.000009
34956 0.000011
34957 0.000014
34958 0.000031
34959 0.000029
34960 0.000023
34961 0.000030
34962 0.000014
34963 0.000022
34964 0.000025
34965 0.000018
34966 0.000030
34967 0.000022
34968 0.000016
34969 0.000028
34970 0.000021
34971 0.000012
34972 0.000017
34973 0.000021
34974 0.000017
34975 0.000012
34976 0.000008
34977 0.000014
34978 0.000026
34979 0.000022
34980 0.000025
34981 0.000020
34982 0.000023
34983 0.000010
34984 0.000018
34985 0.000028
34986 0.000010
34987 0.000013
34988 0.000007
34989 0.000025
34990 0.000028
34991 0.000006
34992 0.000013
34993 0.000039
34994 0.000028
34995 0.000019
34996 0.000021
34997 0.000030
34998 0.000032
34999 0.000029
35000 0.000011
35001 0.000023
35002 0.000024
35003 0.000033
35004 0.000019
35005 0.000019
35006 0.000035
35007 0.000018
35008 0.000008
35009 0.000018
35010 0.000018
35011 0.000029
35012 0.000027
35013 0.000011
35014 0.000017
35015 0.000024
35016 0.000034
35017 0.000011
35018 0.000005
35019 0.000027
35020 0.000028
35021 0.000012
35022 0.000025
35023 0.000012
35024 0.000005
35025 0.000012
35026 0.000014
35027 0.000016
35028 0.000014
35029 0.000014
35030 0.000021
35031 0.000012
35032 0.000022
35033 0.000020
35034 0.000013
35035 0.000021
35036 0.000027
35037 0.000008
35038 0.000019
35039 0.000016
35040 0.000013
35041 0.000023
35042 0.000018
35043 0.000022
35044 0.000029
35045 0.000014
35046 0.000038
35047 0.000035
35048 0.000029
35049 0.000017
35050 0.000020
35051 0.000006
35052 0.000019
35053 0.000019
35054 0.000016
35055 0.000029
35056 0.000032
35057 0.000026
35058 0.000021
35059 0.000023
35060 0.000027
35061 0.000021
35062 0.000016
35063 0.000022
35064 0.000041
35065 0.000047
35066 0.000019
35067 0.000005
35068 0.000027
35069 0.000028
35070 0.000018
35071 0.000020
35072 0.000024
35073 0.000013
35074 0.000014
35075 0.000028
35076 0.000034
35077 0.000028
35078 0.000024
35079 0.000017
35080 0.000017
35081 0.000009
35082 0.000008
35083 0.000023
35084 0.000023
35085 0.000014
35086 0.000015
35087 0.000014
35088 0.000027
35089 0.000031
35090 0.000023
35091 0.000008
35092 0.000021
35093 0.000016
35094 0.000006
35095 0.000013
35096 0.000010
35097 0.000033
35098 0.000019
35099 0.000019
35100 0.000013
35101 0.000015
35102 0.000023
35103 0.000024
35104 0.000023
35105 0.000025
35106 0.000037
35107 0.000022
35108 0.000023
35109 0.000025
35110 0.000015
35111 0.000013
35112 0.000027
35113 0.000017
35114 0.000030
35115 0.000020
35116 0.000024
35117 0.000015
35118 0.000007
35119 0.000009
35120 0.000024
35121 0.000016
35122 0.000017
35123 0.000018
35124 0.000010
35125 0.000018
35126 0.000027
35127 0.000012
35128 0.000013
35129 0.000038
35130 0.000022
35131 0.000016
35132 0.000036
35133 0.000029
35134 0.000025
35135 0.000012
35136 0.000009
35137 0.000034
35138 0.000020
35139 0.000023
35140 0.000021
35141 0.000027
35142 0.000010
35143 0.000017
35144 0.000024
35145 0.000012
35146 0.000021
35147 0.000026
35148 0.000019
35149 0.000016
35150 0.000020
35151 0.000024
35152 0.000018
35153 0.000020
35154 0.000013
35155 0.000014
35156 0.000015
35157 0.000010
35158 0.000023
35159 0.000011
35160 0.000017
35161 0.000010
35162 0.000013
35163 0.000037
35164 0.000013
35165 0.000013
35166 0.000018
35167 0.000033
35168 0.000019
35169 0.000009
35170 0.000022
35171 0.000026
35172 0.000029
35173 0.000012
35174 0.000011
35175 0.000007
35176 0.000028
35177 0.000010
35178 0.000023
35179 0.000022
35180 0.000021
35181 0.000038
35182 0.000029
35183 0.000024
35184 0.000021
35185 0.000022
35186 0.000033
35187 0.000021
35188 0.000017
35189 0.000014
35190 0.000007
35191 0.000016
35192 0.000028
35193 0.000034
35194 0.000018
35195 0.000026
35196 0.000014
35197 0.000011
35198 0.000012
35199 0.000017
35200 0.000011
35201 0.000023
35202 0.000042
35203 0.000017
35204 0.000009
35205 0.000023
35206 0.000015
35207 0.000014
35208 0.000020
35209 0.000021
35210 0.000023
35211 0.000016
35212 0.000012
35213 0.000007
35214 0.000024
35215 0.000036
35216 0.000021
35217 0.000025
35218 0.000030
35219 0.000018
35220 0.000013
35221 0.000020
35222 0.000011
35223 0.000021
35224 0.000019
35225 0.000021
35226 0.000018
35227 0.000019
35228 0.000014
35229 0.000028
35230 0.000026
35231 0.000008
35232 0.000020
35233 0.000011
35234 0.000013
35235 0.000019
35236 0.000013
35237 0.000006
35238 0.000022
35239 0.000014
35240 0.000022
35241 0.000015
35242 0.000017
35243 0.000012
35244 0.000018
35245 0.000015
35246 0.000014
35247 0.000018
35248 0.000029
35249 0.000024
35250 0.000018
35251 0.000026
35252 0.000031
35253 0.000021
35254 0.000008
35255 0.000017
35256 0.000005
35257 0.000004
35258 0.000023
35259 0.000023
35260 0.000017
35261 0.000015
35262 0.000009
35263 0.000018
35264 0.000024
35265 0.000028
35266 0.000009
35267 0.000028
35268 0.000016
35269 0.000025
35270 0.000019
35271 0.000022
35272 0.000032
35273 0.000027
35274 0.000017
35275 0.000017
35276 0.000016
35277 0.000023
35278 0.000011
35279 0.000013
35280 0.000013
35281 0.000018
35282 0.000015
35283 0.000028
35284 0.000012
35285 0.000022
35286 0.000011
35287 0.000014
35288 0.000018
35289 0.000023
35290 0.000018
35291 0.000035
35292 0.000029
35293 0.000034
35294 0.000030
35295 0.000025
35296 0.000026
35297 0.000020
35298 0.000018
35299 0.000038
35300 0.000015
35301 0.000012
35302 0.000011
35303 0.000012
35304 0.000014
35305 0.000029
35306 0.000015
35307 0.000023
35308 0.000009
35309 0.000019
35310 0.000020
35311 0.000015
35312 0.000017
35313 0.000027
35314 0.000007
35315 0.000014
35316 0.000020
35317 0.000028
35318 0.000021
35319 0.000019
35320 0.000027
35321 0.000019
35322 0.000021
35323 0.000013
35324 0.000009
35325 0.000019
35326 0.000030
35327 0.000019
35328 0.000010
35329 0.000011
35330 0.000010
35331 0.000017
35332 0.000026
35333 0.000017
35334 0.000013
35335 0.000013
35336 0.000022
35337 0.000012
35338 0.000018
35339 0.000021
35340 0.000025
35341 0.000021
35342 0.000040
35343 0.000021
35344 0.000020
35345 0.000036
35346 0.000030
35347 0.000026
35348 0.000015
35349 0.000022
35350 0.000023
35351 0.000015
35352 0.000014
35353 0.000009
35354 0.000021
35355 0.000010
35356 0.000015
35357 0.000005
35358 0.000021
35359 0.000013
35360 0.000014
35361 0.000010
35362 0.000013
35363 0.000020
35364 0.000019
35365 0.000041
35366 0.000025
35367 0.000019
35368 0.000024
35369 0.000018
35370 0.000030
35371 0.000012
35372 0.000018
35373 0.000022
35374 0.000023
35375 0.000023
35376 0.000008
35377 0.000012
35378 0.000025
35379 0.000021
35380 0.000019
35381 0.000016
35382 0.000013
35383 0.000015
35384 0.000047
35385 0.000019
35386 0.000025
35387 0.000027
35388 0.000012
35389 0.000053
35390 0.000032
35391 0.000026
35392 0.000013
35393 0.000014
35394 0.000015
35395 0.000018
35396 0.000019
35397 0.000023
35398 0.000028
35399 0.000035
35400 0.000021
35401 0.000018
35402 0.000025
35403 0.000028
35404 0.000022
35405 0.000015
35406 0.000010
35407 0.000015
35408 0.000008
35409 0.000016
35410 0.000017
35411 0.000024
35412 0.000025
35413 0.000023
35414 0.000011
35415 0.000018
35416 0.000017
35417 0.000015
35418 0.000025
35419 0.000011
35420 0.000029
35421 0.000026
35422 0.000029
35423 0.000018
35424 0.000010
35425 0.000023
35426 0.000032
35427 0.000012
35428 0.000017
35429 0.000028
35430 0.000011
35431 0.000007
35432 0.000018
35433 0.000028
35434 0.000015
35435 0.000040
35436 0.000029
35437 0.000028
35438 0.000018
35439 0.000022
35440 0.000023
35441 0.000019
35442 0.000019
35443 0.000015
35444 0.000019
35445 0.000024
35446 0.000015
35447 0.000019
35448 0.000015
35449 0.000017
35450 0.000025
35451 0.000027
35452 0.000022
35453 0.000015
35454 0.000017
35455 0.000005
35456 0.000014
35457 0.000023
35458 0.000015
35459 0.000023
35460 0.000024
35461 0.000026
35462 0.000034
35463 0.000026
35464 0.000019
35465 0.000010
35466 0.000008
35467 0.000022
35468 0.000026
35469 0.000009
35470 0.000015
35471 0.000028
35472 0.000016
35473 0.000015
35474 0.000015
35475 0.000019
35476 0.000010
35477 0.000015
35478 0.000015
35479 0.000008
35480 0.000020
35481 0.000020
35482 0.000017
35483 0.000016
35484 0.000009
35485 0.000013
35486 0.000014
35487 0.000022
35488 0.000013
35489 0.000012
35490 0.000028
35491 0.000016
35492 0.000016
35493 0.000023
35494 0.000025
35495 0.000026
35496 0.000007
35497 0.000023
35498 0.000021
35499 0.000024
35500 0.000029
35501 0.000010
35502 0.000025
35503 0.000011
35504 0.000025
35505 0.000012
35506 0.000019
35507 0.000023
35508 0.000012
35509 0.000015
35510 0.000010
35511 0.000014
35512 0.000007
35513 0.000021
35514 0.000012
35515 0.000011
35516 0.000014
35517 0.000018
35518 0.000054
35519 0.000027
35520 0.000013
35521 0.000024
35522 0.000025
35523 0.000020
35524 0.000011
35525 0.000029
35526 0.000015
35527 0.000010
35528 0.000022
35529 0.000028
35530 0.000020
35531 0.000009
35532 0.000014
35533 0.000017
35534 0.000032
35535 0.000030
35536 0.000023
35537 0.000023
35538 0.000032
35539 0.000022
35540 0.000013
35541 0.000020
35542 0.000016
35543 0.000028
35544 0.000019
35545 0.000015
35546 0.000035
35547 0.000027
35548 0.000014
35549 0.000021
35550 0.000019
35551 0.000009
35552 0.000016
35553 0.000035
35554 0.000022
35555 0.000011
35556 0.000019
35557 0.000014
35558 0.000011
35559 0.000013
35560 0.000012
35561 0.000014
35562 0.000020
35563 0.000013
35564 0.000010
35565 0.000019
35566 0.000033
35567 0.000020
35568 0.000013
35569 0.000011
35570 0.000016
35571 0.000024
35572 0.000035
35573 0.000025
35574 0.000010
35575 0.000024
35576 0.000026
35577 0.000012
35578 0.000035
35579 0.000032
35580 0.000041
35581 0.000016
35582 0.000011
35583 0.000014
35584 0.000037
35585 0.000019
35586 0.000021
35587 0.000026
35588 0.000011
35589 0.000021
35590 0.000018
35591 0.000037
35592 0.000045
35593 0.000018
35594 0.000028
35595 0.000021
35596 0.000024
35597 0.000026
35598 0.000015
35599 0.000030
35600 0.000039
35601 0.000023
35602 0.000032
35603 0.000031
35604 0.000025
35605 0.000012
35606 0.000024
35607 0.000041
35608 0.000023
35609 0.000011
35610 0.000024
35611 0.000020
35612 0.000020
35613 0.000021
35614 0.000017
35615 0.000011
35616 0.000030
35617 0.000013
35618 0.000014
35619 0.000008
35620 0.000032
35621 0.000022
35622 0.000034
35623 0.000028
35624 0.000022
35625 0.000018
35626 0.000038
35627 0.000028
35628 0.000012
35629 0.000019
35630 0.000032
35631 0.000011
35632 0.000013
35633 0.000013
35634 0.000016
35635 0.000044
35636 0.000015
35637 0.000042
35638 0.000022
35639 0.000015
35640 0.000015
35641 0.000028
35642 0.000025
35643 0.000024
35644 0.000013
35645 0.000017
35646 0.000019
35647 0.000013
35648 0.000017
35649 0.000016
35650 0.000021
35651 0.000015
35652 0.000019
35653 0.000011
35654 0.000011
35655 0.000024
35656 0.000024
35657 0.000018
35658 0.000027
35659 0.000031
35660 0.000027
35661 0.000020
35662 0.000028
35663 0.000023
35664 0.000034
35665 0.000018
35666 0.000045
35667 0.000025
35668 0.000012
35669 0.000015
35670 0.000013
35671 0.000023
35672 0.000028
35673 0.000006
35674 0.000008
35675 0.000020
35676 0.000019
35677 0.000008
35678 0.000012
35679 0.000024
35680 0.000018
35681 0.000019
35682 0.000022
35683 0.000012
35684 0.000011
35685 0.000011
35686 0.000018
35687 0.000017
35688 0.000016
35689 0.000022
35690 0.000020
35691 0.000018
35692 0.000029
35693 0.000016
35694 0.000018
35695 0.000016
35696 0.000013
35697 0.000027
35698 0.000009
35699 0.000006
35700 0.000013
35701 0.000026
35702 0.000022
35703 0.000016
35704 0.000020
35705 0.000025
35706 0.000027
35707 0.000021
35708 0.000013
35709 0.000012
35710 0.000009
35711 0.000015
35712 0.000025
35713 0.000017
35714 0.000024
35715 0.000026
35716 0.000011
35717 0.000023
35718 0.000012
35719 0.000014
35720 0.000007
35721 0.000021
35722 0.000012
35723 0.000024
35724 0.000006
35725 0.000014
35726 0.000022
35727 0.000045
35728 0.000024
35729 0.000036
35730 0.000046
35731 0.000022
35732 0.000012
35733 0.000009
35734 0.000009
35735 0.000021
35736 0.000022
35737 0.000019
35738 0.000025
35739 0.000021
35740 0.000025
35741 0.000014
35742 0.000026
35743 0.000016
35744 0.000010
35745 0.000014
35746 0.000015
35747 0.000023
35748 0.000010
35749 0.000014
35750 0.000039
35751 0.000014
35752 0.000014
35753 0.000020
35754 0.000015
35755 0.000020
35756 0.000019
35757 0.000026
35758 0.000020
35759 0.000035
35760 0.000028
35761 0.000019
35762 0.000018
35763 0.000025
35764 0.000028
35765 0.000017
35766 0.000017
35767 0.000017
35768 0.000018
35769 0.000014
35770 0.000027
35771 0.000014
35772 0.000014
35773 0.000012
35774 0.000039
35775 0.000039
35776 0.000015
35777 0.000008
35778 0.000026
35779 0.000016
35780 0.000015
35781 0.000024
35782 0.000027
35783 0.000012
35784 0.000014
35785 0.000024
35786 0.000019
35787 0.000023
35788 0.000020
35789 0.000026
35790 0.000011
35791 0.000034
35792 0.000023
35793 0.000022
35794 0.000017
35795 0.000017
35796 0.000022
35797 0.000015
35798 0.000037
35799 0.000034
35800 0.000018
35801 0.000035
35802 0.000024
35803 0.000020
35804 0.000014
35805 0.000022
35806 0.000018
35807 0.000010
35808 0.000004
35809 0.000012
35810 0.000013
35811 0.000017
35812 0.000019
35813 0.000022
35814 0.000024
35815 0.000008
35816 0.000028
35817 0.000011
35818 0.000017
35819 0.000007
35820 0.000016
35821 0.000026
35822 0.000016
35823 0.000027
35824 0.000033
35825 0.000025
35826 0.000023
35827 0.000013
35828 0.000022
35829 0.000021
35830 0.000018
35831 0.000025
35832 0.000027
35833 0.000027
35834 0.000022
35835 0.000032
35836 0.000022
35837 0.000032
35838 0.000015
35839 0.000016
35840 0.000016
35841 0.000021
35842 0.000030
35843 0.000032
35844 0.000030
35845 0.000016
35846 0.000049
35847 0.000019
35848 0.000023
35849 0.000012
35850 0.000018
35851 0.000019
35852 0.000029
35853 0.000012
35854 0.000021
35855 0.000014
35856 0.000012
35857 0.000017
35858 0.000019
35859 0.000007
35860 0.000019
35861 0.000011
35862 0.000020
35863 0.000015
35864 0.000016
35865 0.000027
35866 0.000040
35867 0.000027
35868 0.000023
35869 0.000020
35870 0.000020
35871 0.000017
35872 0.000011
35873 0.000018
35874 0.000021
35875 0.000029
35876 0.000012
35877 0.000012
35878 0.000023
35879 0.000024
35880 0.000030
35881 0.000029
35882 0.000038
35883 0.000021
35884 0.000012
35885 0.000012
35886 0.000010
35887 0.000013
35888 0.000016
35889 0.000024
35890 0.000007
35891 0.000010
35892 0.000015
35893 0.000020
35894 0.000010
35895 0.000030
35896 0.000020
35897 0.000024
35898 0.000018
35899 0.000021
35900 0.000018
35901 0.000031
35902 0.000010
35903 0.000016
35904 0.000014
35905 0.000025
35906 0.000013
35907 0.000019
35908 0.000014
35909 0.000007
35910 0.000020
35911 0.000027
35912 0.000012
35913 0.000023
35914 0.000022
35915 0.000017
35916 0.000019
35917 0.000016
35918 0.000030
35919 0.000038
35920 0.000019
35921 0.000026
35922 0.000024
35923 0.000017
35924 0.000021
35925 0.000022
35926 0.000024
35927 0.000032
35928 0.000022
35929 0.000006
35930 0.000018
35931 0.000022
35932 0.000041
35933 0.000016
35934 0.000018
35935 0.000019
35936 0.000014
35937 0.000018
35938 0.000030
35939 0.000016
35940 0.000028
35941 0.000024
35942 0.000019
35943 0.000012
35944 0.000008
35945 0.000005
35946 0.000016
35947 0.000016
35948 0.000025
35949 0.000021
35950 0.000024
35951 0.000014
35952 0.000019
35953 0.000013
35954 0.000023
35955 0.000033
35956 0.000015
35957 0.000008
35958 0.000033
35959 0.000043
35960 0.000020
35961 0.000042
35962 0.000031
35963 0.000025
35964 0.000021
35965 0.000019
35966 0.000017
35967 0.000025
35968 0.000020
35969 0.000014
35970 0.000028
35971 0.000018
35972 0.000011
35973 0.000006
35974 0.000019
35975 0.000015
35976 0.000023
35977 0.000027
35978 0.000033
35979 0.000021
35980 0.000033
35981 0.000015
35982 0.000013
35983 0.000025
35984 0.000021
35985 0.000018
35986 0.000029
35987 0.000011
35988 0.000017
35989 0.000016
35990 0.000021
35991 0.000028
35992 0.000012
35993 0.000030
35994 0.000007
35995 0.000023
35996 0.000015
35997 0.000013
35998 0.000005
35999 0.000022
36000 0.000020
36001 0.000008
36002 0.000012
36003 0.000012
36004 0.000014
36005 0.000010
36006 0.000032
36007 0.000021
36008 0.000012
36009 0.000029
36010 0.000011
36011 0.000017
36012 0.000012
36013 0.000032
36014 0.000019
36015 0.000021
36016 0.000014
36017 0.000020
36018 0.000013
36019 0.000019
36020 0.000025
36021 0.000023
36022 0.000027
36023 0.000018
36024 0.000017
36025 0.000012
36026 0.000013
36027 0.000023
36028 0.000026
36029 0.000019
36030 0.000019
36031 0.000014
36032 0.000021
36033 0.000021
36034 0.000036
36035 0.000041
36036 0.000021
36037 0.000012
36038 0.000024
36039 0.000017
36040 0.000016
36041 0.000012
36042 0.000012
36043 0.000014
36044 0.000015
36045 0.000016
36046 0.000020
36047 0.000023
36048 0.000018
36049 0.000013
36050 0.000012
36051 0.000025
36052 0.000015
36053 0.000024
36054 0.000021
36055 0.000018
36056 0.000024
36057 0.000021
36058 0.000012
36059 0.000026
36060 0.000023
36061 0.000017
36062 0.000020
36063 0.000020
36064 0.000038
36065 0.000017
36066 0.000017
36067 0.000015
36068 0.000012
36069 0.000023
36070 0.000017
36071 0.000017
36072 0.000014
36073 0.000011
36074 0.000013
36075 0.000013
36076 0.000015
36077 0.000016
36078 0.000017
36079 0.000012
36080 0.000020
36081 0.000015
36082 0.000018
36083 0.000015
36084 0.000023
36085 0.000018
36086 0.000023
36087 0.000016
36088 0.000012
36089 0.000012
36090 0.000043
36091 0.000018
36092 0.000014
36093 0.000014
36094 0.000016
36095 0.000022
36096 0.000039
36097 0.000018
36098 0.000010
36099 0.000013
36100 0.000023
36101 0.000011
36102 0.000009
36103 0.000015
36104 0.000022
36105 0.000010
36106 0.000010
36107 0.000011
36108 0.000019
36109 0.000020
36110 0.000027
36111 0.000014
36112 0.000018
36113 0.000020
36114 0.000026
36115 0.000019
36116 0.000019
36117 0.000021
36118 0.000012
36119 0.000023
36120 0.000012
36121 0.000009
36122 0.000038
36123 0.000014
36124 0.000011
36125 0.000031
36126 0.000018
36127 0.000011
36128 0.000014
36129 0.000021
36130 0.000015
36131 0.000024
36132 0.000016
36133 0.000021
36134 0.000015
36135 0.000017
36136 0.000023
36137 0.000022
36138 0.000012
36139 0.000023
36140 0.000015
36141 0.000017
36142 0.000019
36143 0.000036
36144 0.000024
36145 0.000015
36146 0.000020
36147 0.000014
36148 0.000017
36149 0.000014
36150 0.000019
36151 0.000032
36152 0.000019
36153 0.000028
36154 0.000019
36155 0.000012
36156 0.000004
36157 0.000023
36158 0.000032
36159 0.000039
36160 0.000025
36161 0.000018
36162 0.000013
36163 0.000018
36164 0.000023
36165 0.000024
36166 0.000015
36167 0.000016
36168 0.000012
36169 0.000019
36170 0.000028
36171 0.000035
36172 0.000017
36173 0.000017
36174 0.000022
36175 0.000033
36176 0.000012
36177 0.000012
36178 0.000029
36179 0.000030
36180 0.000016
36181 0.000025
36182 0.000008
36183 0.000010
36184 0.000013
36185 0.000022
36186 0.000013
36187 0.000014
36188 0.000035
36189 0.000026
36190 0.000008
36191 0.000012
36192 0.000019
36193 0.000006
36194 0.000020
36195 0.000017
36196 0.000030
36197 0.000037
36198 0.000030
36199 0.000022
36200 0.000023
36201 0.000024
36202 0.000007
36203 0.000025
36204 0.000023
36205 0.000009
36206 0.000010
36207 0.000020
36208 0.000018
36209 0.000025
36210 0.000020
36211 0.000015
36212 0.000026
36213 0.000022
36214 0.000014
36215 0.000022
36216 0.000020
36217 0.000019
36218 0.000018
36219 0.000007
36220 0.000014
36221 0.000023
36222 0.000019
36223 0.000009
36224 0.000024
36225 0.000012
36226 0.000013
36227 0.000022
36228 0.000019
36229 0.000011
36230 0.000025
36231 0.000035
36232 0.000012
36233 0.000018
36234 0.000017
36235 0.000011
36236 0.000010
36237 0.000020
36238 0.000008
36239 0.000022
36240 0.000021
36241 0.000017
36242 0.000013
36243 0.000012
36244 0.000022
36245 0.000018
36246 0.000025
36247 0.000010
36248 0.000022
36249 0.000024
36250 0.000029
36251 0.000012
36252 0.000007
36253 0.000026
36254 0.000023
36255 0.000026
36256 0.000021
36257 0.000020
36258 0.000037
36259 0.000021
36260 0.000021
36261 0.000015
36262 0.000027
36263 0.000018
36264 0.000015
36265 0.000011
36266 0.000011
36267 0.000009
36268 0.000006
36269 0.000022
36270 0.000015
36271 0.000022
36272 0.000014
36273 0.000015
36274 0.000014
36275 0.000023
36276 0.000023
36277 0.000023
36278 0.000011
36279 0.000012
36280 0.000029
36281 0.000026
36282 0.000033
36283 0.000026
36284 0.000014
36285 0.000017
36286 0.000015
36287 0.000017
36288 0.000032
36289 0.000023
36290 0.000030
36291 0.000025
36292 0.000034
36293 0.000018
36294 0.000016
36295 0.000028
36296 0.000017
36297 0.000015
36298 0.000021
36299 0.000023
36300 0.000023
36301 0.000025
36302 0.000016
36303 0.000008
36304 0.000007
36305 0.000015
36306 0.000009
36307 0.000017
36308 0.000009
36309 0.000014
36310 0.000037
36311 0.000031
36312 0.000022
36313 0.000058
36314 0.000024
36315 0.000011
36316 0.000035
36317 0.000025
36318 0.000015
36319 0.000042
36320 0.000036
36321 0.000040
36322 0.000019
36323 0.000011
36324 0.000027
36325 0.000023
36326 0.000015
36327 0.000025
36328 0.000015
36329 0.000013
36330 0.000026
36331 0.000010
36332 0.000019
36333 0.000037
36334 0.000029
36335 0.000008
36336 0.000008
36337 0.000007
36338 0.000034
36339 0.000023
36340 0.000011
36341 0.000014
36342 0.000011
36343 0.000025
36344 0.000017
36345 0.000007
36346 0.000009
36347 0.000029
36348 0.000013
36349 0.000013
36350 0.000025
36351 0.000022
36352 0.000011
36353 0.000013
36354 0.000021
36355 0.000014
36356 0.000009
36357 0.000011
36358 0.000011
36359 0.000015
36360 0.000017
36361 0.000014
36362 0.000020
36363 0.000020
36364 0.000011
36365 0.000022
36366 0.000008
36367 0.000015
36368 0.000025
36369 0.000017
36370 0.000017
36371 0.000019
36372 0.000014
36373 0.000025
36374 0.000005
36375 0.000005
36376 0.000024
36377 0.000016
36378 0.000026
36379 0.000021
36380 0.000024
36381 0.000019
36382 0.000010
36383 0.000010
36384 0.000017
36385 0.000005
36386 0.000005
36387 0.000014
36388 0.000032
36389 0.000012
36390 0.000021
36391 0.000019
36392 0.000018
36393 0.000024
36394 0.000006
36395 0.000029
36396 0.000017
36397 0.000024
36398 0.000023
36399 0.000012
36400 0.000029
36401 0.000029
36402 0.000016
36403 0.000021
36404 0.000019
36405 0.000016
36406 0.000012
36407 0.000017
36408 0.000019
36409 0.000034
36410 0.000020
36411 0.000015
36412 0.000021
36413 0.000018
36414 0.000023
36415 0.000016
36416 0.000031
36417 0.000012
36418 0.000019
36419 0.000012
36420 0.000032
36421 0.000013
36422 0.000018
36423 0.000018
36424 0.000015
36425 0.000025
36426 0.000023
36427 0.000020
36428 0.000026
36429 0.000008
36430 0.000018
36431 0.000012
36432 0.000024
36433 0.000026
36434 0.000015
36435 0.000016
36436 0.000025
36437 0.000033
36438 0.000016
36439 0.000032
36440 0.000028
36441 0.000024
36442 0.000019
36443 0.000048
36444 0.000041
36445 0.000028
36446 0.000024
36447 0.000037
36448 0.000034
36449 0.000024
36450 0.000011
36451 0.000014
36452 0.000019
36453 0.000023
36454 0.000020
36455 0.000029
36456 0.000011
36457 0.000016
36458 0.000016
36459 0.000015
36460 0.000007
36461 0.000019
36462 0.000026
36463 0.000011
36464 0.000029
36465 0.000021
36466 0.000025
36467 0.000013
36468 0.000020
36469 0.000017
36470 0.000025
36471 0.000020
36472 0.000020
36473 0.000018
36474 0.000024
36475 0.000019
36476 0.000020
36477 0.000021
36478 0.000019
36479 0.000025
36480 0.000022
36481 0.000016
36482 0.000022
36483 0.000014
36484 0.000027
36485 0.000022
36486 0.000012
36487 0.000011
36488 0.000041
36489 0.000029
36490 0.000027
36491 0.000023
36492 0.000022
36493 0.000021
36494 0.000019
36495 0.000031
36496 0.000017
36497 0.000046
36498 0.000020
36499 0.000018
36500 0.000017
36501 0.000028
36502 0.000025
36503 0.000022
36504 0.000025
36505 0.000027
36506 0.000028
36507 0.000022
36508 0.000028
36509 0.000020
36510 0.000023
36511 0.000012
36512 0.000017
36513 0.000027
36514 0.000027
36515 0.000026
36516 0.000024
36517 0.000021
36518 0.000017
36519 0.000017
36520 0.000027
36521 0.000036
36522 0.000018
36523 0.000012
36524 0.000017
36525 0.000013
36526 0.000017
36527 0.000021
36528 0.000029
36529 0.000025
36530 0.000013
36531 0.000009
36532 0.000012
36533 0.000032
36534 0.000011
36535 0.000008
36536 0.000015
36537 0.000016
36538 0.000015
36539 0.000021
36540 0.000015
36541 0.000024
36542 0.000014
36543 0.000023
36544 0.000022
36545 0.000026
36546 0.000017
36547 0.000022
36548 0.000023
36549 0.000023
36550 0.000022
36551 0.000011
36552 0.000026
36553 0.000024
36554 0.000012
36555 0.000019
36556 0.000016
36557 0.000021
36558 0.000019
36559 0.000028
36560 0.000031
36561 0.000013
36562 0.000034
36563 0.000042
36564 0.000014
36565 0.000012
36566 0.000019
36567 0.000018
36568 0.000007
36569 0.000006
36570 0.000012
36571 0.000031
36572 0.000022
36573 0.000019
36574 0.000036
36575 0.000022
36576 0.000011
36577 0.000013
36578 0.000035
36579 0.000018
36580 0.000018
36581 0.000022
36582 0.000012
36583 0.000029
36584 0.000023
36585 0.000018
36586 0.000025
36587 0.000015
36588 0.000016
36589 0.000026
36590 0.000015
36591 0.000018
36592 0.000021
36593 0.000047
36594 0.000021
36595 0.000022
36596 0.000015
36597 0.000011
36598 0.000012
36599 0.000013
36600 0.000015
36601 0.000014
36602 0.000016
36603 0.000008
36604 0.000021
36605 0.000016
36606 0.000014
36607 0.000016
36608 0.000033
36609 0.000024
36610 0.000021
36611 0.000020
36612 0.000014
36613 0.000009
36614 0.000026
36615 0.000014
36616 0.000011
36617 0.000028
36618 0.000025
36619 0.000020
36620 0.000032
36621 0.000034
36622 0.000027
36623 0.000024
36624 0.000019
36625 0.000022
36626 0.000021
36627 0.000037
36628 0.000013
36629 0.000014
36630 0.000011
36631 0.000021
36632 0.000016
36633 0.000024
36634 0.000026
36635 0.000039
36636 0.000019
36637 0.000024
36638 0.000027
36639 0.000016
36640 0.000017
36641 0.000009
36642 0.000018
36643 0.000022
36644 0.000032
36645 0.000030
36646 0.000018
36647 0.000024
36648 0.000012
36649 0.000023
36650 0.000036
36651 0.000019
36652 0.000008
36653 0.000018
36654 0.000024
36655 0.000035
36656 0.000016
36657 0.000015
36658 0.000018
36659 0.000012
36660 0.000012
36661 0.000023
36662 0.000024
36663 0.000031
36664 0.000018
36665 0.000033
36666 0.000016
36667 0.000020
36668 0.000033
36669 0.000014
36670 0.000019
36671 0.000020
36672 0.000021
36673 0.000011
36674 0.000016
36675 0.000055
36676 0.000032
36677 0.000025
36678 0.000031
36679 0.000015
36680 0.000014
36681 0.000020
36682 0.000021
36683 0.000013
36684 0.000021
36685 0.000017
36686 0.000026
36687 0.000021
36688 0.000027
36689 0.000010
36690 0.000038
36691 0.000034
36692 0.000013
36693 0.000016
36694 0.000033
36695 0.000018
36696 0.000024
36697 0.000027
36698 0.000015
36699 0.000014
36700 0.000035
36701 0.000021
36702 0.000022
36703 0.000023
36704 0.000018
36705 0.000016
36706 0.000038
36707 0.000019
36708 0.000012
36709 0.000024
36710 0.000013
36711 0.000007
36712 0.000013
36713 0.000007
36714 0.000021
36715 0.000032
36716 0.000028
36717 0.000032
36718 0.000026
36719 0.000023
36720 0.000033
36721 0.000017
36722 0.000009
36723 0.000014
36724 0.000024
36725 0.000026
36726 0.000030
36727 0.000021
36728 0.000015
36729 0.000018
36730 0.000010
36731 0.000011
36732 0.000016
36733 0.000013
36734 0.000016
36735 0.000013
36736 0.000018
36737 0.000017
36738 0.000022
36739 0.000011
36740 0.000026
36741 0.000016
36742 0.000012
36743 0.000017
36744 0.000016
36745 0.000018
36746 0.000031
36747 0.000026
36748 0.000014
36749 0.000018
36750 0.000021
36751 0.000016
36752 0.000029
36753 0.000024
36754 0.000013
36755 0.000018
36756 0.000021
36757 0.000020
36758 0.000014
36759 0.000036
36760 0.000038
36761 0.000017
36762 0.000020
36763 0.000015
36764 0.000027
36765 0.000027
36766 0.000019
36767 0.000009
36768 0.000012
36769 0.000025
36770 0.000025
36771 0.000015
36772 0.000022
36773 0.000014
36774 0.000010
36775 0.000012
36776 0.000023
36777 0.000038
36778 0.000034
36779 0.000015
36780 0.000024
36781 0.000024
36782 0.000023
36783 0.000017
36784 0.000013
36785 0.000028
36786 0.000035
36787 0.000040
36788 0.000012
36789 0.000028
36790 0.000015
36791 0.000037
36792 0.000040
36793 0.000022
36794 0.000019
36795 0.000017
36796 0.000023
36797 0.000020
36798 0.000012
36799 0.000012
36800 0.000011
36801 0.000013
36802 0.000031
36803 0.000031
36804 0.000027
36805 0.000008
36806 0.000020
36807 0.000021
36808 0.000026
36809 0.000030
36810 0.000020
36811 0.000013
36812 0.000015
36813 0.000014
36814 0.000030
36815 0.000030
36816 0.000013
36817 0.000025
36818 0.000011
36819 0.000029
36820 0.000033
36821 0.000017
36822 0.000013
36823 0.000007
36824 0.000020
36825 0.000021
36826 0.000014
36827 0.000019
36828 0.000015
36829 0.000020
36830 0.000043
36831 0.000024
36832 0.000033
36833 0.000030
36834 0.000024
36835 0.000021
36836 0.000028
36837 0.000042
36838 0.000027
36839 0.000024
36840 0.000013
36841 0.000024
36842 0.000020
36843 0.000018
36844 0.000027
36845 0.000016
36846 0.000012
36847 0.000018
36848 0.000019
36849 0.000020
36850 0.000015
36851 0.000032
36852 0.000026
36853 0.000022
36854 0.000023
36855 0.000013
36856 0.000015
36857 0.000018
36858 0.000027
36859 0.000019
36860 0.000021
36861 0.000018
36862 0.000009
36863 0.000009
36864 0.000012
36865 0.000042
36866 0.000015
36867 0.000015
36868 0.000026
36869 0.000015
36870 0.000018
36871 0.000034
36872 0.000030
36873 0.000017
36874 0.000021
36875 0.000008
36876 0.000023
36877 0.000015
36878 0.000008
36879 0.000015
36880 0.000027
36881 0.000039
36882 0.000020
36883 0.000025
36884 0.000016
36885 0.000010
36886 0.000022
36887 0.000051
36888 0.000031
36889 0.000012
36890 0.000012
36891 0.000027
36892 0.000013
36893 0.000021
36894 0.000027
36895 0.000025
36896 0.000017
36897 0.000020
36898 0.000015
36899 0.000015
36900 0.000031
36901 0.000011
36902 0.000013
36903 0.000039
36904 0.000012
36905 0.000017
36906 0.000016
36907 0.000018
36908 0.000014
36909 0.000021
36910 0.000026
36911 0.000026
36912 0.000019
36913 0.000018
36914 0.000008
36915 0.000020
36916 0.000012
36917 0.000044
36918 0.000032
36919 0.000030
36920 0.000023
36921 0.000013
36922 0.000015
36923 0.000016
36924 0.000039
36925 0.000032
36926 0.000031
36927 0.000024
36928 0.000018
36929 0.000015
36930 0.000025
36931 0.000019
36932 0.000036
36933 0.000031
36934 0.000023
36935 0.000017
36936 0.000010
36937 0.000022
36938 0.000011
36939 0.000018
36940 0.000027
36941 0.000013
36942 0.000022
36943 0.000020
36944 0.000006
36945 0.000012
36946 0.000028
36947 0.000009
36948 0.000010
36949 0.000013
36950 0.000012
36951 0.000007
36952 0.000033
36953 0.000022
36954 0.000029
36955 0.000030
36956 0.000022
36957 0.000017
36958 0.000022
36959 0.000017
36960 0.000019
36961 0.000017
36962 0.000022
36963 0.000029
36964 0.000039
36965 0.000031
36966 0.000021
36967 0.000023
36968 0.000010
36969 0.000019
36970 0.000018
36971 0.000023
36972 0.000017
36973 0.000016
36974 0.000015
36975 0.000011
36976 0.000025
36977 0.000012
36978 0.000007
36979 0.000013
36980 0.000009
36981 0.000013
36982 0.000030
36983 0.000017
36984 0.000026
36985 0.000012
36986 0.000012
36987 0.000018
36988 0.000018
36989 0.000026
36990 0.000020
36991 0.000032
36992 0.000030
36993 0.000015
36994 0.000019
36995 0.000021
36996 0.000016
36997 0.000027
36998 0.000022
36999 0.000030
37000 0.000027
37001 0.000031
37002 0.000013
37003 0.000024
37004 0.000012
37005 0.000011
37006 0.000013
37007 0.000006
37008 0.000024
37009 0.000023
37010 0.000014
37011 0.000017
37012 0.000017
37013 0.000010
37014 0.000021
37015 0.000029
37016 0.000034
37017 0.000044
37018 0.000027
37019 0.000025
37020 0.000018
37021 0.000025
37022 0.000027
37023 0.000014
37024 0.000020
37025 0.000011
37026 0.000026
37027 0.000019
37028 0.000026
37029 0.000028
37030 0.000021
37031 0.000020
37032 0.000024
37033 0.000009
37034 0.000012
37035 0.000018
37036 0.000019
37037 0.000009
37038 0.000024
37039 0.000020
37040 0.000010
37041 0.000010
37042 0.000013
37043 0.000018
37044 0.000017
37045 0.000014
37046 0.000011
37047 0.000030
37048 0.000014
37049 0.000010
37050 0.000007
37051 0.000009
37052 0.000016
37053 0.000025
37054 0.000018
37055 0.000011
37056 0.000024
37057 0.000035
37058 0.000026
37059 0.000034
37060 0.000020
37061 0.000014
37062 0.000017
37063 0.000024
37064 0.000016
37065 0.000018
37066 0.000014
37067 0.000012
37068 0.000023
37069 0.000011
37070 0.000021
37071 0.000022
37072 0.000026
37073 0.000016
37074 0.000012
37075 0.000017
37076 0.000010
37077 0.000012
37078 0.000012
37079 0.000019
37080 0.000028
37081 0.000027
37082 0.000008
37083 0.000020
37084 0.000014
37085 0.000018
37086 0.000034
37087 0.000024
37088 0.000015
37089 0.000019
37090 0.000032
37091 0.000017
37092 0.000021
37093 0.000016
37094 0.000027
37095 0.000022
37096 0.000022
37097 0.000026
37098 0.000020
37099 0.000009
37100 0.000016
37101 0.000022
37102 0.000026
37103 0.000020
37104 0.000018
37105 0.000024
37106 0.000021
37107 0.000010
37108 0.000021
37109 0.000016
37110 0.000009
37111 0.000023
37112 0.000019
37113 0.000009
37114 0.000019
37115 0.000010
37116 0.000026
37117 0.000016
37118 0.000035
37119 0.000024
37120 0.000016
37121 0.000009
37122 0.000011
37123 0.000020
37124 0.000025
37125 0.000013
37126 0.000013
37127 0.000018
37128 0.000016
37129 0.000019
37130 0.000009
37131 0.000017
37132 0.000016
37133 0.000016
37134 0.000007
37135 0.000008
37136 0.000030
37137 0.000021
37138 0.000021
37139 0.000017
37140 0.000020
37141 0.000019
37142 0.000040
37143 0.000014
37144 0.000038
37145 0.000029
37146 0.000014
37147 0.000019
37148 0.000020
37149 0.000022
37150 0.000033
37151 0.000030
37152 0.000023
37153 0.000021
37154 0.000011
37155 0.000019
37156 0.000018
37157 0.000028
37158 0.000018
37159 0.000016
37160 0.000013
37161 0.000013
37162 0.000010
37163 0.000012
37164 0.000014
37165 0.000014
37166 0.000018
37167 0.000007
37168 0.000018
37169 0.000016
37170 0.000013
37171 0.000017
37172 0.000005
37173 0.000008
37174 0.000029
37175 0.000042
37176 0.000014
37177 0.000016
37178 0.000023
37179 0.000009
37180 0.000011
37181 0.000015
37182 0.000029
37183 0.000020
37184 0.000019
37185 0.000016
37186 0.000008
37187 0.000021
37188 0.000023
37189 0.000012
37190 0.000009
37191 0.000031
37192 0.000017
37193 0.000016
37194 0.000016
37195 0.000012
37196 0.000020
37197 0.000019
37198 0.000021
37199 0.000011
37200 0.000012
37201 0.000014
37202 0.000025
37203 0.000025
37204 0.000016
37205 0.000017
37206 0.000034
37207 0.000014
37208 0.000019
37209 0.000016
37210 0.000010
37211 0.000018
37212 0.000018
37213 0.000011
37214 0.000010
37215 0.000010
37216 0.000024
37217 0.000042
37218 0.000015
37219 0.000008
37220 0.000029
37221 0.000023
37222 0.000006
37223 0.000011
37224 0.000023
37225 0.000017
37226 0.000010
37227 0.000008
37228 0.000017
37229 0.000024
37230 0.000028
37231 0.000029
37232 0.000032
37233 0.000027
37234 0.000034
37235 0.000012
37236 0.000027
37237 0.000031
37238 0.000017
37239 0.000012
37240 0.000011
37241 0.000027
37242 0.000026
37243 0.000009
37244 0.000023
37245 0.000037
37246 0.000023
37247 0.000014
37248 0.000024
37249 0.000027
37250 0.000019
37251 0.000018
37252 0.000025
37253 0.000017
37254 0.000015
37255 0.000032
37256 0.000024
37257 0.000029
37258 0.000016
37259 0.000015
37260 0.000016
37261 0.000028
37262 0.000020
37263 0.000042
37264 0.000014
37265 0.000009
37266 0.000016
37267 0.000027
37268 0.000014
37269 0.000029
37270 0.000012
37271 0.000033
37272 0.000013
37273 0.000014
37274 0.000011
37275 0.000020
37276 0.000015
37277 0.000030
37278 0.000022
37279 0.000029
37280 0.000048
37281 0.000021
37282 0.000025
37283 0.000008
37284 0.000013
37285 0.000019
37286 0.000012
37287 0.000013
37288 0.000016
37289 0.000014
37290 0.000021
37291 0.000027
37292 0.000025
37293 0.000015
37294 0.000016
37295 0.000013
37296 0.000020
37297 0.000021
37298 0.000020
37299 0.000022
37300 0.000022
37301 0.000007
37302 0.000026
37303 0.000011
37304 0.000015
37305 0.000012
37306 0.000016
37307 0.000019
37308 0.000015
37309 0.000019
37310 0.000008
37311 0.000019
37312 0.000011
37313 0.000031
37314 0.000025
37315 0.000016
37316 0.000025
37317 0.000036
37318 0.000012
37319 0.000029
37320 0.000021
37321 0.000014
37322 0.000013
37323 0.000013
37324 0.000026
37325 0.000018
37326 0.000031
37327 0.000014
37328 0.000015
37329 0.000019
37330 0.000031
37331 0.000039
37332 0.000040
37333 0.000028
37334 0.000024
37335 0.000025
37336 0.000020
37337 0.000021
37338 0.000019
37339 0.000018
37340 0.000013
37341 0.000016
37342 0.000019
37343 0.000019
37344 0.000019
37345 0.000024
37346 0.000028
37347 0.000027
37348 0.000023
37349 0.000026
37350 0.000025
37351 0.000025
37352 0.000015
37353 0.000023
37354 0.000019
37355 0.000022
37356 0.000025
37357 0.000008
37358 0.000012
37359 0.000014
37360 0.000016
37361 0.000023
37362 0.000012
37363 0.000028
37364 0.000018
37365 0.000013
37366 0.000027
37367 0.000025
37368 0.000014
37369 0.000017
37370 0.000010
37371 0.000008
37372 0.000016
37373 0.000017
37374 0.000023
37375 0.000020
37376 0.000028
37377 0.000009
37378 0.000007
37379 0.000018
37380 0.000016
37381 0.000017
37382 0.000018
37383 0.000011
37384 0.000037
37385 0.000030
37386 0.000024
37387 0.000037
37388 0.000025
37389 0.000031
37390 0.000019
37391 0.000032
37392 0.000045
37393 0.000019
37394 0.000025
37395 0.000016
37396 0.000036
37397 0.000022
37398 0.000024
37399 0.000012
37400 0.000006
37401 0.000040
37402 0.000033
37403 0.000025
37404 0.000023
37405 0.000017
37406 0.000021
37407 0.000022
37408 0.000025
37409 0.000022
37410 0.000022
37411 0.000020
37412 0.000029
37413 0.000017
37414 0.000020
37415 0.000031
37416 0.000025
37417 0.000012
37418 0.000020
37419 0.000017
37420 0.000007
37421 0.000013
37422 0.000018
37423 0.000045
37424 0.000031
37425 0.000016
37426 0.000026
37427 0.000021
37428 0.000022
37429 0.000034
37430 0.000020
37431 0.000017
37432 0.000024
37433 0.000028
37434 0.000037
37435 0.000026
37436 0.000015
37437 0.000029
37438 0.000028
37439 0.000012
37440 0.000014
37441 0.000020
37442 0.000019
37443 0.000015
37444 0.000023
37445 0.000024
37446 0.000022
37447 0.000028
37448 0.000016
37449 0.000012
37450 0.000020
37451 0.000027
37452 0.000023
37453 0.000012
37454 0.000025
37455 0.000022
37456 0.000015
37457 0.000015
37458 0.000018
37459 0.000018
37460 0.000017
37461 0.000015
37462 0.000010
37463 0.000015
37464 0.000013
37465 0.000021
37466 0.000019
37467 0.000019
37468 0.000010
37469 0.000017
37470 0.000020
37471 0.000025
37472 0.000011
37473 0.000012
37474 0.000022
37475 0.000021
37476 0.000010
37477 0.000018
37478 0.000034
37479 0.000023
37480 0.000022
37481 0.000008
37482 0.000021
37483 0.000009
37484 0.000019
37485 0.000012
37486 0.000017
37487 0.000028
37488 0.000023
37489 0.000017
37490 0.000016
37491 0.000029
37492 0.000030
37493 0.000017
37494 0.000010
37495 0.000023
37496 0.000015
37497 0.000016
37498 0.000037
37499 0.000036
37500 0.000020
37501 0.000016
37502 0.000024
37503 0.000017
37504 0.000012
37505 0.000027
37506 0.000029
37507 0.000036
37508 0.000015
37509 0.000015
37510 0.000005
37511 0.000019
37512 0.000012
37513 0.000026
37514 0.000015
37515 0.000019
37516 0.000014
37517 0.000012
37518 0.000012
37519 0.000025
37520 0.000021
37521 0.000035
37522 0.000016
37523 0.000016
37524 0.000014
37525 0.000008
37526 0.000018
37527 0.000011
37528 0.000022
37529 0.000038
37530 0.000014
37531 0.000014
37532 0.000024
37533 0.000014
37534 0.000011
37535 0.000022
37536 0.000023
37537 0.000025
37538 0.000021
37539 0.000014
37540 0.000008
37541 0.000023
37542 0.000031
37543 0.000016
37544 0.000026
37545 0.000038
37546 0.000031
37547 0.000015
37548 0.000008
37549 0.000024
37550 0.000029
37551 0.000025
37552 0.000031
37553 0.000025
37554 0.000011
37555 0.000011
37556 0.000013
37557 0.000013
37558 0.000021
37559 0.000014
37560 0.000039
37561 0.000034
37562 0.000019
37563 0.000025
37564 0.000037
37565 0.000029
37566 0.000032
37567 0.000028
37568 0.000029
37569 0.000015
37570 0.000007
37571 0.000031
37572 0.000031
37573 0.000024
37574 0.000015
37575 0.000014
37576 0.000019
37577 0.000021
37578 0.000013
37579 0.000024
37580 0.000017
37581 0.000016
37582 0.000025
37583 0.000014
37584 0.000014
37585 0.000012
37586 0.000027
37587 0.000016
37588 0.000016
37589 0.000015
37590 0.000036
37591 0.000044
37592 0.000023
37593 0.000014
37594 0.000023
37595 0.000028
37596 0.000013
37597 0.000036
37598 0.000025
37599 0.000019
37600 0.000011
37601 0.000029
37602 0.000021
37603 0.000021
37604 0.000014
37605 0.000019
37606 0.000027
37607 0.000040
37608 0.000033
37609 0.000016
37610 0.000016
37611 0.000009
37612 0.000007
37613 0.000021
37614 0.000030
37615 0.000016
37616 0.000016
37617 0.000023
37618 0.000022
37619 0.000020
37620 0.000029
37621 0.000021
37622 0.000034
37623 0.000009
37624 0.000015
37625 0.000020
37626 0.000013
37627 0.000023
37628 0.000029
37629 0.000024
37630 0.000021
37631 0.000021
37632 0.000016
37633 0.000012
37634 0.000014
37635 0.000025
37636 0.000028
37637 0.000017
37638 0.000036
37639 0.000029
37640 0.000017
37641 0.000009
37642 0.000033
37643 0.000031
37644 0.000014
37645 0.000025
37646 0.000029
37647 0.000019
37648 0.000023
37649 0.000013
37650 0.000017
37651 0.000012
37652 0.000011
37653 0.000019
37654 0.000016
37655 0.000020
37656 0.000010
37657 0.000027
37658 0.000014
37659 0.000005
37660 0.000025
37661 0.000020
37662 0.000012
37663 0.000024
37664 0.000015
37665 0.000009
37666 0.000036
37667 0.000027
37668 0.000021
37669 0.000021
37670 0.000020
37671 0.000017
37672 0.000028
37673 0.000008
37674 0.000013
37675 0.000013
37676 0.000033
37677 0.000012
37678 0.000012
37679 0.000009
37680 0.000008
37681 0.000019
37682 0.000037
37683 0.000013
37684 0.000012
37685 0.000016
37686 0.000013
37687 0.000035
37688 0.000016
37689 0.000018
37690 0.000030
37691 0.000024
37692 0.000032
37693 0.000022
37694 0.000028
37695 0.000015
37696 0.000012
37697 0.000023
37698 0.000030
37699 0.000030
37700 0.000032
37701 0.000011
37702 0.000035
37703 0.000016
37704 0.000023
37705 0.000026
37706 0.000020
37707 0.000027
37708 0.000030
37709 0.000032
37710 0.000021
37711 0.000019
37712 0.000017
37713 0.000008
37714 0.000025
37715 0.000045
37716 0.000050
37717 0.000018
37718 0.000024
37719 0.000010
37720 0.000026
37721 0.000022
37722 0.000022
37723 0.000015
37724 0.000019
37725 0.000015
37726 0.000013
37727 0.000018
37728 0.000036
37729 0.000022
37730 0.000023
37731 0.000022
37732 0.000020
37733 0.000018
37734 0.000025
37735 0.000012
37736 0.000018
37737 0.000045
37738 0.000028
37739 0.000014
37740 0.000011
37741 0.000009
37742 0.000018
37743 0.000020
37744 0.000034
37745 0.000035
37746 0.000033
37747 0.000021
37748 0.000019
37749 0.000010
37750 0.000018
37751 0.000016
37752 0.000015
37753 0.000014
37754 0.000013
37755 0.000042
37756 0.000011
37757 0.000016
37758 0.000019
37759 0.000017
37760 0.000018
37761 0.000021
37762 0.000013
37763 0.000017
37764 0.000020
37765 0.000025
37766 0.000018
37767 0.000019
37768 0.000017
37769 0.000013
37770 0.000020
37771 0.000020
37772 0.000044
37773 0.000021
37774 0.000008
37775 0.000020
37776 0.000033
37777 0.000022
37778 0.000018
37779 0.000025
37780 0.000011
37781 0.000024
37782 0.000010
37783 0.000023
37784 0.000018
37785 0.000027
37786 0.000023
37787 0.000020
37788 0.000012
37789 0.000011
37790 0.000020
37791 0.000033
37792 0.000015
37793 0.000019
37794 0.000025
37795 0.000026
37796 0.000036
37797 0.000027
37798 0.000012
37799 0.000025
37800 0.000031
37801 0.000035
37802 0.000019
37803 0.000016
37804 0.000011
37805 0.000017
37806 0.000022
37807 0.000022
37808 0.000009
37809 0.000013
37810 0.000011
37811 0.000009
37812 0.000026
37813 0.000009
37814 0.000008
37815 0.000007
37816 0.000020
37817 0.000010
37818 0.000012
37819 0.000021
37820 0.000017
37821 0.000020
37822 0.000020
37823 0.000015
37824 0.000013
37825 0.000017
37826 0.000008
37827 0.000017
37828 0.000013
37829 0.000028
37830 0.000030
37831 0.000048
37832 0.000034
37833 0.000026
37834 0.000019
37835 0.000021
37836 0.000011
37837 0.000016
37838 0.000017
37839 0.000020
37840 0.000021
37841 0.000016
37842 0.000023
37843 0.000015
37844 0.000017
37845 0.000016
37846 0.000016
37847 0.000038
37848 0.000019
37849 0.000028
37850 0.000020
37851 0.000012
37852 0.000022
37853 0.000014
37854 0.000021
37855 0.000037
37856 0.000019
37857 0.000010
37858 0.000018
37859 0.000035
37860 0.000021
37861 0.000030
37862 0.000024
37863 0.000014
37864 0.000008
37865 0.000007
37866 0.000023
37867 0.000020
37868 0.000024
37869 0.000017
37870 0.000033
37871 0.000020
37872 0.000031
37873 0.000015
37874 0.000026
37875 0.000022
37876 0.000024
37877 0.000019
37878 0.000034
37879 0.000018
37880 0.000019
37881 0.000013
37882 0.000017
37883 0.000011
37884 0.000023
37885 0.000030
37886 0.000019
37887 0.000025
37888 0.000018
37889 0.000018
37890 0.000016
37891 0.000023
37892 0.000023
37893 0.000018
37894 0.000032
37895 0.000029
37896 0.000017
37897 0.000035
37898 0.000017
37899 0.000021
37900 0.000036
37901 0.000035
37902 0.000031
37903 0.000048
37904 0.000018
37905 0.000042
37906 0.000027
37907 0.000008
37908 0.000021
37909 0.000028
37910 0.000015
37911 0.000015
37912 0.000016
37913 0.000044
37914 0.000010
37915 0.000011
37916 0.000009
37917 0.000013
37918 0.000016
37919 0.000025
37920 0.000025
37921 0.000014
37922 0.000028
37923 0.000017
37924 0.000008
37925 0.000027
37926 0.000027
37927 0.000019
37928 0.000019
37929 0.000014
37930 0.000008
37931 0.000018
37932 0.000013
37933 0.000022
37934 0.000028
37935 0.000020
37936 0.000027
37937 0.000025
37938 0.000012
37939 0.000018
37940 0.000015
37941 0.000023
37942 0.000020
37943 0.000031
37944 0.000012
37945 0.000025
37946 0.000020
37947 0.000023
37948 0.000020
37949 0.000017
37950 0.000032
37951 0.000022
37952 0.000012
37953 0.000010
37954 0.000014
37955 0.000011
37956 0.000022
37957 0.000019
37958 0.000031
37959 0.000021
37960 0.000014
37961 0.000029
37962 0.000020
37963 0.000023
37964 0.000013
37965 0.000020
37966 0.000006
37967 0.000013
37968 0.000024
37969 0.000036
37970 0.000046
37971 0.000035
37972 0.000017
37973 0.000018
37974 0.000007
37975 0.000011
37976 0.000019
37977 0.000020
37978 0.000030
37979 0.000013
37980 0.000022
37981 0.000020
37982 0.000019
37983 0.000025
37984 0.000027
37985 0.000012
37986 0.000005
37987 0.000013
37988 0.000017
37989 0.000016
37990 0.000010
37991 0.000022
37992 0.000017
37993 0.000019
37994 0.000014
37995 0.000023
37996 0.000023
37997 0.000024
37998 0.000011
37999 0.000018
38000 0.000019
38001 0.000019
38002 0.000014
38003 0.000020
38004 0.000028
38005 0.000029
38006 0.000026
38007 0.000028
38008 0.000034
38009 0.000020
38010 0.000039
38011 0.000038
38012 0.000014
38013 0.000028
38014 0.000031
38015 0.000015
38016 0.000018
38017 0.000019
38018 0.000029
38019 0.000022
38020 0.000012
38021 0.000019
38022 0.000030
38023 0.000018
38024 0.000008
38025 0.000016
38026 0.000032
38027 0.000010
38028 0.000026
38029 0.000019
38030 0.000029
38031 0.000028
38032 0.000013
38033 0.000018
38034 0.000021
38035 0.000015
38036 0.000016
38037 0.000043
38038 0.000032
38039 0.000026
38040 0.000016
38041 0.000025
38042 0.000038
38043 0.000028
38044 0.000008
38045 0.000018
38046 0.000024
38047 0.000028
38048 0.000031
38049 0.000025
38050 0.000029
38051 0.000019
38052 0.000018
38053 0.000015
38054 0.000022
38055 0.000011
38056 0.000028
38057 0.000049
38058 0.000012
38059 0.000016
38060 0.000012
38061 0.000020
38062 0.000043
38063 0.000012
38064 0.000007
38065 0.000027
38066 0.000022
38067 0.000011
38068 0.000034
38069 0.000020
38070 0.000009
38071 0.000038
38072 0.000035
38073 0.000023
38074 0.000018
38075 0.000036
38076 0.000019
38077 0.000020
38078 0.000022
38079 0.000015
38080 0.000033
38081 0.000042
38082 0.000019
38083 0.000022
38084 0.000009
38085 0.000016
38086 0.000018
38087 0.000010
38088 0.000033
38089 0.000021
38090 0.000014
38091 0.000025
38092 0.000015
38093 0.000032
38094 0.000014
38095 0.000018
38096 0.000009
38097 0.000009
38098 0.000021
38099 0.000027
38100 0.000024
38101 0.000026
38102 0.000020
38103 0.000022
38104 0.000018
38105 0.000020
38106 0.000015
38107 0.000020
38108 0.000009
38109 0.000009
38110 0.000021
38111 0.000030
38112 0.000017
38113 0.000014
38114 0.000011
38115 0.000017
38116 0.000029
38117 0.000017
38118 0.000021
38119 0.000010
38120 0.000013
38121 0.000023
38122 0.000028
38123 0.000016
38124 0.000019
38125 0.000016
38126 0.000020
38127 0.000036
38128 0.000017
38129 0.000010
38130 0.000021
38131 0.000030
38132 0.000012
38133 0.000008
38134 0.000017
38135 0.000013
38136 0.000018
38137 0.000019
38138 0.000030
38139 0.000015
38140 0.000018
38141 0.000016
38142 0.000035
38143 0.000010
38144 0.000015
38145 0.000019
38146 0.000011
38147 0.000018
38148 0.000014
38149 0.000030
38150 0.000016
38151 0.000011
38152 0.000027
38153 0.000023
38154 0.000015
38155 0.000026
38156 0.000013
38157 0.000010
38158 0.000026
38159 0.000030
38160 0.000013
38161 0.000014
38162 0.000030
38163 0.000024
38164 0.000028
38165 0.000035
38166 0.000024
38167 0.000017
38168 0.000013
38169 0.000011
38170 0.000004
38171 0.000012
38172 0.000024
38173 0.000025
38174 0.000021
38175 0.000026
38176 0.000025
38177 0.000031
38178 0.000017
38179 0.000019
38180 0.000019
38181 0.000012
38182 0.000013
38183 0.000020
38184 0.000029
38185 0.000015
38186 0.000021
38187 0.000023
38188 0.000016
38189 0.000016
38190 0.000021
38191 0.000018
38192 0.000020
38193 0.000035
38194 0.000014
38195 0.000025
38196 0.000016
38197 0.000028
38198 0.000031
38199 0.000013
38200 0.000009
38201 0.000019
38202 0.000037
38203 0.000021
38204 0.000012
38205 0.000021
38206 0.000027
38207 0.000021
38208 0.000029
38209 0.000008
38210 0.000007
38211 0.000030
38212 0.000008
38213 0.000025
38214 0.000027
38215 0.000027
38216 0.000028
38217 0.000016
38218 0.000026
38219 0.000022
38220 0.000026
38221 0.000018
38222 0.000017
38223 0.000033
38224 0.000027
38225 0.000010
38226 0.000024
38227 0.000031
38228 0.000025
38229 0.000034
38230 0.000018
38231 0.000023
38232 0.000015
38233 0.000014
38234 0.000034
38235 0.000018
38236 0.000022
38237 0.000029
38238 0.000016
38239 0.000021
38240 0.000016
38241 0.000017
38242 0.000034
38243 0.000019
38244 0.000017
38245 0.000018
38246 0.000024
38247 0.000016
38248 0.000020
38249 0.000019
38250 0.000021
38251 0.000013
38252 0.000006
38253 0.000018
38254 0.000027
38255 0.000031
38256 0.000021
38257 0.000029
38258 0.000028
38259 0.000028
38260 0.000026
38261 0.000053
38262 0.000035
38263 0.000014
38264 0.000018
38265 0.000016
38266 0.000012
38267 0.000012
38268 0.000018
38269 0.000027
38270 0.000012
38271 0.000016
38272 0.000013
38273 0.000014
38274 0.000016
38275 0.000010
38276 0.000014
38277 0.000020
38278 0.000017
38279 0.000021
38280 0.000030
38281 0.000029
38282 0.000010
38283 0.000024
38284 0.000018
38285 0.000026
38286 0.000022
38287 0.000023
38288 0.000030
38289 0.000023
38290 0.000028
38291 0.000023
38292 0.000033
38293 0.000039
38294 0.000028
38295 0.000017
38296 0.000013
38297 0.000013
38298 0.000026
38299 0.000020
38300 0.000041
38301 0.000031
38302 0.000026
38303 0.000030
38304 0.000045
38305 0.000036
38306 0.000020
38307 0.000021
38308 0.000023
38309 0.000015
38310 0.000011
38311 0.000010
38312 0.000016
38313 0.000009
38314 0.000011
38315 0.000011
38316 0.000015
38317 0.000030
38318 0.000024
38319 0.000019
38320 0.000026
38321 0.000033
38322 0.000022
38323 0.000009
38324 0.000010
38325 0.000013
38326 0.000019
38327 0.000017
38328 0.000033
38329 0.000012
38330 0.000029
38331 0.000016
38332 0.000021
38333 0.000010
38334 0.000027
38335 0.000031
38336 0.000018
38337 0.000007
38338 0.000009
38339 0.000017
38340 0.000013
38341 0.000027
38342 0.000008
38343 0.000008
38344 0.000015
38345 0.000037
38346 0.000019
38347 0.000045
38348 0.000026
38349 0.000023
38350 0.000013
38351 0.000010
38352 0.000015
38353 0.000012
38354 0.000011
38355 0.000005
38356 0.000025
38357 0.000019
38358 0.000015
38359 0.000013
38360 0.000018
38361 0.000030
38362 0.000026
38363 0.000040
38364 0.000018
38365 0.000013
38366 0.000017
38367 0.000005
38368 0.000010
38369 0.000013
38370 0.000016
38371 0.000018
38372 0.000011
38373 0.000027
38374 0.000018
38375 0.000023
38376 0.000016
38377 0.000014
38378 0.000018
38379 0.000039
38380 0.000018
38381 0.000014
38382 0.000017
38383 0.000020
38384 0.000015
38385 0.000013
38386 0.000017
38387 0.000018
38388 0.000013
38389 0.000020
38390 0.000017
38391 0.000014
38392 0.000017
38393 0.000034
38394 0.000020
38395 0.000030
38396 0.000014
38397 0.000031
38398 0.000016
38399 0.000016
38400 0.000017
38401 0.000030
38402 0.000021
38403 0.000024
38404 0.000014
38405 0.000027
38406 0.000025
38407 0.000020
38408 0.000028
38409 0.000017
38410 0.000030
38411 0.000016
38412 0.000025
38413 0.000007
38414 0.000023
38415 0.000024
38416 0.000012
38417 0.000005
38418 0.000020
38419 0.000022
38420 0.000017
38421 0.000026
38422 0.000017
38423 0.000016
38424 0.000017
38425 0.000017
38426 0.000016
38427 0.000029
38428 0.000028
38429 0.000015
38430 0.000022
38431 0.000035
38432 0.000013
38433 0.000025
38434 0.000040
38435 0.000047
38436 0.000032
38437 0.000015
38438 0.000026
38439 0.000046
38440 0.000028
38441 0.000020
38442 0.000022
38443 0.000014
38444 0.000024
38445 0.000025
38446 0.000023
38447 0.000034
38448 0.000016
38449 0.000023
38450 0.000017
38451 0.000020
38452 0.000017
38453 0.000012
38454 0.000026
38455 0.000017
38456 0.000043
38457 0.000013
38458 0.000008
38459 0.000012
38460 0.000015
38461 0.000008
38462 0.000030
38463 0.000015
38464 0.000030
38465 0.000021
38466 0.000028
38467 0.000019
38468 0.000021
38469 0.000011
38470 0.000021
38471 0.000022
38472 0.000011
38473 0.000024
38474 0.000014
38475 0.000012
38476 0.000020
38477 0.000019
38478 0.000017
38479 0.000030
38480 0.000019
38481 0.000029
38482 0.000024
38483 0.000020
38484 0.000024
38485 0.000009
38486 0.000016
38487 0.000013
38488 0.000027
38489 0.000016
38490 0.000009
38491 0.000016
38492 0.000011
38493 0.000026
38494 0.000016
38495 0.000019
38496 0.000023
38497 0.000019
38498 0.000009
38499 0.000025
38500 0.000017
38501 0.000019
38502 0.000021
38503 0.000008
38504 0.000010
38505 0.000025
38506 0.000033
38507 0.000017
38508 0.000010
38509 0.000020
38510 0.000013
38511 0.000034
38512 0.000020
38513 0.000020
38514 0.000023
38515 0.000034
38516 0.000036
38517 0.000026
38518 0.000016
38519 0.000034
38520 0.000024
38521 0.000021
38522 0.000021
38523 0.000017
38524 0.000020
38525 0.000015
38526 0.000015
38527 0.000015
38528 0.000034
38529 0.000020
38530 0.000025
38531 0.000030
38532 0.000008
38533 0.000023
38534 0.000013
38535 0.000020
38536 0.000014
38537 0.000013
38538 0.000026
38539 0.000046
38540 0.000036
38541 0.000037
38542 0.000024
38543 0.000010
38544 0.000012
38545 0.000011
38546 0.000022
38547 0.000019
38548 0.000022
38549 0.000016
38550 0.000026
38551 0.000018
38552 0.000019
38553 0.000038
38554 0.000021
38555 0.000022
38556 0.000030
38557 0.000018
38558 0.000033
38559 0.000027
38560 0.000042
38561 0.000026
38562 0.000020
38563 0.000011
38564 0.000046
38565 0.000021
38566 0.000012
38567 0.000016
38568 0.000017
38569 0.000018
38570 0.000022
38571 0.000017
38572 0.000027
38573 0.000016
38574 0.000023
38575 0.000012
38576 0.000030
38577 0.000027
38578 0.000019
38579 0.000015
38580 0.000035
38581 0.000020
38582 0.000005
38583 0.000022
38584 0.000018
38585 0.000012
38586 0.000020
38587 0.000018
38588 0.000009
38589 0.000037
38590 0.000033
38591 0.000020
38592 0.000017
38593 0.000023
38594 0.000022
38595 0.000023
38596 0.000017
38597 0.000023
38598 0.000025
38599 0.000013
38600 0.000013
38601 0.000015
38602 0.000012
38603 0.000011
38604 0.000016
38605 0.000020
38606 0.000012
38607 0.000022
38608 0.000024
38609 0.000018
38610 0.000033
38611 0.000021
38612 0.000020
38613 0.000026
38614 0.000024
38615 0.000020
38616 0.000018
38617 0.000024
38618 0.000033
38619 0.000027
38620 0.000023
38621 0.000027
38622 0.000040
38623 0.000018
38624 0.000015
38625 0.000011
38626 0.000033
38627 0.000009
38628 0.000006
38629 0.000019
38630 0.000012
38631 0.000016
38632 0.000010
38633 0.000009
38634 0.000010
38635 0.000010
38636 0.000020
38637 0.000020
38638 0.000024
38639 0.000021
38640 0.000027
38641 0.000027
38642 0.000025
38643 0.000021
38644 0.000022
38645 0.000016
38646 0.000040
38647 0.000018
38648 0.000014
38649 0.000020
38650 0.000017
38651 0.000021
38652 0.000020
38653 0.000019
38654 0.000008
38655 0.000008
38656 0.000007
38657 0.000030
38658 0.000027
38659 0.000025
38660 0.000035
38661 0.000013
38662 0.000031
38663 0.000019
38664 0.000012
38665 0.000011
38666 0.000018
38667 0.000019
38668 0.000015
38669 0.000015
38670 0.000014
38671 0.000023
38672 0.000013
38673 0.000025
38674 0.000032
38675 0.000017
38676 0.000010
38677 0.000024
38678 0.000016
38679 0.000020
38680 0.000025
38681 0.000030
38682 0.000015
38683 0.000013
38684 0.000022
38685 0.000031
38686 0.000012
38687 0.000015
38688 0.000009
38689 0.000026
38690 0.000011
38691 0.000015
38692 0.000020
38693 0.000024
38694 0.000026
38695 0.000028
38696 0.000038
38697 0.000040
38698 0.000037
38699 0.000016
38700 0.000025
38701 0.000008
38702 0.000017
38703 0.000030
38704 0.000018
38705 0.000019
38706 0.000019
38707 0.000018
38708 0.000026
38709 0.000012
38710 0.000014
38711 0.000030
38712 0.000011
38713 0.000015
38714 0.000013
38715 0.000019
38716 0.000023
38717 0.000040
38718 0.000027
38719 0.000019
38720 0.000012
38721 0.000028
38722 0.000020
38723 0.000031
38724 0.000020
38725 0.000042
38726 0.000036
38727 0.000018
38728 0.000014
38729 0.000018
38730 0.000007
38731 0.000020
38732 0.000019
38733 0.000033
38734 0.000030
38735 0.000015
38736 0.000017
38737 0.000027
38738 0.000015
38739 0.000007
38740 0.000024
38741 0.000021
38742 0.000023
38743 0.000022
38744 0.000012
38745 0.000020
38746 0.000017
38747 0.000024
38748 0.000012
38749 0.000022
38750 0.000007
38751 0.000010
38752 0.000012
38753 0.000012
38754 0.000020
38755 0.000036
38756 0.000020
38757 0.000013
38758 0.000019
38759 0.000017
38760 0.000008
38761 0.000020
38762 0.000039
38763 0.000013
38764 0.000020
38765 0.000017
38766 0.000013
38767 0.000030
38768 0.000013
38769 0.000024
38770 0.000006
38771 0.000010
38772 0.000007
38773 0.000012
38774 0.000013
38775 0.000008
38776 0.000008
38777 0.000015
38778 0.000012
38779 0.000022
38780 0.000014
38781 0.000013
38782 0.000016
38783 0.000007
38784 0.000019
38785 0.000030
38786 0.000025
38787 0.000031
38788 0.000018
38789 0.000026
38790 0.000015
38791 0.000012
38792 0.000037
38793 0.000026
38794 0.000040
38795 0.000030
38796 0.000027
38797 0.000015
38798 0.000025
38799 0.000014
38800 0.000028
38801 0.000015
38802 0.000022
38803 0.000011
38804 0.000019
38805 0.000026
38806 0.000013
38807 0.000021
38808 0.000029
38809 0.000017
38810 0.000013
38811 0.000015
38812 0.000012
38813 0.000031
38814 0.000018
38815 0.000020
38816 0.000027
38817 0.000021
38818 0.000026
38819 0.000027
38820 0.000028
38821 0.000030
38822 0.000025
38823 0.000021
38824 0.000014
38825 0.000031
38826 0.000019
38827 0.000017
38828 0.000010
38829 0.000015
38830 0.000026
38831 0.000011
38832 0.000016
38833 0.000026
38834 0.000028
38835 0.000010
38836 0.000017
38837 0.000026
38838 0.000016
38839 0.000030
38840 0.000012
38841 0.000016
38842 0.000016
38843 0.000013
38844 0.000015
38845 0.000021
38846 0.000027
38847 0.000014
38848 0.000015
38849 0.000007
38850 0.000014
38851 0.000014
38852 0.000017
38853 0.000029
38854 0.000026
38855 0.000029
38856 0.000026
38857 0.000020
38858 0.000024
38859 0.000023
38860 0.000017
38861 0.000018
38862 0.000014
38863 0.000018
38864 0.000010
38865 0.000022
38866 0.000022
38867 0.000023
38868 0.000046
38869 0.000020
38870 0.000021
38871 0.000032
38872 0.000022
38873 0.000022
38874 0.000013
38875 0.000012
38876 0.000023
38877 0.000024
38878 0.000018
38879 0.000018
38880 0.000014
38881 0.000032
38882 0.000021
38883 0.000020
38884 0.000022
38885 0.000008
38886 0.000024
38887 0.000012
38888 0.000026
38889 0.000026
38890 0.000032
38891 0.000026
38892 0.000030
38893 0.000018
38894 0.000017
38895 0.000012
38896 0.000012
38897 0.000004
38898 0.000021
38899 0.000025
38900 0.000024
38901 0.000019
38902 0.000012
38903 0.000016
38904 0.000025
38905 0.000017
38906 0.000016
38907 0.000027
38908 0.000016
38909 0.000008
38910 0.000019
38911 0.000025
38912 0.000020
38913 0.000011
38914 0.000009
38915 0.000021
38916 0.000029
38917 0.000030
38918 0.000023
38919 0.000022
38920 0.000011
38921 0.000013
38922 0.000006
38923 0.000007
38924 0.000011
38925 0.000027
38926 0.000024
38927 0.000019
38928 0.000023
38929 0.000027
38930 0.000014
38931 0.000018
38932 0.000023
38933 0.000020
38934 0.000022
38935 0.000017
38936 0.000028
38937 0.000023
38938 0.000021
38939 0.000013
38940 0.000017
38941 0.000021
38942 0.000035
38943 0.000025
38944 0.000026
38945 0.000023
38946 0.000032
38947 0.000018
38948 0.000021
38949 0.000025
38950 0.000027
38951 0.000017
38952 0.000010
38953 0.000014
38954 0.000028
38955 0.000022
38956 0.000010
38957 0.000012
38958 0.000013
38959 0.000021
38960 0.000018
38961 0.000019
38962 0.000044
38963 0.000025
38964 0.000014
38965 0.000028
38966 0.000039
38967 0.000007
38968 0.000008
38969 0.000007
38970 0.000016
38971 0.000019
38972 0.000014
38973 0.000028
38974 0.000010
38975 0.000013
38976 0.000022
38977 0.000025
38978 0.000026
38979 0.000024
38980 0.000026
38981 0.000033
38982 0.000012
38983 0.000018
38984 0.000010
38985 0.000026
38986 0.000012
38987 0.000025
38988 0.000020
38989 0.000012
38990 0.000008
38991 0.000024
38992 0.000019
38993 0.000020
38994 0.000012
38995 0.000027
38996 0.000024
38997 0.000020
38998 0.000014
38999 0.000021
39000 0.000029
39001 0.000027
39002 0.000021
39003 0.000007
39004 0.000016
39005 0.000014
39006 0.000025
39007 0.000016
39008 0.000023
39009 0.000016
39010 0.000020
39011 0.000011
39012 0.000012
39013 0.000016
39014 0.000019
39015 0.000009
39016 0.000018
39017 0.000017
39018 0.000009
39019 0.000021
39020 0.000023
39021 0.000014
39022 0.000024
39023 0.000015
39024 0.000007
39025 0.000022
39026 0.000015
39027 0.000010
39028 0.000015
39029 0.000010
39030 0.000015
39031 0.000017
39032 0.000017
39033 0.000025
39034 0.000066
39035 0.000021
39036 0.000025
39037 0.000039
39038 0.000030
39039 0.000012
39040 0.000011
39041 0.000016
39042 0.000035
39043 0.000031
39044 0.000016
39045 0.000036
39046 0.000023
39047 0.000029
39048 0.000015
39049 0.000025
39050 0.000018
39051 0.000020
39052 0.000021
39053 0.000012
39054 0.000021
39055 0.000024
39056 0.000020
39057 0.000013
39058 0.000014
39059 0.000022
39060 0.000015
39061 0.000034
39062 0.000017
39063 0.000014
39064 0.000025
39065 0.000035
39066 0.000029
39067 0.000023
39068 0.000018
39069 0.000019
39070 0.000026
39071 0.000017
39072 0.000020
39073 0.000012
39074 0.000011
39075 0.000024
39076 0.000019
39077 0.000019
39078 0.000020
39079 0.000020
39080 0.000033
39081 0.000013
39082 0.000021
39083 0.000015
39084 0.000012
39085 0.000027
39086 0.000024
39087 0.000018
39088 0.000019
39089 0.000010
39090 0.000016
39091 0.000006
39092 0.000014
39093 0.000015
39094 0.000014
39095 0.000023
39096 0.000033
39097 0.000012
39098 0.000015
39099 0.000020
39100 0.000016
39101 0.000024
39102 0.000023
39103 0.000021
39104 0.000022
39105 0.000024
39106 0.000022
39107 0.000015
39108 0.000009
39109 0.000019
39110 0.000016
39111 0.000014
39112 0.000032
39113 0.000015
39114 0.000014
39115 0.000012
39116 0.000019
39117 0.000017
39118 0.000022
39119 0.000014
39120 0.000027
39121 0.000018
39122 0.000010
39123 0.000015
39124 0.000037
39125 0.000012
39126 0.000019
39127 0.000023
39128 0.000022
39129 0.000019
39130 0.000009
39131 0.000017
39132 0.000018
39133 0.000017
39134 0.000024
39135 0.000025
39136 0.000017
39137 0.000018
39138 0.000035
39139 0.000039
39140 0.000024
39141 0.000011
39142 0.000015
39143 0.000019
39144 0.000024
39145 0.000042
39146 0.000012
39147 0.000014
39148 0.000017
39149 0.000021
39150 0.000027
39151 0.000012
39152 0.000011
39153 0.000013
39154 0.000014
39155 0.000016
39156 0.000019
39157 0.000012
39158 0.000013
39159 0.000036
39160 0.000017
39161 0.000024
39162 0.000017
39163 0.000016
39164 0.000014
39165 0.000018
39166 0.000014
39167 0.000014
39168 0.000032
39169 0.000027
39170 0.000014
39171 0.000028
39172 0.000015
39173 0.000011
39174 0.000021
39175 0.000042
39176 0.000023
39177 0.000022
39178 0.000028
39179 0.000019
39180 0.000013
39181 0.000011
39182 0.000021
39183 0.000031
39184 0.000027
39185 0.000034
39186 0.000017
39187 0.000018
39188 0.000008
39189 0.000017
39190 0.000006
39191 0.000016
39192 0.000018
39193 0.000043
39194 0.000019
39195 0.000031
39196 0.000024
39197 0.000031
39198 0.000031
39199 0.000022
39200 0.000019
39201 0.000017
39202 0.000023
39203 0.000032
39204 0.000032
39205 0.000038
39206 0.000019
39207 0.000024
39208 0.000026
39209 0.000023
39210 0.000019
39211 0.000010
39212 0.000026
39213 0.000022
39214 0.000014
39215 0.000032
39216 0.000014
39217 0.000015
39218 0.000009
39219 0.000021
39220 0.000022
39221 0.000016
39222 0.000035
39223 0.000019
39224 0.000023
39225 0.000016
39226 0.000019
39227 0.000031
39228 0.000022
39229 0.000029
39230 0.000025
39231 0.000029
39232 0.000021
39233 0.000014
39234 0.000022
39235 0.000013
39236 0.000019
39237 0.000032
39238 0.000023
39239 0.000013
39240 0.000014
39241 0.000012
39242 0.000019
39243 0.000029
39244 0.000042
39245 0.000030
39246 0.000020
39247 0.000018
39248 0.000017
39249 0.000023
39250 0.000027
39251 0.000029
39252 0.000015
39253 0.000028
39254 0.000038
39255 0.000018
39256 0.000021
39257 0.000012
39258 0.000015
39259 0.000019
39260 0.000012
39261 0.000011
39262 0.000008
39263 0.000010
39264 0.000027
39265 0.000020
39266 0.000019
39267 0.000009
39268 0.000029
39269 0.000016
39270 0.000019
39271 0.000012
39272 0.000013
39273 0.000010
39274 0.000023
39275 0.000021
39276 0.000018
39277 0.000009
39278 0.000012
39279 0.000012
39280 0.000007
39281 0.000022
39282 0.000017
39283 0.000022
39284 0.000019
39285 0.000011
39286 0.000011
39287 0.000031
39288 0.000028
39289 0.000010
39290 0.000023
39291 0.000021
39292 0.000018
39293 0.000015
39294 0.000017
39295 0.000015
39296 0.000024
39297 0.000016
39298 0.000012
39299 0.000012
39300 0.000035
39301 0.000024
39302 0.000025
39303 0.000017
39304 0.000012
39305 0.000023
39306 0.000014
39307 0.000027
39308 0.000029
39309 0.000018
39310 0.000015
39311 0.000028
39312 0.000016
39313 0.000020
39314 0.000006
39315 0.000018
39316 0.000013
39317 0.000030
39318 0.000016
39319 0.000013
39320 0.000009
39321 0.000025
39322 0.000019
39323 0.000025
39324 0.000019
39325 0.000022
39326 0.000032
39327 0.000025
39328 0.000015
39329 0.000014
39330 0.000024
39331 0.000022
39332 0.000025
39333 0.000021
39334 0.000014
39335 0.000026
39336 0.000023
39337 0.000015
39338 0.000011
39339 0.000006
39340 0.000032
39341 0.000016
39342 0.000013
39343 0.000013
39344 0.000020
39345 0.000025
39346 0.000015
39347 0.000037
39348 0.000038
39349 0.000025
39350 0.000016
39351 0.000017
39352 0.000018
39353 0.000036
39354 0.000030
39355 0.000022
39356 0.000018
39357 0.000024
39358 0.000025
39359 0.000019
39360 0.000015
39361 0.000022
39362 0.000015
39363 0.000012
39364 0.000022
39365 0.000018
39366 0.000010
39367 0.000016
39368 0.000026
39369 0.000019
39370 0.000012
39371 0.000012
39372 0.000035
39373 0.000022
39374 0.000021
39375 0.000015
39376 0.000031
39377 0.000033
39378 0.000027
39379 0.000024
39380 0.000009
39381 0.000027
39382 0.000028
39383 0.000013
39384 0.000011
39385 0.000032
39386 0.000045
39387 0.000020
39388 0.000034
39389 0.000026
39390 0.000014
39391 0.000005
39392 0.000016
39393 0.000021
39394 0.000024
39395 0.000019
39396 0.000016
39397 0.000015
39398 0.000013
39399 0.000007
39400 0.000004
39401 0.000012
39402 0.000009
39403 0.000019
39404 0.000032
39405 0.000027
39406 0.000025
39407 0.000025
39408 0.000033
39409 0.000017
39410 0.000025
39411 0.000027
39412 0.000024
39413 0.000016
39414 0.000026
39415 0.000006
39416 0.000013
39417 0.000006
39418 0.000011
39419 0.000015
39420 0.000008
39421 0.000020
39422 0.000021
39423 0.000027
39424 0.000011
39425 0.000024
39426 0.000026
39427 0.000016
39428 0.000017
39429 0.000023
39430 0.000016
39431 0.000025
39432 0.000019
39433 0.000022
39434 0.000014
39435 0.000023
39436 0.000025
39437 0.000012
39438 0.000016
39439 0.000015
39440 0.000016
39441 0.000018
39442 0.000045
39443 0.000010
39444 0.000012
39445 0.000010
39446 0.000012
39447 0.000035
39448 0.000026
39449 0.000013
39450 0.000006
39451 0.000011
39452 0.000011
39453 0.000009
39454 0.000013
39455 0.000010
39456 0.000039
39457 0.000019
39458 0.000023
39459 0.000014
39460 0.000007
39461 0.000023
39462 0.000016
39463 0.000020
39464 0.000015
39465 0.000019
39466 0.000019
39467 0.000022
39468 0.000016
39469 0.000013
39470 0.000023
39471 0.000016
39472 0.000035
39473 0.000020
39474 0.000027
39475 0.000022
39476 0.000021
39477 0.000019
39478 0.000017
39479 0.000010
39480 0.000022
39481 0.000028
39482 0.000028
39483 0.000018
39484 0.000016
39485 0.000025
39486 0.000027
39487 0.000023
39488 0.000020
39489 0.000035
39490 0.000013
39491 0.000016
39492 0.000024
39493 0.000035
39494 0.000017
39495 0.000015
39496 0.000008
39497 0.000018
39498 0.000028
39499 0.000027
39500 0.000014
39501 0.000017
39502 0.000012
39503 0.000016
39504 0.000020
39505 0.000024
39506 0.000021
39507 0.000023
39508 0.000029
39509 0.000022
39510 0.000024
39511 0.000019
39512 0.000021
39513 0.000006
39514 0.000023
39515 0.000022
39516 0.000019
39517 0.000014
39518 0.000016
39519 0.000011
39520 0.000011
39521 0.000013
39522 0.000018
39523 0.000020
39524 0.000016
39525 0.000009
39526 0.000023
39527 0.000018
39528 0.000018
39529 0.000011
39530 0.000013
39531 0.000013
39532 0.000012
39533 0.000016
39534 0.000020
39535 0.000016
39536 0.000036
39537 0.000027
39538 0.000035
39539 0.000022
39540 0.000020
39541 0.000010
39542 0.000010
39543 0.000016
39544 0.000008
39545 0.000017
39546 0.000023
39547 0.000021
39548 0.000033
39549 0.000027
39550 0.000012
39551 0.000018
39552 0.000008
39553 0.000006
39554 0.000022
39555 0.000028
39556 0.000006
39557 0.000014
39558 0.000016
39559 0.000017
39560 0.000020
39561 0.000018
39562 0.000013
39563 0.000025
39564 0.000020
39565 0.000011
39566 0.000026
39567 0.000022
39568 0.000009
39569 0.000029
39570 0.000030
39571 0.000036
39572 0.000022
39573 0.000026
39574 0.000015
39575 0.000033
39576 0.000016
39577 0.000032
39578 0.000027
39579 0.000017
39580 0.000015
39581 0.000020
39582 0.000019
39583 0.000017
39584 0.000017
39585 0.000019
39586 0.000029
39587 0.000025
39588 0.000025
39589 0.000014
39590 0.000016
39591 0.000011
39592 0.000019
39593 0.000027
39594 0.000020
39595 0.000018
39596 0.000017
39597 0.000011
39598 0.000026
39599 0.000014
39600 0.000015
39601 0.000022
39602 0.000012
39603 0.000013
39604 0.000017
39605 0.000012
39606 0.000020
39607 0.000035
39608 0.000010
39609 0.000009
39610 0.000014
39611 0.000021
39612 0.000035
39613 0.000017
39614 0.000019
39615 0.000012
39616 0.000022
39617 0.000026
39618 0.000029
39619 0.000020
39620 0.000030
39621 0.000022
39622 0.000009
39623 0.000007
39624 0.000026
39625 0.000013
39626 0.000023
39627 0.000020
39628 0.000010
39629 0.000013
39630 0.000037
39631 0.000018
39632 0.000025
39633 0.000007
39634 0.000019
39635 0.000012
39636 0.000009
39637 0.000020
39638 0.000053
39639 0.000030
39640 0.000031
39641 0.000022
39642 0.000019
39643 0.000018
39644 0.000016
39645 0.000017
39646 0.000012
39647 0.000011
39648 0.000015
39649 0.000030
39650 0.000019
39651 0.000013
39652 0.000007
39653 0.000009
39654 0.000016
39655 0.000015
39656 0.000027
39657 0.000014
39658 0.000010
39659 0.000024
39660 0.000022
39661 0.000014
39662 0.000020
39663 0.000018
39664 0.000014
39665 0.000015
39666 0.000022
39667 0.000015
39668 0.000022
39669 0.000023
39670 0.000023
39671 0.000028
39672 0.000036
39673 0.000014
39674 0.000018
39675 0.000016
39676 0.000012
39677 0.000018
39678 0.000009
39679 0.000010
39680 0.000012
39681 0.000011
39682 0.000010
39683 0.000010
39684 0.000022
39685 0.000043
39686 0.000023
39687 0.000030
39688 0.000027
39689 0.000018
39690 0.000013
39691 0.000014
39692 0.000014
39693 0.000021
39694 0.000019
39695 0.000027
39696 0.000028
39697 0.000012
39698 0.000015
39699 0.000024
39700 0.000018
39701 0.000008
39702 0.000024
39703 0.000021
39704 0.000022
39705 0.000032
39706 0.000021
39707 0.000018
39708 0.000012
39709 0.000032
39710 0.000037
39711 0.000021
39712 0.000016
39713 0.000019
39714 0.000010
39715 0.000011
39716 0.000013
39717 0.000010
39718 0.000023
39719 0.000007
39720 0.000018
39721 0.000024
39722 0.000025
39723 0.000028
39724 0.000023
39725 0.000018
39726 0.000022
39727 0.000025
39728 0.000009
39729 0.000008
39730 0.000007
39731 0.000033
39732 0.000037
39733 0.000021
39734 0.000012
39735 0.000007
39736 0.000015
39737 0.000017
39738 0.000015
39739 0.000030
39740 0.000020
39741 0.000019
39742 0.000020
39743 0.000006
39744 0.000016
39745 0.000019
39746 0.000014
39747 0.000017
39748 0.000023
39749 0.000011
39750 0.000015
39751 0.000025
39752 0.000028
39753 0.000017
39754 0.000024
39755 0.000034
39756 0.000016
39757 0.000013
39758 0.000023
39759 0.000013
39760 0.000012
39761 0.000019
39762 0.000013
39763 0.000014
39764 0.000016
39765 0.000012
39766 0.000007
39767 0.000042
39768 0.000033
39769 0.000016
39770 0.000032
39771 0.000042
39772 0.000064
39773 0.000032
39774 0.000035
39775 0.000020
39776 0.000017
39777 0.000020
39778 0.000014
39779 0.000013
39780 0.000014
39781 0.000007
39782 0.000013
39783 0.000025
39784 0.000012
39785 0.000014
39786 0.000031
39787 0.000031
39788 0.000021
39789 0.000024
39790 0.000013
39791 0.000021
39792 0.000020
39793 0.000009
39794 0.000010
39795 0.000013
39796 0.000012
39797 0.000013
39798 0.000005
39799 0.000011
39800 0.000023
39801 0.000018
39802 0.000020
39803 0.000012
39804 0.000009
39805 0.000013
39806 0.000038
39807 0.000026
39808 0.000025
39809 0.000033
39810 0.000026
39811 0.000024
39812 0.000012
39813 0.000023
39814 0.000021
39815 0.000015
39816 0.000027
39817 0.000021
39818 0.000019
39819 0.000017
39820 0.000010
39821 0.000024
39822 0.000030
39823 0.000016
39824 0.000014
39825 0.000021
39826 0.000013
39827 0.000022
39828 0.000012
39829 0.000023
39830 0.000021
39831 0.000023
39832 0.000024
39833 0.000021
39834 0.000021
39835 0.000016
39836 0.000020
39837 0.000029
39838 0.000028
39839 0.000037
39840 0.000022
39841 0.000020
39842 0.000017
39843 0.000030
39844 0.000016
39845 0.000024
39846 0.000030
39847 0.000023
39848 0.000011
39849 0.000020
39850 0.000011
39851 0.000013
39852 0.000026
39853 0.000020
39854 0.000012
39855 0.000008
39856 0.000015
39857 0.000015
39858 0.000013
39859 0.000036
39860 0.000019
39861 0.000025
39862 0.000017
39863 0.000018
39864 0.000024
39865 0.000012
39866 0.000022
39867 0.000014
39868 0.000008
39869 0.000011
39870 0.000014
39871 0.000030
39872 0.000021
39873 0.000022
39874 0.000017
39875 0.000025
39876 0.000023
39877 0.000008
39878 0.000011
39879 0.000010
39880 0.000018
39881 0.000020
39882 0.000006
39883 0.000014
39884 0.000016
39885 0.000012
39886 0.000029
39887 0.000026
39888 0.000017
39889 0.000028
39890 0.000035
39891 0.000018
39892 0.000028
39893 0.000025
39894 0.000016
39895 0.000032
39896 0.000016
39897 0.000033
39898 0.000021
39899 0.000011
39900 0.000018
39901 0.000014
39902 0.000021
39903 0.000017
39904 0.000044
39905 0.000022
39906 0.000017
39907 0.000022
39908 0.000034
39909 0.000023
39910 0.000019
39911 0.000023
39912 0.000023
39913 0.000034
39914 0.000010
39915 0.000015
39916 0.000012
39917 0.000014
39918 0.000014
39919 0.000021
39920 0.000026
39921 0.000013
39922 0.000024
39923 0.000021
39924 0.000010
39925 0.000012
39926 0.000013
39927 0.000010
39928 0.000017
39929 0.000018
39930 0.000029
39931 0.000016
39932 0.000007
39933 0.000017
39934 0.000023
39935 0.000020
39936 0.000017
39937 0.000008
39938 0.000016
39939 0.000013
39940 0.000022
39941 0.000024
39942 0.000020
39943 0.000023
39944 0.000010
39945 0.000008
39946 0.000017
39947 0.000010
39948 0.000023
39949 0.000014
39950 0.000023
39951 0.000020
39952 0.000030
39953 0.000023
39954 0.000026
39955 0.000011
39956 0.000014
39957 0.000013
39958 0.000043
39959 0.000015
39960 0.000015
39961 0.000033
39962 0.000033
39963 0.000035
39964 0.000038
39965 0.000011
39966 0.000020
39967 0.000011
39968 0.000016
39969 0.000006
39970 0.000025
39971 0.000016
39972 0.000021
39973 0.000023
39974 0.000014
39975 0.000028
39976 0.000029
39977 0.000020
39978 0.000026
39979 0.000026
39980 0.000032
39981 0.000018
39982 0.000037
39983 0.000025
39984 0.000021
39985 0.000036
39986 0.000022
39987 0.000025
39988 0.000018
39989 0.000022
39990 0.000014
39991 0.000019
39992 0.000030
39993 0.000025
39994 0.000009
39995 0.000024
39996 0.000018
39997 0.000014
39998 0.000018
39999 0.000010
40000 0.000014
40001 0.000019
40002 0.000025
40003 0.000016
40004 0.000028
40005 0.000027
40006 0.000020
40007 0.000011
40008 0.000013
40009 0.000015
40010 0.000021
40011 0.000018
40012 0.000019
40013 0.000008
40014 0.000014
40015 0.000007
40016 0.000012
40017 0.000013
40018 0.000023
40019 0.000013
40020 0.000040
40021 0.000029
40022 0.000020
40023 0.000019
40024 0.000038
40025 0.000033
40026 0.000020
40027 0.000024
40028 0.000020
40029 0.000016
40030 0.000023
40031 0.000035
40032 0.000025
40033 0.000019
40034 0.000021
40035 0.000022
40036 0.000012
40037 0.000027
40038 0.000018
40039 0.000020
40040 0.000028
40041 0.000032
40042 0.000038
40043 0.000012
40044 0.000013
40045 0.000016
40046 0.000028
40047 0.000017
40048 0.000013
40049 0.000017
40050 0.000017
40051 0.000029
40052 0.000022
40053 0.000020
40054 0.000025
40055 0.000023
40056 0.000016
40057 0.000011
40058 0.000011
40059 0.000023
40060 0.000015
40061 0.000009
40062 0.000018
40063 0.000029
40064 0.000012
40065 0.000022
40066 0.000015
40067 0.000020
40068 0.000012
40069 0.000021
40070 0.000031
40071 0.000015
40072 0.000011
40073 0.000019
40074 0.000023
40075 0.000018
40076 0.000021
40077 0.000015
40078 0.000019
40079 0.000015
40080 0.000036
40081 0.000019
40082 0.000011
40083 0.000027
40084 0.000010
40085 0.000013
40086 0.000013
40087 0.000009
40088 0.000008
40089 0.000020
40090 0.000025
40091 0.000023
40092 0.000029
40093 0.000019
40094 0.000019
40095 0.000022
40096 0.000018
40097 0.000016
40098 0.000020
40099 0.000021
40100 0.000015
40101 0.000036
40102 0.000026
40103 0.000021
40104 0.000027
40105 0.000015
40106 0.000021
40107 0.000028
40108 0.000011
40109 0.000027
40110 0.000017
40111 0.000011
40112 0.000019
40113 0.000018
40114 0.000014
40115 0.000013
40116 0.000018
40117 0.000019
40118 0.000018
40119 0.000024
40120 0.000019
40121 0.000010
40122 0.000016
40123 0.000013
40124 0.000008
40125 0.000016
40126 0.000014
40127 0.000015
40128 0.000024
40129 0.000016
40130 0.000021
40131 0.000026
40132 0.000029
40133 0.000006
40134 0.000015
40135 0.000006
40136 0.000006
40137 0.000012
40138 0.000031
40139 0.000032
40140 0.000037
40141 0.000030
40142 0.000021
40143 0.000028
40144 0.000018
40145 0.000011
40146 0.000015
40147 0.000031
40148 0.000025
40149 0.000020
40150 0.000013
40151 0.000015
40152 0.000011
40153 0.000019
40154 0.000017
40155 0.000023
40156 0.000025
40157 0.000018
40158 0.000031
40159 0.000027
40160 0.000022
40161 0.000027
40162 0.000016
40163 0.000017
40164 0.000018
40165 0.000014
40166 0.000029
40167 0.000027
40168 0.000033
40169 0.000012
40170 0.000016
40171 0.000013
40172 0.000022
40173 0.000023
40174 0.000025
40175 0.000035
40176 0.000021
40177 0.000022
40178 0.000021
40179 0.000015
40180 0.000010
40181 0.000015
40182 0.000024
40183 0.000019
40184 0.000018
40185 0.000016
40186 0.000018
40187 0.000019
40188 0.000011
40189 0.000024
40190 0.000019
40191 0.000013
40192 0.000013
40193 0.000019
40194 0.000015
40195 0.000014
40196 0.000022
40197 0.000012
40198 0.000008
40199 0.000018
40200 0.000038
40201 0.000022
40202 0.000023
40203 0.000013
40204 0.000025
40205 0.000021
40206 0.000036
40207 0.000012
40208 0.000005
40209 0.000007
40210 0.000012
40211 0.000008
40212 0.000009
40213 0.000026
40214 0.000040
40215 0.000015
40216 0.000022
40217 0.000016
40218 0.000018
40219 0.000014
40220 0.000026
40221 0.000017
40222 0.000010
40223 0.000018
40224 0.000024
40225 0.000017
40226 0.000024
40227 0.000020
40228 0.000032
40229 0.000009
40230 0.000014
40231 0.000018
40232 0.000032
40233 0.000026
40234 0.000015
40235 0.000021
40236 0.000021
40237 0.000032
40238 0.000020
40239 0.000012
40240 0.000012
40241 0.000031
40242 0.000015
40243 0.000018
40244 0.000012
40245 0.000018
40246 0.000024
40247 0.000031
40248 0.000013
40249 0.000030
40250 0.000018
40251 0.000031
40252 0.000016
40253 0.000021
40254 0.000017
40255 0.000025
40256 0.000017
40257 0.000018
40258 0.000031
40259 0.000018
40260 0.000027
40261 0.000011
40262 0.000016
40263 0.000014
40264 0.000018
40265 0.000030
40266 0.000011
40267 0.000020
40268 0.000014
40269 0.000016
40270 0.000008
40271 0.000030
40272 0.000020
40273 0.000020
40274 0.000015
40275 0.000026
40276 0.000019
40277 0.000026
40278 0.000019
40279 0.000008
40280 0.000011
40281 0.000039
40282 0.000025
40283 0.000009
40284 0.000016
40285 0.000015
40286 0.000027
40287 0.000022
40288 0.000016
40289 0.000013
40290 0.000026
40291 0.000019
40292 0.000021
40293 0.000028
40294 0.000025
40295 0.000011
40296 0.000008
40297 0.000019
40298 0.000036
40299 0.000019
40300 0.000021
40301 0.000017
40302 0.000023
40303 0.000023
40304 0.000011
40305 0.000013
40306 0.000019
40307 0.000009
40308 0.000020
40309 0.000010
40310 0.000009
40311 0.000038
40312 0.000012
40313 0.000015
40314 0.000018
40315 0.000023
40316 0.000008
40317 0.000008
40318 0.000031
40319 0.000016
40320 0.000022
40321 0.000024
40322 0.000017
40323 0.000022
40324 0.000028
40325 0.000013
40326 0.000016
40327 0.000014
40328 0.000018
40329 0.000033
40330 0.000028
40331 0.000022
40332 0.000035
40333 0.000034
40334 0.000032
40335 0.000037
40336 0.000019
40337 0.000014
40338 0.000023
40339 0.000016
40340 0.000023
40341 0.000026
40342 0.000006
40343 0.000023
40344 0.000031
40345 0.000042
40346 0.000012
40347 0.000007
40348 0.000036
40349 0.000035
40350 0.000042
40351 0.000048
40352 0.000037
40353 0.000019
40354 0.000011
40355 0.000029
40356 0.000035
40357 0.000019
40358 0.000021
40359 0.000019
40360 0.000005
40361 0.000022
40362 0.000022
40363 0.000012
40364 0.000019
40365 0.000019
40366 0.000017
40367 0.000012
40368 0.000015
40369 0.000027
40370 0.000019
40371 0.000021
40372 0.000030
40373 0.000022
40374 0.000019
40375 0.000034
40376 0.000008
40377 0.000019
40378 0.000013
40379 0.000039
40380 0.000017
40381 0.000014
40382 0.000026
40383 0.000019
40384 0.000017
40385 0.000013
40386 0.000012
40387 0.000024
40388 0.000034
40389 0.000029
40390 0.000009
40391 0.000036
40392 0.000027
40393 0.000020
40394 0.000010
40395 0.000032
40396 0.000034
40397 0.000037
40398 0.000019
40399 0.000030
40400 0.000020
40401 0.000022
40402 0.000006
40403 0.000015
40404 0.000042
40405 0.000030
40406 0.000016
40407 0.000014
40408 0.000026
40409 0.000021
40410 0.000016
40411 0.000030
40412 0.000015
40413 0.000020
40414 0.000023
40415 0.000019
40416 0.000023
40417 0.000027
40418 0.000024
40419 0.000021
40420 0.000030
40421 0.000031
40422 0.000010
40423 0.000022
40424 0.000010
40425 0.000009
40426 0.000023
40427 0.000023
40428 0.000012
40429 0.000011
40430 0.000018
40431 0.000019
40432 0.000020
40433 0.000016
40434 0.000026
40435 0.000010
40436 0.000026
40437 0.000028
40438 0.000023
40439 0.000024
40440 0.000012
40441 0.000016
40442 0.000007
40443 0.000024
40444 0.000018
40445 0.000028
40446 0.000019
40447 0.000017
40448 0.000009
40449 0.000017
40450 0.000046
40451 0.000020
40452 0.000021
40453 0.000011
40454 0.000028
40455 0.000022
40456 0.000029
40457 0.000018
40458 0.000051
40459 0.000018
40460 0.000018
40461 0.000012
40462 0.000015
40463 0.000018
40464 0.000041
40465 0.000010
40466 0.000020
40467 0.000016
40468 0.000027
40469 0.000021
40470 0.000029
40471 0.000009
40472 0.000031
40473 0.000020
40474 0.000012
40475 0.000023
40476 0.000021
40477 0.000016
40478 0.000013
40479 0.000009
40480 0.000023
40481 0.000023
40482 0.000018
40483 0.000012
40484 0.000008
40485 0.000025
40486 0.000016
40487 0.000014
40488 0.000026
40489 0.000016
40490 0.000016
40491 0.000026
40492 0.000015
40493 0.000030
40494 0.000030
40495 0.000017
40496 0.000009
40497 0.000024
40498 0.000033
40499 0.000028
40500 0.000017
40501 0.000032
40502 0.000025
40503 0.000029
40504 0.000026
40505 0.000019
40506 0.000024
40507 0.000034
40508 0.000019
40509 0.000017
40510 0.000028
40511 0.000006
40512 0.000006
40513 0.000015
40514 0.000032
40515 0.000016
40516 0.000015
40517 0.000025
40518 0.000011
40519 0.000027
40520 0.000024
40521 0.000018
40522 0.000015
40523 0.000028
40524 0.000030
40525 0.000022
40526 0.000009
40527 0.000014
40528 0.000024
40529 0.000025
40530 0.000021
40531 0.000016
40532 0.000024
40533 0.000016
40534 0.000024
40535 0.000018
40536 0.000019
40537 0.000010
40538 0.000020
40539 0.000005
40540 0.000028
40541 0.000015
40542 0.000020
40543 0.000018
40544 0.000023
40545 0.000039
40546 0.000013
40547 0.000027
40548 0.000013
40549 0.000020
40550 0.000015
40551 0.000034
40552 0.000021
40553 0.000011
40554 0.000012
40555 0.000018
40556 0.000028
40557 0.000039
40558 0.000013
40559 0.000012
40560 0.000008
40561 0.000023
40562 0.000035
40563 0.000035
40564 0.000039
40565 0.000017
40566 0.000013
40567 0.000013
40568 0.000015
40569 0.000006
40570 0.000023
40571 0.000034
40572 0.000020
40573 0.000011
40574 0.000012
40575 0.000013
40576 0.000011
40577 0.000025
40578 0.000015
40579 0.000027
40580 0.000032
40581 0.000012
40582 0.000020
40583 0.000020
40584 0.000017
40585 0.000015
40586 0.000030
40587 0.000026
40588 0.000012
40589 0.000009
40590 0.000010
40591 0.000014
40592 0.000019
40593 0.000016
40594 0.000025
40595 0.000012
40596 0.000017
40597 0.000011
40598 0.000022
40599 0.000023
40600 0.000017
40601 0.000008
40602 0.000017
40603 0.000013
40604 0.000006
40605 0.000019
40606 0.000015
40607 0.000024
40608 0.000010
40609 0.000012
40610 0.000015
40611 0.000029
40612 0.000022
40613 0.000018
40614 0.000040
40615 0.000012
40616 0.000028
40617 0.000031
40618 0.000027
40619 0.000014
40620 0.000017
40621 0.000014
40622 0.000020
40623 0.000033
40624 0.000008
40625 0.000022
40626 0.000017
40627 0.000020
40628 0.000027
40629 0.000018
40630 0.000041
40631 0.000026
40632 0.000027
40633 0.000011
40634 0.000017
40635 0.000014
40636 0.000007
40637 0.000017
40638 0.000014
40639 0.000018
40640 0.000017
40641 0.000032
40642 0.000024
40643 0.000019
40644 0.000022
40645 0.000015
40646 0.000017
40647 0.000021
40648 0.000037
40649 0.000019
40650 0.000040
40651 0.000007
40652 0.000009
40653 0.000022
40654 0.000012
40655 0.000013
40656 0.000025
40657 0.000025
40658 0.000033
40659 0.000014
40660 0.000019
40661 0.000037
40662 0.000026
40663 0.000010
40664 0.000019
40665 0.000025
40666 0.000025
40667 0.000019
40668 0.000015
40669 0.000011
40670 0.000022
40671 0.000021
40672 0.000030
40673 0.000022
40674 0.000013
40675 0.000026
40676 0.000021
40677 0.000021
40678 0.000018
40679 0.000023
40680 0.000029
40681 0.000022
40682 0.000009
40683 0.000010
40684 0.000021
40685 0.000016
40686 0.000005
40687 0.000028
40688 0.000006
40689 0.000011
40690 0.000009
40691 0.000021
40692 0.000013
40693 0.000023
40694 0.000016
40695 0.000019
40696 0.000017
40697 0.000021
40698 0.000018
40699 0.000014
40700 0.000021
40701 0.000015
40702 0.000025
40703 0.000017
40704 0.000025
40705 0.000032
40706 0.000018
40707 0.000012
40708 0.000008
40709 0.000025
40710 0.000027
40711 0.000021
40712 0.000013
40713 0.000011
40714 0.000021
40715 0.000030
40716 0.000012
40717 0.000008
40718 0.000022
40719 0.000019
40720 0.000015
40721 0.000023
40722 0.000022
40723 0.000038
40724 0.000033
40725 0.000023
40726 0.000014
40727 0.000013
40728 0.000013
40729 0.000012
40730 0.000021
40731 0.000026
40732 0.000021
40733 0.000007
40734 0.000017
40735 0.000022
40736 0.000015
40737 0.000021
40738 0.000010
40739 0.000019
40740 0.000020
40741 0.000041
40742 0.000027
40743 0.000027
40744 0.000008
40745 0.000013
40746 0.000027
40747 0.000026
40748 0.000026
40749 0.000020
40750 0.000047
40751 0.000032
40752 0.000017
40753 0.000011
40754 0.000010
40755 0.000021
40756 0.000016
40757 0.000011
40758 0.000013
40759 0.000011
40760 0.000013
40761 0.000035
40762 0.000023
40763 0.000014
40764 0.000015
40765 0.000033
40766 0.000015
40767 0.000023
40768 0.000027
40769 0.000022
40770 0.000015
40771 0.000025
40772 0.000028
40773 0.000023
40774 0.000025
40775 0.000016
40776 0.000025
40777 0.000021
40778 0.000015
40779 0.000009
40780 0.000006
40781 0.000031
40782 0.000027
40783 0.000014
40784 0.000022
40785 0.000032
40786 0.000056
40787 0.000032
40788 0.000028
40789 0.000016
40790 0.000018
40791 0.000009
40792 0.000015
40793 0.000006
40794 0.000014
40795 0.000014
40796 0.000021
40797 0.000017
40798 0.000018
40799 0.000032
40800 0.000025
40801 0.000017
40802 0.000010
40803 0.000012
40804 0.000012
40805 0.000014
40806 0.000021
40807 0.000011
40808 0.000031
40809 0.000018
40810 0.000006
40811 0.000012
40812 0.000008
40813 0.000008
40814 0.000016
40815 0.000013
40816 0.000029
40817 0.000022
40818 0.000014
40819 0.000030
40820 0.000017
40821 0.000018
40822 0.000033
40823 0.000019
40824 0.000022
40825 0.000017
40826 0.000023
40827 0.000020
40828 0.000021
40829 0.000017
40830 0.000012
40831 0.000017
40832 0.000026
40833 0.000032
40834 0.000023
40835 0.000040
40836 0.000024
40837 0.000021
40838 0.000027
40839 0.000017
40840 0.000024
40841 0.000018
40842 0.000013
40843 0.000012
40844 0.000012
40845 0.000015
40846 0.000031
40847 0.000010
40848 0.000038
40849 0.000036
40850 0.000036
40851 0.000026
40852 0.000018
40853 0.000021
40854 0.000015
40855 0.000022
40856 0.000036
40857 0.000024
40858 0.000012
40859 0.000017
40860 0.000020
40861 0.000026
40862 0.000030
40863 0.000024
40864 0.000025
40865 0.000030
40866 0.000014
40867 0.000018
40868 0.000017
40869 0.000027
40870 0.000014
40871 0.000014
40872 0.000015
40873 0.000013
40874 0.000026
40875 0.000031
40876 0.000011
40877 0.000005
40878 0.000027
40879 0.000021
40880 0.000027
40881 0.000023
40882 0.000022
40883 0.000023
40884 0.000011
40885 0.000008
40886 0.000008
40887 0.000027
40888 0.000023
40889 0.000030
40890 0.000017
40891 0.000043
40892 0.000023
40893 0.000006
40894 0.000008
40895 0.000029
40896 0.000022
40897 0.000025
40898 0.000026
40899 0.000026
40900 0.000023
40901 0.000016
40902 0.000009
40903 0.000032
40904 0.000017
40905 0.000021
40906 0.000021
40907 0.000019
40908 0.000024
40909 0.000020
40910 0.000024
40911 0.000022
40912 0.000025
40913 0.000011
40914 0.000008
40915 0.000026
40916 0.000017
40917 0.000028
40918 0.000018
40919 0.000023
40920 0.000023
40921 0.000016
40922 0.000025
40923 0.000028
40924 0.000024
40925 0.000027
40926 0.000024
40927 0.000018
40928 0.000020
40929 0.000017
40930 0.000014
40931 0.000026
40932 0.000010
40933 0.000006
40934 0.000016
40935 0.000024
40936 0.000028
40937 0.000014
40938 0.000014
40939 0.000023
40940 0.000029
40941 0.000024
40942 0.000026
40943 0.000010
40944 0.000020
40945 0.000018
40946 0.000049
40947 0.000034
40948 0.000023
40949 0.000021
40950 0.000019
40951 0.000013
40952 0.000007
40953 0.000010
40954 0.000014
40955 0.000024
40956 0.000010
40957 0.000011
40958 0.000011
40959 0.000022
40960 0.000016
40961 0.000010
40962 0.000021
40963 0.000015
40964 0.000028
40965 0.000028
40966 0.000009
40967 0.000024
40968 0.000013
40969 0.000018
40970 0.000022
40971 0.000008
40972 0.000013
40973 0.000015
40974 0.000012
40975 0.000035
40976 0.000010
40977 0.000009
40978 0.000016
40979 0.000032
40980 0.000017
40981 0.000019
40982 0.000027
40983 0.000013
40984 0.000017
40985 0.000018
40986 0.000010
40987 0.000013
40988 0.000033
40989 0.000016
40990 0.000016
40991 0.000020
40992 0.000016
40993 0.000020
40994 0.000010
40995 0.000017
40996 0.000012
40997 0.000025
40998 0.000009
40999 0.000019
41000 0.000013
41001 0.000012
41002 0.000009
41003 0.000016
41004 0.000009
41005 0.000016
41006 0.000029
41007 0.000023
41008 0.000024
41009 0.000016
41010 0.000021
41011 0.000017
41012 0.000023
41013 0.000031
41014 0.000020
41015 0.000016
41016 0.000010
41017 0.000031
41018 0.000015
41019 0.000011
41020 0.000009
41021 0.000017
41022 0.000031
41023 0.000017
41024 0.000005
41025 0.000004
41026 0.000024
41027 0.000018
41028 0.000020
41029 0.000024
41030 0.000009
41031 0.000016
41032 0.000010
41033 0.000016
41034 0.000015
41035 0.000018
41036 0.000015
41037 0.000025
41038 0.000035
41039 0.000016
41040 0.000032
41041 0.000017
41042 0.000024
41043 0.000031
41044 0.000024
41045 0.000028
41046 0.000018
41047 0.000033
41048 0.000032
41049 0.000008
41050 0.000020
41051 0.000020
41052 0.000018
41053 0.000027
41054 0.000014
41055 0.000013
41056 0.000020
41057 0.000020
41058 0.000023
41059 0.000017
41060 0.000014
41061 0.000017
41062 0.000017
41063 0.000010
41064 0.000024
41065 0.000016
41066 0.000008
41067 0.000011
41068 0.000024
41069 0.000014
41070 0.000014
41071 0.000012
41072 0.000011
41073 0.000015
41074 0.000024
41075 0.000016
41076 0.000020
41077 0.000025
41078 0.000008
41079 0.000018
41080 0.000014
41081 0.000013
41082 0.000031
41083 0.000008
41084 0.000017
41085 0.000007
41086 0.000018
41087 0.000024
41088 0.000017
41089 0.000026
41090 0.000022
41091 0.000023
41092 0.000012
41093 0.000018
41094 0.000012
41095 0.000017
41096 0.000021
41097 0.000022
41098 0.000019
41099 0.000018
41100 0.000028
41101 0.000007
41102 0.000021
41103 0.000022
41104 0.000023
41105 0.000014
41106 0.000020
41107 0.000014
41108 0.000029
41109 0.000012
41110 0.000036
41111 0.000020
41112 0.000008
41113 0.000018
41114 0.000025
41115 0.000032
41116 0.000011
41117 0.000028
41118 0.000024
41119 0.000027
41120 0.000025
41121 0.000021
41122 0.000027
41123 0.000027
41124 0.000034
41125 0.000041
41126 0.000038
41127 0.000024
41128 0.000037
41129 0.000020
41130 0.000018
41131 0.000014
41132 0.000011
41133 0.000016
41134 0.000017
41135 0.000013
41136 0.000027
41137 0.000011
41138 0.000029
41139 0.000033
41140 0.000028
41141 0.000029
41142 0.000024
41143 0.000016
41144 0.000018
41145 0.000017
41146 0.000029
41147 0.000012
41148 0.000011
41149 0.000029
41150 0.000018
41151 0.000016
41152 0.000010
41153 0.000025
41154 0.000017
41155 0.000021
41156 0.000025
41157 0.000022
41158 0.000017
41159 0.000019
41160 0.000027
41161 0.000018
41162 0.000024
41163 0.000019
41164 0.000016
41165 0.000019
41166 0.000026
41167 0.000017
41168 0.000021
41169 0.000014
41170 0.000011
41171 0.000019
41172 0.000024
41173 0.000014
41174 0.000012
41175 0.000015
41176 0.000017
41177 0.000014
41178 0.000005
41179 0.000012
41180 0.000026
41181 0.000039
41182 0.000024
41183 0.000022
41184 0.000024
41185 0.000015
41186 0.000010
41187 0.000016
41188 0.000019
41189 0.000025
41190 0.000031
41191 0.000021
41192 0.000032
41193 0.000016
41194 0.000019
41195 0.000010
41196 0.000020
41197 0.000031
41198 0.000023
41199 0.000023
41200 0.000040
41201 0.000015
41202 0.000025
41203 0.000021
41204 0.000012
41205 0.000012
41206 0.000013
41207 0.000015
41208 0.000021
41209 0.000031
41210 0.000018
41211 0.000027
41212 0.000025
41213 0.000015
41214 0.000024
41215 0.000026
41216 0.000012
41217 0.000022
41218 0.000023
41219 0.000036
41220 0.000019
41221 0.000026
41222 0.000011
41223 0.000035
41224 0.000016
41225 0.000030
41226 0.000021
41227 0.000018
41228 0.000025
41229 0.000018
41230 0.000032
41231 0.000021
41232 0.000033
41233 0.000020
41234 0.000041
41235 0.000030
41236 0.000026
41237 0.000020
41238 0.000015
41239 0.000017
41240 0.000031
41241 0.000023
41242 0.000026
41243 0.000021
41244 0.000014
41245 0.000029
41246 0.000019
41247 0.000023
41248 0.000015
41249 0.000014
41250 0.000024
41251 0.000014
41252 0.000019
41253 0.000020
41254 0.000030
41255 0.000024
41256 0.000023
41257 0.000021
41258 0.000031
41259 0.000019
41260 0.000016
41261 0.000017
41262 0.000008
41263 0.000012
41264 0.000011
41265 0.000014
41266 0.000025
41267 0.000013
41268 0.000016
41269 0.000018
41270 0.000009
41271 0.000012
41272 0.000022
41273 0.000028
41274 0.000015
41275 0.000025
41276 0.000024
41277 0.000021
41278 0.000011
41279 0.000007
41280 0.000007
41281 0.000020
41282 0.000029
41283 0.000020
41284 0.000018
41285 0.000012
41286 0.000034
41287 0.000020
41288 0.000030
41289 0.000020
41290 0.000010
41291 0.000025
41292 0.000011
41293 0.000016
41294 0.000029
41295 0.000013
41296 0.000015
41297 0.000018
41298 0.000013
41299 0.000032
41300 0.000051
41301 0.000025
41302 0.000015
41303 0.000009
41304 0.000009
41305 0.000010
41306 0.000016
41307 0.000010
41308 0.000031
41309 0.000030
41310 0.000023
41311 0.000020
41312 0.000025
41313 0.000019
41314 0.000008
41315 0.000012
41316 0.000021
41317 0.000021
41318 0.000034
41319 0.000023
41320 0.000011
41321 0.000027
41322 0.000023
41323 0.000013
41324 0.000020
41325 0.000019
41326 0.000033
41327 0.000025
41328 0.000019
41329 0.000016
41330 0.000014
41331 0.000022
41332 0.000022
41333 0.000018
41334 0.000013
41335 0.000015
41336 0.000025
41337 0.000018
41338 0.000019
41339 0.000023
41340 0.000019
41341 0.000023
41342 0.000030
41343 0.000026
41344 0.000012
41345 0.000024
41346 0.000020
41347 0.000014
41348 0.000028
41349 0.000020
41350 0.000027
41351 0.000016
41352 0.000004
41353 0.000029
41354 0.000028
41355 0.000025
41356 0.000018
41357 0.000024
41358 0.000011
41359 0.000010
41360 0.000018
41361 0.000014
41362 0.000019
41363 0.000015
41364 0.000009
41365 0.000035
41366 0.000025
41367 0.000037
41368 0.000022
41369 0.000018
41370 0.000025
41371 0.000030
41372 0.000019
41373 0.000023
41374 0.000010
41375 0.000010
41376 0.000021
41377 0.000014
41378 0.000008
41379 0.000025
41380 0.000028
41381 0.000018
41382 0.000016
41383 0.000012
41384 0.000016
41385 0.000010
41386 0.000023
41387 0.000020
41388 0.000021
41389 0.000015
41390 0.000026
41391 0.000013
41392 0.000032
41393 0.000022
41394 0.000023
41395 0.000027
41396 0.000032
41397 0.000030
41398 0.000042
41399 0.000050
41400 0.000026
41401 0.000034
41402 0.000021
41403 0.000019
41404 0.000023
41405 0.000026
41406 0.000036
41407 0.000016
41408 0.000015
41409 0.000018
41410 0.000016
41411 0.000019
41412 0.000016
41413 0.000022
41414 0.000023
41415 0.000018
41416 0.000011
41417 0.000012
41418 0.000014
41419 0.000015
41420 0.000015
41421 0.000038
41422 0.000022
41423 0.000015
41424 0.000017
41425 0.000020
41426 0.000015
41427 0.000010
41428 0.000018
41429 0.000012
41430 0.000018
41431 0.000015
41432 0.000014
41433 0.000022
41434 0.000031
41435 0.000026
41436 0.000014
41437 0.000018
41438 0.000019
41439 0.000030
41440 0.000031
41441 0.000023
41442 0.000019
41443 0.000015
41444 0.000020
41445 0.000038
41446 0.000011
41447 0.000016
41448 0.000031
41449 0.000013
41450 0.000012
41451 0.000020
41452 0.000006
41453 0.000016
41454 0.000035
41455 0.000010
41456 0.000006
41457 0.000025
41458 0.000020
41459 0.000006
41460 0.000019
41461 0.000024
41462 0.000032
41463 0.000023
41464 0.000027
41465 0.000048
41466 0.000027
41467 0.000016
41468 0.000015
41469 0.000018
41470 0.000016
41471 0.000015
41472 0.000037
41473 0.000035
41474 0.000011
41475 0.000016
41476 0.000026
41477 0.000026
41478 0.000015
41479 0.000016
41480 0.000011
41481 0.000004
41482 0.000007
41483 0.000008
41484 0.000017
41485 0.000022
41486 0.000018
41487 0.000017
41488 0.000016
41489 0.000025
41490 0.000018
41491 0.000011
41492 0.000014
41493 0.000020
41494 0.000013
41495 0.000014
41496 0.000018
41497 0.000016
41498 0.000018
41499 0.000013
41500 0.000019
41501 0.000031
41502 0.000017
41503 0.000022
41504 0.000020
41505 0.000029
41506 0.000015
41507 0.000014
41508 0.000010
41509 0.000009
41510 0.000013
41511 0.000025
41512 0.000018
41513 0.000016
41514 0.000010
41515 0.000014
41516 0.000017
41517 0.000013
41518 0.000021
41519 0.000033
41520 0.000033
41521 0.000039
41522 0.000009
41523 0.000021
41524 0.000021
41525 0.000013
41526 0.000018
41527 0.000012
41528 0.000022
41529 0.000031
41530 0.000016
41531 0.000037
41532 0.000026
41533 0.000012
41534 0.000010
41535 0.000013
41536 0.000011
41537 0.000027
41538 0.000007
41539 0.000014
41540 0.000017
41541 0.000022
41542 0.000014
41543 0.000014
41544 0.000017
41545 0.000007
41546 0.000016
41547 0.000012
41548 0.000033
41549 0.000022
41550 0.000022
41551 0.000025
41552 0.000011
41553 0.000027
41554 0.000042
41555 0.000018
41556 0.000039
41557 0.000017
41558 0.000024
41559 0.000024
41560 0.000021
41561 0.000025
41562 0.000019
41563 0.000027
41564 0.000018
41565 0.000017
41566 0.000013
41567 0.000018
41568 0.000012
41569 0.000019
41570 0.000016
41571 0.000010
41572 0.000011
41573 0.000016
41574 0.000020
41575 0.000017
41576 0.000019
41577 0.000021
41578 0.000021
41579 0.000029
41580 0.000013
41581 0.000028
41582 0.000014
41583 0.000015
41584 0.000015
41585 0.000013
41586 0.000031
41587 0.000025
41588 0.000009
41589 0.000029
41590 0.000038
41591 0.000027
41592 0.000014
41593 0.000022
41594 0.000019
41595 0.000021
41596 0.000026
41597 0.000012
41598 0.000025
41599 0.000022
41600 0.000018
41601 0.000005
41602 0.000021
41603 0.000014
41604 0.000005
41605 0.000018
41606 0.000009
41607 0.000015
41608 0.000023
41609 0.000033
41610 0.000011
41611 0.000016
41612 0.000017
41613 0.000019
41614 0.000013
41615 0.000021
41616 0.000016
41617 0.000021
41618 0.000013
41619 0.000016
41620 0.000010
41621 0.000007
41622 0.000024
41623 0.000009
41624 0.000007
41625 0.000013
41626 0.000013
41627 0.000017
41628 0.000020
41629 0.000023
41630 0.000018
41631 0.000016
41632 0.000024
41633 0.000023
41634 0.000030
41635 0.000010
41636 0.000031
41637 0.000025
41638 0.000032
41639 0.000024
41640 0.000021
41641 0.000015
41642 0.000023
41643 0.000008
41644 0.000019
41645 0.000024
41646 0.000024
41647 0.000015
41648 0.000033
41649 0.000012
41650 0.000011
41651 0.000014
41652 0.000012
41653 0.000032
41654 0.000027
41655 0.000028
41656 0.000039
41657 0.000032
41658 0.000028
41659 0.000021
41660 0.000015
41661 0.000017
41662 0.000015
41663 0.000022
41664 0.000015
41665 0.000016
41666 0.000012
41667 0.000028
41668 0.000019
41669 0.000017
41670 0.000014
41671 0.000028
41672 0.000033
41673 0.000016
41674 0.000025
41675 0.000009
41676 0.000010
41677 0.000015
41678 0.000015
41679 0.000023
41680 0.000024
41681 0.000016
41682 0.000021
41683 0.000010
41684 0.000015
41685 0.000024
41686 0.000035
41687 0.000026
41688 0.000025
41689 0.000015
41690 0.000022
41691 0.000015
41692 0.000021
41693 0.000032
41694 0.000009
41695 0.000011
41696 0.000021
41697 0.000018
41698 0.000016
41699 0.000013
41700 0.000026
41701 0.000019
41702 0.000015
41703 0.000021
41704 0.000030
41705 0.000018
41706 0.000027
41707 0.000032
41708 0.000019
41709 0.000024
41710 0.000018
41711 0.000016
41712 0.000009
41713 0.000028
41714 0.000012
41715 0.000010
41716 0.000023
41717 0.000024
41718 0.000020
41719 0.000027
41720 0.000019
41721 0.000011
41722 0.000015
41723 0.000026
41724 0.000023
41725 0.000019
41726 0.000009
41727 0.000007
41728 0.000009
41729 0.000006
41730 0.000015
41731 0.000010
41732 0.000011
41733 0.000024
41734 0.000012
41735 0.000016
41736 0.000018
41737 0.000016
41738 0.000009
41739 0.000010
41740 0.000009
41741 0.000011
41742 0.000025
41743 0.000025
41744 0.000018
41745 0.000026
41746 0.000026
41747 0.000023
41748 0.000020
41749 0.000023
41750 0.000031
41751 0.000021
41752 0.000028
41753 0.000036
41754 0.000041
41755 0.000018
41756 0.000023
41757 0.000018
41758 0.000017
41759 0.000030
41760 0.000025
41761 0.000013
41762 0.000031
41763 0.000010
41764 0.000030
41765 0.000023
41766 0.000036
41767 0.000032
41768 0.000011
41769 0.000018
41770 0.000018
41771 0.000010
41772 0.000024
41773 0.000021
41774 0.000031
41775 0.000015
41776 0.000021
41777 0.000032
41778 0.000033
41779 0.000022
41780 0.000032
41781 0.000011
41782 0.000036
41783 0.000024
41784 0.000018
41785 0.000017
41786 0.000027
41787 0.000024
41788 0.000032
41789 0.000028
41790 0.000030
41791 0.000028
41792 0.000031
41793 0.000025
41794 0.000016
41795 0.000024
41796 0.000019
41797 0.000021
41798 0.000016
41799 0.000021
41800 0.000018
41801 0.000017
41802 0.000023
41803 0.000018
41804 0.000012
41805 0.000020
41806 0.000028
41807 0.000022
41808 0.000016
41809 0.000012
41810 0.000008
41811 0.000016
41812 0.000031
41813 0.000035
41814 0.000009
41815 0.000013
41816 0.000033
41817 0.000010
41818 0.000018
41819 0.000020
41820 0.000018
41821 0.000016
41822 0.000030
41823 0.000016
41824 0.000013
41825 0.000013
41826 0.000008
41827 0.000016
41828 0.000024
41829 0.000026
41830 0.000014
41831 0.000019
41832 0.000006
41833 0.000007
41834 0.000013
41835 0.000024
41836 0.000032
41837 0.000035
41838 0.000049
41839 0.000043
41840 0.000016
41841 0.000016
41842 0.000034
41843 0.000031
41844 0.000020
41845 0.000022
41846 0.000011
41847 0.000019
41848 0.000014
41849 0.000011
41850 0.000014
41851 0.000018
41852 0.000028
41853 0.000026
41854 0.000017
41855 0.000019
41856 0.000012
41857 0.000015
41858 0.000010
41859 0.000026
41860 0.000024
41861 0.000018
41862 0.000008
41863 0.000004
41864 0.000012
41865 0.000019
41866 0.000027
41867 0.000017
41868 0.000016
41869 0.000012
41870 0.000009
41871 0.000013
41872 0.000031
41873 0.000025
41874 0.000013
41875 0.000025
41876 0.000019
41877 0.000027
41878 0.000030
41879 0.000024
41880 0.000023
41881 0.000023
41882 0.000013
41883 0.000009
41884 0.000025
41885 0.000027
41886 0.000020
41887 0.000017
41888 0.000016
41889 0.000022
41890 0.000027
41891 0.000036
41892 0.000025
41893 0.000016
41894 0.000024
41895 0.000034
41896 0.000017
41897 0.000014
41898 0.000014
41899 0.000014
41900 0.000010
41901 0.000016
41902 0.000014
41903 0.000023
41904 0.000019
41905 0.000024
41906 0.000018
41907 0.000020
41908 0.000018
41909 0.000021
41910 0.000015
41911 0.000028
41912 0.000021
41913 0.000025
41914 0.000020
41915 0.000023
41916 0.000034
41917 0.000033
41918 0.000012
41919 0.000016
41920 0.000009
41921 0.000017
41922 0.000016
41923 0.000034
41924 0.000028
41925 0.000029
41926 0.000044
41927 0.000035
41928 0.000032
41929 0.000013
41930 0.000015
41931 0.000021
41932 0.000020
41933 0.000020
41934 0.000014
41935 0.000010
41936 0.000022
41937 0.000034
41938 0.000043
41939 0.000021
41940 0.000017
41941 0.000021
41942 0.000014
41943 0.000017
41944 0.000020
41945 0.000024
41946 0.000030
41947 0.000035
41948 0.000007
41949 0.000017
41950 0.000024
41951 0.000021
41952 0.000017
41953 0.000021
41954 0.000029
41955 0.000006
41956 0.000015
41957 0.000020
41958 0.000007
41959 0.000029
41960 0.000013
41961 0.000032
41962 0.000018
41963 0.000022
41964 0.000018
41965 0.000017
41966 0.000015
41967 0.000015
41968 0.000024
41969 0.000024
41970 0.000023
41971 0.000018
41972 0.000007
41973 0.000010
41974 0.000023
41975 0.000015
41976 0.000014
41977 0.000019
41978 0.000032
41979 0.000021
41980 0.000012
41981 0.000007
41982 0.000022
41983 0.000018
41984 0.000026
41985 0.000014
41986 0.000018
41987 0.000006
41988 0.000014
41989 0.000013
41990 0.000026
41991 0.000025
41992 0.000010
41993 0.000024
41994 0.000018
41995 0.000013
41996 0.000027
41997 0.000010
41998 0.000015
41999 0.000025
42000 0.000016
42001 0.000025
42002 0.000026
42003 0.000031
42004 0.000017
42005 0.000028
42006 0.000018
42007 0.000022
42008 0.000012
42009 0.000014
42010 0.000007
42011 0.000014
42012 0.000012
42013 0.000004
42014 0.000019
42015 0.000034
42016 0.000044
42017 0.000034
42018 0.000030
42019 0.000016
42020 0.000010
42021 0.000021
42022 0.000026
42023 0.000014
42024 0.000013
42025 0.000011
42026 0.000036
42027 0.000027
42028 0.000028
42029 0.000038
42030 0.000031
42031 0.000019
42032 0.000013
42033 0.000029
42034 0.000016
42035 0.000012
42036 0.000017
42037 0.000022
42038 0.000015
42039 0.000019
42040 0.000015
42041 0.000009
42042 0.000025
42043 0.000025
42044 0.000021
42045 0.000028
42046 0.000015
42047 0.000027
42048 0.000015
42049 0.000011
42050 0.000037
42051 0.000020
42052 0.000011
42053 0.000018
42054 0.000046
42055 0.000041
42056 0.000023
42057 0.000015
42058 0.000015
42059 0.000013
42060 0.000011
42061 0.000039
42062 0.000039
42063 0.000012
42064 0.000030
42065 0.000028
42066 0.000015
42067 0.000009
42068 0.000025
42069 0.000014
42070 0.000022
42071 0.000022
42072 0.000012
42073 0.000019
42074 0.000007
42075 0.000028
42076 0.000029
42077 0.000040
42078 0.000016
42079 0.000022
42080 0.000016
42081 0.000012
42082 0.000014
42083 0.000023
42084 0.000006
42085 0.000026
42086 0.000015
42087 0.000010
42088 0.000021
42089 0.000034
42090 0.000017
42091 0.000026
42092 0.000012
42093 0.000020
42094 0.000017
42095 0.000022
42096 0.000018
42097 0.000018
42098 0.000020
42099 0.000017
42100 0.000019
42101 0.000018
42102 0.000018
42103 0.000020
42104 0.000034
42105 0.000032
42106 0.000030
42107 0.000021
42108 0.000022
42109 0.000016
42110 0.000019
42111 0.000017
42112 0.000020
42113 0.000020
42114 0.000017
42115 0.000028
42116 0.000020
42117 0.000022
42118 0.000031
42119 0.000018
42120 0.000011
42121 0.000013
42122 0.000016
42123 0.000014
42124 0.000017
42125 0.000019
42126 0.000010
42127 0.000045
42128 0.000015
42129 0.000014
42130 0.000022
42131 0.000044
42132 0.000033
42133 0.000031
42134 0.000021
42135 0.000016
42136 0.000020
42137 0.000013
42138 0.000018
42139 0.000007
42140 0.000021
42141 0.000012
42142 0.000009
42143 0.000019
42144 0.000008
42145 0.000017
42146 0.000020
42147 0.000019
42148 0.000029
42149 0.000020
42150 0.000026
42151 0.000011
42152 0.000017
42153 0.000013
42154 0.000016
42155 0.000016
42156 0.000015
42157 0.000013
42158 0.000028
42159 0.000015
42160 0.000014
42161 0.000028
42162 0.000012
42163 0.000014
42164 0.000017
42165 0.000018
42166 0.000018
42167 0.000019
42168 0.000022
42169 0.000033
42170 0.000036
42171 0.000020
42172 0.000019
42173 0.000010
42174 0.000023
42175 0.000030
42176 0.000008
42177 0.000016
42178 0.000012
42179 0.000022
42180 0.000021
42181 0.000037
42182 0.000022
42183 0.000016
42184 0.000012
42185 0.000020
42186 0.000028
42187 0.000023
42188 0.000025
42189 0.000027
42190 0.000012
42191 0.000017
42192 0.000022
42193 0.000042
42194 0.000032
42195 0.000036
42196 0.000022
42197 0.000016
42198 0.000021
42199 0.000019
42200 0.000014
42201 0.000022
42202 0.000028
42203 0.000034
42204 0.000025
42205 0.000018
42206 0.000020
42207 0.000022
42208 0.000016
42209 0.000008
42210 0.000013
42211 0.000008
42212 0.000028
42213 0.000038
42214 0.000047
42215 0.000035
42216 0.000029
42217 0.000024
42218 0.000024
42219 0.000020
42220 0.000024
42221 0.000012
42222 0.000016
42223 0.000011
42224 0.000018
42225 0.000014
42226 0.000010
42227 0.000020
42228 0.000015
42229 0.000005
42230 0.000020
42231 0.000019
42232 0.000016
42233 0.000024
42234 0.000016
42235 0.000021
42236 0.000037
42237 0.000036
42238 0.000013
42239 0.000024
42240 0.000016
42241 0.000014
42242 0.000020
42243 0.000033
42244 0.000024
42245 0.000016
42246 0.000015
42247 0.000010
42248 0.000007
42249 0.000010
42250 0.000007
42251 0.000025
42252 0.000013
42253 0.000010
42254 0.000010
42255 0.000020
42256 0.000037
42257 0.000027
42258 0.000013
42259 0.000018
42260 0.000017
42261 0.000025
42262 0.000018
42263 0.000018
42264 0.000019
42265 0.000013
42266 0.000020
42267 0.000025
42268 0.000020
42269 0.000032
42270 0.000023
42271 0.000008
42272 0.000008
42273 0.000014
42274 0.000013
42275 0.000033
42276 0.000016
42277 0.000017
42278 0.000024
42279 0.000013
42280 0.000007
42281 0.000012
42282 0.000015
42283 0.000030
42284 0.000030
42285 0.000012
42286 0.000021
42287 0.000018
42288 0.000010
42289 0.000014
42290 0.000016
42291 0.000013
42292 0.000032
42293 0.000014
42294 0.000023
42295 0.000019
42296 0.000021
42297 0.000028
42298 0.000015
42299 0.000023
42300 0.000028
42301 0.000034
42302 0.000020
42303 0.000014
42304 0.000017
42305 0.000014
42306 0.000025
42307 0.000026
42308 0.000020
42309 0.000013
42310 0.000015
42311 0.000018
42312 0.000015
42313 0.000026
42314 0.000020
42315 0.000025
42316 0.000020
42317 0.000026
42318 0.000019
42319 0.000027
42320 0.000014
42321 0.000031
42322 0.000022
42323 0.000023
42324 0.000025
42325 0.000011
42326 0.000021
42327 0.000026
42328 0.000018
42329 0.000012
42330 0.000014
42331 0.000020
42332 0.000014
42333 0.000026
42334 0.000021
42335 0.000014
42336 0.000020
42337 0.000034
42338 0.000017
42339 0.000020
42340 0.000017
42341 0.000013
42342 0.000016
42343 0.000013
42344 0.000008
42345 0.000014
42346 0.000016
42347 0.000009
42348 0.000028
42349 0.000013
42350 0.000027
42351 0.000019
42352 0.000038
42353 0.000030
42354 0.000016
42355 0.000028
42356 0.000022
42357 0.000017
42358 0.000017
42359 0.000013
42360 0.000019
42361 0.000012
42362 0.000031
42363 0.000023
42364 0.000017
42365 0.000008
42366 0.000015
42367 0.000008
42368 0.000016
42369 0.000015
42370 0.000037
42371 0.000020
42372 0.000017
42373 0.000016
42374 0.000012
42375 0.000011
42376 0.000016
42377 0.000008
42378 0.000009
42379 0.000019
42380 0.000011
42381 0.000017
42382 0.000014
42383 0.000016
42384 0.000022
42385 0.000020
42386 0.000023
42387 0.000028
42388 0.000018
42389 0.000018
42390 0.000026
42391 0.000023
42392 0.000026
42393 0.000017
42394 0.000020
42395 0.000012
42396 0.000006
42397 0.000024
42398 0.000009
42399 0.000010
42400 0.000017
42401 0.000018
42402 0.000012
42403 0.000017
42404 0.000030
42405 0.000015
42406 0.000014
42407 0.000018
42408 0.000019
42409 0.000015
42410 0.000007
42411 0.000037
42412 0.000025
42413 0.000012
42414 0.000029
42415 0.000015
42416 0.000008
42417 0.000011
42418 0.000023
42419 0.000028
42420 0.000011
42421 0.000009
42422 0.000004
42423 0.000003
42424 0.000018
42425 0.000023
42426 0.000014
42427 0.000026
42428 0.000018
42429 0.000014
42430 0.000019
42431 0.000018
42432 0.000012
42433 0.000018
42434 0.000019
42435 0.000017
42436 0.000019
42437 0.000014
42438 0.000017
42439 0.000015
42440 0.000016
42441 0.000024
42442 0.000017
42443 0.000022
42444 0.000017
42445 0.000018
42446 0.000025
42447 0.000025
42448 0.000023
42449 0.000024
42450 0.000021
42451 0.000028
42452 0.000021
42453 0.000034
42454 0.000024
42455 0.000008
42456 0.000023
42457 0.000020
42458 0.000016
42459 0.000016
42460 0.000019
42461 0.000022
42462 0.000018
42463 0.000009
42464 0.000018
42465 0.000037
42466 0.000016
42467 0.000014
42468 0.000016
42469 0.000009
42470 0.000026
42471 0.000018
42472 0.000018
42473 0.000015
42474 0.000021
42475 0.000019
42476 0.000019
42477 0.000021
42478 0.000016
42479 0.000009
42480 0.000020
42481 0.000029
42482 0.000024
42483 0.000007
42484 0.000019
42485 0.000010
42486 0.000013
42487 0.000017
42488 0.000018
42489 0.000010
42490 0.000024
42491 0.000022
42492 0.000027
42493 0.000039
42494 0.000022
42495 0.000042
42496 0.000034
42497 0.000016
42498 0.000021
42499 0.000030
42500 0.000021
42501 0.000018
42502 0.000021
42503 0.000007
42504 0.000010
42505 0.000004
42506 0.000015
42507 0.000013
42508 0.000007
42509 0.000033
42510 0.000027
42511 0.000029
42512 0.000018
42513 0.000010
42514 0.000017
42515 0.000026
42516 0.000021
42517 0.000024
42518 0.000028
42519 0.000029
42520 0.000013
42521 0.000023
42522 0.000020
42523 0.000020
42524 0.000031
42525 0.000013
42526 0.000024
42527 0.000017
42528 0.000019
42529 0.000036
42530 0.000020
42531 0.000031
42532 0.000017
42533 0.000015
42534 0.000024
42535 0.000025
42536 0.000021
42537 0.000017
42538 0.000011
42539 0.000024
42540 0.000033
42541 0.000028
42542 0.000020
42543 0.000017
42544 0.000028
42545 0.000015
42546 0.000015
42547 0.000018
42548 0.000017
42549 0.000016
42550 0.000011
42551 0.000014
42552 0.000013
42553 0.000041
42554 0.000019
42555 0.000008
42556 0.000031
42557 0.000016
42558 0.000027
42559 0.000026
42560 0.000025
42561 0.000012
42562 0.000014
42563 0.000012
42564 0.000034
42565 0.000022
42566 0.000015
42567 0.000017
42568 0.000043
42569 0.000033
42570 0.000026
42571 0.000009
42572 0.000008
42573 0.000020
42574 0.000031
42575 0.000015
42576 0.000011
42577 0.000020
42578 0.000013
42579 0.000013
42580 0.000014
42581 0.000015
42582 0.000012
42583 0.000029
42584 0.000028
42585 0.000021
42586 0.000016
42587 0.000022
42588 0.000016
42589 0.000015
42590 0.000005
42591 0.000013
42592 0.000008
42593 0.000004
42594 0.000015
42595 0.000025
42596 0.000018
42597 0.000019
42598 0.000019
42599 0.000021
42600 0.000014
42601 0.000025
42602 0.000039
42603 0.000013
42604 0.000021
42605 0.000028
42606 0.000011
42607 0.000025
42608 0.000015
42609 0.000025
42610 0.000019
42611 0.000023
42612 0.000029
42613 0.000025
42614 0.000012
42615 0.000027
42616 0.000021
42617 0.000015
42618 0.000012
42619 0.000011
42620 0.000010
42621 0.000005
42622 0.000020
42623 0.000020
42624 0.000028
42625 0.000028
42626 0.000023
42627 0.000014
42628 0.000013
42629 0.000026
42630 0.000019
42631 0.000016
42632 0.000021
42633 0.000019
42634 0.000012
42635 0.000013
42636 0.000020
42637 0.000026
42638 0.000027
42639 0.000018
42640 0.000017
42641 0.000025
42642 0.000023
42643 0.000043
42644 0.000013
42645 0.000018
42646 0.000023
42647 0.000018
42648 0.000029
42649 0.000023
42650 0.000016
42651 0.000018
42652 0.000024
42653 0.000011
42654 0.000012
42655 0.000022
42656 0.000018
42657 0.000017
42658 0.000025
42659 0.000012
42660 0.000015
42661 0.000010
42662 0.000013
42663 0.000018
42664 0.000018
42665 0.000013
42666 0.000016
42667 0.000014
42668 0.000014
42669 0.000011
42670 0.000022
42671 0.000012
42672 0.000013
42673 0.000026
42674 0.000017
42675 0.000028
42676 0.000040
42677 0.000029
42678 0.000024
42679 0.000021
42680 0.000028
42681 0.000026
42682 0.000010
42683 0.000020
42684 0.000014
42685 0.000021
42686 0.000024
42687 0.000008
42688 0.000018
42689 0.000035
42690 0.000024
42691 0.000021
42692 0.000025
42693 0.000061
42694 0.000033
42695 0.000014
42696 0.000027
42697 0.000010
42698 0.000032
42699 0.000008
42700 0.000031
42701 0.000022
42702 0.000016
42703 0.000018
42704 0.000014
42705 0.000025
42706 0.000023
42707 0.000018
42708 0.000007
42709 0.000017
42710 0.000017
42711 0.000025
42712 0.000028
42713 0.000026
42714 0.000021
42715 0.000022
42716 0.000022
42717 0.000008
42718 0.000009
42719 0.000026
42720 0.000023
42721 0.000035
42722 0.000021
42723 0.000052
42724 0.000014
42725 0.000025
42726 0.000013
42727 0.000024
42728 0.000021
42729 0.000040
42730 0.000016
42731 0.000007
42732 0.000027
42733 0.000032
42734 0.000029
42735 0.000017
42736 0.000026
42737 0.000018
42738 0.000024
42739 0.000021
42740 0.000023
42741 0.000019
42742 0.000022
42743 0.000013
42744 0.000013
42745 0.000027
42746 0.000037
42747 0.000025
42748 0.000034
42749 0.000018
42750 0.000013
42751 0.000015
42752 0.000019
42753 0.000029
42754 0.000028
42755 0.000016
42756 0.000014
42757 0.000004
42758 0.000023
42759 0.000007
42760 0.000019
42761 0.000017
42762 0.000013
42763 0.000005
42764 0.000007
42765 0.000014
42766 0.000006
42767 0.000007
42768 0.000007
42769 0.000008
42770 0.000007
42771 0.000005
42772 0.000019
42773 0.000025
42774 0.000016
42775 0.000014
42776 0.000018
42777 0.000010
42778 0.000020
42779 0.000018
42780 0.000022
42781 0.000016
42782 0.000032
42783 0.000012
42784 0.000013
42785 0.000030
42786 0.000020
42787 0.000017
42788 0.000021
42789 0.000027
42790 0.000014
42791 0.000019
42792 0.000014
42793 0.000052
42794 0.000031
42795 0.000021
42796 0.000021
42797 0.000010
42798 0.000018
42799 0.000015
42800 0.000015
42801 0.000018
42802 0.000006
42803 0.000014
42804 0.000029
42805 0.000016
42806 0.000031
42807 0.000016
42808 0.000028
42809 0.000020
42810 0.000029
42811 0.000031
42812 0.000026
42813 0.000027
42814 0.000029
42815 0.000019
42816 0.000017
42817 0.000036
42818 0.000013
42819 0.000012
42820 0.000024
42821 0.000017
42822 0.000030
42823 0.000025
42824 0.000012
42825 0.000019
42826 0.000016
42827 0.000021
42828 0.000012
42829 0.000031
42830 0.000009
42831 0.000021
42832 0.000031
42833 0.000027
42834 0.000025
42835 0.000012
42836 0.000031
42837 0.000020
42838 0.000010
42839 0.000014
42840 0.000025
42841 0.000027
42842 0.000031
42843 0.000016
42844 0.000015
42845 0.000011
42846 0.000012
42847 0.000008
42848 0.000008
42849 0.000017
42850 0.000005
42851 0.000028
42852 0.000022
42853 0.000022
42854 0.000015
42855 0.000014
42856 0.000034
42857 0.000027
42858 0.000030
42859 0.000024
42860 0.000019
42861 0.000024
42862 0.000014
42863 0.000026
42864 0.000010
42865 0.000021
42866 0.000014
42867 0.000016
42868 0.000039
42869 0.000049
42870 0.000024
42871 0.000030
42872 0.000027
42873 0.000012
42874 0.000017
42875 0.000016
42876 0.000017
42877 0.000016
42878 0.000013
42879 0.000014
42880 0.000018
42881 0.000022
42882 0.000016
42883 0.000028
42884 0.000032
42885 0.000020
42886 0.000028
42887 0.000027
42888 0.000025
42889 0.000023
42890 0.000011
42891 0.000020
42892 0.000011
42893 0.000035
42894 0.000021
42895 0.000017
42896 0.000021
42897 0.000016
42898 0.000014
42899 0.000016
42900 0.000011
42901 0.000017
42902 0.000032
42903 0.000029
42904 0.000024
42905 0.000017
42906 0.000012
42907 0.000026
42908 0.000020
42909 0.000014
42910 0.000021
42911 0.000022
42912 0.000013
42913 0.000022
42914 0.000012
42915 0.000017
42916 0.000022
42917 0.000031
42918 0.000035
42919 0.000019
42920 0.000009
42921 0.000020
42922 0.000008
42923 0.000008
42924 0.000007
42925 0.000018
42926 0.000025
42927 0.000018
42928 0.000007
42929 0.000007
42930 0.000008
42931 0.000028
42932 0.000036
42933 0.000015
42934 0.000014
42935 0.000014
42936 0.000032
42937 0.000020
42938 0.000017
42939 0.000014
42940 0.000017
42941 0.000029
42942 0.000026
42943 0.000026
42944 0.000018
42945 0.000020
42946 0.000010
42947 0.000027
42948 0.000037
42949 0.000015
42950 0.000007
42951 0.000022
42952 0.000011
42953 0.000025
42954 0.000018
42955 0.000027
42956 0.000016
42957 0.000013
42958 0.000032
42959 0.000030
42960 0.000048
42961 0.000047
42962 0.000033
42963 0.000019
42964 0.000016
42965 0.000016
42966 0.000028
42967 0.000032
42968 0.000016
42969 0.000034
42970 0.000012
42971 0.000023
42972 0.000025
42973 0.000018
42974 0.000011
42975 0.000014
42976 0.000016
42977 0.000028
42978 0.000023
42979 0.000027
42980 0.000016
42981 0.000024
42982 0.000011
42983 0.000034
42984 0.000022
42985 0.000018
42986 0.000025
42987 0.000015
42988 0.000017
42989 0.000011
42990 0.000014
42991 0.000021
42992 0.000014
42993 0.000012
42994 0.000019
42995 0.000022
42996 0.000009
42997 0.000009
42998 0.000016
42999 0.000032
43000 0.000026
43001 0.000017
43002 0.000030
43003 0.000047
43004 0.000035
43005 0.000026
43006 0.000032
43007 0.000017
43008 0.000022
43009 0.000014
43010 0.000017
43011 0.000018
43012 0.000009
43013 0.000020
43014 0.000019
43015 0.000029
43016 0.000010
43017 0.000018
43018 0.000021
43019 0.000033
43020 0.000028
43021 0.000019
43022 0.000017
43023 0.000014
43024 0.000009
43025 0.000005
43026 0.000015
43027 0.000015
43028 0.000019
43029 0.000037
43030 0.000021
43031 0.000039
43032 0.000012
43033 0.000013
43034 0.000009
43035 0.000011
43036 0.000028
43037 0.000015
43038 0.000038
43039 0.000025
43040 0.000027
43041 0.000036
43042 0.000040
43043 0.000009
43044 0.000021
43045 0.000031
43046 0.000019
43047 0.000013
43048 0.000008
43049 0.000022
43050 0.000022
43051 0.000016
43052 0.000010
43053 0.000015
43054 0.000012
43055 0.000020
43056 0.000013
43057 0.000017
43058 0.000010
43059 0.000011
43060 0.000024
43061 0.000027
43062 0.000017
43063 0.000007
43064 0.000018
43065 0.000011
43066 0.000034
43067 0.000028
43068 0.000023
43069 0.000013
43070 0.000010
43071 0.000025
43072 0.000033
43073 0.000016
43074 0.000032
43075 0.000043
43076 0.000022
43077 0.000012
43078 0.000018
43079 0.000014
43080 0.000010
43081 0.000019
43082 0.000024
43083 0.000028
43084 0.000029
43085 0.000017
43086 0.000020
43087 0.000012
43088 0.000015
43089 0.000013
43090 0.000020
43091 0.000020
43092 0.000018
43093 0.000007
43094 0.000030
43095 0.000026
43096 0.000014
43097 0.000013
43098 0.000019
43099 0.000032
43100 0.000016
43101 0.000006
43102 0.000021
43103 0.000024
43104 0.000015
43105 0.000022
43106 0.000014
43107 0.000018
43108 0.000015
43109 0.000038
43110 0.000028
43111 0.000021
43112 0.000014
43113 0.000023
43114 0.000008
43115 0.000028
43116 0.000026
43117 0.000012
43118 0.000019
43119 0.000013
43120 0.000009
43121 0.000015
43122 0.000013
43123 0.000007
43124 0.000009
43125 0.000030
43126 0.000023
43127 0.000037
43128 0.000030
43129 0.000050
43130 0.000031
43131 0.000022
43132 0.000023
43133 0.000010
43134 0.000016
43135 0.000013
43136 0.000013
43137 0.000018
43138 0.000022
43139 0.000014
43140 0.000010
43141 0.000034
43142 0.000020
43143 0.000023
43144 0.000017
43145 0.000047
43146 0.000015
43147 0.000005
43148 0.000028
43149 0.000018
43150 0.000022
43151 0.000021
43152 0.000031
43153 0.000019
43154 0.000019
43155 0.000011
43156 0.000016
43157 0.000024
43158 0.000021
43159 0.000030
43160 0.000024
43161 0.000032
43162 0.000029
43163 0.000020
43164 0.000018
43165 0.000018
43166 0.000012
43167 0.000038
43168 0.000014
43169 0.000008
43170 0.000021
43171 0.000027
43172 0.000024
43173 0.000021
43174 0.000024
43175 0.000049
43176 0.000038
43177 0.000023
43178 0.000016
43179 0.000011
43180 0.000016
43181 0.000021
43182 0.000010
43183 0.000034
43184 0.000021
43185 0.000016
43186 0.000021
43187 0.000025
43188 0.000017
43189 0.000016
43190 0.000019
43191 0.000019
43192 0.000053
43193 0.000044
43194 0.000037
43195 0.000017
43196 0.000008
43197 0.000042
43198 0.000020
43199 0.000012
43200 0.000023
43201 0.000036
43202 0.000019
43203 0.000016
43204 0.000010
43205 0.000016
43206 0.000017
43207 0.000021
43208 0.000024
43209 0.000025
43210 0.000015
43211 0.000011
43212 0.000022
43213 0.000016
43214 0.000019
43215 0.000034
43216 0.000016
43217 0.000013
43218 0.000023
43219 0.000019
43220 0.000021
43221 0.000019
43222 0.000021
43223 0.000021
43224 0.000012
43225 0.000014
43226 0.000028
43227 0.000016
43228 0.000017
43229 0.000011
43230 0.000016
43231 0.000016
43232 0.000012
43233 0.000026
43234 0.000028
43235 0.000017
43236 0.000023
43237 0.000023
43238 0.000021
43239 0.000019
43240 0.000016
43241 0.000032
43242 0.000029
43243 0.000021
43244 0.000013
43245 0.000015
43246 0.000009
43247 0.000024
43248 0.000024
43249 0.000028
43250 0.000042
43251 0.000024
43252 0.000038
43253 0.000022
43254 0.000038
43255 0.000024
43256 0.000028
43257 0.000012
43258 0.000015
43259 0.000021
43260 0.000012
43261 0.000023
43262 0.000018
43263 0.000014
43264 0.000037
43265 0.000029
43266 0.000018
43267 0.000030
43268 0.000023
43269 0.000028
43270 0.000026
43271 0.000028
43272 0.000028
43273 0.000015
43274 0.000019
43275 0.000017
43276 0.000013
43277 0.000029
43278 0.000025
43279 0.000009
43280 0.000012
43281 0.000020
43282 0.000012
43283 0.000012
43284 0.000020
43285 0.000026
43286 0.000030
43287 0.000016
43288 0.000031
43289 0.000029
43290 0.000011
43291 0.000020
43292 0.000022
43293 0.000021
43294 0.000014
43295 0.000035
43296 0.000025
43297 0.000018
43298 0.000023
43299 0.000024
43300 0.000021
43301 0.000021
43302 0.000021
43303 0.000015
43304 0.000014
43305 0.000008
43306 0.000013
43307 0.000014
43308 0.000009
43309 0.000011
43310 0.000024
43311 0.000024
43312 0.000025
43313 0.000006
43314 0.000016
43315 0.000027
43316 0.000009
43317 0.000022
43318 0.000009
43319 0.000013
43320 0.000014
43321 0.000030
43322 0.000021
43323 0.000021
43324 0.000018
43325 0.000046
43326 0.000023
43327 0.000031
43328 0.000025
43329 0.000022
43330 0.000043
43331 0.000021
43332 0.000019
43333 0.000027
43334 0.000019
43335 0.000018
43336 0.000024
43337 0.000023
43338 0.000021
43339 0.000014
43340 0.000013
43341 0.000018
43342 0.000035
43343 0.000025
43344 0.000020
43345 0.000014
43346 0.000009
43347 0.000025
43348 0.000018
43349 0.000013
43350 0.000022
43351 0.000022
43352 0.000032
43353 0.000036
43354 0.000011
43355 0.000018
43356 0.000023
43357 0.000027
43358 0.000029
43359 0.000016
43360 0.000026
43361 0.000023
43362 0.000018
43363 0.000017
43364 0.000008
43365 0.000031
43366 0.000021
43367 0.000014
43368 0.000015
43369 0.000010
43370 0.000037
43371 0.000012
43372 0.000037
43373 0.000015
43374 0.000018
43375 0.000013
43376 0.000024
43377 0.000016
43378 0.000009
43379 0.000010
43380 0.000020
43381 0.000016
43382 0.000040
43383 0.000036
43384 0.000016
43385 0.000058
43386 0.000025
43387 0.000028
43388 0.000016
43389 0.000023
43390 0.000025
43391 0.000020
43392 0.000016
43393 0.000018
43394 0.000025
43395 0.000009
43396 0.000011
43397 0.000016
43398 0.000032
43399 0.000019
43400 0.000008
43401 0.000018
43402 0.000012
43403 0.000033
43404 0.000028
43405 0.000037
43406 0.000023
43407 0.000010
43408 0.000014
43409 0.000006
43410 0.000036
43411 0.000013
43412 0.000031
43413 0.000026
43414 0.000014
43415 0.000028
43416 0.000021
43417 0.000017
43418 0.000036
43419 0.000032
43420 0.000049
43421 0.000022
43422 0.000006
43423 0.000009
43424 0.000024
43425 0.000017
43426 0.000025
43427 0.000014
43428 0.000012
43429 0.000022
43430 0.000022
43431 0.000014
43432 0.000016
43433 0.000023
43434 0.000022
43435 0.000036
43436 0.000023
43437 0.000018
43438 0.000022
43439 0.000021
43440 0.000015
43441 0.000018
43442 0.000006
43443 0.000007
43444 0.000015
43445 0.000028
43446 0.000028
43447 0.000024
43448 0.000042
43449 0.000037
43450 0.000025
43451 0.000014
43452 0.000017
43453 0.000025
43454 0.000023
43455 0.000014
43456 0.000018
43457 0.000025
43458 0.000015
43459 0.000032
43460 0.000011
43461 0.000017
43462 0.000018
43463 0.000011
43464 0.000016
43465 0.000019
43466 0.000032
43467 0.000021
43468 0.000021
43469 0.000014
43470 0.000027
43471 0.000017
43472 0.000012
43473 0.000042
43474 0.000017
43475 0.000023
43476 0.000029
43477 0.000012
43478 0.000024
43479 0.000019
43480 0.000012
43481 0.000016
43482 0.000015
43483 0.000021
43484 0.000020
43485 0.000029
43486 0.000029
43487 0.000047
43488 0.000027
43489 0.000009
43490 0.000025
43491 0.000026
43492 0.000025
43493 0.000033
43494 0.000019
43495 0.000007
43496 0.000024
43497 0.000026
43498 0.000013
43499 0.000023
43500 0.000019
43501 0.000024
43502 0.000018
43503 0.000011
43504 0.000019
43505 0.000010
43506 0.000018
43507 0.000020
43508 0.000013
43509 0.000022
43510 0.000008
43511 0.000020
43512 0.000022
43513 0.000036
43514 0.000025
43515 0.000024
43516 0.000010
43517 0.000016
43518 0.000015
43519 0.000028
43520 0.000039
43521 0.000023
43522 0.000015
43523 0.000019
43524 0.000019
43525 0.000014
43526 0.000021
43527 0.000014
43528 0.000025
43529 0.000031
43530 0.000015
43531 0.000021
43532 0.000021
43533 0.000010
43534 0.000005
43535 0.000013
43536 0.000010
43537 0.000020
43538 0.000018
43539 0.000039
43540 0.000037
43541 0.000020
43542 0.000016
43543 0.000020
43544 0.000009
43545 0.000013
43546 0.000030
43547 0.000022
43548 0.000028
43549 0.000021
43550 0.000020
43551 0.000013
43552 0.000014
43553 0.000026
43554 0.000020
43555 0.000015
43556 0.000028
43557 0.000012
43558 0.000013
43559 0.000015
43560 0.000013
43561 0.000009
43562 0.000022
43563 0.000016
43564 0.000020
43565 0.000010
43566 0.000013
43567 0.000010
43568 0.000009
43569 0.000009
43570 0.000023
43571 0.000016
43572 0.000018
43573 0.000013
43574 0.000025
43575 0.000012
43576 0.000024
43577 0.000025
43578 0.000026
43579 0.000009
43580 0.000032
43581 0.000021
43582 0.000024
43583 0.000014
43584 0.000019
43585 0.000010
43586 0.000021
43587 0.000027
43588 0.000010
43589 0.000013
43590 0.000013
43591 0.000017
43592 0.000036
43593 0.000051
43594 0.000021
43595 0.000020
43596 0.000014
43597 0.000008
43598 0.000017
43599 0.000013
43600 0.000012
43601 0.000027
43602 0.000021
43603 0.000026
43604 0.000015
43605 0.000018
43606 0.000018
43607 0.000024
43608 0.000025
43609 0.000019
43610 0.000014
43611 0.000015
43612 0.000011
43613 0.000016
43614 0.000015
43615 0.000008
43616 0.000009
43617 0.000013
43618 0.000023
43619 0.000017
43620 0.000019
43621 0.000010
43622 0.000008
43623 0.000025
43624 0.000011
43625 0.000005
43626 0.000012
43627 0.000022
43628 0.000018
43629 0.000031
43630 0.000037
43631 0.000033
43632 0.000049
43633 0.000026
43634 0.000014
43635 0.000021
43636 0.000021
43637 0.000017
43638 0.000011
43639 0.000023
43640 0.000023
43641 0.000027
43642 0.000030
43643 0.000025
43644 0.000030
43645 0.000029
43646 0.000029
43647 0.000018
43648 0.000016
43649 0.000007
43650 0.000016
43651 0.000012
43652 0.000023
43653 0.000017
43654 0.000019
43655 0.000018
43656 0.000017
43657 0.000020
43658 0.000038
43659 0.000018
43660 0.000006
43661 0.000010
43662 0.000020
43663 0.000023
43664 0.000014
43665 0.000020
43666 0.000012
43667 0.000025
43668 0.000043
43669 0.000016
43670 0.000010
43671 0.000023
43672 0.000018
43673 0.000022
43674 0.000025
43675 0.000019
43676 0.000017
43677 0.000019
43678 0.000016
43679 0.000010
43680 0.000039
43681 0.000029
43682 0.000030
43683 0.000017
43684 0.000014
43685 0.000020
43686 0.000017
43687 0.000020
43688 0.000020
43689 0.000014
43690 0.000016
43691 0.000017
43692 0.000019
43693 0.000035
43694 0.000021
43695 0.000013
43696 0.000029
43697 0.000032
43698 0.000024
43699 0.000013
43700 0.000012
43701 0.000029
43702 0.000013
43703 0.000011
43704 0.000014
43705 0.000021
43706 0.000017
43707 0.000019
43708 0.000009
43709 0.000016
43710 0.000015
43711 0.000018
43712 0.000026
43713 0.000016
43714 0.000012
43715 0.000014
43716 0.000021
43717 0.000009
43718 0.000024
43719 0.000026
43720 0.000019
43721 0.000010
43722 0.000024
43723 0.000010
43724 0.000013
43725 0.000012
43726 0.000019
43727 0.000016
43728 0.000020
43729 0.000034
43730 0.000019
43731 0.000013
43732 0.000010
43733 0.000017
43734 0.000020
43735 0.000015
43736 0.000025
43737 0.000012
43738 0.000009
43739 0.000018
43740 0.000036
43741 0.000041
43742 0.000015
43743 0.000030
43744 0.000021
43745 0.000008
43746 0.000013
43747 0.000010
43748 0.000021
43749 0.000020
43750 0.000029
43751 0.000020
43752 0.000012
43753 0.000017
43754 0.000023
43755 0.000007
43756 0.000014
43757 0.000011
43758 0.000017
43759 0.000016
43760 0.000021
43761 0.000017
43762 0.000012
43763 0.000021
43764 0.000017
43765 0.000023
43766 0.000021
43767 0.000035
43768 0.000025
43769 0.000027
43770 0.000008
43771 0.000012
43772 0.000008
43773 0.000022
43774 0.000032
43775 0.000018
43776 0.000028
43777 0.000021
43778 0.000020
43779 0.000018
43780 0.000026
43781 0.000011
43782 0.000010
43783 0.000027
43784 0.000020
43785 0.000016
43786 0.000039
43787 0.000020
43788 0.000012
43789 0.000018
43790 0.000009
43791 0.000008
43792 0.000014
43793 0.000009
43794 0.000014
43795 0.000015
43796 0.000016
43797 0.000026
43798 0.000016
43799 0.000027
43800 0.000026
43801 0.000016
43802 0.000013
43803 0.000009
43804 0.000009
43805 0.000008
43806 0.000011
43807 0.000017
43808 0.000016
43809 0.000014
43810 0.000009
43811 0.000011
43812 0.000012
43813 0.000019
43814 0.000014
43815 0.000032
43816 0.000011
43817 0.000014
43818 0.000018
43819 0.000010
43820 0.000010
43821 0.000012
43822 0.000024
43823 0.000018
43824 0.000015
43825 0.000012
43826 0.000016
43827 0.000019
43828 0.000012
43829 0.000013
43830 0.000018
43831 0.000016
43832 0.000021
43833 0.000024
43834 0.000029
43835 0.000020
43836 0.000026
43837 0.000018
43838 0.000016
43839 0.000010
43840 0.000016
43841 0.000015
43842 0.000025
43843 0.000031
43844 0.000020
43845 0.000028
43846 0.000016
43847 0.000017
43848 0.000020
43849 0.000025
43850 0.000022
43851 0.000027
43852 0.000020
43853 0.000034
43854 0.000018
43855 0.000015
43856 0.000010
43857 0.000013
43858 0.000015
43859 0.000030
43860 0.000056
43861 0.000024
43862 0.000021
43863 0.000034
43864 0.000033
43865 0.000017
43866 0.000020
43867 0.000029
43868 0.000041
43869 0.000016
43870 0.000020
43871 0.000018
43872 0.000017
43873 0.000024
43874 0.000025
43875 0.000043
43876 0.000027
43877 0.000031
43878 0.000029
43879 0.000015
43880 0.000023
43881 0.000016
43882 0.000010
43883 0.000012
43884 0.000038
43885 0.000020
43886 0.000012
43887 0.000031
43888 0.000020
43889 0.000025
43890 0.000011
43891 0.000006
43892 0.000024
43893 0.000025
43894 0.000017
43895 0.000012
43896 0.000009
43897 0.000010
43898 0.000018
43899 0.000025
43900 0.000012
43901 0.000016
43902 0.000026
43903 0.000024
43904 0.000019
43905 0.000020
43906 0.000008
43907 0.000021
43908 0.000016
43909 0.000017
43910 0.000014
43911 0.000011
43912 0.000024
43913 0.000023
43914 0.000025
43915 0.000023
43916 0.000036
43917 0.000020
43918 0.000021
43919 0.000015
43920 0.000022
43921 0.000020
43922 0.000039
43923 0.000019
43924 0.000040
43925 0.000024
43926 0.000021
43927 0.000019
43928 0.000007
43929 0.000014
43930 0.000019
43931 0.000010
43932 0.000020
43933 0.000015
43934 0.000012
43935 0.000028
43936 0.000009
43937 0.000023
43938 0.000017
43939 0.000018
43940 0.000012
43941 0.000011
43942 0.000021
43943 0.000018
43944 0.000008
43945 0.000018
43946 0.000014
43947 0.000010
43948 0.000024
43949 0.000023
43950 0.000034
43951 0.000025
43952 0.000014
43953 0.000012
43954 0.000016
43955 0.000011
43956 0.000019
43957 0.000015
43958 0.000030
43959 0.000021
43960 0.000013
43961 0.000029
43962 0.000037
43963 0.000031
43964 0.000014
43965 0.000010
43966 0.000026
43967 0.000028
43968 0.000030
43969 0.000026
43970 0.000027
43971 0.000027
43972 0.000011
43973 0.000030
43974 0.000033
43975 0.000013
43976 0.000012
43977 0.000029
43978 0.000048
43979 0.000047
43980 0.000019
43981 0.000023
43982 0.000034
43983 0.000013
43984 0.000012
43985 0.000028
43986 0.000016
43987 0.000014
43988 0.000012
43989 0.000018
43990 0.000024
43991 0.000019
43992 0.000023
43993 0.000017
43994 0.000032
43995 0.000019
43996 0.000020
43997 0.000032
43998 0.000031
43999 0.000027
44000 0.000021
44001 0.000022
44002 0.000028
44003 0.000029
44004 0.000021
44005 0.000015
44006 0.000013
44007 0.000013
44008 0.000016
44009 0.000014
44010 0.000036
44011 0.000026
44012 0.000025
44013 0.000017
44014 0.000013
44015 0.000013
44016 0.000025
44017 0.000023
44018 0.000027
44019 0.000008
44020 0.000013
44021 0.000020
44022 0.000016
44023 0.000009
44024 0.000013
44025 0.000022
44026 0.000016
44027 0.000013
44028 0.000012
44029 0.000014
44030 0.000038
44031 0.000025
44032 0.000017
44033 0.000018
44034 0.000020
44035 0.000023
44036 0.000008
44037 0.000029
44038 0.000017
44039 0.000016
44040 0.000013
44041 0.000032
44042 0.000015
44043 0.000013
44044 0.000015
44045 0.000007
44046 0.000026
44047 0.000021
44048 0.000020
44049 0.000012
44050 0.000019
44051 0.000028
44052 0.000011
44053 0.000011
44054 0.000013
44055 0.000020
44056 0.000027
44057 0.000017
44058 0.000013
44059 0.000022
44060 0.000012
44061 0.000015
44062 0.000026
44063 0.000011
44064 0.000012
44065 0.000021
44066 0.000008
44067 0.000012
44068 0.000020
44069 0.000053
44070 0.000026
44071 0.000024
44072 0.000017
44073 0.000019
44074 0.000022
44075 0.000020
44076 0.000023
44077 0.000024
44078 0.000036
44079 0.000010
44080 0.000011
44081 0.000013
44082 0.000012
44083 0.000027
44084 0.000012
44085 0.000013
44086 0.000013
44087 0.000010
44088 0.000022
44089 0.000017
44090 0.000023
44091 0.000021
44092 0.000038
44093 0.000024
44094 0.000018
44095 0.000023
44096 0.000023
44097 0.000015
44098 0.000007
44099 0.000009
44100 0.000013
44101 0.000019
44102 0.000017
44103 0.000008
44104 0.000022
44105 0.000022
44106 0.000025
44107 0.000019
44108 0.000019
44109 0.000019
44110 0.000012
44111 0.000017
44112 0.000014
44113 0.000034
44114 0.000015
44115 0.000014
44116 0.000017
44117 0.000022
44118 0.000020
44119 0.000006
44120 0.000045
44121 0.000034
44122 0.000013
44123 0.000021
44124 0.000027
44125 0.000019
44126 0.000030
44127 0.000019
44128 0.000018
44129 0.000020
44130 0.000031
44131 0.000032
44132 0.000025
44133 0.000011
44134 0.000007
44135 0.000010
44136 0.000007
44137 0.000014
44138 0.000015
44139 0.000018
44140 0.000018
44141 0.000012
44142 0.000022
44143 0.000023
44144 0.000031
44145 0.000019
44146 0.000022
44147 0.000026
44148 0.000016
44149 0.000026
44150 0.000019
44151 0.000032
44152 0.000016
44153 0.000022
44154 0.000023
44155 0.000026
44156 0.000032
44157 0.000020
44158 0.000021
44159 0.000014
44160 0.000020
44161 0.000022
44162 0.000032
44163 0.000029
44164 0.000044
44165 0.000010
44166 0.000027
44167 0.000021
44168 0.000021
44169 0.000023
44170 0.000012
44171 0.000026
44172 0.000030
44173 0.000018
44174 0.000027
44175 0.000017
44176 0.000012
44177 0.000008
44178 0.000010
44179 0.000009
44180 0.000015
44181 0.000012
44182 0.000014
44183 0.000013
44184 0.000017
44185 0.000012
44186 0.000021
44187 0.000019
44188 0.000017
44189 0.000009
44190 0.000034
44191 0.000020
44192 0.000023
44193 0.000023
44194 0.000025
44195 0.000016
44196 0.000019
44197 0.000021
44198 0.000012
44199 0.000010
44200 0.000019
44201 0.000027
44202 0.000011
44203 0.000031
44204 0.000012
44205 0.000016
44206 0.000029
44207 0.000029
44208 0.000013
44209 0.000015
44210 0.000021
44211 0.000023
44212 0.000012
44213 0.000030
44214 0.000024
44215 0.000015
44216 0.000013
44217 0.000020
44218 0.000011
44219 0.000015
44220 0.000013
44221 0.000028
44222 0.000024
44223 0.000022
44224 0.000012
44225 0.000011
44226 0.000027
44227 0.000018
44228 0.000023
44229 0.000025
44230 0.000013
44231 0.000020
44232 0.000012
44233 0.000013
44234 0.000017
44235 0.000013
44236 0.000009
44237 0.000021
44238 0.000030
44239 0.000019
44240 0.000031
44241 0.000026
44242 0.000026
44243 0.000020
44244 0.000025
44245 0.000023
44246 0.000019
44247 0.000016
44248 0.000026
44249 0.000016
44250 0.000043
44251 0.000014
44252 0.000030
44253 0.000018
44254 0.000013
44255 0.000030
44256 0.000036
44257 0.000020
44258 0.000028
44259 0.000021
44260 0.000014
44261 0.000005
44262 0.000009
44263 0.000012
44264 0.000004
44265 0.000024
44266 0.000024
44267 0.000027
44268 0.000011
44269 0.000029
44270 0.000042
44271 0.000050
44272 0.000026
44273 0.000037
44274 0.000038
44275 0.000061
44276 0.000021
44277 0.000031
44278 0.000016
44279 0.000025
44280 0.000014
44281 0.000019
44282 0.000015
44283 0.000015
44284 0.000028
44285 0.000029
44286 0.000035
44287 0.000023
44288 0.000021
44289 0.000025
44290 0.000018
44291 0.000016
44292 0.000020
44293 0.000015
44294 0.000011
44295 0.000011
44296 0.000019
44297 0.000021
44298 0.000034
44299 0.000011
44300 0.000009
44301 0.000024
44302 0.000019
44303 0.000007
44304 0.000017
44305 0.000033
44306 0.000014
44307 0.000010
44308 0.000025
44309 0.000030
44310 0.000019
44311 0.000013
44312 0.000031
44313 0.000018
44314 0.000021
44315 0.000018
44316 0.000019
44317 0.000016
44318 0.000034
44319 0.000036
44320 0.000031
44321 0.000018
44322 0.000023
44323 0.000015
44324 0.000018
44325 0.000019
44326 0.000021
44327 0.000014
44328 0.000015
44329 0.000015
44330 0.000016
44331 0.000012
44332 0.000009
44333 0.000017
44334 0.000026
44335 0.000015
44336 0.000014
44337 0.000027
44338 0.000041
44339 0.000022
44340 0.000016
44341 0.000024
44342 0.000030
44343 0.000012
44344 0.000019
44345 0.000016
44346 0.000018
44347 0.000025
44348 0.000020
44349 0.000031
44350 0.000025
44351 0.000020
44352 0.000030
44353 0.000023
44354 0.000018
44355 0.000015
44356 0.000025
44357 0.000014
44358 0.000017
44359 0.000017
44360 0.000017
44361 0.000014
44362 0.000022
44363 0.000026
44364 0.000031
44365 0.000025
44366 0.000010
44367 0.000026
44368 0.000027
44369 0.000024
44370 0.000012
44371 0.000013
44372 0.000026
44373 0.000034
44374 0.000020
44375 0.000017
44376 0.000027
44377 0.000031
44378 0.000021
44379 0.000023
44380 0.000020
44381 0.000011
44382 0.000023
44383 0.000037
44384 0.000021
44385 0.000023
44386 0.000015
44387 0.000017
44388 0.000024
44389 0.000022
44390 0.000024
44391 0.000014
44392 0.000008
44393 0.000020
44394 0.000025
44395 0.000020
44396 0.000017
44397 0.000014
44398 0.000045
44399 0.000033
44400 0.000019
44401 0.000019
44402 0.000017
44403 0.000026
44404 0.000015
44405 0.000017
44406 0.000016
44407 0.000016
44408 0.000021
44409 0.000013
44410 0.000026
44411 0.000013
44412 0.000015
44413 0.000024
44414 0.000030
44415 0.000045
44416 0.000017
44417 0.000017
44418 0.000025
44419 0.000036
44420 0.000026
44421 0.000016
44422 0.000022
44423 0.000029
44424 0.000015
44425 0.000014
44426 0.000024
44427 0.000016
44428 0.000008
44429 0.000009
44430 0.000036
44431 0.000016
44432 0.000018
44433 0.000017
44434 0.000016
44435 0.000017
44436 0.000031
44437 0.000014
44438 0.000015
44439 0.000027
44440 0.000031
44441 0.000038
44442 0.000029
44443 0.000030
44444 0.000025
44445 0.000034
44446 0.000036
44447 0.000024
44448 0.000018
44449 0.000013
44450 0.000007
44451 0.000020
44452 0.000012
44453 0.000011
44454 0.000019
44455 0.000019
44456 0.000014
44457 0.000028
44458 0.000030
44459 0.000023
44460 0.000031
44461 0.000028
44462 0.000010
44463 0.000010
44464 0.000024
44465 0.000022
44466 0.000019
44467 0.000033
44468 0.000026
44469 0.000022
44470 0.000012
44471 0.000024
44472 0.000029
44473 0.000022
44474 0.000017
44475 0.000021
44476 0.000012
44477 0.000015
44478 0.000019
44479 0.000015
44480 0.000020
44481 0.000037
44482 0.000014
44483 0.000014
44484 0.000010
44485 0.000012
44486 0.000019
44487 0.000037
44488 0.000015
44489 0.000027
44490 0.000018
44491 0.000012
44492 0.000020
44493 0.000015
44494 0.000011
44495 0.000016
44496 0.000021
44497 0.000017
44498 0.000015
44499 0.000012
44500 0.000018
44501 0.000034
44502 0.000016
44503 0.000024
44504 0.000012
44505 0.000008
44506 0.000010
44507 0.000012
44508 0.000009
44509 0.000029
44510 0.000021
44511 0.000026
44512 0.000023
44513 0.000015
44514 0.000014
44515 0.000029
44516 0.000015
44517 0.000020
44518 0.000021
44519 0.000037
44520 0.000017
44521 0.000020
44522 0.000018
44523 0.000019
44524 0.000016
44525 0.000016
44526 0.000019
44527 0.000011
44528 0.000018
44529 0.000015
44530 0.000029
44531 0.000019
44532 0.000021
44533 0.000020
44534 0.000011
44535 0.000020
44536 0.000033
44537 0.000025
44538 0.000013
44539 0.000014
44540 0.000025
44541 0.000013
44542 0.000020
44543 0.000014
44544 0.000010
44545 0.000016
44546 0.000019
44547 0.000031
44548 0.000013
44549 0.000009
44550 0.000009
44551 0.000004
44552 0.000016
44553 0.000010
44554 0.000011
44555 0.000020
44556 0.000014
44557 0.000019
44558 0.000021
44559 0.000013
44560 0.000026
44561 0.000021
44562 0.000007
44563 0.000006
44564 0.000024
44565 0.000020
44566 0.000027
44567 0.000016
44568 0.000014
44569 0.000018
44570 0.000022
44571 0.000012
44572 0.000015
44573 0.000020
44574 0.000033
44575 0.000029
44576 0.000015
44577 0.000012
44578 0.000038
44579 0.000023
44580 0.000021
44581 0.000010
44582 0.000018
44583 0.000009
44584 0.000017
44585 0.000013
44586 0.000008
44587 0.000020
44588 0.000019
44589 0.000015
44590 0.000024
44591 0.000022
44592 0.000015
44593 0.000027
44594 0.000025
44595 0.000020
44596 0.000027
44597 0.000013
44598 0.000016
44599 0.000019
44600 0.000025
44601 0.000020
44602 0.000012
44603 0.000029
44604 0.000026
44605 0.000026
44606 0.000019
44607 0.000020
44608 0.000005
44609 0.000029
44610 0.000021
44611 0.000019
44612 0.000023
44613 0.000016
44614 0.000014
44615 0.000014
44616 0.000034
44617 0.000029
44618 0.000028
44619 0.000024
44620 0.000013
44621 0.000013
44622 0.000036
44623 0.000031
44624 0.000014
44625 0.000017
44626 0.000018
44627 0.000026
44628 0.000040
44629 0.000034
44630 0.000020
44631 0.000024
44632 0.000034
44633 0.000021
44634 0.000026
44635 0.000033
44636 0.000027
44637 0.000022
44638 0.000023
44639 0.000021
44640 0.000014
44641 0.000018
44642 0.000023
44643 0.000018
44644 0.000030
44645 0.000026
44646 0.000020
44647 0.000011
44648 0.000013
44649 0.000034
44650 0.000023
44651 0.000022
44652 0.000016
44653 0.000014
44654 0.000011
44655 0.000015
44656 0.000014
44657 0.000017
44658 0.000036
44659 0.000041
44660 0.000023
44661 0.000020
44662 0.000025
44663 0.000015
44664 0.000016
44665 0.000011
44666 0.000013
44667 0.000010
44668 0.000015
44669 0.000016
44670 0.000012
44671 0.000028
44672 0.000026
44673 0.000021
44674 0.000017
44675 0.000014
44676 0.000017
44677 0.000009
44678 0.000027
44679 0.000024
44680 0.000015
44681 0.000021
44682 0.000018
44683 0.000016
44684 0.000014
44685 0.000008
44686 0.000028
44687 0.000009
44688 0.000015
44689 0.000025
44690 0.000028
44691 0.000022
44692 0.000015
44693 0.000013
44694 0.000023
44695 0.000020
44696 0.000008
44697 0.000020
44698 0.000013
44699 0.000023
44700 0.000020
44701 0.000016
44702 0.000020
44703 0.000035
44704 0.000023
44705 0.000037
44706 0.000022
44707 0.000029
44708 0.000012
44709 0.000020
44710 0.000029
44711 0.000029
44712 0.000014
44713 0.000028
44714 0.000036
44715 0.000022
44716 0.000033
44717 0.000031
44718 0.000027
44719 0.000021
44720 0.000012
44721 0.000016
44722 0.000014
44723 0.000007
44724 0.000019
44725 0.000032
44726 0.000030
44727 0.000026
44728 0.000020
44729 0.000013
44730 0.000007
44731 0.000015
44732 0.000018
44733 0.000020
44734 0.000015
44735 0.000023
44736 0.000013
44737 0.000025
44738 0.000022
44739 0.000023
44740 0.000016
44741 0.000019
44742 0.000023
44743 0.000016
44744 0.000024
44745 0.000038
44746 0.000038
44747 0.000011
44748 0.000011
44749 0.000039
44750 0.000028
44751 0.000035
44752 0.000023
44753 0.000018
44754 0.000033
44755 0.000031
44756 0.000010
44757 0.000018
44758 0.000013
44759 0.000016
44760 0.000015
44761 0.000017
44762 0.000021
44763 0.000024
44764 0.000009
44765 0.000023
44766 0.000030
44767 0.000018
44768 0.000017
44769 0.000012
44770 0.000026
44771 0.000024
44772 0.000023
44773 0.000013
44774 0.000022
44775 0.000026
44776 0.000016
44777 0.000021
44778 0.000036
44779 0.000016
44780 0.000020
44781 0.000009
44782 0.000015
44783 0.000023
44784 0.000009
44785 0.000021
44786 0.000011
44787 0.000013
44788 0.000024
44789 0.000020
44790 0.000023
44791 0.000012
44792 0.000016
44793 0.000017
44794 0.000021
44795 0.000018
44796 0.000035
44797 0.000016
44798 0.000028
44799 0.000018
44800 0.000019
44801 0.000017
44802 0.000029
44803 0.000033
44804 0.000031
44805 0.000025
44806 0.000041
44807 0.000015
44808 0.000020
44809 0.000009
44810 0.000020
44811 0.000028
44812 0.000021
44813 0.000024
44814 0.000022
44815 0.000023
44816 0.000006
44817 0.000018
44818 0.000018
44819 0.000021
44820 0.000035
44821 0.000010
44822 0.000017
44823 0.000031
44824 0.000031
44825 0.000029
44826 0.000011
44827 0.000027
44828 0.000015
44829 0.000017
44830 0.000018
44831 0.000034
44832 0.000020
44833 0.000020
44834 0.000020
44835 0.000020
44836 0.000021
44837 0.000031
44838 0.000024
44839 0.000010
44840 0.000007
44841 0.000029
44842 0.000026
44843 0.000008
44844 0.000015
44845 0.000013
44846 0.000030
44847 0.000024
44848 0.000008
44849 0.000032
44850 0.000022
44851 0.000010
44852 0.000035
44853 0.000030
44854 0.000020
44855 0.000008
44856 0.000012
44857 0.000010
44858 0.000015
44859 0.000017
44860 0.000023
44861 0.000025
44862 0.000027
44863 0.000028
44864 0.000016
44865 0.000016
44866 0.000023
44867 0.000028
44868 0.000035
44869 0.000027
44870 0.000031
44871 0.000014
44872 0.000017
44873 0.000021
44874 0.000026
44875 0.000028
44876 0.000014
44877 0.000014
44878 0.000019
44879 0.000017
44880 0.000010
44881 0.000014
44882 0.000020
44883 0.000012
44884 0.000013
44885 0.000008
44886 0.000013
44887 0.000008
44888 0.000010
44889 0.000014
44890 0.000020
44891 0.000015
44892 0.000036
44893 0.000029
44894 0.000008
44895 0.000014
44896 0.000011
44897 0.000015
44898 0.000031
44899 0.000023
44900 0.000015
44901 0.000026
44902 0.000023
44903 0.000027
44904 0.000034
44905 0.000016
44906 0.000024
44907 0.000020
44908 0.000019
44909 0.000020
44910 0.000022
44911 0.000019
44912 0.000015
44913 0.000025
44914 0.000029
44915 0.000029
44916 0.000039
44917 0.000008
44918 0.000025
44919 0.000011
44920 0.000022
44921 0.000018
44922 0.000038
44923 0.000015
44924 0.000027
44925 0.000029
44926 0.000013
44927 0.000011
44928 0.000013
44929 0.000021
44930 0.000020
44931 0.000024
44932 0.000021
44933 0.000017
44934 0.000020
44935 0.000028
44936 0.000026
44937 0.000014
44938 0.000013
44939 0.000014
44940 0.000025
44941 0.000033
44942 0.000045
44943 0.000025
44944 0.000014
44945 0.000017
44946 0.000032
44947 0.000034
44948 0.000037
44949 0.000021
44950 0.000019
44951 0.000011
44952 0.000021
44953 0.000009
44954 0.000015
44955 0.000008
44956 0.000018
44957 0.000039
44958 0.000017
44959 0.000037
44960 0.000019
44961 0.000016
44962 0.000013
44963 0.000015
44964 0.000019
44965 0.000031
44966 0.000023
44967 0.000017
44968 0.000018
44969 0.000011
44970 0.000024
44971 0.000018
44972 0.000013
44973 0.000024
44974 0.000015
44975 0.000012
44976 0.000019
44977 0.000028
44978 0.000012
44979 0.000028
44980 0.000030
44981 0.000030
44982 0.000024
44983 0.000008
44984 0.000021
44985 0.000012
44986 0.000024
44987 0.000028
44988 0.000018
44989 0.000028
44990 0.000020
44991 0.000024
44992 0.000012
44993 0.000029
44994 0.000015
44995 0.000013
44996 0.000023
44997 0.000025
44998 0.000028
44999 0.000026
45000 0.000008
45001 0.000012
45002 0.000026
45003 0.000027
45004 0.000013
45005 0.000012
45006 0.000027
45007 0.000029
45008 0.000019
45009 0.000016
45010 0.000020
45011 0.000018
45012 0.000009
45013 0.000015
45014 0.000011
45015 0.000016
45016 0.000021
45017 0.000013
45018 0.000013
45019 0.000023
45020 0.000031
45021 0.000023
45022 0.000017
45023 0.000010
45024 0.000009
45025 0.000022
45026 0.000027
45027 0.000018
45028 0.000018
45029 0.000021
45030 0.000017
45031 0.000026
45032 0.000024
45033 0.000031
45034 0.000018
45035 0.000022
45036 0.000027
45037 0.000026
45038 0.000018
45039 0.000038
45040 0.000024
45041 0.000009
45042 0.000017
45043 0.000024
45044 0.000020
45045 0.000021
45046 0.000026
45047 0.000022
45048 0.000028
45049 0.000030
45050 0.000025
45051 0.000015
45052 0.000019
45053 0.000031
45054 0.000023
45055 0.000017
45056 0.000020
45057 0.000023
45058 0.000038
45059 0.000025
45060 0.000023
45061 0.000023
45062 0.000020
45063 0.000016
45064 0.000014
45065 0.000009
45066 0.000014
45067 0.000012
45068 0.000024
45069 0.000011
45070 0.000018
45071 0.000025
45072 0.000022
45073 0.000021
45074 0.000018
45075 0.000009
45076 0.000012
45077 0.000015
45078 0.000014
45079 0.000024
45080 0.000014
45081 0.000017
45082 0.000028
45083 0.000024
45084 0.000019
45085 0.000017
45086 0.000035
45087 0.000031
45088 0.000019
45089 0.000031
45090 0.000021
45091 0.000021
45092 0.000012
45093 0.000018
45094 0.000026
45095 0.000017
45096 0.000025
45097 0.000027
45098 0.000016
45099 0.000016
45100 0.000027
45101 0.000038
45102 0.000030
45103 0.000016
45104 0.000020
45105 0.000012
45106 0.000022
45107 0.000017
45108 0.000016
45109 0.000012
45110 0.000037
45111 0.000026
45112 0.000011
45113 0.000018
45114 0.000011
45115 0.000019
45116 0.000017
45117 0.000032
45118 0.000011
45119 0.000014
45120 0.000015
45121 0.000004
45122 0.000013
45123 0.000016
45124 0.000029
45125 0.000018
45126 0.000025
45127 0.000018
45128 0.000032
45129 0.000017
45130 0.000018
45131 0.000009
45132 0.000025
45133 0.000021
45134 0.000025
45135 0.000022
45136 0.000022
45137 0.000016
45138 0.000015
45139 0.000012
45140 0.000019
45141 0.000017
45142 0.000010
45143 0.000022
45144 0.000013
45145 0.000015
45146 0.000015
45147 0.000026
45148 0.000030
45149 0.000010
45150 0.000014
45151 0.000016
45152 0.000035
45153 0.000019
45154 0.000031
45155 0.000021
45156 0.000014
45157 0.000014
45158 0.000011
45159 0.000027
45160 0.000040
45161 0.000030
45162 0.000009
45163 0.000019
45164 0.000014
45165 0.000034
45166 0.000047
45167 0.000013
45168 0.000029
45169 0.000019
45170 0.000031
45171 0.000020
45172 0.000017
45173 0.000023
45174 0.000025
45175 0.000017
45176 0.000019
45177 0.000020
45178 0.000022
45179 0.000019
45180 0.000015
45181 0.000029
45182 0.000023
45183 0.000020
45184 0.000014
45185 0.000029
45186 0.000009
45187 0.000018
45188 0.000024
45189 0.000017
45190 0.000012
45191 0.000011
45192 0.000023
45193 0.000028
45194 0.000014
45195 0.000023
45196 0.000027
45197 0.000017
45198 0.000017
45199 0.000016
45200 0.000016
45201 0.000013
45202 0.000030
45203 0.000024
45204 0.000024
45205 0.000009
45206 0.000020
45207 0.000037
45208 0.000022
45209 0.000014
45210 0.000023
45211 0.000015
45212 0.000012
45213 0.000017
45214 0.000016
45215 0.000022
45216 0.000026
45217 0.000014
45218 0.000014
45219 0.000014
45220 0.000023
45221 0.000009
45222 0.000018
45223 0.000021
45224 0.000008
45225 0.000011
45226 0.000014
45227 0.000040
45228 0.000030
45229 0.000013
45230 0.000021
45231 0.000009
45232 0.000021
45233 0.000015
45234 0.000017
45235 0.000011
45236 0.000006
45237 0.000017
45238 0.000026
45239 0.000020
45240 0.000017
45241 0.000021
45242 0.000008
45243 0.000008
45244 0.000023
45245 0.000014
45246 0.000020
45247 0.000021
45248 0.000015
45249 0.000012
45250 0.000032
45251 0.000015
45252 0.000011
45253 0.000015
45254 0.000008
45255 0.000020
45256 0.000016
45257 0.000017
45258 0.000013
45259 0.000022
45260 0.000009
45261 0.000012
45262 0.000024
45263 0.000037
45264 0.000018
45265 0.000039
45266 0.000008
45267 0.000020
45268 0.000018
45269 0.000025
45270 0.000019
45271 0.000016
45272 0.000011
45273 0.000019
45274 0.000015
45275 0.000016
45276 0.000013
45277 0.000020
45278 0.000020
45279 0.000022
45280 0.000019
45281 0.000015
45282 0.000016
45283 0.000006
45284 0.000009
45285 0.000017
45286 0.000027
45287 0.000024
45288 0.000018
45289 0.000015
45290 0.000028
45291 0.000022
45292 0.000023
45293 0.000023
45294 0.000014
45295 0.000019
45296 0.000021
45297 0.000021
45298 0.000025
45299 0.000015
45300 0.000013
45301 0.000033
45302 0.000022
45303 0.000020
45304 0.000016
45305 0.000015
45306 0.000016
45307 0.000011
45308 0.000017
45309 0.000018
45310 0.000009
45311 0.000013
45312 0.000017
45313 0.000018
45314 0.000015
45315 0.000017
45316 0.000013
45317 0.000016
45318 0.000018
45319 0.000032
45320 0.000019
45321 0.000009
45322 0.000013
45323 0.000015
45324 0.000024
45325 0.000029
45326 0.000024
45327 0.000025
45328 0.000016
45329 0.000024
45330 0.000019
45331 0.000011
45332 0.000014
45333 0.000028
45334 0.000033
45335 0.000018
45336 0.000015
45337 0.000020
45338 0.000025
45339 0.000017
45340 0.000030
45341 0.000012
45342 0.000011
45343 0.000010
45344 0.000029
45345 0.000013
45346 0.000014
45347 0.000009
45348 0.000022
45349 0.000017
45350 0.000025
45351 0.000018
45352 0.000013
45353 0.000039
45354 0.000028
45355 0.000025
45356 0.000024
45357 0.000025
45358 0.000017
45359 0.000010
45360 0.000009
45361 0.000024
45362 0.000023
45363 0.000015
45364 0.000043
45365 0.000020
45366 0.000013
45367 0.000018
45368 0.000013
45369 0.000035
45370 0.000020
45371 0.000043
45372 0.000040
45373 0.000022
45374 0.000021
45375 0.000030
45376 0.000046
45377 0.000022
45378 0.000011
45379 0.000010
45380 0.000020
45381 0.000025
45382 0.000021
45383 0.000023
45384 0.000021
45385 0.000016
45386 0.000014
45387 0.000019
45388 0.000016
45389 0.000015
45390 0.000029
45391 0.000018
45392 0.000021
45393 0.000014
45394 0.000025
45395 0.000018
45396 0.000027
45397 0.000020
45398 0.000016
45399 0.000012
45400 0.000014
45401 0.000016
45402 0.000024
45403 0.000020
45404 0.000026
45405 0.000027
45406 0.000015
45407 0.000016
45408 0.000017
45409 0.000018
45410 0.000020
45411 0.000022
45412 0.000025
45413 0.000013
45414 0.000020
45415 0.000021
45416 0.000013
45417 0.000015
45418 0.000024
45419 0.000035
45420 0.000039
45421 0.000025
45422 0.000027
45423 0.000028
45424 0.000020
45425 0.000016
45426 0.000022
45427 0.000019
45428 0.000036
45429 0.000022
45430 0.000026
45431 0.000024
45432 0.000034
45433 0.000010
45434 0.000007
45435 0.000008
45436 0.000026
45437 0.000018
45438 0.000011
45439 0.000008
45440 0.000007
45441 0.000029
45442 0.000021
45443 0.000015
45444 0.000014
45445 0.000012
45446 0.000009
45447 0.000005
45448 0.000027
45449 0.000032
45450 0.000006
45451 0.000011
45452 0.000018
45453 0.000021
45454 0.000022
45455 0.000005
45456 0.000020
45457 0.000015
45458 0.000005
45459 0.000018
45460 0.000016
45461 0.000026
45462 0.000027
45463 0.000025
45464 0.000017
45465 0.000020
45466 0.000014
45467 0.000017
45468 0.000012
45469 0.000021
45470 0.000026
45471 0.000042
45472 0.000031
45473 0.000023
45474 0.000033
45475 0.000034
45476 0.000038
45477 0.000018
45478 0.000025
45479 0.000017
45480 0.000030
45481 0.000026
45482 0.000038
45483 0.000023
45484 0.000010
45485 0.000008
45486 0.000017
45487 0.000015
45488 0.000038
45489 0.000020
45490 0.000014
45491 0.000006
45492 0.000022
45493 0.000020
45494 0.000013
45495 0.000011
45496 0.000009
45497 0.000042
45498 0.000021
45499 0.000021
45500 0.000023
45501 0.000017
45502 0.000013
45503 0.000021
45504 0.000017
45505 0.000026
45506 0.000018
45507 0.000013
45508 0.000030
45509 0.000017
45510 0.000028
45511 0.000016
45512 0.000015
45513 0.000015
45514 0.000025
45515 0.000011
45516 0.000016
45517 0.000010
45518 0.000015
45519 0.000009
45520 0.000012
45521 0.000013
45522 0.000009
45523 0.000016
45524 0.000022
45525 0.000020
45526 0.000018
45527 0.000015
45528 0.000025
45529 0.000010
45530 0.000009
45531 0.000028
45532 0.000025
45533 0.000022
45534 0.000016
45535 0.000048
45536 0.000024
45537 0.000012
45538 0.000021
45539 0.000025
45540 0.000016
45541 0.000030
45542 0.000032
45543 0.000025
45544 0.000010
45545 0.000018
45546 0.000022
45547 0.000017
45548 0.000037
45549 0.000046
45550 0.000019
45551 0.000021
45552 0.000011
45553 0.000008
45554 0.000014
45555 0.000011
45556 0.000005
45557 0.000017
45558 0.000010
45559 0.000024
45560 0.000016
45561 0.000025
45562 0.000017
45563 0.000011
45564 0.000024
45565 0.000009
45566 0.000015
45567 0.000012
45568 0.000018
45569 0.000023
45570 0.000015
45571 0.000014
45572 0.000017
45573 0.000011
45574 0.000014
45575 0.000027
45576 0.000011
45577 0.000015
45578 0.000011
45579 0.000013
45580 0.000008
45581 0.000015
45582 0.000016
45583 0.000013
45584 0.000033
45585 0.000037
45586 0.000031
45587 0.000038
45588 0.000026
45589 0.000011
45590 0.000039
45591 0.000019
45592 0.000011
45593 0.000026
45594 0.000023
45595 0.000023
45596 0.000039
45597 0.000024
45598 0.000022
45599 0.000027
45600 0.000015
45601 0.000012
45602 0.000019
45603 0.000013
45604 0.000030
45605 0.000011
45606 0.000010
45607 0.000026
45608 0.000030
45609 0.000032
45610 0.000016
45611 0.000022
45612 0.000022
45613 0.000025
45614 0.000031
45615 0.000028
45616 0.000025
45617 0.000009
45618 0.000020
45619 0.000030
45620 0.000022
45621 0.000011
45622 0.000026
45623 0.000015
45624 0.000010
45625 0.000016
45626 0.000016
45627 0.000025
45628 0.000010
45629 0.000027
45630 0.000026
45631 0.000007
45632 0.000007
45633 0.000014
45634 0.000019
45635 0.000023
45636 0.000019
45637 0.000021
45638 0.000018
45639 0.000011
45640 0.000017
45641 0.000013
45642 0.000023
45643 0.000028
45644 0.000016
45645 0.000031
45646 0.000018
45647 0.000007
45648 0.000023
45649 0.000014
45650 0.000019
45651 0.000010
45652 0.000014
45653 0.000009
45654 0.000005
45655 0.000014
45656 0.000032
45657 0.000018
45658 0.000013
45659 0.000015
45660 0.000010
45661 0.000023
45662 0.000019
45663 0.000028
45664 0.000013
45665 0.000019
45666 0.000022
45667 0.000010
45668 0.000019
45669 0.000017
45670 0.000027
45671 0.000016
45672 0.000013
45673 0.000016
45674 0.000024
45675 0.000023
45676 0.000018
45677 0.000017
45678 0.000014
45679 0.000015
45680 0.000009
45681 0.000007
45682 0.000004
45683 0.000007
45684 0.000020
45685 0.000026
45686 0.000021
45687 0.000014
45688 0.000017
45689 0.000020
45690 0.000013
45691 0.000019
45692 0.000010
45693 0.000029
45694 0.000014
45695 0.000020
45696 0.000009
45697 0.000023
45698 0.000021
45699 0.000023
45700 0.000023
45701 0.000009
45702 0.000012
45703 0.000027
45704 0.000017
45705 0.000012
45706 0.000014
45707 0.000032
45708 0.000024
45709 0.000021
45710 0.000011
45711 0.000011
45712 0.000022
45713 0.000027
45714 0.000022
45715 0.000025
45716 0.000035
45717 0.000013
45718 0.000016
45719 0.000016
45720 0.000007
45721 0.000023
45722 0.000014
45723 0.000018
45724 0.000009
45725 0.000006
45726 0.000025
45727 0.000029
45728 0.000026
45729 0.000030
45730 0.000008
45731 0.000015
45732 0.000019
45733 0.000017
45734 0.000019
45735 0.000016
45736 0.000013
45737 0.000018
45738 0.000016
45739 0.000014
45740 0.000019
45741 0.000043
45742 0.000028
45743 0.000025
45744 0.000022
45745 0.000012
45746 0.000014
45747 0.000015
45748 0.000006
45749 0.000032
45750 0.000030
45751 0.000019
45752 0.000031
45753 0.000016
45754 0.000013
45755 0.000034
45756 0.000028
45757 0.000024
45758 0.000019
45759 0.000032
45760 0.000017
45761 0.000020
45762 0.000027
45763 0.000021
45764 0.000022
45765 0.000039
45766 0.000018
45767 0.000023
45768 0.000028
45769 0.000034
45770 0.000031
45771 0.000027
45772 0.000023
45773 0.000019
45774 0.000029
45775 0.000035
45776 0.000022
45777 0.000035
45778 0.000020
45779 0.000014
45780 0.000009
45781 0.000022
45782 0.000014
45783 0.000007
45784 0.000029
45785 0.000015
45786 0.000019
45787 0.000015
45788 0.000022
45789 0.000018
45790 0.000021
45791 0.000016
45792 0.000038
45793 0.000025
45794 0.000011
45795 0.000016
45796 0.000016
45797 0.000005
45798 0.000027
45799 0.000018
45800 0.000021
45801 0.000028
45802 0.000021
45803 0.000019
45804 0.000013
45805 0.000015
45806 0.000023
45807 0.000022
45808 0.000022
45809 0.000032
45810 0.000016
45811 0.000012
45812 0.000026
45813 0.000010
45814 0.000032
45815 0.000030
45816 0.000050
45817 0.000021
45818 0.000007
45819 0.000005
45820 0.000015
45821 0.000025
45822 0.000026
45823 0.000017
45824 0.000016
45825 0.000017
45826 0.000009
45827 0.000020
45828 0.000019
45829 0.000007
45830 0.000015
45831 0.000030
45832 0.000006
45833 0.000021
45834 0.000019
45835 0.000013
45836 0.000021
45837 0.000020
45838 0.000032
45839 0.000012
45840 0.000021
45841 0.000029
45842 0.000015
45843 0.000013
45844 0.000018
45845 0.000017
45846 0.000022
45847 0.000021
45848 0.000011
45849 0.000025
45850 0.000012
45851 0.000035
45852 0.000026
45853 0.000015
45854 0.000025
45855 0.000044
45856 0.000023
45857 0.000036
45858 0.000023
45859 0.000018
45860 0.000062
45861 0.000044
45862 0.000019
45863 0.000019
45864 0.000026
45865 0.000030
45866 0.000021
45867 0.000036
45868 0.000032
45869 0.000015
45870 0.000014
45871 0.000014
45872 0.000008
45873 0.000018
45874 0.000036
45875 0.000022
45876 0.000032
45877 0.000037
45878 0.000024
45879 0.000019
45880 0.000025
45881 0.000022
45882 0.000017
45883 0.000011
45884 0.000025
45885 0.000017
45886 0.000011
45887 0.000028
45888 0.000038
45889 0.000013
45890 0.000033
45891 0.000030
45892 0.000023
45893 0.000020
45894 0.000017
45895 0.000012
45896 0.000028
45897 0.000011
45898 0.000013
45899 0.000015
45900 0.000012
45901 0.000014
45902 0.000026
45903 0.000015
45904 0.000013
45905 0.000032
45906 0.000023
45907 0.000023
45908 0.000011
45909 0.000012
45910 0.000023
45911 0.000023
45912 0.000016
45913 0.000034
45914 0.000028
45915 0.000022
45916 0.000025
45917 0.000016
45918 0.000028
45919 0.000018
45920 0.000010
45921 0.000005
45922 0.000014
45923 0.000017
45924 0.000020
45925 0.000029
45926 0.000021
45927 0.000009
45928 0.000028
45929 0.000011
45930 0.000018
45931 0.000016
45932 0.000010
45933 0.000013
45934 0.000024
45935 0.000020
45936 0.000013
45937 0.000019
45938 0.000009
45939 0.000011
45940 0.000013
45941 0.000011
45942 0.000017
45943 0.000019
45944 0.000036
45945 0.000030
45946 0.000013
45947 0.000020
45948 0.000015
45949 0.000027
45950 0.000011
45951 0.000015
45952 0.000016
45953 0.000016
45954 0.000015
45955 0.000031
45956 0.000017
45957 0.000025
45958 0.000016
45959 0.000013
45960 0.000023
45961 0.000022
45962 0.000015
45963 0.000032
45964 0.000014
45965 0.000017
45966 0.000009
45967 0.000008
45968 0.000025
45969 0.000016
45970 0.000023
45971 0.000027
45972 0.000012
45973 0.000012
45974 0.000015
45975 0.000027
45976 0.000016
45977 0.000028
45978 0.000029
45979 0.000016
45980 0.000011
45981 0.000008
45982 0.000011
45983 0.000013
45984 0.000016
45985 0.000016
45986 0.000017
45987 0.000020
45988 0.000025
45989 0.000023
45990 0.000025
45991 0.000015
45992 0.000043
45993 0.000025
45994 0.000030
45995 0.000020
45996 0.000028
45997 0.000011
45998 0.000012
45999 0.000018
46000 0.000018
46001 0.000015
46002 0.000012
46003 0.000012
46004 0.000012
46005 0.000015
46006 0.000025
46007 0.000014
46008 0.000035
46009 0.000024
46010 0.000014
46011 0.000023
46012 0.000035
46013 0.000032
46014 0.000015
46015 0.000027
46016 0.000029
46017 0.000023
46018 0.000017
46019 0.000018
46020 0.000011
46021 0.000022
46022 0.000023
46023 0.000012
46024 0.000019
46025 0.000023
46026 0.000026
46027 0.000026
46028 0.000023
46029 0.000026
46030 0.000017
46031 0.000009
46032 0.000020
46033 0.000022
46034 0.000019
46035 0.000027
46036 0.000042
46037 0.000022
46038 0.000025
46039 0.000015
46040 0.000019
46041 0.000014
46042 0.000018
46043 0.000009
46044 0.000032
46045 0.000025
46046 0.000020
46047 0.000016
46048 0.000012
46049 0.000030
46050 0.000027
46051 0.000010
46052 0.000009
46053 0.000009
46054 0.000019
46055 0.000006
46056 0.000022
46057 0.000017
46058 0.000024
46059 0.000020
46060 0.000006
46061 0.000017
46062 0.000014
46063 0.000031
46064 0.000022
46065 0.000036
46066 0.000029
46067 0.000017
46068 0.000029
46069 0.000047
46070 0.000043
46071 0.000025
46072 0.000024
46073 0.000031
46074 0.000021
46075 0.000026
46076 0.000025
46077 0.000009
46078 0.000020
46079 0.000030
46080 0.000038
46081 0.000018
46082 0.000012
46083 0.000017
46084 0.000016
46085 0.000018
46086 0.000027
46087 0.000014
46088 0.000028
46089 0.000020
46090 0.000022
46091 0.000025
46092 0.000020
46093 0.000025
46094 0.000012
46095 0.000020
46096 0.000030
46097 0.000014
46098 0.000016
46099 0.000016
46100 0.000015
46101 0.000026
46102 0.000022
46103 0.000031
46104 0.000021
46105 0.000016
46106 0.000023
46107 0.000014
46108 0.000030
46109 0.000020
46110 0.000019
46111 0.000022
46112 0.000027
46113 0.000021
46114 0.000015
46115 0.000022
46116 0.000021
46117 0.000015
46118 0.000013
46119 0.000018
46120 0.000024
46121 0.000022
46122 0.000020
46123 0.000027
46124 0.000026
46125 0.000026
46126 0.000022
46127 0.000041
46128 0.000018
46129 0.000022
46130 0.000033
46131 0.000011
46132 0.000021
46133 0.000009
46134 0.000010
46135 0.000014
46136 0.000021
46137 0.000015
46138 0.000018
46139 0.000019
46140 0.000028
46141 0.000038
46142 0.000026
46143 0.000007
46144 0.000008
46145 0.000009
46146 0.000013
46147 0.000023
46148 0.000034
46149 0.000030
46150 0.000018
46151 0.000008
46152 0.000010
46153 0.000018
46154 0.000026
46155 0.000034
46156 0.000019
46157 0.000010
46158 0.000028
46159 0.000012
46160 0.000021
46161 0.000016
46162 0.000019
46163 0.000024
46164 0.000009
46165 0.000025
46166 0.000018
46167 0.000033
46168 0.000033
46169 0.000012
46170 0.000038
46171 0.000013
46172 0.000018
46173 0.000016
46174 0.000029
46175 0.000021
46176 0.000011
46177 0.000010
46178 0.000010
46179 0.000018
46180 0.000019
46181 0.000033
46182 0.000014
46183 0.000025
46184 0.000035
46185 0.000018
46186 0.000038
46187 0.000010
46188 0.000014
46189 0.000005
46190 0.000008
46191 0.000025
46192 0.000024
46193 0.000024
46194 0.000024
46195 0.000011
46196 0.000009
46197 0.000023
46198 0.000024
46199 0.000013
46200 0.000032
46201 0.000029
46202 0.000020
46203 0.000020
46204 0.000035
46205 0.000012
46206 0.000021
46207 0.000013
46208 0.000024
46209 0.000019
46210 0.000038
46211 0.000053
46212 0.000030
46213 0.000021
46214 0.000037
46215 0.000028
46216 0.000018
46217 0.000018
46218 0.000032
46219 0.000047
46220 0.000023
46221 0.000018
46222 0.000034
46223 0.000023
46224 0.000027
46225 0.000031
46226 0.000016
46227 0.000010
46228 0.000019
46229 0.000006
46230 0.000019
46231 0.000025
46232 0.000021
46233 0.000035
46234 0.000021
46235 0.000012
46236 0.000031
46237 0.000025
46238 0.000014
46239 0.000033
46240 0.000019
46241 0.000018
46242 0.000025
46243 0.000017
46244 0.000024
46245 0.000014
46246 0.000008
46247 0.000031
46248 0.000009
46249 0.000023
46250 0.000022
46251 0.000026
46252 0.000011
46253 0.000009
46254 0.000010
46255 0.000015
46256 0.000013
46257 0.000022
46258 0.000009
46259 0.000016
46260 0.000025
46261 0.000025
46262 0.000016
46263 0.000013
46264 0.000019
46265 0.000021
46266 0.000005
46267 0.000025
46268 0.000012
46269 0.000023
46270 0.000017
46271 0.000013
46272 0.000013
46273 0.000023
46274 0.000010
46275 0.000024
46276 0.000016
46277 0.000012
46278 0.000022
46279 0.000017
46280 0.000021
46281 0.000011
46282 0.000013
46283 0.000013
46284 0.000017
46285 0.000023
46286 0.000015
46287 0.000023
46288 0.000040
46289 0.000023
46290 0.000021
46291 0.000027
46292 0.000011
46293 0.000018
46294 0.000018
46295 0.000025
46296 0.000018
46297 0.000021
46298 0.000012
46299 0.000022
46300 0.000020
46301 0.000012
46302 0.000010
46303 0.000028
46304 0.000029
46305 0.000025
46306 0.000019
46307 0.000006
46308 0.000007
46309 0.000020
46310 0.000030
46311 0.000020
46312 0.000009
46313 0.000007
46314 0.000032
46315 0.000036
46316 0.000021
46317 0.000019
46318 0.000036
46319 0.000027
46320 0.000012
46321 0.000017
46322 0.000009
46323 0.000005
46324 0.000018
46325 0.000034
46326 0.000013
46327 0.000016
46328 0.000012
46329 0.000023
46330 0.000018
46331 0.000034
46332 0.000014
46333 0.000019
46334 0.000019
46335 0.000015
46336 0.000019
46337 0.000034
46338 0.000022
46339 0.000018
46340 0.000013
46341 0.000024
46342 0.000021
46343 0.000028
46344 0.000013
46345 0.000014
46346 0.000006
46347 0.000018
46348 0.000018
46349 0.000020
46350 0.000009
46351 0.000017
46352 0.000019
46353 0.000027
46354 0.000011
46355 0.000023
46356 0.000018
46357 0.000014
46358 0.000011
46359 0.000027
46360 0.000020
46361 0.000018
46362 0.000039
46363 0.000025
46364 0.000018
46365 0.000015
46366 0.000012
46367 0.000012
46368 0.000017
46369 0.000020
46370 0.000041
46371 0.000012
46372 0.000020
46373 0.000024
46374 0.000024
46375 0.000024
46376 0.000015
46377 0.000016
46378 0.000025
46379 0.000015
46380 0.000022
46381 0.000022
46382 0.000053
46383 0.000027
46384 0.000022
46385 0.000009
46386 0.000020
46387 0.000023
46388 0.000016
46389 0.000011
46390 0.000017
46391 0.000017
46392 0.000007
46393 0.000013
46394 0.000020
46395 0.000015
46396 0.000007
46397 0.000018
46398 0.000016
46399 0.000017
46400 0.000021
46401 0.000017
46402 0.000008
46403 0.000025
46404 0.000021
46405 0.000020
46406 0.000018
46407 0.000027
46408 0.000011
46409 0.000009
46410 0.000015
46411 0.000037
46412 0.000020
46413 0.000013
46414 0.000012
46415 0.000009
46416 0.000019
46417 0.000015
46418 0.000021
46419 0.000014
46420 0.000014
46421 0.000028
46422 0.000019
46423 0.000017
46424 0.000028
46425 0.000023
46426 0.000017
46427 0.000017
46428 0.000014
46429 0.000019
46430 0.000010
46431 0.000004
46432 0.000009
46433 0.000032
46434 0.000024
46435 0.000011
46436 0.000028
46437 0.000023
46438 0.000024
46439 0.000017
46440 0.000010
46441 0.000029
46442 0.000020
46443 0.000050
46444 0.000014
46445 0.000016
46446 0.000029
46447 0.000017
46448 0.000025
46449 0.000011
46450 0.000017
46451 0.000021
46452 0.000018
46453 0.000015
46454 0.000007
46455 0.000008
46456 0.000024
46457 0.000021
46458 0.000017
46459 0.000011
46460 0.000018
46461 0.000023
46462 0.000022
46463 0.000014
46464 0.000021
46465 0.000022
46466 0.000023
46467 0.000021
46468 0.000010
46469 0.000012
46470 0.000023
46471 0.000022
46472 0.000008
46473 0.000028
46474 0.000020
46475 0.000034
46476 0.000028
46477 0.000028
46478 0.000013
46479 0.000023
46480 0.000012
46481 0.000014
46482 0.000015
46483 0.000020
46484 0.000023
46485 0.000020
46486 0.000012
46487 0.000013
46488 0.000017
46489 0.000019
46490 0.000024
46491 0.000016
46492 0.000012
46493 0.000024
46494 0.000037
46495 0.000020
46496 0.000018
46497 0.000010
46498 0.000028
46499 0.000017
46500 0.000013
46501 0.000018
46502 0.000014
46503 0.000015
46504 0.000027
46505 0.000020
46506 0.000011
46507 0.000020
46508 0.000024
46509 0.000013
46510 0.000017
46511 0.000020
46512 0.000029
46513 0.000020
46514 0.000019
46515 0.000007
46516 0.000021
46517 0.000026
46518 0.000028
46519 0.000013
46520 0.000018
46521 0.000029
46522 0.000018
46523 0.000036
46524 0.000013
46525 0.000019
46526 0.000013
46527 0.000012
46528 0.000016
46529 0.000024
46530 0.000023
46531 0.000010
46532 0.000012
46533 0.000018
46534 0.000024
46535 0.000029
46536 0.000022
46537 0.000018
46538 0.000027
46539 0.000015
46540 0.000015
46541 0.000012
46542 0.000008
46543 0.000014
46544 0.000018
46545 0.000031
46546 0.000042
46547 0.000016
46548 0.000030
46549 0.000017
46550 0.000008
46551 0.000008
46552 0.000013
46553 0.000022
46554 0.000020
46555 0.000013
46556 0.000010
46557 0.000014
46558 0.000022
46559 0.000024
46560 0.000016
46561 0.000014
46562 0.000016
46563 0.000018
46564 0.000027
46565 0.000015
46566 0.000020
46567 0.000023
46568 0.000020
46569 0.000018
46570 0.000016
46571 0.000019
46572 0.000023
46573 0.000019
46574 0.000019
46575 0.000013
46576 0.000014
46577 0.000025
46578 0.000015
46579 0.000013
46580 0.000007
46581 0.000025
46582 0.000029
46583 0.000021
46584 0.000034
46585 0.000021
46586 0.000014
46587 0.000017
46588 0.000023
46589 0.000018
46590 0.000017
46591 0.000021
46592 0.000023
46593 0.000020
46594 0.000009
46595 0.000021
46596 0.000027
46597 0.000011
46598 0.000016
46599 0.000012
46600 0.000010
46601 0.000022
46602 0.000019
46603 0.000009
46604 0.000011
46605 0.000023
46606 0.000016
46607 0.000023
46608 0.000017
46609 0.000019
46610 0.000035
46611 0.000026
46612 0.000017
46613 0.000017
46614 0.000020
46615 0.000026
46616 0.000020
46617 0.000022
46618 0.000021
46619 0.000023
46620 0.000015
46621 0.000013
46622 0.000017
46623 0.000022
46624 0.000015
46625 0.000010
46626 0.000027
46627 0.000024
46628 0.000017
46629 0.000020
46630 0.000020
46631 0.000024
46632 0.000019
46633 0.000013
46634 0.000024
46635 0.000019
46636 0.000007
46637 0.000024
46638 0.000031
46639 0.000020
46640 0.000024
46641 0.000017
46642 0.000016
46643 0.000019
46644 0.000012
46645 0.000023
46646 0.000010
46647 0.000014
46648 0.000014
46649 0.000020
46650 0.000025
46651 0.000007
46652 0.000010
46653 0.000009
46654 0.000019
46655 0.000012
46656 0.000013
46657 0.000020
46658 0.000033
46659 0.000021
46660 0.000008
46661 0.000029
46662 0.000010
46663 0.000009
46664 0.000011
46665 0.000014
46666 0.000020
46667 0.000029
46668 0.000021
46669 0.000008
46670 0.000016
46671 0.000007
46672 0.000020
46673 0.000013
46674 0.000026
46675 0.000015
46676 0.000005
46677 0.000029
46678 0.000034
46679 0.000025
46680 0.000010
46681 0.000009
46682 0.000020
46683 0.000020
46684 0.000023
46685 0.000033
46686 0.000015
46687 0.000023
46688 0.000017
46689 0.000019
46690 0.000017
46691 0.000021
46692 0.000018
46693 0.000019
46694 0.000009
46695 0.000007
46696 0.000009
46697 0.000012
46698 0.000029
46699 0.000035
46700 0.000015
46701 0.000023
46702 0.000014
46703 0.000010
46704 0.000019
46705 0.000016
46706 0.000043
46707 0.000034
46708 0.000020
46709 0.000017
46710 0.000020
46711 0.000019
46712 0.000009
46713 0.000015
46714 0.000022
46715 0.000017
46716 0.000025
46717 0.000021
46718 0.000015
46719 0.000018
46720 0.000015
46721 0.000013
46722 0.000010
46723 0.000011
46724 0.000006
46725 0.000009
46726 0.000018
46727 0.000017
46728 0.000036
46729 0.000031
46730 0.000025
46731 0.000024
46732 0.000024
46733 0.000026
46734 0.000025
46735 0.000021
46736 0.000042
46737 0.000020
46738 0.000015
46739 0.000015
46740 0.000019
46741 0.000017
46742 0.000016
46743 0.000021
46744 0.000021
46745 0.000024
46746 0.000029
46747 0.000035
46748 0.000025
46749 0.000015
46750 0.000026
46751 0.000032
46752 0.000022
46753 0.000016
46754 0.000019
46755 0.000019
46756 0.000016
46757 0.000022
46758 0.000021
46759 0.000038
46760 0.000019
46761 0.000015
46762 0.000014
46763 0.000005
46764 0.000008
46765 0.000023
46766 0.000025
46767 0.000010
46768 0.000010
46769 0.000008
46770 0.000022
46771 0.000023
46772 0.000019
46773 0.000020
46774 0.000015
46775 0.000012
46776 0.000023
46777 0.000049
46778 0.000023
46779 0.000020
46780 0.000009
46781 0.000028
46782 0.000028
46783 0.000024
46784 0.000018
46785 0.000015
46786 0.000022
46787 0.000033
46788 0.000017
46789 0.000016
46790 0.000031
46791 0.000016
46792 0.000017
46793 0.000013
46794 0.000023
46795 0.000018
46796 0.000014
46797 0.000019
46798 0.000013
46799 0.000023
46800 0.000008
46801 0.000009
46802 0.000014
46803 0.000024
46804 0.000022
46805 0.000022
46806 0.000008
46807 0.000017
46808 0.000018
46809 0.000018
46810 0.000017
46811 0.000032
46812 0.000015
46813 0.000026
46814 0.000023
46815 0.000024
46816 0.000018
46817 0.000017
46818 0.000013
46819 0.000022
46820 0.000021
46821 0.000017
46822 0.000019
46823 0.000018
46824 0.000018
46825 0.000028
46826 0.000022
46827 0.000015
46828 0.000015
46829 0.000024
46830 0.000006
46831 0.000024
46832 0.000022
46833 0.000023
46834 0.000011
46835 0.000011
46836 0.000020
46837 0.000024
46838 0.000024
46839 0.000017
46840 0.000014
46841 0.000018
46842 0.000025
46843 0.000036
46844 0.000021
46845 0.000018
46846 0.000028
46847 0.000012
46848 0.000007
46849 0.000025
46850 0.000016
46851 0.000008
46852 0.000020
46853 0.000018
46854 0.000036
46855 0.000018
46856 0.000025
46857 0.000020
46858 0.000029
46859 0.000016
46860 0.000013
46861 0.000048
46862 0.000010
46863 0.000036
46864 0.000023
46865 0.000014
46866 0.000019
46867 0.000017
46868 0.000024
46869 0.000027
46870 0.000072
46871 0.000033
46872 0.000015
46873 0.000022
46874 0.000014
46875 0.000013
46876 0.000014
46877 0.000022
46878 0.000020
46879 0.000033
46880 0.000034
46881 0.000018
46882 0.000025
46883 0.000012
46884 0.000014
46885 0.000027
46886 0.000027
46887 0.000041
46888 0.000021
46889 0.000027
46890 0.000014
46891 0.000020
46892 0.000023
46893 0.000014
46894 0.000011
46895 0.000025
46896 0.000022
46897 0.000016
46898 0.000018
46899 0.000013
46900 0.000017
46901 0.000022
46902 0.000023
46903 0.000017
46904 0.000024
46905 0.000013
46906 0.000032
46907 0.000026
46908 0.000021
46909 0.000013
46910 0.000027
46911 0.000032
46912 0.000015
46913 0.000012
46914 0.000021
46915 0.000012
46916 0.000021
46917 0.000030
46918 0.000021
46919 0.000024
46920 0.000028
46921 0.000018
46922 0.000019
46923 0.000033
46924 0.000022
46925 0.000027
46926 0.000023
46927 0.000017
46928 0.000017
46929 0.000026
46930 0.000025
46931 0.000024
46932 0.000021
46933 0.000016
46934 0.000010
46935 0.000021
46936 0.000020
46937 0.000011
46938 0.000015
46939 0.000019
46940 0.000022
46941 0.000023
46942 0.000028
46943 0.000016
46944 0.000031
46945 0.000018
46946 0.000026
46947 0.000018
46948 0.000017
46949 0.000019
46950 0.000023
46951 0.000033
46952 0.000014
46953 0.000019
46954 0.000024
46955 0.000028
46956 0.000021
46957 0.000026
46958 0.000022
46959 0.000016
46960 0.000023
46961 0.000020
46962 0.000039
46963 0.000016
46964 0.000010
46965 0.000029
46966 0.000013
46967 0.000031
46968 0.000027
46969 0.000024
46970 0.000018
46971 0.000012
46972 0.000023
46973 0.000020
46974 0.000019
46975 0.000014
46976 0.000010
46977 0.000017
46978 0.000016
46979 0.000018
46980 0.000033
46981 0.000016
46982 0.000020
46983 0.000022
46984 0.000032
46985 0.000021
46986 0.000020
46987 0.000021
46988 0.000020
46989 0.000022
46990 0.000022
46991 0.000011
46992 0.000015
46993 0.000026
46994 0.000021
46995 0.000022
46996 0.000035
46997 0.000039
46998 0.000050
46999 0.000027
47000 0.000038
47001 0.000012
47002 0.000018
47003 0.000008
47004 0.000019
47005 0.000021
47006 0.000031
47007 0.000017
47008 0.000013
47009 0.000020
47010 0.000015
47011 0.000015
47012 0.000022
47013 0.000011
47014 0.000014
47015 0.000027
47016 0.000018
47017 0.000013
47018 0.000014
47019 0.000010
47020 0.000011
47021 0.000009
47022 0.000024
47023 0.000022
47024 0.000019
47025 0.000026
47026 0.000018
47027 0.000015
47028 0.000019
47029 0.000024
47030 0.000015
47031 0.000017
47032 0.000037
47033 0.000025
47034 0.000014
47035 0.000011
47036 0.000016
47037 0.000016
47038 0.000012
47039 0.000013
47040 0.000015
47041 0.000020
47042 0.000029
47043 0.000016
47044 0.000023
47045 0.000011
47046 0.000010
47047 0.000014
47048 0.000023
47049 0.000030
47050 0.000017
47051 0.000020
47052 0.000022
47053 0.000014
47054 0.000011
47055 0.000019
47056 0.000023
47057 0.000020
47058 0.000012
47059 0.000012
47060 0.000022
47061 0.000016
47062 0.000014
47063 0.000015
47064 0.000019
47065 0.000014
47066 0.000018
47067 0.000021
47068 0.000014
47069 0.000025
47070 0.000007
47071 0.000009
47072 0.000016
47073 0.000026
47074 0.000023
47075 0.000026
47076 0.000011
47077 0.000012
47078 0.000029
47079 0.000014
47080 0.000019
47081 0.000017
47082 0.000012
47083 0.000015
47084 0.000017
47085 0.000019
47086 0.000022
47087 0.000032
47088 0.000020
47089 0.000015
47090 0.000019
47091 0.000018
47092 0.000021
47093 0.000009
47094 0.000008
47095 0.000011
47096 0.000006
47097 0.000012
47098 0.000016
47099 0.000012
47100 0.000017
47101 0.000015
47102 0.000021
47103 0.000033
47104 0.000023
47105 0.000018
47106 0.000021
47107 0.000019
47108 0.000026
47109 0.000015
47110 0.000017
47111 0.000011
47112 0.000028
47113 0.000005
47114 0.000015
47115 0.000035
47116 0.000019
47117 0.000033
47118 0.000021
47119 0.000012
47120 0.000016
47121 0.000021
47122 0.000013
47123 0.000018
47124 0.000009
47125 0.000019
47126 0.000023
47127 0.000033
47128 0.000042
47129 0.000044
47130 0.000022
47131 0.000015
47132 0.000024
47133 0.000009
47134 0.000013
47135 0.000019
47136 0.000019
47137 0.000030
47138 0.000016
47139 0.000013
47140 0.000011
47141 0.000019
47142 0.000030
47143 0.000030
47144 0.000025
47145 0.000015
47146 0.000024
47147 0.000039
47148 0.000021
47149 0.000030
47150 0.000030
47151 0.000016
47152 0.000019
47153 0.000032
47154 0.000013
47155 0.000014
47156 0.000013
47157 0.000014
47158 0.000035
47159 0.000017
47160 0.000018
47161 0.000017
47162 0.000016
47163 0.000022
47164 0.000022
47165 0.000027
47166 0.000017
47167 0.000013
47168 0.000007
47169 0.000018
47170 0.000020
47171 0.000013
47172 0.000013
47173 0.000008
47174 0.000009
47175 0.000011
47176 0.000012
47177 0.000006
47178 0.000013
47179 0.000018
47180 0.000029
47181 0.000025
47182 0.000029
47183 0.000010
47184 0.000014
47185 0.000023
47186 0.000020
47187 0.000033
47188 0.000020
47189 0.000009
47190 0.000022
47191 0.000022
47192 0.000020
47193 0.000019
47194 0.000031
47195 0.000018
47196 0.000019
47197 0.000051
47198 0.000024
47199 0.000020
47200 0.000020
47201 0.000018
47202 0.000021
47203 0.000011
47204 0.000028
47205 0.000018
47206 0.000020
47207 0.000005
47208 0.000013
47209 0.000010
47210 0.000011
47211 0.000016
47212 0.000009
47213 0.000024
47214 0.000026
47215 0.000030
47216 0.000029
47217 0.000021
47218 0.000028
47219 0.000014
47220 0.000028
47221 0.000009
47222 0.000021
47223 0.000022
47224 0.000035
47225 0.000029
47226 0.000019
47227 0.000017
47228 0.000014
47229 0.000018
47230 0.000023
47231 0.000024
47232 0.000019
47233 0.000020
47234 0.000015
47235 0.000012
47236 0.000013
47237 0.000018
47238 0.000021
47239 0.000015
47240 0.000017
47241 0.000035
47242 0.000025
47243 0.000012
47244 0.000010
47245 0.000021
47246 0.000021
47247 0.000026
47248 0.000021
47249 0.000010
47250 0.000015
47251 0.000017
47252 0.000008
47253 0.000017
47254 0.000017
47255 0.000014
47256 0.000012
47257 0.000007
47258 0.000004
47259 0.000020
47260 0.000009
47261 0.000014
47262 0.000013
47263 0.000025
47264 0.000018
47265 0.000020
47266 0.000012
47267 0.000018
47268 0.000018
47269 0.000021
47270 0.000012
47271 0.000009
47272 0.000021
47273 0.000014
47274 0.000018
47275 0.000029
47276 0.000018
47277 0.000031
47278 0.000019
47279 0.000035
47280 0.000030
47281 0.000013
47282 0.000010
47283 0.000022
47284 0.000036
47285 0.000016
47286 0.000018
47287 0.000025
47288 0.000023
47289 0.000023
47290 0.000018
47291 0.000033
47292 0.000044
47293 0.000023
47294 0.000011
47295 0.000013
47296 0.000025
47297 0.000042
47298 0.000013
47299 0.000006
47300 0.000009
47301 0.000016
47302 0.000017
47303 0.000013
47304 0.000015
47305 0.000012
47306 0.000016
47307 0.000004
47308 0.000004
47309 0.000016
47310 0.000014
47311 0.000010
47312 0.000018
47313 0.000029
47314 0.000011
47315 0.000013
47316 0.000021
47317 0.000014
47318 0.000020
47319 0.000014
47320 0.000032
47321 0.000016
47322 0.000024
47323 0.000027
47324 0.000031
47325 0.000015
47326 0.000022
47327 0.000010
47328 0.000017
47329 0.000019
47330 0.000011
47331 0.000015
47332 0.000014
47333 0.000017
47334 0.000018
47335 0.000011
47336 0.000015
47337 0.000018
47338 0.000020
47339 0.000006
47340 0.000011
47341 0.000007
47342 0.000009
47343 0.000020
47344 0.000012
47345 0.000015
47346 0.000015
47347 0.000018
47348 0.000029
47349 0.000045
47350 0.000009
47351 0.000026
47352 0.000021
47353 0.000025
47354 0.000018
47355 0.000024
47356 0.000023
47357 0.000030
47358 0.000039
47359 0.000036
47360 0.000018
47361 0.000019
47362 0.000028
47363 0.000024
47364 0.000024
47365 0.000019
47366 0.000030
47367 0.000027
47368 0.000015
47369 0.000007
47370 0.000021
47371 0.000015
47372 0.000009
47373 0.000017
47374 0.000018
47375 0.000023
47376 0.000024
47377 0.000013
47378 0.000013
47379 0.000018
47380 0.000022
47381 0.000019
47382 0.000026
47383 0.000023
47384 0.000029
47385 0.000008
47386 0.000032
47387 0.000009
47388 0.000021
47389 0.000023
47390 0.000026
47391 0.000011
47392 0.000024
47393 0.000038
47394 0.000025
47395 0.000020
47396 0.000021
47397 0.000030
47398 0.000027
47399 0.000021
47400 0.000020
47401 0.000025
47402 0.000015
47403 0.000017
47404 0.000007
47405 0.000019
47406 0.000012
47407 0.000039
47408 0.000021
47409 0.000028
47410 0.000027
47411 0.000013
47412 0.000004
47413 0.000008
47414 0.000007
47415 0.000006
47416 0.000022
47417 0.000015
47418 0.000015
47419 0.000020
47420 0.000023
47421 0.000013
47422 0.000032
47423 0.000016
47424 0.000009
47425 0.000004
47426 0.000020
47427 0.000013
47428 0.000032
47429 0.000010
47430 0.000007
47431 0.000017
47432 0.000017
47433 0.000032
47434 0.000019
47435 0.000014
47436 0.000026
47437 0.000041
47438 0.000024
47439 0.000019
47440 0.000021
47441 0.000028
47442 0.000045
47443 0.000020
47444 0.000015
47445 0.000029
47446 0.000009
47447 0.000019
47448 0.000028
47449 0.000015
47450 0.000020
47451 0.000016
47452 0.000013
47453 0.000020
47454 0.000010
47455 0.000010
47456 0.000010
47457 0.000016
47458 0.000011
47459 0.000019
47460 0.000024
47461 0.000009
47462 0.000014
47463 0.000016
47464 0.000019
47465 0.000036
47466 0.000020
47467 0.000027
47468 0.000030
47469 0.000018
47470 0.000022
47471 0.000030
47472 0.000018
47473 0.000011
47474 0.000010
47475 0.000023
47476 0.000009
47477 0.000022
47478 0.000012
47479 0.000020
47480 0.000025
47481 0.000006
47482 0.000015
47483 0.000032
47484 0.000031
47485 0.000029
47486 0.000030
47487 0.000022
47488 0.000015
47489 0.000027
47490 0.000024
47491 0.000027
47492 0.000028
47493 0.000012
47494 0.000031
47495 0.000037
47496 0.000025
47497 0.000015
47498 0.000013
47499 0.000016
47500 0.000022
47501 0.000016
47502 0.000011
47503 0.000014
47504 0.000022
47505 0.000005
47506 0.000017
47507 0.000010
47508 0.000011
47509 0.000019
47510 0.000015
47511 0.000017
47512 0.000019
47513 0.000023
47514 0.000013
47515 0.000009
47516 0.000005
47517 0.000009
47518 0.000013
47519 0.000010
47520 0.000023
47521 0.000016
47522 0.000017
47523 0.000014
47524 0.000011
47525 0.000012
47526 0.000021
47527 0.000031
47528 0.000026
47529 0.000024
47530 0.000024
47531 0.000017
47532 0.000017
47533 0.000020
47534 0.000009
47535 0.000015
47536 0.000034
47537 0.000021
47538 0.000014
47539 0.000019
47540 0.000015
47541 0.000016
47542 0.000012
47543 0.000017
47544 0.000017
47545 0.000013
47546 0.000014
47547 0.000013
47548 0.000016
47549 0.000021
47550 0.000022
47551 0.000025
47552 0.000019
47553 0.000021
47554 0.000028
47555 0.000021
47556 0.000009
47557 0.000018
47558 0.000025
47559 0.000018
47560 0.000044
47561 0.000028
47562 0.000041
47563 0.000010
47564 0.000016
47565 0.000015
47566 0.000008
47567 0.000025
47568 0.000022
47569 0.000036
47570 0.000030
47571 0.000020
47572 0.000032
47573 0.000019
47574 0.000018
47575 0.000012
47576 0.000012
47577 0.000021
47578 0.000015
47579 0.000027
47580 0.000013
47581 0.000013
47582 0.000007
47583 0.000014
47584 0.000021
47585 0.000011
47586 0.000015
47587 0.000029
47588 0.000023
47589 0.000014
47590 0.000021
47591 0.000031
47592 0.000029
47593 0.000022
47594 0.000015
47595 0.000009
47596 0.000012
47597 0.000012
47598 0.000014
47599 0.000020
47600 0.000012
47601 0.000016
47602 0.000029
47603 0.000021
47604 0.000019
47605 0.000042
47606 0.000019
47607 0.000023
47608 0.000016
47609 0.000011
47610 0.000010
47611 0.000022
47612 0.000017
47613 0.000027
47614 0.000019
47615 0.000032
47616 0.000026
47617 0.000027
47618 0.000027
47619 0.000009
47620 0.000011
47621 0.000033
47622 0.000026
47623 0.000024
47624 0.000040
47625 0.000025
47626 0.000014
47627 0.000024
47628 0.000017
47629 0.000022
47630 0.000013
47631 0.000028
47632 0.000014
47633 0.000016
47634 0.000013
47635 0.000023
47636 0.000019
47637 0.000024
47638 0.000026
47639 0.000013
47640 0.000016
47641 0.000017
47642 0.000022
47643 0.000017
47644 0.000033
47645 0.000014
47646 0.000021
47647 0.000019
47648 0.000028
47649 0.000023
47650 0.000034
47651 0.000024
47652 0.000024
47653 0.000017
47654 0.000026
47655 0.000011
47656 0.000015
47657 0.000015
47658 0.000007
47659 0.000018
47660 0.000019
47661 0.000018
47662 0.000016
47663 0.000020
47664 0.000022
47665 0.000018
47666 0.000016
47667 0.000011
47668 0.000028
47669 0.000022
47670 0.000019
47671 0.000018
47672 0.000013
47673 0.000023
47674 0.000015
47675 0.000016
47676 0.000031
47677 0.000014
47678 0.000015
47679 0.000026
47680 0.000010
47681 0.000029
47682 0.000040
47683 0.000032
47684 0.000020
47685 0.000036
47686 0.000031
47687 0.000016
47688 0.000014
47689 0.000014
47690 0.000027
47691 0.000016
47692 0.000032
47693 0.000022
47694 0.000014
47695 0.000011
47696 0.000026
47697 0.000007
47698 0.000039
47699 0.000016
47700 0.000007
47701 0.000025
47702 0.000007
47703 0.000019
47704 0.000044
47705 0.000036
47706 0.000025
47707 0.000032
47708 0.000016
47709 0.000019
47710 0.000028
47711 0.000026
47712 0.000023
47713 0.000010
47714 0.000014
47715 0.000008
47716 0.000017
47717 0.000012
47718 0.000024
47719 0.000022
47720 0.000033
47721 0.000033
47722 0.000009
47723 0.000017
47724 0.000028
47725 0.000025
47726 0.000010
47727 0.000024
47728 0.000033
47729 0.000041
47730 0.000016
47731 0.000034
47732 0.000035
47733 0.000013
47734 0.000034
47735 0.000016
47736 0.000011
47737 0.000013
47738 0.000023
47739 0.000017
47740 0.000022
47741 0.000020
47742 0.000010
47743 0.000013
47744 0.000018
47745 0.000010
47746 0.000018
47747 0.000045
47748 0.000011
47749 0.000029
47750 0.000012
47751 0.000020
47752 0.000019
47753 0.000020
47754 0.000022
47755 0.000017
47756 0.000012
47757 0.000025
47758 0.000026
47759 0.000034
47760 0.000013
47761 0.000015
47762 0.000007
47763 0.000026
47764 0.000020
47765 0.000029
47766 0.000041
47767 0.000051
47768 0.000044
47769 0.000020
47770 0.000029
47771 0.000020
47772 0.000024
47773 0.000014
47774 0.000017
47775 0.000012
47776 0.000008
47777 0.000013
47778 0.000020
47779 0.000017
47780 0.000036
47781 0.000019
47782 0.000015
47783 0.000029
47784 0.000020
47785 0.000030
47786 0.000044
47787 0.000030
47788 0.000023
47789 0.000022
47790 0.000034
47791 0.000013
47792 0.000030
47793 0.000012
47794 0.000018
47795 0.000015
47796 0.000013
47797 0.000012
47798 0.000022
47799 0.000051
47800 0.000017
47801 0.000034
47802 0.000030
47803 0.000014
47804 0.000020
47805 0.000015
47806 0.000013
47807 0.000015
47808 0.000023
47809 0.000015
47810 0.000014
47811 0.000019
47812 0.000007
47813 0.000009
47814 0.000018
47815 0.000011
47816 0.000039
47817 0.000022
47818 0.000028
47819 0.000016
47820 0.000015
47821 0.000010
47822 0.000024
47823 0.000013
47824 0.000014
47825 0.000018
47826 0.000020
47827 0.000011
47828 0.000012
47829 0.000009
47830 0.000024
47831 0.000025
47832 0.000021
47833 0.000036
47834 0.000024
47835 0.000016
47836 0.000017
47837 0.000022
47838 0.000028
47839 0.000020
47840 0.000021
47841 0.000040
47842 0.000025
47843 0.000023
47844 0.000023
47845 0.000031
47846 0.000016
47847 0.000018
47848 0.000017
47849 0.000031
47850 0.000008
47851 0.000019
47852 0.000013
47853 0.000014
47854 0.000007
47855 0.000043
47856 0.000023
47857 0.000025
47858 0.000021
47859 0.000012
47860 0.000011
47861 0.000010
47862 0.000019
47863 0.000018
47864 0.000022
47865 0.000028
47866 0.000014
47867 0.000015
47868 0.000026
47869 0.000024
47870 0.000019
47871 0.000022
47872 0.000031
47873 0.000015
47874 0.000018
47875 0.000018
47876 0.000023
47877 0.000030
47878 0.000019
47879 0.000013
47880 0.000019
47881 0.000021
47882 0.000035
47883 0.000028
47884 0.000018
47885 0.000022
47886 0.000010
47887 0.000028
47888 0.000022
47889 0.000013
47890 0.000016
47891 0.000029
47892 0.000025
47893 0.000014
47894 0.000017
47895 0.000013
47896 0.000029
47897 0.000015
47898 0.000026
47899 0.000013
47900 0.000019
47901 0.000025
47902 0.000011
47903 0.000017
47904 0.000015
47905 0.000016
47906 0.000023
47907 0.000026
47908 0.000018
47909 0.000014
47910 0.000015
47911 0.000019
47912 0.000022
47913 0.000017
47914 0.000047
47915 0.000025
47916 0.000011
47917 0.000015
47918 0.000014
47919 0.000011
47920 0.000022
47921 0.000010
47922 0.000013
47923 0.000022
47924 0.000020
47925 0.000019
47926 0.000009
47927 0.000012
47928 0.000019
47929 0.000025
47930 0.000009
47931 0.000022
47932 0.000016
47933 0.000030
47934 0.000023
47935 0.000013
47936 0.000024
47937 0.000038
47938 0.000039
47939 0.000032
47940 0.000014
47941 0.000034
47942 0.000018
47943 0.000033
47944 0.000017
47945 0.000013
47946 0.000019
47947 0.000020
47948 0.000015
47949 0.000022
47950 0.000022
47951 0.000033
47952 0.000028
47953 0.000018
47954 0.000036
47955 0.000012
47956 0.000026
47957 0.000036
47958 0.000016
47959 0.000014
47960 0.000012
47961 0.000005
47962 0.000023
47963 0.000023
47964 0.000013
47965 0.000006
47966 0.000012
47967 0.000015
47968 0.000015
47969 0.000020
47970 0.000027
47971 0.000020
47972 0.000039
47973 0.000021
47974 0.000026
47975 0.000014
47976 0.000016
47977 0.000022
47978 0.000021
47979 0.000016
47980 0.000016
47981 0.000012
47982 0.000008
47983 0.000012
47984 0.000026
47985 0.000028
47986 0.000014
47987 0.000013
47988 0.000006
47989 0.000012
47990 0.000022
47991 0.000013
47992 0.000014
47993 0.000022
47994 0.000013
47995 0.000018
47996 0.000024
47997 0.000014
47998 0.000028
47999 0.000018
48000 0.000021
48001 0.000018
48002 0.000021
48003 0.000029
48004 0.000035
48005 0.000024
48006 0.000022
48007 0.000027
48008 0.000016
48009 0.000014
48010 0.000008
48011 0.000026
48012 0.000020
48013 0.000047
48014 0.000017
48015 0.000013
48016 0.000024
48017 0.000011
48018 0.000028
48019 0.000015
48020 0.000009
48021 0.000011
48022 0.000015
48023 0.000039
48024 0.000015
48025 0.000024
48026 0.000012
48027 0.000010
48028 0.000009
48029 0.000019
48030 0.000019
48031 0.000028
48032 0.000014
48033 0.000020
48034 0.000016
48035 0.000026
48036 0.000017
48037 0.000015
48038 0.000018
48039 0.000024
48040 0.000037
48041 0.000031
48042 0.000022
48043 0.000041
48044 0.000021
48045 0.000024
48046 0.000018
48047 0.000023
48048 0.000024
48049 0.000018
48050 0.000020
48051 0.000013
48052 0.000028
48053 0.000023
48054 0.000029
48055 0.000025
48056 0.000010
48057 0.000022
48058 0.000011
48059 0.000016
48060 0.000012
48061 0.000005
48062 0.000014
48063 0.000017
48064 0.000026
48065 0.000031
48066 0.000018
48067 0.000032
48068 0.000030
48069 0.000034
48070 0.000008
48071 0.000004
48072 0.000039
48073 0.000019
48074 0.000030
48075 0.000040
48076 0.000018
48077 0.000031
48078 0.000010
48079 0.000009
48080 0.000023
48081 0.000023
48082 0.000035
48083 0.000018
48084 0.000025
48085 0.000026
48086 0.000027
48087 0.000027
48088 0.000030
48089 0.000008
48090 0.000009
48091 0.000008
48092 0.000016
48093 0.000011
48094 0.000021
48095 0.000030
48096 0.000019
48097 0.000015
48098 0.000016
48099 0.000017
48100 0.000019
48101 0.000020
48102 0.000048
48103 0.000030
48104 0.000011
48105 0.000023
48106 0.000037
48107 0.000013
48108 0.000025
48109 0.000026
48110 0.000013
48111 0.000035
48112 0.000050
48113 0.000024
48114 0.000017
48115 0.000025
48116 0.000021
48117 0.000025
48118 0.000011
48119 0.000026
48120 0.000023
48121 0.000018
48122 0.000012
48123 0.000009
48124 0.000008
48125 0.000013
48126 0.000013
48127 0.000031
48128 0.000010
48129 0.000012
48130 0.000022
48131 0.000026
48132 0.000025
48133 0.000023
48134 0.000035
48135 0.000019
48136 0.000017
48137 0.000028
48138 0.000036
48139 0.000024
48140 0.000019
48141 0.000021
48142 0.000017
48143 0.000023
48144 0.000013
48145 0.000020
48146 0.000008
48147 0.000013
48148 0.000020
48149 0.000022
48150 0.000020
48151 0.000028
48152 0.000029
48153 0.000022
48154 0.000017
48155 0.000031
48156 0.000012
48157 0.000031
48158 0.000014
48159 0.000014
48160 0.000023
48161 0.000023
48162 0.000013
48163 0.000007
48164 0.000012
48165 0.000020
48166 0.000023
48167 0.000021
48168 0.000010
48169 0.000025
48170 0.000036
48171 0.000010
48172 0.000027
48173 0.000023
48174 0.000022
48175 0.000038
48176 0.000010
48177 0.000011
48178 0.000015
48179 0.000010
48180 0.000020
48181 0.000025
48182 0.000021
48183 0.000026
48184 0.000031
48185 0.000020
48186 0.000018
48187 0.000030
48188 0.000013
48189 0.000009
48190 0.000015
48191 0.000016
48192 0.000017
48193 0.000020
48194 0.000024
48195 0.000016
48196 0.000019
48197 0.000012
48198 0.000013
48199 0.000015
48200 0.000013
48201 0.000014
48202 0.000013
48203 0.000015
48204 0.000018
48205 0.000020
48206 0.000029
48207 0.000017
48208 0.000026
48209 0.000020
48210 0.000028
48211 0.000031
48212 0.000021
48213 0.000013
48214 0.000010
48215 0.000009
48216 0.000032
48217 0.000037
48218 0.000027
48219 0.000019
48220 0.000018
48221 0.000034
48222 0.000009
48223 0.000015
48224 0.000022
48225 0.000020
48226 0.000025
48227 0.000017
48228 0.000018
48229 0.000021
48230 0.000015
48231 0.000022
48232 0.000009
48233 0.000039
48234 0.000019
48235 0.000011
48236 0.000009
48237 0.000024
48238 0.000033
48239 0.000021
48240 0.000022
48241 0.000027
48242 0.000022
48243 0.000022
48244 0.000019
48245 0.000016
48246 0.000011
48247 0.000016
48248 0.000027
48249 0.000019
48250 0.000017
48251 0.000007
48252 0.000030
48253 0.000026
48254 0.000016
48255 0.000012
48256 0.000018
48257 0.000017
48258 0.000023
48259 0.000013
48260 0.000029
48261 0.000032
48262 0.000019
48263 0.000023
48264 0.000026
48265 0.000023
48266 0.000011
48267 0.000016
48268 0.000016
48269 0.000018
48270 0.000018
48271 0.000013
48272 0.000009
48273 0.000018
48274 0.000018
48275 0.000008
48276 0.000007
48277 0.000026
48278 0.000024
48279 0.000012
48280 0.000010
48281 0.000022
48282 0.000028
48283 0.000012
48284 0.000013
48285 0.000023
48286 0.000022
48287 0.000016
48288 0.000019
48289 0.000015
48290 0.000025
48291 0.000021
48292 0.000018
48293 0.000046
48294 0.000015
48295 0.000020
48296 0.000010
48297 0.000011
48298 0.000018
48299 0.000025
48300 0.000028
48301 0.000009
48302 0.000007
48303 0.000009
48304 0.000012
48305 0.000016
48306 0.000007
48307 0.000014
48308 0.000012
48309 0.000013
48310 0.000025
48311 0.000009
48312 0.000024
48313 0.000026
48314 0.000020
48315 0.000017
48316 0.000012
48317 0.000030
48318 0.000025
48319 0.000015
48320 0.000021
48321 0.000024
48322 0.000029
48323 0.000017
48324 0.000010
48325 0.000028
48326 0.000012
48327 0.000029
48328 0.000030
48329 0.000014
48330 0.000022
48331 0.000011
48332 0.000026
48333 0.000016
48334 0.000020
48335 0.000027
48336 0.000011
48337 0.000021
48338 0.000012
48339 0.000023
48340 0.000018
48341 0.000021
48342 0.000007
48343 0.000012
48344 0.000032
48345 0.000016
48346 0.000031
48347 0.000010
48348 0.000023
48349 0.000038
48350 0.000018
48351 0.000036
48352 0.000016
48353 0.000012
48354 0.000013
48355 0.000019
48356 0.000016
48357 0.000028
48358 0.000019
48359 0.000015
48360 0.000023
48361 0.000027
48362 0.000026
48363 0.000028
48364 0.000013
48365 0.000017
48366 0.000010
48367 0.000004
48368 0.000013
48369 0.000014
48370 0.000017
48371 0.000039
48372 0.000026
48373 0.000009
48374 0.000011
48375 0.000016
48376 0.000012
48377 0.000017
48378 0.000042
48379 0.000021
48380 0.000047
48381 0.000041
48382 0.000021
48383 0.000048
48384 0.000020
48385 0.000025
48386 0.000030
48387 0.000015
48388 0.000022
48389 0.000043
48390 0.000014
48391 0.000025
48392 0.000015
48393 0.000019
48394 0.000025
48395 0.000023
48396 0.000025
48397 0.000027
48398 0.000028
48399 0.000034
48400 0.000016
48401 0.000026
48402 0.000009
48403 0.000015
48404 0.000015
48405 0.000019
48406 0.000022
48407 0.000030
48408 0.000024
48409 0.000032
48410 0.000037
48411 0.000015
48412 0.000021
48413 0.000023
48414 0.000026
48415 0.000022
48416 0.000024
48417 0.000024
48418 0.000020
48419 0.000013
48420 0.000010
48421 0.000014
48422 0.000022
48423 0.000028
48424 0.000017
48425 0.000014
48426 0.000023
48427 0.000026
48428 0.000032
48429 0.000020
48430 0.000027
48431 0.000019
48432 0.000012
48433 0.000025
48434 0.000006
48435 0.000020
48436 0.000011
48437 0.000015
48438 0.000024
48439 0.000008
48440 0.000011
48441 0.000028
48442 0.000019
48443 0.000020
48444 0.000015
48445 0.000024
48446 0.000022
48447 0.000010
48448 0.000010
48449 0.000010
48450 0.000021
48451 0.000016
48452 0.000015
48453 0.000011
48454 0.000015
48455 0.000010
48456 0.000021
48457 0.000016
48458 0.000018
48459 0.000013
48460 0.000005
48461 0.000016
48462 0.000009
48463 0.000013
48464 0.000024
48465 0.000014
48466 0.000011
48467 0.000026
48468 0.000018
48469 0.000019
48470 0.000016
48471 0.000019
48472 0.000025
48473 0.000023
48474 0.000006
48475 0.000010
48476 0.000015
48477 0.000019
48478 0.000012
48479 0.000019
48480 0.000025
48481 0.000025
48482 0.000022
48483 0.000024
48484 0.000033
48485 0.000030
48486 0.000035
48487 0.000026
48488 0.000016
48489 0.000019
48490 0.000015
48491 0.000025
48492 0.000015
48493 0.000021
48494 0.000031
48495 0.000028
48496 0.000008
48497 0.000012
48498 0.000031
48499 0.000027
48500 0.000026
48501 0.000022
48502 0.000010
48503 0.000035
48504 0.000020
48505 0.000014
48506 0.000014
48507 0.000005
48508 0.000013
48509 0.000020
48510 0.000021
48511 0.000018
48512 0.000013
48513 0.000011
48514 0.000020
48515 0.000014
48516 0.000021
48517 0.000019
48518 0.000014
48519 0.000016
48520 0.000022
48521 0.000016
48522 0.000022
48523 0.000022
48524 0.000022
48525 0.000026
48526 0.000023
48527 0.000015
48528 0.000010
48529 0.000015
48530 0.000024
48531 0.000018
48532 0.000023
48533 0.000007
48534 0.000024
48535 0.000019
48536 0.000017
48537 0.000024
48538 0.000016
48539 0.000020
48540 0.000019
48541 0.000024
48542 0.000022
48543 0.000015
48544 0.000033
48545 0.000019
48546 0.000015
48547 0.000022
48548 0.000025
48549 0.000028
48550 0.000028
48551 0.000030
48552 0.000012
48553 0.000041
48554 0.000024
48555 0.000019
48556 0.000031
48557 0.000019
48558 0.000013
48559 0.000033
48560 0.000021
48561 0.000022
48562 0.000026
48563 0.000017
48564 0.000022
48565 0.000013
48566 0.000014
48567 0.000024
48568 0.000019
48569 0.000023
48570 0.000029
48571 0.000016
48572 0.000013
48573 0.000011
48574 0.000041
48575 0.000033
48576 0.000022
48577 0.000014
48578 0.000016
48579 0.000018
48580 0.000027
48581 0.000035
48582 0.000025
48583 0.000021
48584 0.000016
48585 0.000024
48586 0.000017
48587 0.000022
48588 0.000012
48589 0.000025
48590 0.000030
48591 0.000024
48592 0.000018
48593 0.000023
48594 0.000023
48595 0.000025
48596 0.000026
48597 0.000038
48598 0.000013
48599 0.000010
48600 0.000023
48601 0.000024
48602 0.000017
48603 0.000048
48604 0.000016
48605 0.000009
48606 0.000027
48607 0.000023
48608 0.000032
48609 0.000028
48610 0.000007
48611 0.000032
48612 0.000026
48613 0.000019
48614 0.000014
48615 0.000022
48616 0.000026
48617 0.000026
48618 0.000027
48619 0.000025
48620 0.000011
48621 0.000022
48622 0.000011
48623 0.000020
48624 0.000033
48625 0.000037
48626 0.000025
48627 0.000013
48628 0.000018
48629 0.000027
48630 0.000020
48631 0.000010
48632 0.000030
48633 0.000046
48634 0.000021
48635 0.000010
48636 0.000031
48637 0.000016
48638 0.000012
48639 0.000029
48640 0.000007
48641 0.000010
48642 0.000026
48643 0.000017
48644 0.000020
48645 0.000024
48646 0.000019
48647 0.000035
48648 0.000041
48649 0.000019
48650 0.000019
48651 0.000030
48652 0.000017
48653 0.000017
48654 0.000024
48655 0.000012
48656 0.000015
48657 0.000028
48658 0.000018
48659 0.000017
48660 0.000029
48661 0.000021
48662 0.000030
48663 0.000014
48664 0.000017
48665 0.000020
48666 0.000039
48667 0.000035
48668 0.000015
48669 0.000017
48670 0.000012
48671 0.000024
48672 0.000016
48673 0.000008
48674 0.000024
48675 0.000018
48676 0.000014
48677 0.000011
48678 0.000010
48679 0.000016
48680 0.000015
48681 0.000030
48682 0.000030
48683 0.000033
48684 0.000025
48685 0.000021
48686 0.000027
48687 0.000016
48688 0.000021
48689 0.000013
48690 0.000014
48691 0.000011
48692 0.000013
48693 0.000024
48694 0.000029
48695 0.000016
48696 0.000018
48697 0.000008
48698 0.000015
48699 0.000018
48700 0.000024
48701 0.000013
48702 0.000032
48703 0.000017
48704 0.000021
48705 0.000011
48706 0.000021
48707 0.000014
48708 0.000021
48709 0.000018
48710 0.000017
48711 0.000020
48712 0.000023
48713 0.000040
48714 0.000021
48715 0.000018
48716 0.000009
48717 0.000011
48718 0.000037
48719 0.000019
48720 0.000029
48721 0.000015
48722 0.000011
48723 0.000012
48724 0.000012
48725 0.000025
48726 0.000013
48727 0.000020
48728 0.000024
48729 0.000023
48730 0.000014
48731 0.000017
48732 0.000017
48733 0.000026
48734 0.000012
48735 0.000010
48736 0.000006
48737 0.000017
48738 0.000018
48739 0.000012
48740 0.000028
48741 0.000017
48742 0.000023
48743 0.000017
48744 0.000019
48745 0.000011
48746 0.000022
48747 0.000022
48748 0.000009
48749 0.000019
48750 0.000023
48751 0.000028
48752 0.000025
48753 0.000019
48754 0.000007
48755 0.000015
48756 0.000021
48757 0.000019
48758 0.000013
48759 0.000010
48760 0.000021
48761 0.000014
48762 0.000021
48763 0.000006
48764 0.000008
48765 0.000020
48766 0.000033
48767 0.000018
48768 0.000013
48769 0.000009
48770 0.000007
48771 0.000012
48772 0.000025
48773 0.000020
48774 0.000020
48775 0.000020
48776 0.000014
48777 0.000020
48778 0.000020
48779 0.000021
48780 0.000014
48781 0.000026
48782 0.000019
48783 0.000017
48784 0.000021
48785 0.000021
48786 0.000014
48787 0.000023
48788 0.000030
48789 0.000017
48790 0.000011
48791 0.000007
48792 0.000027
48793 0.000027
48794 0.000016
48795 0.000022
48796 0.000024
48797 0.000030
48798 0.000040
48799 0.000028
48800 0.000024
48801 0.000022
48802 0.000022
48803 0.000022
48804 0.000014
48805 0.000017
48806 0.000028
48807 0.000018
48808 0.000017
48809 0.000027
48810 0.000012
48811 0.000022
48812 0.000032
48813 0.000037
48814 0.000039
48815 0.000018
48816 0.000024
48817 0.000016
48818 0.000031
48819 0.000040
48820 0.000009
48821 0.000017
48822 0.000026
48823 0.000017
48824 0.000018
48825 0.000023
48826 0.000011
48827 0.000012
48828 0.000011
48829 0.000014
48830 0.000010
48831 0.000007
48832 0.000014
48833 0.000029
48834 0.000027
48835 0.000023
48836 0.000021
48837 0.000023
48838 0.000022
48839 0.000009
48840 0.000014
48841 0.000013
48842 0.000011
48843 0.000029
48844 0.000020
48845 0.000024
48846 0.000024
48847 0.000010
48848 0.000029
48849 0.000011
48850 0.000022
48851 0.000016
48852 0.000010
48853 0.000021
48854 0.000029
48855 0.000025
48856 0.000020
48857 0.000027
48858 0.000029
48859 0.000019
48860 0.000015
48861 0.000015
48862 0.000007
48863 0.000020
48864 0.000017
48865 0.000030
48866 0.000013
48867 0.000013
48868 0.000007
48869 0.000014
48870 0.000028
48871 0.000013
48872 0.000015
48873 0.000024
48874 0.000020
48875 0.000029
48876 0.000018
48877 0.000032
48878 0.000013
48879 0.000029
48880 0.000026
48881 0.000010
48882 0.000016
48883 0.000019
48884 0.000024
48885 0.000022
48886 0.000033
48887 0.000016
48888 0.000014
48889 0.000016
48890 0.000024
48891 0.000015
48892 0.000020
48893 0.000021
48894 0.000010
48895 0.000012
48896 0.000013
48897 0.000034
48898 0.000027
48899 0.000013
48900 0.000028
48901 0.000024
48902 0.000026
48903 0.000014
48904 0.000018
48905 0.000030
48906 0.000031
48907 0.000020
48908 0.000015
48909 0.000008
48910 0.000013
48911 0.000015
48912 0.000018
48913 0.000018
48914 0.000038
48915 0.000032
48916 0.000017
48917 0.000018
48918 0.000028
48919 0.000014
48920 0.000014
48921 0.000012
48922 0.000011
48923 0.000019
48924 0.000011
48925 0.000013
48926 0.000017
48927 0.000027
48928 0.000013
48929 0.000010
48930 0.000020
48931 0.000013
48932 0.000008
48933 0.000045
48934 0.000013
48935 0.000013
48936 0.000007
48937 0.000012
48938 0.000007
48939 0.000009
48940 0.000015
48941 0.000026
48942 0.000012
48943 0.000016
48944 0.000019
48945 0.000023
48946 0.000030
48947 0.000023
48948 0.000012
48949 0.000019
48950 0.000014
48951 0.000020
48952 0.000009
48953 0.000017
48954 0.000018
48955 0.000026
48956 0.000020
48957 0.000022
48958 0.000014
48959 0.000028
48960 0.000015
48961 0.000016
48962 0.000021
48963 0.000013
48964 0.000027
48965 0.000029
48966 0.000016
48967 0.000010
48968 0.000021
48969 0.000020
48970 0.000022
48971 0.000035
48972 0.000029
48973 0.000022
48974 0.000029
48975 0.000036
48976 0.000017
48977 0.000013
48978 0.000009
48979 0.000027
48980 0.000033
48981 0.000020
48982 0.000031
48983 0.000032
48984 0.000020
48985 0.000029
48986 0.000016
48987 0.000022
48988 0.000016
48989 0.000019
48990 0.000025
48991 0.000016
48992 0.000028
48993 0.000012
48994 0.000013
48995 0.000011
48996 0.000017
48997 0.000008
48998 0.000005
48999 0.000013
49000 0.000010
49001 0.000026
49002 0.000009
49003 0.000026
49004 0.000020
49005 0.000027
49006 0.000032
49007 0.000030
49008 0.000016
49009 0.000015
49010 0.000012
49011 0.000007
49012 0.000028
49013 0.000017
49014 0.000012
49015 0.000029
49016 0.000020
49017 0.000027
49018 0.000035
49019 0.000029
49020 0.000016
49021 0.000022
49022 0.000032
49023 0.000029
49024 0.000023
49025 0.000017
49026 0.000010
49027 0.000018
49028 0.000018
49029 0.000005
49030 0.000014
49031 0.000007
49032 0.000020
49033 0.000028
49034 0.000021
49035 0.000010
49036 0.000014
49037 0.000018
49038 0.000013
49039 0.000025
49040 0.000015
49041 0.000030
49042 0.000021
49043 0.000013
49044 0.000019
49045 0.000031
49046 0.000015
49047 0.000017
49048 0.000020
49049 0.000025
49050 0.000012
49051 0.000032
49052 0.000030
49053 0.000025
49054 0.000019
49055 0.000011
49056 0.000019
49057 0.000019
49058 0.000011
49059 0.000020
49060 0.000011
49061 0.000012
49062 0.000007
49063 0.000006
49064 0.000012
49065 0.000021
49066 0.000039
49067 0.000028
49068 0.000008
49069 0.000018
49070 0.000020
49071 0.000022
49072 0.000015
49073 0.000014
49074 0.000025
49075 0.000016
49076 0.000015
49077 0.000019
49078 0.000016
49079 0.000007
49080 0.000008
49081 0.000005
49082 0.000020
49083 0.000019
49084 0.000015
49085 0.000014
49086 0.000009
49087 0.000031
49088 0.000017
49089 0.000030
49090 0.000020
49091 0.000017
49092 0.000012
49093 0.000006
49094 0.000021
49095 0.000023
49096 0.000011
49097 0.000018
49098 0.000023
49099 0.000031
49100 0.000043
49101 0.000027
49102 0.000007
49103 0.000016
49104 0.000016
49105 0.000033
49106 0.000036
49107 0.000022
49108 0.000020
49109 0.000018
49110 0.000027
49111 0.000016
49112 0.000019
49113 0.000014
49114 0.000011
49115 0.000023
49116 0.000031
49117 0.000016
49118 0.000009
49119 0.000029
49120 0.000018
49121 0.000021
49122 0.000028
49123 0.000017
49124 0.000012
49125 0.000015
49126 0.000027
49127 0.000031
49128 0.000021
49129 0.000020
49130 0.000008
49131 0.000014
49132 0.000007
49133 0.000020
49134 0.000017
49135 0.000027
49136 0.000014
49137 0.000027
49138 0.000021
49139 0.000018
49140 0.000009
49141 0.000014
49142 0.000018
49143 0.000018
49144 0.000012
49145 0.000017
49146 0.000019
49147 0.000039
49148 0.000019
49149 0.000018
49150 0.000008
49151 0.000024
49152 0.000019
49153 0.000026
49154 0.000012
49155 0.000029
49156 0.000028
49157 0.000011
49158 0.000017
49159 0.000018
49160 0.000025
49161 0.000014
49162 0.000027
49163 0.000012
49164 0.000028
49165 0.000023
49166 0.000023
49167 0.000013
49168 0.000009
49169 0.000016
49170 0.000013
49171 0.000030
49172 0.000017
49173 0.000021
49174 0.000016
49175 0.000032
49176 0.000013
49177 0.000027
49178 0.000032
49179 0.000024
49180 0.000023
49181 0.000024
49182 0.000011
49183 0.000021
49184 0.000039
49185 0.000024
49186 0.000018
49187 0.000034
49188 0.000019
49189 0.000012
49190 0.000016
49191 0.000010
49192 0.000011
49193 0.000020
49194 0.000011
49195 0.000021
49196 0.000013
49197 0.000016
49198 0.000022
49199 0.000016
49200 0.000027
49201 0.000014
49202 0.000011
49203 0.000019
49204 0.000015
49205 0.000013
49206 0.000019
49207 0.000016
49208 0.000022
49209 0.000011
49210 0.000022
49211 0.000016
49212 0.000035
49213 0.000018
49214 0.000028
49215 0.000012
49216 0.000013
49217 0.000026
49218 0.000011
49219 0.000027
49220 0.000030
49221 0.000014
49222 0.000024
49223 0.000033
49224 0.000016
49225 0.000017
49226 0.000018
49227 0.000008
49228 0.000018
49229 0.000023
49230 0.000020
49231 0.000020
49232 0.000012
49233 0.000028
49234 0.000008
49235 0.000011
49236 0.000015
49237 0.000025
49238 0.000026
49239 0.000033
49240 0.000012
49241 0.000009
49242 0.000018
49243 0.000017
49244 0.000041
49245 0.000014
49246 0.000009
49247 0.000019
49248 0.000014
49249 0.000018
49250 0.000025
49251 0.000029
49252 0.000030
49253 0.000024
49254 0.000010
49255 0.000016
49256 0.000019
49257 0.000012
49258 0.000018
49259 0.000025
49260 0.000023
49261 0.000041
49262 0.000023
49263 0.000013
49264 0.000027
49265 0.000014
49266 0.000029
49267 0.000027
49268 0.000013
49269 0.000015
49270 0.000011
49271 0.000017
49272 0.000008
49273 0.000024
49274 0.000029
49275 0.000016
49276 0.000019
49277 0.000016
49278 0.000014
49279 0.000022
49280 0.000025
49281 0.000008
49282 0.000024
49283 0.000023
49284 0.000014
49285 0.000015
49286 0.000017
49287 0.000029
49288 0.000006
49289 0.000021
49290 0.000032
49291 0.000031
49292 0.000022
49293 0.000025
49294 0.000033
49295 0.000026
49296 0.000010
49297 0.000020
49298 0.000030
49299 0.000016
49300 0.000020
49301 0.000036
49302 0.000020
49303 0.000024
49304 0.000026
49305 0.000027
49306 0.000012
49307 0.000022
49308 0.000016
49309 0.000017
49310 0.000012
49311 0.000032
49312 0.000033
49313 0.000021
49314 0.000019
49315 0.000019
49316 0.000022
49317 0.000025
49318 0.000036
49319 0.000017
49320 0.000014
49321 0.000011
49322 0.000023
49323 0.000020
49324 0.000012
49325 0.000017
49326 0.000012
49327 0.000016
49328 0.000028
49329 0.000013
49330 0.000025
49331 0.000020
49332 0.000034
49333 0.000006
49334 0.000014
49335 0.000024
49336 0.000013
49337 0.000016
49338 0.000013
49339 0.000012
49340 0.000014
49341 0.000029
49342 0.000040
49343 0.000013
49344 0.000016
49345 0.000018
49346 0.000015
49347 0.000015
49348 0.000030
49349 0.000025
49350 0.000016
49351 0.000013
49352 0.000015
49353 0.000018
49354 0.000019
49355 0.000013
49356 0.000027
49357 0.000025
49358 0.000022
49359 0.000014
49360 0.000019
49361 0.000020
49362 0.000020
49363 0.000021
49364 0.000030
49365 0.000023
49366 0.000015
49367 0.000016
49368 0.000016
49369 0.000012
49370 0.000017
49371 0.000024
49372 0.000016
49373 0.000014
49374 0.000025
49375 0.000035
49376 0.000016
49377 0.000024
49378 0.000012
49379 0.000013
49380 0.000015
49381 0.000020
49382 0.000024
49383 0.000018
49384 0.000029
49385 0.000049
49386 0.000033
49387 0.000024
49388 0.000023
49389 0.000012
49390 0.000017
49391 0.000013
49392 0.000031
49393 0.000031
49394 0.000032
49395 0.000021
49396 0.000025
49397 0.000016
49398 0.000018
49399 0.000026
49400 0.000035
49401 0.000011
49402 0.000014
49403 0.000017
49404 0.000016
49405 0.000021
49406 0.000013
49407 0.000012
49408 0.000016
49409 0.000022
49410 0.000015
49411 0.000025
49412 0.000014
49413 0.000025
49414 0.000018
49415 0.000013
49416 0.000016
49417 0.000015
49418 0.000034
49419 0.000035
49420 0.000023
49421 0.000015
49422 0.000025
49423 0.000020
49424 0.000015
49425 0.000018
49426 0.000010
49427 0.000015
49428 0.000016
49429 0.000010
49430 0.000028
49431 0.000026
49432 0.000015
49433 0.000019
49434 0.000027
49435 0.000019
49436 0.000007
49437 0.000020
49438 0.000013
49439 0.000023
49440 0.000008
49441 0.000020
49442 0.000009
49443 0.000014
49444 0.000034
49445 0.000022
49446 0.000022
49447 0.000022
49448 0.000025
49449 0.000031
49450 0.000030
49451 0.000028
49452 0.000015
49453 0.000013
49454 0.000010
49455 0.000014
49456 0.000027
49457 0.000013
49458 0.000017
49459 0.000036
49460 0.000016
49461 0.000019
49462 0.000026
49463 0.000034
49464 0.000015
49465 0.000015
49466 0.000010
49467 0.000013
49468 0.000014
49469 0.000022
49470 0.000032
49471 0.000010
49472 0.000021
49473 0.000012
49474 0.000032
49475 0.000022
49476 0.000014
49477 0.000017
49478 0.000022
49479 0.000022
49480 0.000019
49481 0.000017
49482 0.000010
49483 0.000021
49484 0.000019
49485 0.000022
49486 0.000012
49487 0.000019
49488 0.000018
49489 0.000018
49490 0.000014
49491 0.000020
49492 0.000021
49493 0.000020
49494 0.000012
49495 0.000015
49496 0.000012
49497 0.000016
49498 0.000026
49499 0.000011
49500 0.000027
49501 0.000027
49502 0.000006
49503 0.000022
49504 0.000017
49505 0.000007
49506 0.000004
49507 0.000019
49508 0.000025
49509 0.000020
49510 0.000021
49511 0.000028
49512 0.000036
49513 0.000025
49514 0.000021
49515 0.000028
49516 0.000012
49517 0.000013
49518 0.000013
49519 0.000010
49520 0.000005
49521 0.000007
49522 0.000007
49523 0.000016
49524 0.000018
49525 0.000018
49526 0.000006
49527 0.000006
49528 0.000019
49529 0.000018
49530 0.000014
49531 0.000013
49532 0.000026
49533 0.000014
49534 0.000008
49535 0.000005
49536 0.000019
49537 0.000010
49538 0.000017
49539 0.000009
49540 0.000022
49541 0.000010
49542 0.000029
49543 0.000018
49544 0.000021
49545 0.000015
49546 0.000022
49547 0.000018
49548 0.000011
49549 0.000014
49550 0.000006
49551 0.000017
49552 0.000024
49553 0.000019
49554 0.000027
49555 0.000010
49556 0.000013
49557 0.000029
49558 0.000029
49559 0.000036
49560 0.000022
49561 0.000012
49562 0.000015
49563 0.000023
49564 0.000027
49565 0.000029
49566 0.000017
49567 0.000025
49568 0.000017
49569 0.000019
49570 0.000015
49571 0.000022
49572 0.000019
49573 0.000046
49574 0.000019
49575 0.000014
49576 0.000015
49577 0.000022
49578 0.000019
49579 0.000020
49580 0.000016
49581 0.000018
49582 0.000016
49583 0.000022
49584 0.000016
49585 0.000021
49586 0.000023
49587 0.000030
49588 0.000017
49589 0.000013
49590 0.000032
49591 0.000029
49592 0.000014
49593 0.000018
49594 0.000018
49595 0.000023
49596 0.000011
49597 0.000022
49598 0.000030
49599 0.000013
49600 0.000012
49601 0.000008
49602 0.000014
49603 0.000013
49604 0.000021
49605 0.000017
49606 0.000028
49607 0.000021
49608 0.000025
49609 0.000022
49610 0.000016
49611 0.000008
49612 0.000016
49613 0.000017
49614 0.000013
49615 0.000006
49616 0.000010
49617 0.000032
49618 0.000040
49619 0.000028
49620 0.000032
49621 0.000028
49622 0.000029
49623 0.000030
49624 0.000022
49625 0.000023
49626 0.000012
49627 0.000019
49628 0.000020
49629 0.000022
49630 0.000021
49631 0.000013
49632 0.000032
49633 0.000026
49634 0.000022
49635 0.000016
49636 0.000020
49637 0.000022
49638 0.000011
49639 0.000017
49640 0.000023
49641 0.000014
49642 0.000024
49643 0.000014
49644 0.000015
49645 0.000013
49646 0.000014
49647 0.000027
49648 0.000019
49649 0.000029
49650 0.000018
49651 0.000021
49652 0.000026
49653 0.000010
49654 0.000020
49655 0.000017
49656 0.000019
49657 0.000022
49658 0.000013
49659 0.000023
49660 0.000017
49661 0.000029
49662 0.000010
49663 0.000013
49664 0.000013
49665 0.000030
49666 0.000018
49667 0.000021
49668 0.000015
49669 0.000020
49670 0.000036
49671 0.000022
49672 0.000013
49673 0.000009
49674 0.000020
49675 0.000018
49676 0.000039
49677 0.000021
49678 0.000021
49679 0.000017
49680 0.000017
49681 0.000021
49682 0.000019
49683 0.000025
49684 0.000018
49685 0.000020
49686 0.000024
49687 0.000029
49688 0.000040
49689 0.000028
49690 0.000023
49691 0.000018
49692 0.000019
49693 0.000021
49694 0.000021
49695 0.000009
49696 0.000016
49697 0.000016
49698 0.000030
49699 0.000014
49700 0.000015
49701 0.000027
49702 0.000014
49703 0.000021
49704 0.000015
49705 0.000009
49706 0.000016
49707 0.000015
49708 0.000023
49709 0.000028
49710 0.000013
49711 0.000007
49712 0.000014
49713 0.000020
49714 0.000021
49715 0.000027
49716 0.000013
49717 0.000016
49718 0.000016
49719 0.000012
49720 0.000007
49721 0.000025
49722 0.000015
49723 0.000017
49724 0.000025
49725 0.000023
49726 0.000018
49727 0.000036
49728 0.000023
49729 0.000018
49730 0.000019
49731 0.000019
49732 0.000006
49733 0.000006
49734 0.000020
49735 0.000024
49736 0.000027
49737 0.000035
49738 0.000023
49739 0.000014
49740 0.000026
49741 0.000015
49742 0.000008
49743 0.000006
49744 0.000019
49745 0.000015
49746 0.000023
49747 0.000015
49748 0.000031
49749 0.000014
49750 0.000015
49751 0.000015
49752 0.000011
49753 0.000006
49754 0.000010
49755 0.000018
49756 0.000014
49757 0.000014
49758 0.000021
49759 0.000029
49760 0.000014
49761 0.000025
49762 0.000015
49763 0.000010
49764 0.000014
49765 0.000033
49766 0.000033
49767 0.000021
49768 0.000018
49769 0.000015
49770 0.000018
49771 0.000031
49772 0.000024
49773 0.000018
49774 0.000025
49775 0.000013
49776 0.000008
49777 0.000014
49778 0.000008
49779 0.000023
49780 0.000033
49781 0.000017
49782 0.000012
49783 0.000019
49784 0.000012
49785 0.000012
49786 0.000005
49787 0.000016
49788 0.000019
49789 0.000013
49790 0.000008
49791 0.000021
49792 0.000010
49793 0.000017
49794 0.000017
49795 0.000025
49796 0.000017
49797 0.000019
49798 0.000018
49799 0.000010
49800 0.000007
49801 0.000016
49802 0.000015
49803 0.000019
49804 0.000016
49805 0.000023
49806 0.000027
49807 0.000019
49808 0.000015
49809 0.000008
49810 0.000021
49811 0.000010
49812 0.000008
49813 0.000014
49814 0.000016
49815 0.000015
49816 0.000021
49817 0.000017
49818 0.000016
49819 0.000030
49820 0.000023
49821 0.000033
49822 0.000024
49823 0.000021
49824 0.000037
49825 0.000027
49826 0.000014
49827 0.000007
49828 0.000037
49829 0.000029
49830 0.000025
49831 0.000042
49832 0.000020
49833 0.000019
49834 0.000016
49835 0.000005
49836 0.000005
49837 0.000018
49838 0.000024
49839 0.000030
49840 0.000014
49841 0.000023
49842 0.000015
49843 0.000013
49844 0.000009
49845 0.000010
49846 0.000014
49847 0.000027
49848 0.000022
49849 0.000012
49850 0.000014
49851 0.000019
49852 0.000051
49853 0.000028
49854 0.000036
49855 0.000044
49856 0.000025
49857 0.000022
49858 0.000016
49859 0.000013
49860 0.000025
49861 0.000016
49862 0.000017
49863 0.000016
49864 0.000007
49865 0.000014
49866 0.000029
49867 0.000021
49868 0.000026
49869 0.000025
49870 0.000023
49871 0.000015
49872 0.000030
49873 0.000010
49874 0.000007
49875 0.000018
49876 0.000011
49877 0.000018
49878 0.000014
49879 0.000017
49880 0.000019
49881 0.000022
49882 0.000025
49883 0.000021
49884 0.000037
49885 0.000018
49886 0.000023
49887 0.000012
49888 0.000022
49889 0.000027
49890 0.000024
49891 0.000021
49892 0.000013
49893 0.000012
49894 0.000021
49895 0.000006
49896 0.000015
49897 0.000019
49898 0.000014
49899 0.000026
49900 0.000014
49901 0.000011
49902 0.000014
49903 0.000015
49904 0.000028
49905 0.000022
49906 0.000021
49907 0.000046
49908 0.000036
49909 0.000016
49910 0.000027
49911 0.000023
49912 0.000016
49913 0.000024
49914 0.000033
49915 0.000027
49916 0.000008
49917 0.000019
49918 0.000015
49919 0.000027
49920 0.000029
49921 0.000014
49922 0.000018
49923 0.000019
49924 0.000018
49925 0.000012
49926 0.000031
49927 0.000016
49928 0.000012
49929 0.000011
49930 0.000013
49931 0.000012
49932 0.000037
49933 0.000032
49934 0.000022
49935 0.000018
49936 0.000020
49937 0.000025
49938 0.000028
49939 0.000031
49940 0.000031
49941 0.000034
49942 0.000013
49943 0.000011
49944 0.000011
49945 0.000014
49946 0.000017
49947 0.000016
49948 0.000015
49949 0.000009
49950 0.000035
49951 0.000017
49952 0.000023
49953 0.000018
49954 0.000020
49955 0.000025
49956 0.000020
49957 0.000025
49958 0.000045
49959 0.000036
49960 0.000033
49961 0.000040
49962 0.000018
49963 0.000030
49964 0.000023
49965 0.000005
49966 0.000023
49967 0.000020
49968 0.000013
49969 0.000013
49970 0.000013
49971 0.000016
49972 0.000013
49973 0.000015
49974 0.000026
49975 0.000020
49976 0.000023
49977 0.000011
49978 0.000020
49979 0.000017
49980 0.000018
49981 0.000024
49982 0.000021
49983 0.000023
49984 0.000013
49985 0.000017
49986 0.000020
49987 0.000019
49988 0.000015
49989 0.000026
49990 0.000018
49991 0.000010
49992 0.000028
49993 0.000018
49994 0.000030
49995 0.000022
49996 0.000018
49997 0.000014
49998 0.000012
49999 0.000022
Sum of ranks: 1.000000
Iterations: 11
Converged: true
Execution time: 67.410991 ms
