Algorithm: Greedy Vertex Coloring
Vertex colors:
0 0
1 0
2 0
3 0
4 0
5 0
6 0
7 0
8 0
9 0
10 0
11 0
12 0
13 0
14 0
15 0
16 0
17 0
18 0
19 0
20 0
21 0
22 0
23 0
24 0
25 0
26 0
27 0
28 0
29 0
30 0
31 0
32 0
33 0
34 0
35 0
36 0
37 0
38 0
39 0
40 0
41 0
42 0
43 0
44 0
45 0
46 0
47 0
48 0
49 0
50 0
51 0
52 0
53 0
54 0
55 0
56 0
57 0
58 0
59 0
60 0
61 0
62 0
63 0
64 0
65 0
66 0
67 0
68 0
69 0
70 0
71 0
72 0
73 0
74 0
75 0
76 0
77 0
78 0
79 0
80 0
81 0
82 0
83 0
84 0
85 0
86 0
87 0
88 0
89 0
90 0
91 0
92 0
93 0
94 0
95 0
96 0
97 0
98 0
99 0
100 0
101 0
102 0
103 0
104 0
105 0
106 0
107 0
108 0
109 0
110 0
111 0
112 0
113 0
114 0
115 0
116 0
117 0
118 0
119 0
120 0
121 0
122 0
123 0
124 0
125 0
126 0
127 0
128 0
129 0
130 0
131 0
132 0
133 0
134 0
135 0
136 0
137 0
138 0
139 0
140 0
141 0
142 0
143 0
144 0
145 0
146 0
147 0
148 0
149 0
150 0
151 0
152 0
153 0
154 0
155 0
156 0
157 0
158 0
159 0
160 0
161 0
162 0
163 0
164 0
165 0
166 0
167 0
168 0
169 0
170 0
171 0
172 0
173 0
174 0
175 0
176 0
177 0
178 0
179 0
180 0
181 0
182 0
183 0
184 0
185 0
186 0
187 0
188 0
189 0
190 0
191 0
192 0
193 0
194 0
195 0
196 0
197 0
198 0
199 0
200 0
201 0
202 0
203 0
204 0
205 0
206 0
207 0
208 0
209 0
210 0
211 0
212 0
213 0
214 0
215 0
216 0
217 0
218 0
219 0
220 0
221 0
222 0
223 0
224 0
225 0
226 0
227 0
228 0
229 0
230 0
231 0
232 0
233 0
234 0
235 0
236 0
237 0
238 0
239 0
240 0
241 0
242 0
243 0
244 0
245 0
246 0
247 0
248 0
249 0
250 0
251 0
252 0
253 0
254 0
255 0
256 0
257 0
258 0
259 0
260 0
261 0
262 0
263 0
264 0
265 0
266 0
267 0
268 0
269 0
270 0
271 1
272 0
273 0
274 0
275 0
276 0
277 0
278 0
279 0
280 0
281 0
282 0
283 0
284 0
285 0
286 0
287 0
288 0
289 0
290 0
291 0
292 0
293 0
294 0
295 0
296 0
297 0
298 0
299 0
300 0
301 0
302 0
303 0
304 0
305 0
306 0
307 0
308 0
309 0
310 0
311 0
312 0
313 0
314 0
315 0
316 0
317 0
318 0
319 0
320 0
321 0
322 0
323 0
324 0
325 0
326 0
327 0
328 0
329 0
330 0
331 0
332 0
333 0
334 0
335 0
336 0
337 0
338 0
339 1
340 0
341 0
342 0
343 0
344 0
345 0
346 0
347 0
348 0
349 0
350 0
351 0
352 0
353 0
354 0
355 0
356 0
357 0
358 0
359 0
360 0
361 0
362 0
363 0
364 0
365 0
366 1
367 0
368 0
369 0
370 0
371 0
372 0
373 0
374 0
375 0
376 0
377 0
378 0
379 0
380 0
381 0
382 0
383 0
384 0
385 0
386 0
387 0
388 0
389 0
390 0
391 0
392 0
393 0
394 0
395 0
396 0
397 0
398 0
399 0
400 0
401 0
402 0
403 0
404 0
405 0
406 0
407 0
408 0
409 0
410 0
411 0
412 0
413 0
414 0
415 0
416 0
417 0
418 0
419 0
420 0
421 0
422 0
423 0
424 0
425 0
426 0
427 0
428 0
429 0
430 0
431 0
432 0
433 0
434 0
435 0
436 0
437 0
438 0
439 0
440 0
441 0
442 0
443 0
444 0
445 0
446 0
447 0
448 0
449 0
450 0
451 0
452 0
453 0
454 0
455 0
456 0
457 0
458 0
459 0
460 0
461 0
462 0
463 0
464 0
465 0
466 0
467 0
468 0
469 0
470 0
471 0
472 0
473 0
474 0
475 0
476 0
477 0
478 0
479 1
480 0
481 0
482 0
483 0
484 0
485 0
486 0
487 0
488 0
489 0
490 0
491 0
492 0
493 0
494 0
495 0
496 0
497 0
498 0
499 0
500 0
501 0
502 0
503 0
504 0
505 0
506 0
507 0
508 0
509 0
510 0
511 0
512 0
513 0
514 0
515 0
516 0
517 0
518 0
519 0
520 0
521 0
522 0
523 0
524 0
525 0
526 0
527 0
528 0
529 0
530 0
531 0
532 1
533 0
534 0
535 0
536 0
537 0
538 1
539 0
540 0
541 0
542 0
543 0
544 0
545 0
546 0
547 0
548 0
549 0
550 0
551 0
552 0
553 0
554 0
555 0
556 0
557 0
558 0
559 0
560 1
561 0
562 0
563 0
564 0
565 0
566 0
567 1
568 0
569 0
570 0
571 1
572 0
573 0
574 0
575 1
576 0
577 0
578 1
579 0
580 0
581 0
582 0
583 0
584 0
585 0
586 0
587 0
588 0
589 0
590 0
591 0
592 0
593 0
594 0
595 0
596 0
597 0
598 0
599 0
600 0
601 0
602 0
603 0
604 0
605 0
606 0
607 0
608 0
609 0
610 0
611 0
612 0
613 0
614 0
615 0
616 0
617 0
618 0
619 0
620 0
621 0
622 0
623 0
624 0
625 0
626 0
627 0
628 0
629 0
630 0
631 0
632 0
633 0
634 0
635 0
636 0
637 0
638 0
639 0
640 0
641 0
642 0
643 0
644 0
645 0
646 0
647 0
648 0
649 0
650 0
651 1
652 0
653 1
654 0
655 0
656 0
657 0
658 0
659 0
660 0
661 0
662 0
663 0
664 0
665 0
666 0
667 0
668 0
669 0
670 0
671 0
672 0
673 0
674 0
675 0
676 0
677 0
678 0
679 0
680 0
681 0
682 0
683 0
684 0
685 0
686 0
687 0
688 0
689 0
690 0
691 0
692 0
693 0
694 0
695 0
696 0
697 0
698 0
699 0
700 0
701 0
702 0
703 0
704 0
705 0
706 0
707 0
708 0
709 0
710 0
711 0
712 0
713 0
714 0
715 0
716 0
717 0
718 0
719 0
720 0
721 0
722 0
723 0
724 0
725 0
726 0
727 0
728 0
729 0
730 0
731 0
732 0
733 0
734 0
735 0
736 0
737 0
738 0
739 0
740 0
741 0
742 0
743 1
744 0
745 0
746 0
747 0
748 0
749 0
750 0
751 0
752 0
753 1
754 0
755 0
756 0
757 0
758 0
759 0
760 0
761 0
762 0
763 0
764 0
765 0
766 0
767 0
768 0
769 0
770 0
771 0
772 0
773 0
774 0
775 0
776 0
777 0
778 0
779 0
780 0
781 0
782 0
783 0
784 0
785 0
786 0
787 0
788 0
789 0
790 1
791 0
792 0
793 0
794 0
795 1
796 0
797 1
798 0
799 0
800 0
801 1
802 1
803 0
804 0
805 0
806 0
807 0
808 0
809 0
810 0
811 0
812 0
813 0
814 0
815 0
816 0
817 0
818 0
819 0
820 0
821 0
822 0
823 0
824 0
825 0
826 0
827 0
828 0
829 0
830 0
831 0
832 0
833 0
834 0
835 0
836 1
837 0
838 0
839 0
840 0
841 0
842 0
843 0
844 1
845 0
846 0
847 0
848 0
849 0
850 0
851 0
852 0
853 1
854 0
855 0
856 0
857 0
858 0
859 0
860 0
861 0
862 0
863 0
864 0
865 0
866 0
867 0
868 0
869 0
870 0
871 1
872 0
873 1
874 0
875 0
876 0
877 0
878 0
879 0
880 0
881 0
882 0
883 0
884 0
885 1
886 0
887 0
888 0
889 0
890 0
891 0
892 0
893 0
894 0
895 0
896 1
897 0
898 0
899 1
900 0
901 0
902 0
903 0
904 0
905 0
906 1
907 0
908 1
909 1
910 0
911 0
912 0
913 0
914 0
915 0
916 0
917 0
918 0
919 1
920 0
921 1
922 0
923 1
924 0
925 0
926 0
927 0
928 0
929 0
930 0
931 0
932 0
933 0
934 0
935 0
936 0
937 1
938 0
939 0
940 0
941 0
942 0
943 0
944 0
945 0
946 0
947 0
948 0
949 1
950 0
951 0
952 0
953 1
954 0
955 0
956 0
957 0
958 0
959 0
960 0
961 0
962 0
963 0
964 0
965 0
966 0
967 0
968 0
969 0
970 1
971 0
972 0
973 0
974 0
975 0
976 0
977 0
978 0
979 1
980 0
981 0
982 0
983 1
984 0
985 0
986 0
987 0
988 0
989 0
990 0
991 0
992 0
993 0
994 0
995 1
996 0
997 0
998 2
999 0
1000 0
1001 0
1002 0
1003 0
1004 0
1005 0
1006 0
1007 0
1008 0
1009 0
1010 0
1011 1
1012 0
1013 0
1014 0
1015 0
1016 0
1017 0
1018 0
1019 1
1020 0
1021 0
1022 0
1023 0
1024 0
1025 0
1026 0
1027 0
1028 0
1029 0
1030 0
1031 0
1032 0
1033 0
1034 0
1035 0
1036 0
1037 0
1038 0
1039 0
1040 0
1041 0
1042 0
1043 0
1044 0
1045 0
1046 0
1047 0
1048 0
1049 0
1050 0
1051 0
1052 0
1053 0
1054 1
1055 0
1056 1
1057 0
1058 0
1059 0
1060 0
1061 1
1062 0
1063 0
1064 0
1065 0
1066 0
1067 0
1068 0
1069 0
1070 1
1071 0
1072 0
1073 0
1074 0
1075 0
1076 0
1077 0
1078 0
1079 1
1080 0
1081 0
1082 0
1083 0
1084 0
1085 0
1086 0
1087 0
1088 1
1089 0
1090 0
1091 0
1092 0
1093 1
1094 0
1095 0
1096 0
1097 0
1098 0
1099 0
1100 0
1101 0
1102 0
1103 0
1104 0
1105 0
1106 0
1107 0
1108 0
1109 1
1110 0
1111 1
1112 0
1113 0
1114 0
1115 0
1116 0
1117 0
1118 0
1119 0
1120 0
1121 0
1122 0
1123 0
1124 0
1125 0
1126 0
1127 0
1128 0
1129 0
1130 1
1131 0
1132 0
1133 0
1134 0
1135 0
1136 0
1137 0
1138 0
1139 0
1140 0
1141 1
1142 0
1143 0
1144 1
1145 0
1146 0
1147 1
1148 0
1149 0
1150 0
1151 1
1152 0
1153 0
1154 0
1155 0
1156 0
1157 0
1158 0
1159 0
1160 1
1161 0
1162 0
1163 0
1164 0
1165 0
1166 0
1167 0
1168 1
1169 0
1170 0
1171 1
1172 0
1173 0
1174 0
1175 0
1176 0
1177 0
1178 0
1179 0
1180 0
1181 1
1182 0
1183 0
1184 0
1185 0
1186 0
1187 0
1188 0
1189 0
1190 0
1191 0
1192 0
1193 0
1194 0
1195 0
1196 0
1197 1
1198 0
1199 0
1200 0
1201 0
1202 0
1203 1
1204 0
1205 1
1206 0
1207 0
1208 0
1209 1
1210 0
1211 0
1212 1
1213 0
1214 0
1215 0
1216 0
1217 0
1218 0
1219 0
1220 1
1221 0
1222 0
1223 0
1224 0
1225 0
1226 0
1227 0
1228 0
1229 0
1230 0
1231 0
1232 0
1233 0
1234 0
1235 0
1236 1
1237 1
1238 0
1239 0
1240 0
1241 0
1242 0
1243 0
1244 0
1245 0
1246 0
1247 1
1248 0
1249 0
1250 0
1251 1
1252 0
1253 0
1254 0
1255 0
1256 0
1257 0
1258 0
1259 0
1260 2
1261 0
1262 0
1263 0
1264 0
1265 0
1266 0
1267 0
1268 0
1269 0
1270 0
1271 0
1272 1
1273 0
1274 0
1275 0
1276 0
1277 0
1278 0
1279 0
1280 0
1281 0
1282 0
1283 0
1284 0
1285 0
1286 0
1287 0
1288 0
1289 0
1290 1
1291 1
1292 0
1293 0
1294 0
1295 0
1296 0
1297 0
1298 0
1299 0
1300 0
1301 1
1302 1
1303 0
1304 0
1305 0
1306 0
1307 0
1308 0
1309 1
1310 0
1311 0
1312 0
1313 0
1314 0
1315 0
1316 1
1317 0
1318 0
1319 0
1320 0
1321 0
1322 0
1323 0
1324 0
1325 0
1326 0
1327 1
1328 0
1329 0
1330 0
1331 0
1332 0
1333 1
1334 0
1335 1
1336 0
1337 0
1338 0
1339 0
1340 0
1341 2
1342 0
1343 0
1344 0
1345 0
1346 0
1347 0
1348 1
1349 1
1350 0
1351 0
1352 0
1353 0
1354 0
1355 0
1356 0
1357 0
1358 0
1359 0
1360 1
1361 0
1362 0
1363 0
1364 0
1365 0
1366 0
1367 0
1368 0
1369 0
1370 0
1371 0
1372 0
1373 0
1374 0
1375 0
1376 0
1377 0
1378 0
1379 1
1380 0
1381 0
1382 0
1383 0
1384 0
1385 0
1386 0
1387 1
1388 0
1389 0
1390 0
1391 0
1392 0
1393 0
1394 0
1395 0
1396 0
1397 0
1398 0
1399 0
1400 0
1401 0
1402 0
1403 1
1404 0
1405 0
1406 0
1407 1
1408 0
1409 0
1410 0
1411 0
1412 0
1413 0
1414 0
1415 0
1416 0
1417 2
1418 0
1419 0
1420 1
1421 0
1422 0
1423 0
1424 0
1425 0
1426 0
1427 0
1428 0
1429 0
1430 0
1431 1
1432 1
1433 0
1434 0
1435 0
1436 0
1437 0
1438 0
1439 0
1440 0
1441 1
1442 0
1443 0
1444 0
1445 0
1446 1
1447 1
1448 0
1449 0
1450 0
1451 1
1452 0
1453 1
1454 0
1455 0
1456 0
1457 0
1458 0
1459 0
1460 0
1461 0
1462 0
1463 0
1464 0
1465 0
1466 0
1467 0
1468 0
1469 0
1470 0
1471 0
1472 0
1473 1
1474 0
1475 1
1476 0
1477 0
1478 0
1479 0
1480 0
1481 0
1482 0
1483 1
1484 0
1485 0
1486 0
1487 0
1488 0
1489 1
1490 1
1491 0
1492 0
1493 0
1494 2
1495 0
1496 1
1497 1
1498 0
1499 1
1500 1
1501 0
1502 0
1503 1
1504 0
1505 0
1506 0
1507 0
1508 0
1509 0
1510 0
1511 0
1512 0
1513 0
1514 0
1515 0
1516 0
1517 0
1518 0
1519 1
1520 1
1521 0
1522 0
1523 0
1524 0
1525 0
1526 0
1527 0
1528 1
1529 0
1530 1
1531 0
1532 0
1533 0
1534 0
1535 0
1536 0
1537 0
1538 0
1539 1
1540 0
1541 0
1542 0
1543 0
1544 0
1545 0
1546 0
1547 1
1548 0
1549 0
1550 0
1551 0
1552 1
1553 0
1554 0
1555 0
1556 0
1557 0
1558 1
1559 0
1560 0
1561 0
1562 0
1563 0
1564 0
1565 0
1566 1
1567 0
1568 0
1569 0
1570 1
1571 0
1572 0
1573 0
1574 1
1575 1
1576 0
1577 0
1578 0
1579 0
1580 0
1581 1
1582 0
1583 0
1584 0
1585 0
1586 0
1587 0
1588 0
1589 1
1590 0
1591 0
1592 0
1593 0
1594 0
1595 1
1596 0
1597 1
1598 0
1599 0
1600 0
1601 0
1602 0
1603 1
1604 0
1605 0
1606 0
1607 1
1608 0
1609 0
1610 1
1611 0
1612 1
1613 0
1614 0
1615 0
1616 0
1617 1
1618 0
1619 0
1620 0
1621 1
1622 0
1623 0
1624 0
1625 0
1626 1
1627 0
1628 0
1629 0
1630 1
1631 0
1632 0
1633 0
1634 1
1635 0
1636 0
1637 0
1638 0
1639 0
1640 0
1641 0
1642 0
1643 0
1644 0
1645 1
1646 0
1647 0
1648 0
1649 0
1650 0
1651 1
1652 1
1653 1
1654 0
1655 0
1656 1
1657 1
1658 0
1659 0
1660 0
1661 0
1662 1
1663 1
1664 0
1665 0
1666 0
1667 1
1668 0
1669 1
1670 1
1671 1
1672 0
1673 1
1674 0
1675 0
1676 1
1677 1
1678 0
1679 1
1680 0
1681 0
1682 0
1683 0
1684 0
1685 0
1686 0
1687 0
1688 0
1689 1
1690 0
1691 0
1692 1
1693 0
1694 0
1695 0
1696 1
1697 0
1698 0
1699 0
1700 1
1701 0
1702 0
1703 1
1704 0
1705 0
1706 1
1707 0
1708 0
1709 0
1710 0
1711 0
1712 1
1713 0
1714 0
1715 1
1716 0
1717 0
1718 1
1719 0
1720 1
1721 0
1722 0
1723 0
1724 1
1725 0
1726 0
1727 0
1728 0
1729 0
1730 1
1731 0
1732 0
1733 0
1734 0
1735 0
1736 0
1737 0
1738 1
1739 0
1740 0
1741 0
1742 0
1743 1
1744 0
1745 0
1746 1
1747 0
1748 1
1749 0
1750 0
1751 1
1752 0
1753 0
1754 0
1755 0
1756 0
1757 0
1758 0
1759 0
1760 0
1761 0
1762 1
1763 1
1764 0
1765 0
1766 0
1767 1
1768 0
1769 0
1770 0
1771 0
1772 0
1773 1
1774 0
1775 1
1776 0
1777 0
1778 0
1779 0
1780 0
1781 0
1782 0
1783 0
1784 0
1785 0
1786 0
1787 0
1788 0
1789 1
1790 0
1791 0
1792 0
1793 0
1794 1
1795 0
1796 0
1797 1
1798 1
1799 0
1800 1
1801 0
1802 1
1803 0
1804 0
1805 0
1806 1
1807 0
1808 0
1809 0
1810 1
1811 0
1812 0
1813 0
1814 0
1815 0
1816 0
1817 0
1818 0
1819 1
1820 0
1821 1
1822 0
1823 0
1824 1
1825 0
1826 1
1827 1
1828 1
1829 0
1830 0
1831 1
1832 1
1833 0
1834 1
1835 0
1836 0
1837 0
1838 1
1839 1
1840 1
1841 0
1842 0
1843 1
1844 0
1845 1
1846 0
1847 1
1848 0
1849 0
1850 0
1851 1
1852 1
1853 1
1854 1
1855 0
1856 0
1857 0
1858 1
1859 0
1860 0
1861 1
1862 0
1863 0
1864 0
1865 0
1866 0
1867 0
1868 0
1869 0
1870 0
1871 0
1872 0
1873 0
1874 1
1875 0
1876 0
1877 0
1878 1
1879 0
1880 0
1881 0
1882 0
1883 0
1884 1
1885 0
1886 0
1887 0
1888 0
1889 0
1890 0
1891 2
1892 0
1893 1
1894 1
1895 0
1896 0
1897 1
1898 0
1899 0
1900 2
1901 0
1902 0
1903 0
1904 0
1905 0
1906 0
1907 0
1908 1
1909 0
1910 0
1911 0
1912 0
1913 0
1914 0
1915 0
1916 0
1917 0
1918 0
1919 0
1920 2
1921 1
1922 1
1923 0
1924 0
1925 0
1926 0
1927 0
1928 1
1929 0
1930 1
1931 1
1932 0
1933 1
1934 0
1935 0
1936 0
1937 1
1938 0
1939 1
1940 0
1941 0
1942 1
1943 1
1944 0
1945 1
1946 0
1947 0
1948 0
1949 0
1950 0
1951 0
1952 0
1953 0
1954 1
1955 2
1956 0
1957 0
1958 0
1959 0
1960 0
1961 0
1962 0
1963 0
1964 0
1965 0
1966 0
1967 0
1968 1
1969 0
1970 0
1971 1
1972 0
1973 1
1974 0
1975 0
1976 0
1977 1
1978 0
1979 0
1980 1
1981 0
1982 0
1983 0
1984 1
1985 0
1986 0
1987 0
1988 0
1989 0
1990 1
1991 0
1992 0
1993 0
1994 1
1995 0
1996 1
1997 0
1998 0
1999 0
2000 0
2001 0
2002 0
2003 1
2004 1
2005 2
2006 0
2007 0
2008 0
2009 0
2010 1
2011 0
2012 0
2013 0
2014 0
2015 0
2016 2
2017 0
2018 0
2019 0
2020 0
2021 1
2022 0
2023 1
2024 0
2025 1
2026 0
2027 1
2028 0
2029 0
2030 0
2031 0
2032 0
2033 0
2034 0
2035 0
2036 2
2037 0
2038 2
2039 0
2040 0
2041 1
2042 1
2043 0
2044 0
2045 0
2046 1
2047 0
2048 0
2049 2
2050 0
2051 0
2052 0
2053 0
2054 0
2055 0
2056 0
2057 0
2058 0
2059 0
2060 0
2061 0
2062 0
2063 0
2064 1
2065 0
2066 0
2067 1
2068 0
2069 0
2070 0
2071 1
2072 1
2073 0
2074 0
2075 0
2076 2
2077 2
2078 1
2079 1
2080 1
2081 2
2082 0
2083 0
2084 1
2085 0
2086 1
2087 0
2088 0
2089 0
2090 0
2091 0
2092 0
2093 0
2094 0
2095 0
2096 0
2097 0
2098 0
2099 0
2100 0
2101 0
2102 0
2103 1
2104 1
2105 1
2106 1
2107 0
2108 0
2109 0
2110 0
2111 0
2112 0
2113 1
2114 1
2115 0
2116 1
2117 0
2118 1
2119 2
2120 2
2121 1
2122 1
2123 0
2124 0
2125 2
2126 0
2127 0
2128 0
2129 0
2130 1
2131 0
2132 1
2133 0
2134 0
2135 0
2136 0
2137 0
2138 1
2139 1
2140 0
2141 0
2142 0
2143 1
2144 2
2145 1
2146 0
2147 0
2148 0
2149 0
2150 1
2151 0
2152 0
2153 0
2154 1
2155 1
2156 0
2157 0
2158 0
2159 1
2160 0
2161 0
2162 0
2163 0
2164 2
2165 0
2166 1
2167 0
2168 1
2169 0
2170 0
2171 1
2172 0
2173 0
2174 1
2175 1
2176 0
2177 1
2178 2
2179 1
2180 0
2181 0
2182 0
2183 0
2184 0
2185 0
2186 0
2187 0
2188 0
2189 0
2190 0
2191 0
2192 0
2193 0
2194 0
2195 0
2196 0
2197 1
2198 0
2199 1
2200 0
2201 2
2202 1
2203 0
2204 0
2205 2
2206 0
2207 1
2208 0
2209 0
2210 1
2211 0
2212 0
2213 0
2214 0
2215 1
2216 0
2217 0
2218 0
2219 0
2220 0
2221 0
2222 0
2223 1
2224 0
2225 0
2226 0
2227 1
2228 0
2229 0
2230 0
2231 0
2232 1
2233 1
2234 1
2235 1
2236 0
2237 1
2238 0
2239 2
2240 0
2241 0
2242 0
2243 0
2244 1
2245 0
2246 0
2247 1
2248 1
2249 0
2250 0
2251 0
2252 0
2253 0
2254 1
2255 1
2256 1
2257 0
2258 0
2259 1
2260 0
2261 2
2262 0
2263 0
2264 0
2265 0
2266 0
2267 0
2268 0
2269 0
2270 2
2271 1
2272 2
2273 1
2274 0
2275 0
2276 0
2277 0
2278 1
2279 1
2280 0
2281 1
2282 0
2283 0
2284 0
2285 2
2286 2
2287 0
2288 0
2289 0
2290 0
2291 0
2292 0
2293 1
2294 0
2295 0
2296 0
2297 1
2298 0
2299 0
2300 0
2301 0
2302 0
2303 0
2304 0
2305 0
2306 0
2307 1
2308 0
2309 0
2310 1
2311 0
2312 0
2313 0
2314 0
2315 0
2316 0
2317 1
2318 0
2319 0
2320 0
2321 0
2322 0
2323 1
2324 0
2325 1
2326 2
2327 0
2328 0
2329 0
2330 0
2331 1
2332 0
2333 1
2334 0
2335 0
2336 0
2337 0
2338 1
2339 1
2340 1
2341 0
2342 0
2343 0
2344 0
2345 2
2346 0
2347 2
2348 0
2349 1
2350 0
2351 0
2352 2
2353 0
2354 0
2355 0
2356 1
2357 0
2358 1
2359 1
2360 0
2361 1
2362 1
2363 0
2364 2
2365 1
2366 0
2367 1
2368 0
2369 1
2370 1
2371 0
2372 0
2373 0
2374 0
2375 0
2376 1
2377 0
2378 0
2379 0
2380 0
2381 1
2382 1
2383 1
2384 0
2385 1
2386 0
2387 0
2388 1
2389 0
2390 2
2391 0
2392 0
2393 0
2394 1
2395 0
2396 1
2397 0
2398 0
2399 1
2400 1
2401 0
2402 0
2403 0
2404 0
2405 1
2406 0
2407 1
2408 0
2409 1
2410 2
2411 0
2412 0
2413 2
2414 0
2415 0
2416 2
2417 2
2418 0
2419 0
2420 1
2421 1
2422 0
2423 0
2424 1
2425 0
2426 1
2427 0
2428 0
2429 1
2430 0
2431 0
2432 1
2433 0
2434 0
2435 1
2436 0
2437 1
2438 1
2439 0
2440 1
2441 0
2442 0
2443 1
2444 1
2445 1
2446 0
2447 0
2448 1
2449 0
2450 1
2451 0
2452 1
2453 1
2454 0
2455 0
2456 1
2457 0
2458 0
2459 0
2460 0
2461 0
2462 0
2463 0
2464 1
2465 1
2466 1
2467 0
2468 0
2469 1
2470 0
2471 0
2472 0
2473 1
2474 0
2475 1
2476 1
2477 0
2478 0
2479 0
2480 0
2481 1
2482 1
2483 0
2484 0
2485 1
2486 1
2487 0
2488 0
2489 1
2490 0
2491 0
2492 0
2493 0
2494 0
2495 0
2496 0
2497 0
2498 0
2499 1
2500 0
2501 0
2502 0
2503 0
2504 1
2505 1
2506 0
2507 0
2508 0
2509 0
2510 0
2511 1
2512 2
2513 0
2514 0
2515 0
2516 0
2517 3
2518 0
2519 1
2520 1
2521 0
2522 0
2523 1
2524 1
2525 1
2526 1
2527 1
2528 0
2529 0
2530 1
2531 2
2532 0
2533 1
2534 0
2535 0
2536 1
2537 1
2538 1
2539 0
2540 0
2541 0
2542 0
2543 0
2544 0
2545 1
2546 1
2547 0
2548 1
2549 0
2550 0
2551 0
2552 0
2553 1
2554 1
2555 1
2556 0
2557 0
2558 1
2559 0
2560 2
2561 0
2562 0
2563 0
2564 0
2565 1
2566 0
2567 1
2568 1
2569 0
2570 1
2571 0
2572 0
2573 0
2574 1
2575 1
2576 0
2577 0
2578 0
2579 0
2580 0
2581 0
2582 0
2583 0
2584 1
2585 0
2586 1
2587 1
2588 1
2589 0
2590 0
2591 0
2592 0
2593 0
2594 0
2595 1
2596 1
2597 0
2598 0
2599 0
2600 1
2601 0
2602 0
2603 1
2604 0
2605 1
2606 0
2607 0
2608 1
2609 1
2610 0
2611 0
2612 0
2613 0
2614 0
2615 0
2616 1
2617 1
2618 2
2619 1
2620 2
2621 0
2622 0
2623 0
2624 2
2625 0
2626 0
2627 2
2628 0
2629 3
2630 0
2631 2
2632 1
2633 0
2634 1
2635 0
2636 0
2637 0
2638 0
2639 1
2640 1
2641 0
2642 0
2643 0
2644 1
2645 1
2646 0
2647 1
2648 1
2649 0
2650 1
2651 0
2652 1
2653 0
2654 0
2655 0
2656 2
2657 1
2658 0
2659 1
2660 1
2661 1
2662 0
2663 1
2664 0
2665 1
2666 0
2667 1
2668 0
2669 0
2670 0
2671 0
2672 0
2673 0
2674 1
2675 0
2676 0
2677 0
2678 0
2679 0
2680 1
2681 1
2682 0
2683 1
2684 0
2685 1
2686 2
2687 0
2688 1
2689 2
2690 0
2691 0
2692 0
2693 1
2694 1
2695 1
2696 1
2697 1
2698 0
2699 1
2700 0
2701 2
2702 1
2703 1
2704 0
2705 1
2706 1
2707 0
2708 3
2709 1
2710 0
2711 0
2712 0
2713 0
2714 1
2715 0
2716 1
2717 2
2718 1
2719 1
2720 0
2721 0
2722 1
2723 1
2724 0
2725 1
2726 1
2727 1
2728 2
2729 1
2730 2
2731 1
2732 1
2733 0
2734 1
2735 2
2736 1
2737 0
2738 1
2739 0
2740 0
2741 1
2742 2
2743 0
2744 0
2745 1
2746 0
2747 1
2748 1
2749 0
2750 0
2751 1
2752 0
2753 0
2754 2
2755 1
2756 2
2757 1
2758 0
2759 0
2760 0
2761 0
2762 0
2763 0
2764 0
2765 2
2766 0
2767 1
2768 0
2769 1
2770 0
2771 0
2772 2
2773 1
2774 1
2775 0
2776 1
2777 1
2778 0
2779 0
2780 0
2781 2
2782 0
2783 1
2784 0
2785 0
2786 1
2787 0
2788 0
2789 0
2790 2
2791 0
2792 2
2793 1
2794 2
2795 1
2796 0
2797 0
2798 0
2799 0
2800 2
2801 0
2802 0
2803 0
2804 0
2805 0
2806 0
2807 1
2808 0
2809 1
2810 1
2811 1
2812 1
2813 0
2814 0
2815 0
2816 2
2817 1
2818 0
2819 0
2820 1
2821 1
2822 0
2823 1
2824 0
2825 1
2826 0
2827 0
2828 2
2829 0
2830 2
2831 0
2832 1
2833 1
2834 0
2835 1
2836 0
2837 0
2838 0
2839 0
2840 0
2841 0
2842 0
2843 1
2844 1
2845 0
2846 0
2847 0
2848 0
2849 0
2850 1
2851 0
2852 0
2853 1
2854 0
2855 0
2856 1
2857 0
2858 1
2859 1
2860 0
2861 0
2862 1
2863 0
2864 1
2865 0
2866 0
2867 0
2868 0
2869 0
2870 1
2871 1
2872 1
2873 0
2874 0
2875 0
2876 0
2877 2
2878 1
2879 0
2880 0
2881 0
2882 0
2883 0
2884 0
2885 0
2886 0
2887 1
2888 2
2889 1
2890 0
2891 0
2892 0
2893 1
2894 0
2895 0
2896 0
2897 0
2898 0
2899 0
2900 0
2901 0
2902 0
2903 0
2904 1
2905 0
2906 0
2907 1
2908 0
2909 1
2910 1
2911 1
2912 0
2913 0
2914 2
2915 0
2916 1
2917 0
2918 0
2919 0
2920 0
2921 1
2922 2
2923 0
2924 0
2925 0
2926 0
2927 0
2928 1
2929 0
2930 1
2931 2
2932 0
2933 0
2934 0
2935 0
2936 0
2937 1
2938 0
2939 2
2940 2
2941 2
2942 1
2943 2
2944 0
2945 0
2946 1
2947 1
2948 1
2949 0
2950 1
2951 1
2952 0
2953 0
2954 0
2955 0
2956 0
2957 0
2958 0
2959 0
2960 1
2961 2
2962 0
2963 0
2964 0
2965 0
2966 1
2967 0
2968 0
2969 0
2970 0
2971 0
2972 2
2973 0
2974 0
2975 0
2976 1
2977 2
2978 1
2979 0
2980 0
2981 1
2982 1
2983 0
2984 1
2985 0
2986 1
2987 1
2988 0
2989 0
2990 2
2991 0
2992 0
2993 1
2994 0
2995 0
2996 1
2997 0
2998 0
2999 1
3000 0
3001 1
3002 1
3003 0
3004 1
3005 0
3006 0
3007 1
3008 1
3009 1
3010 0
3011 0
3012 2
3013 0
3014 2
3015 0
3016 1
3017 0
3018 2
3019 1
3020 0
3021 1
3022 0
3023 0
3024 1
3025 0
3026 0
3027 1
3028 0
3029 2
3030 1
3031 0
3032 1
3033 0
3034 1
3035 0
3036 1
3037 0
3038 0
3039 1
3040 0
3041 1
3042 0
3043 0
3044 1
3045 0
3046 0
3047 0
3048 1
3049 0
3050 1
3051 0
3052 1
3053 1
3054 0
3055 0
3056 0
3057 0
3058 2
3059 0
3060 0
3061 0
3062 0
3063 2
3064 1
3065 0
3066 0
3067 0
3068 1
3069 1
3070 1
3071 0
3072 0
3073 0
3074 0
3075 1
3076 0
3077 0
3078 2
3079 0
3080 0
3081 0
3082 0
3083 1
3084 2
3085 1
3086 0
3087 1
3088 0
3089 1
3090 0
3091 2
3092 1
3093 1
3094 0
3095 1
3096 0
3097 0
3098 0
3099 0
3100 0
3101 1
3102 0
3103 0
3104 0
3105 0
3106 0
3107 0
3108 1
3109 1
3110 0
3111 1
3112 1
3113 0
3114 1
3115 1
3116 1
3117 0
3118 0
3119 2
3120 1
3121 0
3122 0
3123 0
3124 1
3125 2
3126 1
3127 1
3128 0
3129 2
3130 1
3131 2
3132 0
3133 0
3134 0
3135 1
3136 1
3137 0
3138 2
3139 0
3140 1
3141 0
3142 1
3143 0
3144 0
3145 1
3146 0
3147 0
3148 0
3149 1
3150 0
3151 0
3152 0
3153 2
3154 1
3155 0
3156 0
3157 0
3158 0
3159 2
3160 2
3161 1
3162 0
3163 2
3164 0
3165 1
3166 0
3167 0
3168 1
3169 0
3170 0
3171 1
3172 0
3173 0
3174 0
3175 0
3176 1
3177 0
3178 1
3179 1
3180 1
3181 2
3182 0
3183 0
3184 0
3185 0
3186 1
3187 0
3188 1
3189 1
3190 2
3191 0
3192 1
3193 1
3194 0
3195 0
3196 2
3197 0
3198 0
3199 0
3200 1
3201 0
3202 2
3203 2
3204 0
3205 0
3206 1
3207 0
3208 0
3209 1
3210 1
3211 1
3212 0
3213 0
3214 0
3215 1
3216 1
3217 1
3218 0
3219 0
3220 1
3221 1
3222 0
3223 0
3224 1
3225 2
3226 0
3227 1
3228 0
3229 1
3230 1
3231 0
3232 0
3233 0
3234 0
3235 1
3236 1
3237 1
3238 0
3239 1
3240 0
3241 2
3242 2
3243 0
3244 0
3245 0
3246 0
3247 1
3248 0
3249 2
3250 0
3251 0
3252 0
3253 0
3254 1
3255 1
3256 0
3257 1
3258 1
3259 0
3260 0
3261 0
3262 1
3263 3
3264 0
3265 1
3266 1
3267 0
3268 0
3269 0
3270 1
3271 0
3272 1
3273 0
3274 2
3275 0
3276 1
3277 0
3278 2
3279 0
3280 2
3281 1
3282 0
3283 0
3284 0
3285 0
3286 1
3287 0
3288 0
3289 0
3290 1
3291 1
3292 0
3293 2
3294 2
3295 0
3296 0
3297 1
3298 0
3299 1
3300 1
3301 2
3302 1
3303 0
3304 0
3305 0
3306 0
3307 1
3308 0
3309 1
3310 1
3311 0
3312 0
3313 1
3314 0
3315 0
3316 1
3317 1
3318 0
3319 2
3320 0
3321 0
3322 1
3323 1
3324 0
3325 1
3326 0
3327 0
3328 2
3329 0
3330 1
3331 1
3332 1
3333 0
3334 1
3335 2
3336 0
3337 2
3338 1
3339 0
3340 0
3341 1
3342 0
3343 0
3344 0
3345 2
3346 0
3347 1
3348 1
3349 1
3350 0
3351 1
3352 1
3353 1
3354 0
3355 0
3356 0
3357 0
3358 0
3359 0
3360 0
3361 0
3362 0
3363 0
3364 0
3365 0
3366 1
3367 0
3368 0
3369 0
3370 0
3371 1
3372 2
3373 0
3374 0
3375 0
3376 2
3377 0
3378 0
3379 1
3380 0
3381 0
3382 1
3383 2
3384 0
3385 0
3386 1
3387 0
3388 1
3389 0
3390 1
3391 0
3392 0
3393 1
3394 0
3395 2
3396 0
3397 0
3398 1
3399 0
3400 2
3401 1
3402 0
3403 0
3404 2
3405 0
3406 0
3407 0
3408 0
3409 1
3410 0
3411 1
3412 1
3413 0
3414 0
3415 0
3416 2
3417 1
3418 3
3419 0
3420 0
3421 0
3422 0
3423 0
3424 1
3425 0
3426 1
3427 2
3428 1
3429 1
3430 0
3431 0
3432 0
3433 0
3434 1
3435 2
3436 1
3437 0
3438 0
3439 1
3440 1
3441 0
3442 0
3443 2
3444 0
3445 0
3446 2
3447 1
3448 1
3449 1
3450 2
3451 0
3452 0
3453 0
3454 1
3455 0
3456 1
3457 1
3458 2
3459 0
3460 2
3461 0
3462 1
3463 1
3464 2
3465 2
3466 1
3467 2
3468 0
3469 2
3470 1
3471 0
3472 1
3473 0
3474 0
3475 0
3476 1
3477 2
3478 0
3479 3
3480 2
3481 1
3482 1
3483 0
3484 0
3485 1
3486 0
3487 0
3488 1
3489 1
3490 0
3491 1
3492 0
3493 0
3494 0
3495 0
3496 0
3497 2
3498 0
3499 1
3500 2
3501 1
3502 1
3503 0
3504 2
3505 1
3506 2
3507 0
3508 2
3509 0
3510 1
3511 1
3512 1
3513 2
3514 2
3515 0
3516 0
3517 0
3518 0
3519 1
3520 1
3521 2
3522 0
3523 0
3524 2
3525 1
3526 1
3527 1
3528 0
3529 0
3530 0
3531 0
3532 2
3533 0
3534 0
3535 0
3536 0
3537 1
3538 0
3539 0
3540 2
3541 0
3542 1
3543 0
3544 0
3545 0
3546 1
3547 1
3548 1
3549 0
3550 1
3551 1
3552 0
3553 0
3554 2
3555 2
3556 1
3557 1
3558 1
3559 1
3560 0
3561 0
3562 0
3563 0
3564 1
3565 2
3566 0
3567 1
3568 0
3569 0
3570 2
3571 0
3572 1
3573 0
3574 0
3575 1
3576 0
3577 1
3578 0
3579 1
3580 0
3581 0
3582 2
3583 0
3584 0
3585 0
3586 2
3587 0
3588 2
3589 1
3590 1
3591 0
3592 1
3593 0
3594 0
3595 1
3596 1
3597 1
3598 1
3599 1
3600 0
3601 1
3602 1
3603 0
3604 1
3605 0
3606 0
3607 0
3608 0
3609 0
3610 0
3611 1
3612 0
3613 0
3614 0
3615 0
3616 1
3617 1
3618 1
3619 0
3620 2
3621 0
3622 0
3623 0
3624 1
3625 0
3626 0
3627 1
3628 0
3629 0
3630 3
3631 0
3632 1
3633 1
3634 2
3635 1
3636 0
3637 0
3638 1
3639 0
3640 2
3641 2
3642 0
3643 1
3644 0
3645 0
3646 1
3647 1
3648 0
3649 0
3650 2
3651 0
3652 0
3653 0
3654 1
3655 1
3656 2
3657 2
3658 1
3659 1
3660 1
3661 1
3662 0
3663 0
3664 1
3665 1
3666 0
3667 0
3668 0
3669 0
3670 0
3671 0
3672 1
3673 0
3674 1
3675 0
3676 0
3677 1
3678 2
3679 1
3680 1
3681 0
3682 0
3683 0
3684 0
3685 0
3686 0
3687 1
3688 0
3689 2
3690 0
3691 2
3692 1
3693 0
3694 2
3695 0
3696 0
3697 1
3698 1
3699 0
3700 0
3701 1
3702 0
3703 2
3704 0
3705 1
3706 0
3707 2
3708 0
3709 0
3710 2
3711 1
3712 0
3713 0
3714 1
3715 0
3716 1
3717 0
3718 0
3719 1
3720 0
3721 1
3722 1
3723 2
3724 1
3725 0
3726 1
3727 0
3728 0
3729 1
3730 2
3731 0
3732 3
3733 0
3734 1
3735 0
3736 0
3737 1
3738 0
3739 1
3740 0
3741 1
3742 1
3743 2
3744 2
3745 1
3746 0
3747 0
3748 1
3749 0
3750 0
3751 0
3752 1
3753 0
3754 0
3755 1
3756 1
3757 0
3758 0
3759 0
3760 2
3761 1
3762 0
3763 2
3764 0
3765 2
3766 2
3767 1
3768 0
3769 1
3770 2
3771 0
3772 0
3773 1
3774 2
3775 1
3776 1
3777 3
3778 0
3779 0
3780 1
3781 1
3782 1
3783 0
3784 1
3785 1
3786 1
3787 2
3788 1
3789 1
3790 0
3791 0
3792 0
3793 2
3794 2
3795 0
3796 0
3797 1
3798 1
3799 0
3800 2
3801 1
3802 0
3803 2
3804 0
3805 1
3806 0
3807 2
3808 0
3809 2
3810 1
3811 1
3812 1
3813 3
3814 0
3815 2
3816 0
3817 0
3818 1
3819 0
3820 0
3821 0
3822 1
3823 0
3824 0
3825 2
3826 1
3827 0
3828 1
3829 0
3830 1
3831 0
3832 1
3833 0
3834 0
3835 0
3836 3
3837 1
3838 2
3839 2
3840 1
3841 0
3842 1
3843 1
3844 2
3845 0
3846 1
3847 0
3848 1
3849 0
3850 1
3851 0
3852 1
3853 1
3854 2
3855 0
3856 1
3857 0
3858 1
3859 3
3860 0
3861 1
3862 1
3863 0
3864 1
3865 1
3866 1
3867 1
3868 0
3869 0
3870 2
3871 0
3872 1
3873 1
3874 1
3875 2
3876 1
3877 1
3878 0
3879 1
3880 0
3881 0
3882 0
3883 0
3884 1
3885 0
3886 0
3887 1
3888 0
3889 1
3890 0
3891 1
3892 2
3893 1
3894 1
3895 1
3896 1
3897 2
3898 0
3899 1
3900 0
3901 0
3902 0
3903 1
3904 0
3905 0
3906 0
3907 0
3908 2
3909 0
3910 1
3911 0
3912 1
3913 0
3914 0
3915 3
3916 2
3917 0
3918 1
3919 1
3920 1
3921 0
3922 2
3923 1
3924 0
3925 1
3926 0
3927 0
3928 1
3929 1
3930 0
3931 0
3932 1
3933 0
3934 1
3935 0
3936 1
3937 0
3938 0
3939 2
3940 0
3941 3
3942 1
3943 1
3944 2
3945 1
3946 2
3947 0
3948 1
3949 2
3950 0
3951 0
3952 0
3953 0
3954 0
3955 1
3956 0
3957 0
3958 0
3959 0
3960 0
3961 1
3962 1
3963 1
3964 1
3965 1
3966 2
3967 0
3968 0
3969 2
3970 1
3971 0
3972 0
3973 0
3974 1
3975 0
3976 0
3977 1
3978 1
3979 1
3980 0
3981 0
3982 3
3983 1
3984 0
3985 0
3986 3
3987 1
3988 0
3989 0
3990 0
3991 0
3992 1
3993 1
3994 2
3995 1
3996 0
3997 0
3998 1
3999 2
4000 2
4001 0
4002 2
4003 1
4004 1
4005 1
4006 0
4007 0
4008 0
4009 1
4010 1
4011 2
4012 1
4013 1
4014 0
4015 0
4016 2
4017 0
4018 0
4019 0
4020 0
4021 2
4022 1
4023 2
4024 0
4025 0
4026 0
4027 1
4028 1
4029 1
4030 0
4031 0
4032 0
4033 0
4034 1
4035 0
4036 0
4037 0
4038 0
4039 0
4040 1
4041 1
4042 0
4043 0
4044 1
4045 1
4046 1
4047 2
4048 1
4049 1
4050 2
4051 0
4052 0
4053 2
4054 0
4055 0
4056 0
4057 0
4058 0
4059 2
4060 2
4061 2
4062 2
4063 0
4064 1
4065 1
4066 2
4067 2
4068 0
4069 0
4070 0
4071 0
4072 0
4073 2
4074 0
4075 2
4076 0
4077 0
4078 0
4079 0
4080 0
4081 1
4082 2
4083 0
4084 0
4085 0
4086 1
4087 0
4088 1
4089 1
4090 1
4091 2
4092 0
4093 0
4094 1
4095 1
4096 1
4097 1
4098 0
4099 0
4100 3
4101 0
4102 0
4103 1
4104 0
4105 1
4106 0
4107 0
4108 2
4109 1
4110 0
4111 0
4112 1
4113 2
4114 2
4115 0
4116 2
4117 2
4118 0
4119 1
4120 0
4121 1
4122 1
4123 0
4124 1
4125 0
4126 0
4127 1
4128 1
4129 2
4130 2
4131 1
4132 1
4133 1
4134 2
4135 1
4136 1
4137 0
4138 0
4139 0
4140 0
4141 0
4142 1
4143 0
4144 0
4145 2
4146 0
4147 1
4148 2
4149 0
4150 2
4151 2
4152 1
4153 3
4154 0
4155 0
4156 2
4157 2
4158 0
4159 2
4160 0
4161 2
4162 1
4163 1
4164 1
4165 2
4166 0
4167 2
4168 2
4169 1
4170 0
4171 1
4172 2
4173 1
4174 0
4175 0
4176 2
4177 0
4178 1
4179 0
4180 2
4181 1
4182 2
4183 2
4184 0
4185 2
4186 2
4187 0
4188 2
4189 0
4190 2
4191 0
4192 1
4193 1
4194 2
4195 1
4196 0
4197 1
4198 2
4199 0
4200 2
4201 0
4202 0
4203 2
4204 1
4205 0
4206 0
4207 2
4208 1
4209 0
4210 0
4211 1
4212 2
4213 0
4214 3
4215 0
4216 0
4217 0
4218 1
4219 0
4220 2
4221 2
4222 0
4223 0
4224 1
4225 0
4226 0
4227 2
4228 0
4229 1
4230 2
4231 0
4232 1
4233 3
4234 0
4235 3
4236 1
4237 1
4238 1
4239 0
4240 2
4241 1
4242 0
4243 0
4244 0
4245 0
4246 0
4247 0
4248 2
4249 0
4250 0
4251 0
4252 1
4253 2
4254 0
4255 2
4256 1
4257 1
4258 1
4259 2
4260 1
4261 1
4262 1
4263 0
4264 1
4265 1
4266 2
4267 2
4268 2
4269 0
4270 0
4271 1
4272 1
4273 0
4274 0
4275 0
4276 0
4277 2
4278 1
4279 0
4280 2
4281 0
4282 2
4283 1
4284 0
4285 0
4286 0
4287 1
4288 1
4289 0
4290 0
4291 0
4292 1
4293 0
4294 1
4295 2
4296 1
4297 1
4298 2
4299 2
4300 2
4301 0
4302 3
4303 1
4304 0
4305 2
4306 2
4307 0
4308 1
4309 2
4310 0
4311 2
4312 1
4313 1
4314 1
4315 2
4316 0
4317 2
4318 1
4319 2
4320 0
4321 1
4322 1
4323 3
4324 0
4325 1
4326 1
4327 1
4328 2
4329 1
4330 1
4331 1
4332 0
4333 2
4334 1
4335 0
4336 0
4337 0
4338 0
4339 1
4340 1
4341 1
4342 0
4343 0
4344 1
4345 1
4346 2
4347 1
4348 0
4349 2
4350 1
4351 2
4352 0
4353 1
4354 1
4355 0
4356 0
4357 2
4358 3
4359 3
4360 2
4361 2
4362 1
4363 1
4364 0
4365 0
4366 0
4367 2
4368 2
4369 1
4370 0
4371 0
4372 0
4373 1
4374 2
4375 2
4376 0
4377 0
4378 2
4379 0
4380 1
4381 0
4382 2
4383 2
4384 0
4385 2
4386 1
4387 0
4388 1
4389 0
4390 1
4391 0
4392 1
4393 0
4394 1
4395 0
4396 1
4397 1
4398 0
4399 1
4400 0
4401 1
4402 2
4403 2
4404 2
4405 0
4406 0
4407 0
4408 2
4409 1
4410 1
4411 2
4412 1
4413 1
4414 1
4415 0
4416 0
4417 1
4418 1
4419 0
4420 1
4421 1
4422 1
4423 1
4424 2
4425 2
4426 1
4427 0
4428 0
4429 1
4430 0
4431 1
4432 1
4433 1
4434 0
4435 0
4436 2
4437 1
4438 1
4439 0
4440 0
4441 2
4442 1
4443 3
4444 0
4445 2
4446 0
4447 1
4448 0
4449 0
4450 1
4451 1
4452 1
4453 1
4454 0
4455 1
4456 1
4457 0
4458 1
4459 0
4460 1
4461 1
4462 2
4463 3
4464 0
4465 0
4466 2
4467 1
4468 1
4469 0
4470 0
4471 2
4472 0
4473 0
4474 0
4475 2
4476 0
4477 2
4478 1
4479 0
4480 1
4481 2
4482 1
4483 1
4484 0
4485 0
4486 1
4487 1
4488 0
4489 0
4490 0
4491 2
4492 3
4493 0
4494 1
4495 1
4496 3
4497 0
4498 2
4499 1
4500 1
4501 0
4502 0
4503 1
4504 0
4505 0
4506 0
4507 0
4508 1
4509 0
4510 2
4511 2
4512 1
4513 2
4514 1
4515 1
4516 1
4517 1
4518 0
4519 0
4520 0
4521 0
4522 0
4523 0
4524 0
4525 0
4526 1
4527 0
4528 1
4529 2
4530 1
4531 2
4532 2
4533 0
4534 2
4535 2
4536 0
4537 1
4538 2
4539 3
4540 0
4541 0
4542 1
4543 2
4544 1
4545 1
4546 2
4547 0
4548 1
4549 0
4550 0
4551 1
4552 2
4553 1
4554 0
4555 0
4556 1
4557 0
4558 2
4559 0
4560 0
4561 2
4562 0
4563 1
4564 0
4565 1
4566 0
4567 2
4568 0
4569 2
4570 0
4571 1
4572 3
4573 0
4574 1
4575 1
4576 0
4577 2
4578 0
4579 1
4580 1
4581 2
4582 3
4583 1
4584 2
4585 1
4586 3
4587 1
4588 2
4589 2
4590 1
4591 0
4592 1
4593 1
4594 0
4595 1
4596 1
4597 1
4598 0
4599 1
4600 2
4601 0
4602 0
4603 2
4604 1
4605 3
4606 0
4607 0
4608 1
4609 0
4610 1
4611 1
4612 2
4613 1
4614 0
4615 1
4616 0
4617 0
4618 0
4619 1
4620 0
4621 2
4622 1
4623 1
4624 2
4625 0
4626 0
4627 1
4628 1
4629 0
4630 0
4631 1
4632 1
4633 2
4634 2
4635 0
4636 0
4637 1
4638 0
4639 2
4640 3
4641 3
4642 0
4643 1
4644 0
4645 1
4646 1
4647 1
4648 0
4649 1
4650 1
4651 1
4652 2
4653 2
4654 0
4655 1
4656 1
4657 3
4658 1
4659 0
4660 0
4661 0
4662 1
4663 1
4664 1
4665 0
4666 2
4667 0
4668 1
4669 2
4670 1
4671 3
4672 1
4673 0
4674 2
4675 1
4676 1
4677 1
4678 0
4679 2
4680 3
4681 2
4682 1
4683 0
4684 1
4685 1
4686 0
4687 2
4688 0
4689 1
4690 0
4691 1
4692 1
4693 1
4694 0
4695 1
4696 0
4697 0
4698 0
4699 3
4700 0
4701 3
4702 0
4703 2
4704 1
4705 2
4706 2
4707 0
4708 1
4709 2
4710 2
4711 0
4712 1
4713 0
4714 1
4715 3
4716 1
4717 0
4718 2
4719 2
4720 0
4721 1
4722 0
4723 1
4724 0
4725 0
4726 2
4727 0
4728 0
4729 2
4730 0
4731 0
4732 2
4733 2
4734 0
4735 1
4736 2
4737 0
4738 1
4739 0
4740 2
4741 1
4742 1
4743 0
4744 2
4745 2
4746 0
4747 1
4748 0
4749 2
4750 1
4751 1
4752 3
4753 0
4754 1
4755 0
4756 2
4757 0
4758 1
4759 2
4760 3
4761 2
4762 0
4763 0
4764 0
4765 0
4766 3
4767 1
4768 0
4769 1
4770 1
4771 1
4772 3
4773 0
4774 2
4775 0
4776 1
4777 1
4778 2
4779 1
4780 1
4781 1
4782 0
4783 0
4784 0
4785 0
4786 0
4787 0
4788 3
4789 1
4790 0
4791 1
4792 1
4793 0
4794 0
4795 0
4796 1
4797 0
4798 3
4799 0
4800 0
4801 1
4802 0
4803 0
4804 1
4805 3
4806 0
4807 1
4808 0
4809 1
4810 2
4811 0
4812 0
4813 0
4814 0
4815 1
4816 0
4817 0
4818 2
4819 2
4820 1
4821 0
4822 1
4823 0
4824 1
4825 0
4826 0
4827 2
4828 1
4829 1
4830 2
4831 0
4832 2
4833 2
4834 2
4835 0
4836 0
4837 0
4838 3
4839 3
4840 0
4841 1
4842 0
4843 0
4844 2
4845 0
4846 3
4847 1
4848 0
4849 1
4850 2
4851 1
4852 3
4853 1
4854 0
4855 0
4856 0
4857 3
4858 2
4859 0
4860 0
4861 0
4862 2
4863 0
4864 1
4865 1
4866 2
4867 0
4868 0
4869 0
4870 1
4871 0
4872 0
4873 1
4874 2
4875 0
4876 0
4877 1
4878 1
4879 1
4880 1
4881 1
4882 0
4883 2
4884 1
4885 2
4886 0
4887 2
4888 3
4889 0
4890 0
4891 1
4892 1
4893 1
4894 2
4895 2
4896 0
4897 2
4898 1
4899 0
4900 1
4901 0
4902 2
4903 2
4904 1
4905 0
4906 0
4907 2
4908 1
4909 1
4910 2
4911 2
4912 0
4913 0
4914 1
4915 2
4916 1
4917 0
4918 1
4919 1
4920 1
4921 0
4922 0
4923 1
4924 2
4925 1
4926 1
4927 1
4928 2
4929 2
4930 0
4931 0
4932 0
4933 1
4934 1
4935 0
4936 2
4937 0
4938 0
4939 2
4940 1
4941 0
4942 0
4943 1
4944 0
4945 0
4946 1
4947 1
4948 0
4949 1
4950 0
4951 2
4952 2
4953 1
4954 2
4955 0
4956 0
4957 1
4958 3
4959 2
4960 1
4961 3
4962 0
4963 0
4964 1
4965 0
4966 1
4967 0
4968 0
4969 3
4970 1
4971 1
4972 1
4973 1
4974 1
4975 1
4976 0
4977 0
4978 2
4979 1
4980 0
4981 0
4982 0
4983 2
4984 0
4985 2
4986 1
4987 2
4988 0
4989 0
4990 1
4991 2
4992 0
4993 0
4994 0
4995 0
4996 0
4997 1
4998 1
4999 0
5000 3
5001 1
5002 2
5003 0
5004 2
5005 1
5006 0
5007 1
5008 2
5009 2
5010 0
5011 0
5012 1
5013 0
5014 2
5015 0
5016 0
5017 0
5018 0
5019 1
5020 0
5021 1
5022 2
5023 0
5024 1
5025 1
5026 1
5027 0
5028 2
5029 0
5030 0
5031 0
5032 1
5033 1
5034 0
5035 0
5036 2
5037 1
5038 1
5039 1
5040 1
5041 3
5042 0
5043 0
5044 1
5045 1
5046 3
5047 1
5048 2
5049 2
5050 3
5051 1
5052 1
5053 1
5054 0
5055 0
5056 2
5057 2
5058 0
5059 2
5060 1
5061 0
5062 1
5063 1
5064 2
5065 0
5066 2
5067 2
5068 0
5069 0
5070 0
5071 1
5072 0
5073 0
5074 1
5075 2
5076 1
5077 0
5078 2
5079 1
5080 0
5081 1
5082 1
5083 1
5084 0
5085 0
5086 0
5087 2
5088 2
5089 0
5090 2
5091 0
5092 2
5093 2
5094 2
5095 1
5096 0
5097 1
5098 2
5099 2
5100 2
5101 1
5102 2
5103 0
5104 2
5105 1
5106 2
5107 0
5108 0
5109 2
5110 1
5111 1
5112 1
5113 0
5114 0
5115 0
5116 2
5117 2
5118 2
5119 1
5120 0
5121 2
5122 1
5123 1
5124 2
5125 1
5126 2
5127 1
5128 2
5129 1
5130 0
5131 1
5132 0
5133 2
5134 0
5135 1
5136 0
5137 1
5138 1
5139 3
5140 1
5141 1
5142 0
5143 1
5144 0
5145 2
5146 3
5147 2
5148 1
5149 1
5150 0
5151 0
5152 0
5153 1
5154 0
5155 1
5156 1
5157 1
5158 2
5159 1
5160 0
5161 1
5162 0
5163 0
5164 1
5165 2
5166 1
5167 2
5168 2
5169 2
5170 2
5171 1
5172 2
5173 0
5174 0
5175 0
5176 1
5177 0
5178 0
5179 0
5180 1
5181 3
5182 0
5183 2
5184 0
5185 1
5186 0
5187 0
5188 3
5189 1
5190 3
5191 1
5192 2
5193 0
5194 2
5195 2
5196 1
5197 0
5198 1
5199 2
5200 1
5201 0
5202 1
5203 2
5204 2
5205 1
5206 0
5207 0
5208 2
5209 1
5210 0
5211 1
5212 0
5213 2
5214 2
5215 1
5216 2
5217 0
5218 1
5219 2
5220 1
5221 2
5222 0
5223 0
5224 0
5225 1
5226 1
5227 2
5228 1
5229 0
5230 0
5231 1
5232 0
5233 3
5234 2
5235 0
5236 1
5237 1
5238 0
5239 3
5240 2
5241 0
5242 2
5243 0
5244 0
5245 2
5246 0
5247 1
5248 2
5249 0
5250 0
5251 0
5252 0
5253 0
5254 3
5255 0
5256 0
5257 1
5258 2
5259 2
5260 2
5261 0
5262 2
5263 1
5264 2
5265 2
5266 0
5267 0
5268 1
5269 1
5270 1
5271 0
5272 2
5273 1
5274 2
5275 1
5276 2
5277 0
5278 1
5279 1
5280 0
5281 0
5282 2
5283 1
5284 3
5285 1
5286 2
5287 0
5288 2
5289 2
5290 1
5291 2
5292 3
5293 3
5294 2
5295 2
5296 2
5297 0
5298 3
5299 0
5300 0
5301 3
5302 2
5303 1
5304 1
5305 1
5306 0
5307 1
5308 0
5309 0
5310 0
5311 2
5312 1
5313 1
5314 2
5315 2
5316 2
5317 3
5318 1
5319 1
5320 0
5321 1
5322 0
5323 0
5324 2
5325 1
5326 3
5327 3
5328 1
5329 0
5330 2
5331 2
5332 1
5333 2
5334 2
5335 2
5336 1
5337 0
5338 0
5339 1
5340 2
5341 2
5342 2
5343 2
5344 2
5345 0
5346 2
5347 1
5348 1
5349 0
5350 0
5351 0
5352 0
5353 0
5354 3
5355 1
5356 1
5357 2
5358 1
5359 2
5360 2
5361 1
5362 1
5363 0
5364 2
5365 1
5366 2
5367 3
5368 1
5369 2
5370 1
5371 2
5372 0
5373 1
5374 0
5375 0
5376 2
5377 1
5378 1
5379 0
5380 0
5381 2
5382 2
5383 0
5384 1
5385 1
5386 1
5387 0
5388 3
5389 1
5390 1
5391 1
5392 2
5393 1
5394 1
5395 1
5396 2
5397 3
5398 1
5399 0
5400 2
5401 0
5402 2
5403 1
5404 1
5405 0
5406 1
5407 0
5408 2
5409 0
5410 0
5411 3
5412 2
5413 1
5414 0
5415 1
5416 1
5417 2
5418 1
5419 2
5420 0
5421 0
5422 0
5423 0
5424 0
5425 3
5426 0
5427 2
5428 4
5429 2
5430 2
5431 1
5432 3
5433 2
5434 2
5435 1
5436 2
5437 3
5438 1
5439 1
5440 1
5441 0
5442 1
5443 0
5444 1
5445 3
5446 0
5447 2
5448 1
5449 1
5450 0
5451 0
5452 1
5453 1
5454 1
5455 1
5456 1
5457 1
5458 1
5459 2
5460 0
5461 0
5462 0
5463 0
5464 2
5465 3
5466 1
5467 2
5468 0
5469 1
5470 1
5471 0
5472 1
5473 0
5474 0
5475 3
5476 1
5477 1
5478 3
5479 2
5480 1
5481 0
5482 1
5483 3
5484 0
5485 1
5486 2
5487 0
5488 2
5489 0
5490 0
5491 3
5492 2
5493 0
5494 2
5495 1
5496 0
5497 1
5498 3
5499 1
5500 0
5501 0
5502 2
5503 2
5504 2
5505 2
5506 0
5507 4
5508 3
5509 2
5510 2
5511 1
5512 1
5513 2
5514 1
5515 2
5516 3
5517 0
5518 0
5519 2
5520 0
5521 2
5522 2
5523 0
5524 2
5525 1
5526 2
5527 3
5528 1
5529 1
5530 0
5531 1
5532 1
5533 0
5534 1
5535 0
5536 1
5537 2
5538 2
5539 0
5540 1
5541 1
5542 1
5543 1
5544 3
5545 1
5546 0
5547 2
5548 1
5549 0
5550 2
5551 3
5552 2
5553 1
5554 1
5555 3
5556 0
5557 0
5558 1
5559 1
5560 2
5561 0
5562 2
5563 2
5564 2
5565 2
5566 0
5567 2
5568 2
5569 0
5570 0
5571 1
5572 1
5573 2
5574 0
5575 2
5576 0
5577 1
5578 2
5579 2
5580 2
5581 2
5582 0
5583 3
5584 1
5585 1
5586 2
5587 0
5588 0
5589 2
5590 1
5591 0
5592 0
5593 1
5594 1
5595 1
5596 1
5597 1
5598 0
5599 2
5600 0
5601 1
5602 1
5603 3
5604 2
5605 1
5606 2
5607 2
5608 3
5609 0
5610 1
5611 2
5612 0
5613 1
5614 2
5615 1
5616 1
5617 2
5618 3
5619 2
5620 1
5621 2
5622 1
5623 0
5624 0
5625 3
5626 1
5627 2
5628 0
5629 1
5630 0
5631 2
5632 1
5633 2
5634 2
5635 1
5636 1
5637 0
5638 0
5639 2
5640 1
5641 2
5642 2
5643 3
5644 2
5645 1
5646 1
5647 1
5648 2
5649 0
5650 1
5651 2
5652 1
5653 1
5654 2
5655 1
5656 2
5657 4
5658 2
5659 1
5660 0
5661 0
5662 1
5663 0
5664 1
5665 1
5666 2
5667 1
5668 1
5669 1
5670 3
5671 2
5672 1
5673 0
5674 1
5675 1
5676 1
5677 1
5678 0
5679 1
5680 1
5681 0
5682 0
5683 2
5684 0
5685 1
5686 3
5687 0
5688 0
5689 2
5690 2
5691 1
5692 1
5693 0
5694 0
5695 2
5696 0
5697 2
5698 1
5699 2
5700 0
5701 2
5702 3
5703 0
5704 2
5705 2
5706 3
5707 2
5708 2
5709 1
5710 0
5711 3
5712 0
5713 2
5714 2
5715 2
5716 1
5717 0
5718 2
5719 3
5720 0
5721 0
5722 0
5723 2
5724 0
5725 1
5726 1
5727 2
5728 0
5729 1
5730 2
5731 2
5732 0
5733 1
5734 1
5735 1
5736 2
5737 2
5738 1
5739 1
5740 2
5741 3
5742 3
5743 0
5744 2
5745 1
5746 2
5747 0
5748 3
5749 1
5750 1
5751 2
5752 3
5753 0
5754 1
5755 0
5756 0
5757 1
5758 1
5759 0
5760 3
5761 3
5762 3
5763 0
5764 0
5765 3
5766 3
5767 1
5768 2
5769 0
5770 2
5771 3
5772 0
5773 3
5774 2
5775 2
5776 1
5777 3
5778 1
5779 0
5780 0
5781 1
5782 2
5783 0
5784 3
5785 1
5786 1
5787 1
5788 2
5789 3
5790 3
5791 2
5792 1
5793 1
5794 2
5795 2
5796 0
5797 2
5798 3
5799 2
5800 0
5801 0
5802 4
5803 0
5804 2
5805 2
5806 1
5807 2
5808 2
5809 0
5810 1
5811 2
5812 0
5813 3
5814 1
5815 1
5816 3
5817 1
5818 2
5819 2
5820 1
5821 0
5822 2
5823 1
5824 0
5825 3
5826 1
5827 2
5828 0
5829 0
5830 1
5831 1
5832 0
5833 1
5834 0
5835 1
5836 1
5837 1
5838 1
5839 1
5840 1
5841 3
5842 1
5843 2
5844 0
5845 0
5846 2
5847 2
5848 1
5849 2
5850 1
5851 3
5852 2
5853 3
5854 2
5855 2
5856 3
5857 2
5858 1
5859 2
5860 0
5861 0
5862 1
5863 1
5864 0
5865 2
5866 0
5867 1
5868 2
5869 0
5870 4
5871 1
5872 2
5873 0
5874 1
5875 1
5876 0
5877 0
5878 0
5879 0
5880 2
5881 1
5882 0
5883 0
5884 1
5885 1
5886 0
5887 2
5888 3
5889 0
5890 0
5891 1
5892 0
5893 1
5894 0
5895 2
5896 1
5897 0
5898 2
5899 0
5900 1
5901 1
5902 0
5903 1
5904 3
5905 1
5906 1
5907 0
5908 1
5909 2
5910 0
5911 2
5912 1
5913 1
5914 0
5915 1
5916 3
5917 0
5918 0
5919 1
5920 0
5921 2
5922 0
5923 1
5924 0
5925 0
5926 2
5927 0
5928 0
5929 0
5930 1
5931 2
5932 1
5933 1
5934 1
5935 0
5936 1
5937 0
5938 2
5939 0
5940 2
5941 2
5942 0
5943 2
5944 2
5945 0
5946 1
5947 1
5948 2
5949 1
5950 4
5951 0
5952 0
5953 1
5954 1
5955 1
5956 1
5957 2
5958 0
5959 0
5960 1
5961 2
5962 0
5963 3
5964 2
5965 1
5966 0
5967 1
5968 2
5969 0
5970 1
5971 3
5972 2
5973 0
5974 0
5975 1
5976 2
5977 2
5978 1
5979 1
5980 0
5981 1
5982 1
5983 0
5984 2
5985 3
5986 2
5987 1
5988 1
5989 3
5990 0
5991 0
5992 3
5993 0
5994 3
5995 0
5996 1
5997 2
5998 1
5999 1
6000 2
6001 3
6002 2
6003 3
6004 1
6005 2
6006 0
6007 0
6008 0
6009 1
6010 2
6011 1
6012 0
6013 0
6014 0
6015 1
6016 2
6017 0
6018 2
6019 0
6020 0
6021 0
6022 3
6023 2
6024 1
6025 0
6026 1
6027 3
6028 2
6029 0
6030 0
6031 3
6032 1
6033 0
6034 3
6035 0
6036 0
6037 3
6038 0
6039 1
6040 1
6041 0
6042 1
6043 3
6044 0
6045 3
6046 2
6047 0
6048 3
6049 4
6050 1
6051 3
6052 2
6053 3
6054 2
6055 0
6056 3
6057 2
6058 1
6059 2
6060 1
6061 0
6062 1
6063 1
6064 1
6065 1
6066 3
6067 1
6068 2
6069 1
6070 2
6071 0
6072 0
6073 1
6074 2
6075 2
6076 2
6077 1
6078 1
6079 1
6080 0
6081 1
6082 3
6083 1
6084 2
6085 3
6086 1
6087 0
6088 0
6089 3
6090 0
6091 2
6092 3
6093 2
6094 1
6095 2
6096 1
6097 2
6098 1
6099 2
6100 1
6101 1
6102 0
6103 0
6104 1
6105 0
6106 0
6107 3
6108 0
6109 0
6110 0
6111 0
6112 2
6113 2
6114 2
6115 1
6116 1
6117 2
6118 2
6119 0
6120 0
6121 0
6122 2
6123 1
6124 1
6125 4
6126 0
6127 1
6128 0
6129 0
6130 1
6131 2
6132 2
6133 0
6134 2
6135 2
6136 0
6137 0
6138 0
6139 1
6140 2
6141 0
6142 1
6143 1
6144 0
6145 2
6146 1
6147 1
6148 2
6149 3
6150 0
6151 3
6152 0
6153 1
6154 0
6155 2
6156 0
6157 1
6158 2
6159 0
6160 0
6161 2
6162 2
6163 3
6164 2
6165 1
6166 3
6167 0
6168 3
6169 1
6170 1
6171 3
6172 2
6173 1
6174 3
6175 3
6176 1
6177 0
6178 4
6179 1
6180 1
6181 0
6182 2
6183 2
6184 1
6185 0
6186 0
6187 1
6188 0
6189 1
6190 2
6191 1
6192 2
6193 1
6194 1
6195 4
6196 1
6197 1
6198 1
6199 3
6200 2
6201 2
6202 2
6203 2
6204 1
6205 0
6206 1
6207 1
6208 0
6209 0
6210 4
6211 0
6212 2
6213 3
6214 2
6215 0
6216 0
6217 2
6218 1
6219 2
6220 1
6221 1
6222 1
6223 3
6224 1
6225 1
6226 2
6227 0
6228 0
6229 2
6230 2
6231 2
6232 2
6233 0
6234 1
6235 2
6236 1
6237 2
6238 1
6239 1
6240 0
6241 1
6242 0
6243 1
6244 2
6245 1
6246 0
6247 2
6248 3
6249 1
6250 0
6251 0
6252 0
6253 4
6254 1
6255 2
6256 0
6257 2
6258 1
6259 0
6260 1
6261 0
6262 2
6263 3
6264 1
6265 0
6266 2
6267 1
6268 3
6269 2
6270 3
6271 1
6272 1
6273 2
6274 2
6275 0
6276 2
6277 2
6278 2
6279 1
6280 2
6281 0
6282 0
6283 3
6284 0
6285 1
6286 1
6287 0
6288 3
6289 2
6290 2
6291 1
6292 0
6293 2
6294 1
6295 0
6296 2
6297 2
6298 3
6299 3
6300 0
6301 1
6302 0
6303 2
6304 0
6305 0
6306 2
6307 0
6308 1
6309 2
6310 1
6311 0
6312 0
6313 1
6314 3
6315 3
6316 1
6317 2
6318 0
6319 0
6320 0
6321 2
6322 1
6323 2
6324 2
6325 0
6326 0
6327 0
6328 0
6329 3
6330 0
6331 0
6332 0
6333 2
6334 0
6335 2
6336 2
6337 1
6338 1
6339 4
6340 0
6341 1
6342 1
6343 1
6344 1
6345 0
6346 0
6347 0
6348 2
6349 1
6350 2
6351 0
6352 1
6353 2
6354 1
6355 1
6356 2
6357 0
6358 0
6359 2
6360 0
6361 0
6362 1
6363 0
6364 2
6365 2
6366 2
6367 2
6368 3
6369 1
6370 1
6371 3
6372 0
6373 3
6374 3
6375 3
6376 0
6377 3
6378 2
6379 0
6380 2
6381 2
6382 1
6383 2
6384 1
6385 0
6386 0
6387 2
6388 1
6389 2
6390 3
6391 3
6392 0
6393 0
6394 1
6395 2
6396 0
6397 1
6398 0
6399 2
6400 1
6401 1
6402 0
6403 0
6404 0
6405 2
6406 3
6407 1
6408 2
6409 0
6410 0
6411 1
6412 0
6413 2
6414 1
6415 2
6416 0
6417 0
6418 1
6419 1
6420 1
6421 1
6422 3
6423 0
6424 2
6425 0
6426 1
6427 1
6428 3
6429 2
6430 1
6431 2
6432 1
6433 0
6434 0
6435 1
6436 2
6437 2
6438 1
6439 2
6440 0
6441 2
6442 0
6443 0
6444 2
6445 2
6446 0
6447 0
6448 3
6449 1
6450 0
6451 2
6452 1
6453 2
6454 0
6455 3
6456 2
6457 0
6458 0
6459 2
6460 2
6461 0
6462 0
6463 2
6464 1
6465 2
6466 0
6467 3
6468 0
6469 3
6470 0
6471 0
6472 0
6473 1
6474 0
6475 2
6476 3
6477 2
6478 3
6479 3
6480 0
6481 1
6482 0
6483 2
6484 1
6485 3
6486 3
6487 0
6488 0
6489 1
6490 2
6491 1
6492 1
6493 0
6494 2
6495 0
6496 2
6497 3
6498 2
6499 0
6500 1
6501 2
6502 2
6503 2
6504 0
6505 2
6506 2
6507 3
6508 2
6509 2
6510 0
6511 2
6512 1
6513 2
6514 0
6515 0
6516 0
6517 2
6518 3
6519 0
6520 0
6521 2
6522 2
6523 2
6524 0
6525 1
6526 0
6527 0
6528 0
6529 0
6530 1
6531 2
6532 0
6533 0
6534 0
6535 1
6536 2
6537 1
6538 1
6539 0
6540 3
6541 3
6542 1
6543 1
6544 0
6545 2
6546 0
6547 2
6548 3
6549 1
6550 0
6551 0
6552 0
6553 2
6554 3
6555 2
6556 0
6557 1
6558 3
6559 3
6560 2
6561 0
6562 1
6563 0
6564 1
6565 2
6566 0
6567 3
6568 1
6569 2
6570 0
6571 2
6572 2
6573 2
6574 2
6575 2
6576 0
6577 2
6578 1
6579 2
6580 0
6581 1
6582 2
6583 2
6584 2
6585 2
6586 2
6587 0
6588 1
6589 2
6590 3
6591 0
6592 0
6593 0
6594 0
6595 2
6596 2
6597 1
6598 1
6599 1
6600 0
6601 1
6602 1
6603 1
6604 1
6605 0
6606 1
6607 2
6608 0
6609 2
6610 0
6611 1
6612 0
6613 2
6614 0
6615 4
6616 0
6617 2
6618 0
6619 2
6620 3
6621 3
6622 2
6623 1
6624 0
6625 1
6626 1
6627 2
6628 2
6629 2
6630 1
6631 1
6632 3
6633 3
6634 0
6635 0
6636 2
6637 0
6638 2
6639 0
6640 2
6641 1
6642 1
6643 0
6644 2
6645 0
6646 3
6647 0
6648 1
6649 1
6650 1
6651 2
6652 2
6653 1
6654 1
6655 3
6656 2
6657 1
6658 0
6659 2
6660 0
6661 0
6662 0
6663 1
6664 2
6665 0
6666 0
6667 1
6668 1
6669 1
6670 2
6671 0
6672 0
6673 3
6674 0
6675 1
6676 0
6677 3
6678 2
6679 1
6680 3
6681 3
6682 2
6683 0
6684 1
6685 3
6686 0
6687 1
6688 1
6689 2
6690 2
6691 2
6692 1
6693 1
6694 1
6695 0
6696 3
6697 4
6698 2
6699 3
6700 1
6701 1
6702 1
6703 0
6704 2
6705 2
6706 4
6707 2
6708 1
6709 0
6710 0
6711 2
6712 2
6713 0
6714 1
6715 1
6716 1
6717 0
6718 1
6719 2
6720 2
6721 3
6722 1
6723 0
6724 1
6725 0
6726 0
6727 1
6728 3
6729 1
6730 2
6731 3
6732 1
6733 0
6734 0
6735 1
6736 2
6737 0
6738 0
6739 3
6740 2
6741 1
6742 3
6743 1
6744 1
6745 3
6746 1
6747 0
6748 1
6749 3
6750 2
6751 1
6752 3
6753 0
6754 3
6755 2
6756 2
6757 1
6758 0
6759 2
6760 1
6761 2
6762 3
6763 3
6764 2
6765 0
6766 2
6767 1
6768 2
6769 2
6770 2
6771 0
6772 0
6773 3
6774 2
6775 2
6776 3
6777 1
6778 3
6779 3
6780 2
6781 2
6782 2
6783 1
6784 2
6785 1
6786 1
6787 2
6788 2
6789 3
6790 0
6791 1
6792 1
6793 0
6794 0
6795 1
6796 1
6797 0
6798 2
6799 0
6800 3
6801 2
6802 2
6803 1
6804 2
6805 0
6806 0
6807 1
6808 0
6809 2
6810 0
6811 0
6812 0
6813 1
6814 1
6815 1
6816 0
6817 1
6818 1
6819 1
6820 2
6821 3
6822 2
6823 1
6824 0
6825 2
6826 3
6827 3
6828 1
6829 1
6830 2
6831 0
6832 2
6833 1
6834 2
6835 2
6836 0
6837 1
6838 1
6839 3
6840 1
6841 1
6842 0
6843 0
6844 2
6845 3
6846 2
6847 3
6848 0
6849 1
6850 4
6851 3
6852 1
6853 1
6854 0
6855 3
6856 0
6857 1
6858 2
6859 1
6860 0
6861 1
6862 2
6863 0
6864 2
6865 3
6866 2
6867 2
6868 1
6869 3
6870 0
6871 3
6872 1
6873 1
6874 1
6875 3
6876 0
6877 2
6878 0
6879 2
6880 2
6881 0
6882 0
6883 2
6884 1
6885 2
6886 1
6887 1
6888 3
6889 0
6890 1
6891 1
6892 0
6893 3
6894 2
6895 1
6896 2
6897 2
6898 1
6899 0
6900 2
6901 2
6902 2
6903 0
6904 3
6905 1
6906 3
6907 0
6908 0
6909 1
6910 2
6911 1
6912 2
6913 1
6914 1
6915 2
6916 2
6917 0
6918 2
6919 0
6920 1
6921 2
6922 2
6923 1
6924 1
6925 1
6926 2
6927 4
6928 0
6929 1
6930 2
6931 0
6932 3
6933 1
6934 3
6935 1
6936 2
6937 1
6938 2
6939 0
6940 3
6941 0
6942 3
6943 2
6944 3
6945 0
6946 0
6947 0
6948 1
6949 1
6950 1
6951 2
6952 1
6953 2
6954 1
6955 4
6956 2
6957 1
6958 2
6959 0
6960 2
6961 1
6962 1
6963 0
6964 3
6965 0
6966 0
6967 0
6968 2
6969 2
6970 3
6971 0
6972 0
6973 1
6974 2
6975 0
6976 0
6977 1
6978 3
6979 0
6980 2
6981 0
6982 2
6983 1
6984 0
6985 2
6986 0
6987 0
6988 0
6989 0
6990 2
6991 1
6992 2
6993 3
6994 3
6995 2
6996 3
6997 0
6998 2
6999 2
7000 3
7001 0
7002 3
7003 0
7004 3
7005 0
7006 1
7007 0
7008 1
7009 1
7010 4
7011 1
7012 0
7013 0
7014 3
7015 0
7016 2
7017 1
7018 2
7019 2
7020 2
7021 0
7022 1
7023 0
7024 1
7025 3
7026 0
7027 0
7028 3
7029 1
7030 2
7031 1
7032 0
7033 1
7034 1
7035 3
7036 1
7037 0
7038 0
7039 1
7040 2
7041 2
7042 0
7043 1
7044 0
7045 2
7046 1
7047 1
7048 1
7049 2
7050 1
7051 1
7052 1
7053 1
7054 0
7055 1
7056 1
7057 2
7058 2
7059 0
7060 1
7061 1
7062 2
7063 2
7064 2
7065 2
7066 1
7067 0
7068 0
7069 1
7070 2
7071 0
7072 1
7073 0
7074 3
7075 2
7076 1
7077 1
7078 2
7079 2
7080 1
7081 0
7082 2
7083 1
7084 2
7085 0
7086 2
7087 1
7088 1
7089 2
7090 2
7091 2
7092 0
7093 1
7094 0
7095 1
7096 2
7097 0
7098 0
7099 1
7100 1
7101 2
7102 1
7103 2
7104 1
7105 1
7106 2
7107 2
7108 2
7109 2
7110 1
7111 1
7112 0
7113 2
7114 0
7115 2
7116 2
7117 1
7118 0
7119 2
7120 1
7121 1
7122 1
7123 2
7124 0
7125 2
7126 0
7127 3
7128 2
7129 1
7130 1
7131 3
7132 0
7133 0
7134 2
7135 1
7136 0
7137 3
7138 2
7139 3
7140 3
7141 0
7142 0
7143 3
7144 1
7145 0
7146 1
7147 1
7148 2
7149 3
7150 1
7151 0
7152 1
7153 3
7154 0
7155 2
7156 2
7157 0
7158 0
7159 2
7160 3
7161 1
7162 1
7163 1
7164 2
7165 1
7166 2
7167 0
7168 0
7169 0
7170 3
7171 1
7172 1
7173 3
7174 3
7175 2
7176 2
7177 0
7178 1
7179 2
7180 0
7181 3
7182 2
7183 1
7184 3
7185 2
7186 0
7187 1
7188 1
7189 0
7190 0
7191 0
7192 1
7193 0
7194 0
7195 0
7196 0
7197 0
7198 0
7199 1
7200 2
7201 2
7202 0
7203 2
7204 2
7205 2
7206 0
7207 2
7208 4
7209 4
7210 1
7211 1
7212 1
7213 0
7214 1
7215 1
7216 3
7217 0
7218 0
7219 0
7220 0
7221 2
7222 4
7223 1
7224 3
7225 2
7226 2
7227 1
7228 1
7229 1
7230 1
7231 2
7232 0
7233 0
7234 4
7235 0
7236 1
7237 0
7238 3
7239 0
7240 2
7241 2
7242 0
7243 2
7244 1
7245 2
7246 2
7247 0
7248 1
7249 0
7250 2
7251 0
7252 2
7253 3
7254 3
7255 0
7256 1
7257 2
7258 3
7259 0
7260 2
7261 1
7262 1
7263 1
7264 0
7265 2
7266 0
7267 1
7268 1
7269 0
7270 3
7271 0
7272 2
7273 2
7274 1
7275 2
7276 2
7277 0
7278 1
7279 3
7280 2
7281 2
7282 3
7283 1
7284 3
7285 2
7286 3
7287 2
7288 2
7289 2
7290 1
7291 0
7292 1
7293 1
7294 2
7295 2
7296 4
7297 1
7298 1
7299 1
7300 2
7301 0
7302 0
7303 3
7304 1
7305 0
7306 0
7307 3
7308 1
7309 3
7310 2
7311 2
7312 2
7313 3
7314 2
7315 2
7316 4
7317 1
7318 1
7319 3
7320 2
7321 1
7322 3
7323 2
7324 1
7325 3
7326 1
7327 1
7328 3
7329 1
7330 2
7331 2
7332 2
7333 3
7334 0
7335 2
7336 0
7337 2
7338 3
7339 2
7340 3
7341 1
7342 1
7343 4
7344 2
7345 3
7346 2
7347 2
7348 1
7349 3
7350 1
7351 3
7352 3
7353 0
7354 3
7355 1
7356 2
7357 1
7358 2
7359 4
7360 1
7361 3
7362 0
7363 0
7364 3
7365 3
7366 3
7367 2
7368 3
7369 1
7370 2
7371 0
7372 3
7373 2
7374 2
7375 2
7376 1
7377 2
7378 1
7379 1
7380 2
7381 1
7382 2
7383 0
7384 2
7385 2
7386 1
7387 1
7388 0
7389 2
7390 0
7391 1
7392 0
7393 2
7394 3
7395 0
7396 1
7397 3
7398 2
7399 3
7400 1
7401 2
7402 2
7403 2
7404 0
7405 2
7406 1
7407 1
7408 3
7409 3
7410 0
7411 4
7412 1
7413 1
7414 2
7415 0
7416 3
7417 1
7418 2
7419 1
7420 2
7421 2
7422 0
7423 3
7424 3
7425 1
7426 2
7427 1
7428 0
7429 2
7430 3
7431 2
7432 2
7433 2
7434 1
7435 0
7436 3
7437 2
7438 0
7439 1
7440 1
7441 1
7442 0
7443 2
7444 2
7445 2
7446 0
7447 3
7448 0
7449 1
7450 0
7451 0
7452 1
7453 1
7454 1
7455 1
7456 1
7457 1
7458 0
7459 1
7460 0
7461 1
7462 2
7463 0
7464 0
7465 0
7466 2
7467 2
7468 2
7469 2
7470 1
7471 4
7472 2
7473 1
7474 3
7475 1
7476 2
7477 1
7478 0
7479 1
7480 3
7481 1
7482 0
7483 1
7484 2
7485 1
7486 1
7487 2
7488 2
7489 3
7490 1
7491 0
7492 2
7493 1
7494 2
7495 3
7496 2
7497 1
7498 0
7499 2
7500 0
7501 0
7502 3
7503 1
7504 2
7505 1
7506 2
7507 3
7508 4
7509 0
7510 3
7511 3
7512 0
7513 4
7514 0
7515 1
7516 3
7517 3
7518 1
7519 0
7520 0
7521 3
7522 2
7523 0
7524 2
7525 1
7526 3
7527 4
7528 2
7529 3
7530 3
7531 2
7532 2
7533 2
7534 2
7535 1
7536 1
7537 0
7538 0
7539 4
7540 2
7541 2
7542 1
7543 3
7544 0
7545 2
7546 2
7547 2
7548 3
7549 2
7550 1
7551 3
7552 1
7553 3
7554 3
7555 3
7556 3
7557 3
7558 0
7559 1
7560 3
7561 2
7562 0
7563 1
7564 2
7565 2
7566 2
7567 1
7568 0
7569 3
7570 0
7571 3
7572 2
7573 3
7574 2
7575 0
7576 1
7577 0
7578 2
7579 1
7580 4
7581 0
7582 2
7583 2
7584 1
7585 1
7586 4
7587 1
7588 0
7589 0
7590 0
7591 2
7592 1
7593 3
7594 4
7595 0
7596 0
7597 3
7598 1
7599 4
7600 2
7601 0
7602 3
7603 0
7604 1
7605 3
7606 0
7607 2
7608 0
7609 1
7610 2
7611 0
7612 3
7613 2
7614 1
7615 0
7616 2
7617 3
7618 3
7619 3
7620 1
7621 1
7622 0
7623 0
7624 2
7625 0
7626 1
7627 1
7628 3
7629 0
7630 2
7631 0
7632 1
7633 3
7634 2
7635 0
7636 3
7637 0
7638 2
7639 0
7640 1
7641 3
7642 0
7643 0
7644 2
7645 1
7646 0
7647 0
7648 0
7649 3
7650 3
7651 2
7652 1
7653 3
7654 0
7655 3
7656 1
7657 1
7658 1
7659 0
7660 0
7661 1
7662 2
7663 0
7664 0
7665 2
7666 3
7667 3
7668 2
7669 2
7670 0
7671 1
7672 0
7673 2
7674 0
7675 1
7676 1
7677 0
7678 0
7679 3
7680 1
7681 0
7682 2
7683 1
7684 0
7685 4
7686 1
7687 0
7688 1
7689 2
7690 0
7691 1
7692 2
7693 2
7694 2
7695 2
7696 1
7697 0
7698 0
7699 1
7700 1
7701 1
7702 2
7703 2
7704 2
7705 2
7706 0
7707 2
7708 1
7709 2
7710 1
7711 1
7712 0
7713 0
7714 3
7715 0
7716 4
7717 4
7718 1
7719 0
7720 3
7721 1
7722 1
7723 4
7724 1
7725 3
7726 0
7727 0
7728 0
7729 2
7730 2
7731 0
7732 2
7733 1
7734 2
7735 1
7736 0
7737 1
7738 0
7739 2
7740 0
7741 1
7742 1
7743 3
7744 0
7745 1
7746 3
7747 0
7748 0
7749 4
7750 2
7751 1
7752 0
7753 0
7754 3
7755 2
7756 0
7757 1
7758 3
7759 1
7760 0
7761 3
7762 1
7763 0
7764 0
7765 1
7766 1
7767 3
7768 0
7769 2
7770 0
7771 2
7772 1
7773 0
7774 1
7775 0
7776 1
7777 1
7778 1
7779 1
7780 2
7781 1
7782 1
7783 2
7784 0
7785 1
7786 4
7787 5
7788 3
7789 2
7790 2
7791 2
7792 3
7793 0
7794 1
7795 2
7796 3
7797 0
7798 0
7799 3
7800 3
7801 0
7802 3
7803 2
7804 2
7805 1
7806 4
7807 3
7808 4
7809 0
7810 1
7811 1
7812 0
7813 3
7814 0
7815 0
7816 2
7817 0
7818 1
7819 2
7820 1
7821 0
7822 2
7823 4
7824 2
7825 1
7826 2
7827 0
7828 2
7829 2
7830 3
7831 2
7832 2
7833 2
7834 0
7835 1
7836 3
7837 0
7838 0
7839 3
7840 0
7841 0
7842 3
7843 2
7844 3
7845 3
7846 3
7847 2
7848 0
7849 2
7850 2
7851 1
7852 0
7853 1
7854 3
7855 1
7856 2
7857 3
7858 1
7859 3
7860 2
7861 0
7862 1
7863 3
7864 1
7865 0
7866 3
7867 0
7868 1
7869 0
7870 2
7871 3
7872 4
7873 1
7874 0
7875 3
7876 1
7877 2
7878 3
7879 4
7880 0
7881 3
7882 1
7883 3
7884 1
7885 1
7886 1
7887 1
7888 2
7889 1
7890 0
7891 3
7892 0
7893 2
7894 3
7895 1
7896 3
7897 2
7898 4
7899 2
7900 2
7901 4
7902 1
7903 0
7904 2
7905 1
7906 3
7907 1
7908 1
7909 2
7910 1
7911 1
7912 2
7913 1
7914 3
7915 3
7916 4
7917 3
7918 0
7919 0
7920 1
7921 2
7922 2
7923 3
7924 0
7925 4
7926 3
7927 2
7928 2
7929 0
7930 2
7931 3
7932 2
7933 0
7934 1
7935 1
7936 0
7937 1
7938 1
7939 1
7940 4
7941 3
7942 2
7943 1
7944 0
7945 2
7946 1
7947 1
7948 1
7949 1
7950 0
7951 3
7952 3
7953 3
7954 1
7955 0
7956 3
7957 0
7958 2
7959 0
7960 4
7961 2
7962 0
7963 3
7964 0
7965 1
7966 4
7967 2
7968 1
7969 1
7970 3
7971 1
7972 0
7973 0
7974 0
7975 3
7976 2
7977 1
7978 2
7979 0
7980 1
7981 4
7982 1
7983 1
7984 2
7985 1
7986 3
7987 0
7988 3
7989 3
7990 2
7991 2
7992 3
7993 3
7994 1
7995 1
7996 4
7997 3
7998 1
7999 0
8000 0
8001 1
8002 1
8003 0
8004 3
8005 2
8006 1
8007 3
8008 1
8009 2
8010 3
8011 1
8012 3
8013 1
8014 2
8015 0
8016 1
8017 3
8018 1
8019 1
8020 0
8021 1
8022 3
8023 1
8024 1
8025 3
8026 4
8027 0
8028 0
8029 3
8030 1
8031 3
8032 2
8033 3
8034 2
8035 2
8036 0
8037 4
8038 3
8039 4
8040 3
8041 4
8042 1
8043 2
8044 2
8045 0
8046 2
8047 1
8048 3
8049 0
8050 4
8051 1
8052 3
8053 3
8054 1
8055 1
8056 0
8057 1
8058 1
8059 0
8060 1
8061 2
8062 0
8063 1
8064 0
8065 2
8066 3
8067 2
8068 1
8069 2
8070 1
8071 2
8072 0
8073 1
8074 2
8075 0
8076 4
8077 2
8078 3
8079 3
8080 2
8081 3
8082 3
8083 3
8084 1
8085 2
8086 2
8087 0
8088 2
8089 3
8090 4
8091 2
8092 1
8093 1
8094 3
8095 2
8096 1
8097 0
8098 1
8099 4
8100 0
8101 3
8102 1
8103 0
8104 0
8105 0
8106 3
8107 1
8108 1
8109 1
8110 2
8111 0
8112 1
8113 0
8114 2
8115 0
8116 4
8117 0
8118 4
8119 1
8120 3
8121 2
8122 1
8123 1
8124 2
8125 1
8126 2
8127 3
8128 1
8129 1
8130 3
8131 2
8132 1
8133 2
8134 1
8135 0
8136 1
8137 2
8138 0
8139 4
8140 1
8141 1
8142 0
8143 2
8144 2
8145 0
8146 3
8147 2
8148 1
8149 2
8150 1
8151 0
8152 3
8153 0
8154 1
8155 1
8156 0
8157 0
8158 0
8159 2
8160 0
8161 2
8162 3
8163 1
8164 3
8165 1
8166 2
8167 0
8168 2
8169 1
8170 0
8171 2
8172 2
8173 0
8174 2
8175 3
8176 3
8177 2
8178 1
8179 3
8180 4
8181 0
8182 3
8183 1
8184 3
8185 1
8186 0
8187 1
8188 2
8189 0
8190 2
8191 1
8192 3
8193 1
8194 2
8195 2
8196 0
8197 1
8198 3
8199 0
8200 2
8201 3
8202 3
8203 5
8204 2
8205 1
8206 0
8207 1
8208 1
8209 3
8210 3
8211 2
8212 4
8213 4
8214 3
8215 2
8216 3
8217 1
8218 2
8219 3
8220 1
8221 0
8222 1
8223 3
8224 2
8225 0
8226 3
8227 2
8228 1
8229 4
8230 2
8231 3
8232 3
8233 0
8234 2
8235 3
8236 0
8237 3
8238 2
8239 2
8240 0
8241 2
8242 1
8243 1
8244 0
8245 0
8246 2
8247 3
8248 0
8249 2
8250 2
8251 3
8252 0
8253 0
8254 3
8255 2
8256 3
8257 1
8258 3
8259 2
8260 2
8261 0
8262 1
8263 2
8264 3
8265 2
8266 3
8267 0
8268 2
8269 1
8270 1
8271 3
8272 4
8273 4
8274 2
8275 1
8276 0
8277 4
8278 2
8279 3
8280 1
8281 1
8282 1
8283 0
8284 0
8285 0
8286 3
8287 0
8288 0
8289 1
8290 0
8291 0
8292 0
8293 2
8294 2
8295 4
8296 0
8297 0
8298 0
8299 3
8300 2
8301 3
8302 1
8303 2
8304 0
8305 3
8306 0
8307 0
8308 2
8309 3
8310 3
8311 3
8312 1
8313 2
8314 1
8315 3
8316 1
8317 3
8318 0
8319 2
8320 1
8321 2
8322 1
8323 2
8324 3
8325 3
8326 1
8327 3
8328 0
8329 3
8330 2
8331 4
8332 0
8333 3
8334 1
8335 1
8336 4
8337 2
8338 3
8339 1
8340 2
8341 3
8342 1
8343 2
8344 2
8345 3
8346 3
8347 2
8348 5
8349 2
8350 3
8351 4
8352 1
8353 2
8354 0
8355 1
8356 2
8357 0
8358 2
8359 2
8360 2
8361 2
8362 2
8363 1
8364 0
8365 0
8366 1
8367 3
8368 0
8369 1
8370 0
8371 2
8372 3
8373 0
8374 4
8375 2
8376 2
8377 3
8378 0
8379 3
8380 2
8381 2
8382 2
8383 3
8384 1
8385 0
8386 3
8387 3
8388 2
8389 1
8390 0
8391 0
8392 1
8393 1
8394 2
8395 1
8396 0
8397 3
8398 1
8399 0
8400 0
8401 4
8402 1
8403 2
8404 1
8405 3
8406 4
8407 2
8408 3
8409 4
8410 1
8411 2
8412 2
8413 1
8414 3
8415 2
8416 2
8417 2
8418 3
8419 2
8420 1
8421 0
8422 1
8423 2
8424 1
8425 1
8426 3
8427 1
8428 2
8429 1
8430 0
8431 1
8432 3
8433 3
8434 4
8435 4
8436 3
8437 0
8438 2
8439 1
8440 2
8441 3
8442 0
8443 0
8444 4
8445 0
8446 2
8447 2
8448 0
8449 4
8450 0
8451 1
8452 0
8453 1
8454 1
8455 2
8456 2
8457 3
8458 2
8459 3
8460 2
8461 2
8462 3
8463 1
8464 2
8465 0
8466 2
8467 2
8468 0
8469 1
8470 0
8471 3
8472 0
8473 3
8474 3
8475 3
8476 3
8477 2
8478 1
8479 0
8480 1
8481 2
8482 2
8483 2
8484 1
8485 4
8486 1
8487 3
8488 1
8489 4
8490 1
8491 2
8492 0
8493 0
8494 3
8495 4
8496 1
8497 2
8498 2
8499 3
8500 1
8501 1
8502 0
8503 1
8504 2
8505 2
8506 0
8507 3
8508 0
8509 2
8510 1
8511 2
8512 1
8513 3
8514 1
8515 0
8516 1
8517 1
8518 0
8519 1
8520 2
8521 3
8522 0
8523 1
8524 1
8525 3
8526 3
8527 3
8528 3
8529 3
8530 3
8531 1
8532 1
8533 3
8534 0
8535 1
8536 1
8537 2
8538 3
8539 3
8540 2
8541 0
8542 2
8543 3
8544 0
8545 3
8546 3
8547 0
8548 0
8549 1
8550 3
8551 3
8552 1
8553 3
8554 1
8555 1
8556 1
8557 3
8558 2
8559 2
8560 2
8561 3
8562 1
8563 1
8564 1
8565 1
8566 1
8567 0
8568 3
8569 2
8570 3
8571 3
8572 3
8573 2
8574 4
8575 1
8576 0
8577 2
8578 1
8579 1
8580 4
8581 1
8582 3
8583 0
8584 1
8585 0
8586 2
8587 1
8588 0
8589 1
8590 1
8591 1
8592 0
8593 3
8594 2
8595 1
8596 4
8597 1
8598 4
8599 3
8600 2
8601 1
8602 2
8603 0
8604 3
8605 3
8606 3
8607 2
8608 2
8609 2
8610 0
8611 3
8612 3
8613 0
8614 4
8615 3
8616 3
8617 2
8618 2
8619 1
8620 4
8621 2
8622 3
8623 1
8624 2
8625 1
8626 2
8627 0
8628 0
8629 3
8630 3
8631 2
8632 2
8633 3
8634 0
8635 3
8636 2
8637 0
8638 0
8639 4
8640 0
8641 2
8642 3
8643 4
8644 1
8645 1
8646 2
8647 2
8648 1
8649 2
8650 1
8651 4
8652 3
8653 1
8654 0
8655 2
8656 2
8657 2
8658 2
8659 3
8660 2
8661 1
8662 3
8663 0
8664 2
8665 3
8666 3
8667 0
8668 3
8669 0
8670 1
8671 2
8672 4
8673 0
8674 1
8675 1
8676 4
8677 2
8678 1
8679 3
8680 4
8681 1
8682 1
8683 0
8684 4
8685 2
8686 2
8687 0
8688 3
8689 0
8690 2
8691 2
8692 2
8693 2
8694 2
8695 2
8696 3
8697 1
8698 1
8699 2
8700 3
8701 2
8702 2
8703 4
8704 4
8705 3
8706 4
8707 2
8708 3
8709 0
8710 0
8711 1
8712 1
8713 2
8714 0
8715 3
8716 1
8717 2
8718 4
8719 1
8720 1
8721 0
8722 1
8723 1
8724 2
8725 2
8726 2
8727 0
8728 4
8729 2
8730 4
8731 0
8732 0
8733 3
8734 3
8735 2
8736 4
8737 4
8738 3
8739 1
8740 1
8741 2
8742 0
8743 0
8744 1
8745 1
8746 3
8747 2
8748 0
8749 2
8750 1
8751 0
8752 3
8753 1
8754 3
8755 1
8756 3
8757 2
8758 3
8759 3
8760 2
8761 2
8762 2
8763 2
8764 2
8765 0
8766 3
8767 0
8768 2
8769 0
8770 2
8771 0
8772 1
8773 0
8774 1
8775 2
8776 4
8777 3
8778 0
8779 3
8780 2
8781 4
8782 0
8783 1
8784 1
8785 4
8786 2
8787 4
8788 3
8789 0
8790 3
8791 4
8792 3
8793 4
8794 2
8795 0
8796 0
8797 1
8798 4
8799 3
8800 0
8801 3
8802 0
8803 4
8804 1
8805 0
8806 1
8807 2
8808 2
8809 1
8810 4
8811 3
8812 2
8813 0
8814 3
8815 2
8816 3
8817 2
8818 1
8819 4
8820 1
8821 3
8822 1
8823 2
8824 1
8825 0
8826 2
8827 4
8828 2
8829 1
8830 2
8831 2
8832 1
8833 2
8834 4
8835 0
8836 0
8837 3
8838 4
8839 1
8840 3
8841 2
8842 3
8843 3
8844 0
8845 1
8846 2
8847 0
8848 4
8849 1
8850 0
8851 0
8852 2
8853 2
8854 3
8855 3
8856 0
8857 2
8858 2
8859 2
8860 0
8861 1
8862 0
8863 0
8864 0
8865 2
8866 1
8867 4
8868 2
8869 0
8870 3
8871 1
8872 3
8873 4
8874 1
8875 1
8876 3
8877 3
8878 2
8879 1
8880 3
8881 2
8882 1
8883 1
8884 2
8885 1
8886 2
8887 2
8888 1
8889 3
8890 3
8891 2
8892 3
8893 2
8894 0
8895 3
8896 2
8897 2
8898 2
8899 1
8900 3
8901 0
8902 4
8903 1
8904 0
8905 2
8906 3
8907 3
8908 0
8909 3
8910 4
8911 3
8912 0
8913 0
8914 1
8915 1
8916 2
8917 2
8918 3
8919 1
8920 4
8921 0
8922 2
8923 2
8924 3
8925 1
8926 2
8927 2
8928 4
8929 2
8930 2
8931 1
8932 3
8933 2
8934 0
8935 2
8936 1
8937 1
8938 0
8939 0
8940 0
8941 3
8942 2
8943 3
8944 3
8945 3
8946 0
8947 2
8948 3
8949 0
8950 0
8951 2
8952 2
8953 0
8954 1
8955 0
8956 2
8957 1
8958 4
8959 3
8960 0
8961 2
8962 1
8963 0
8964 1
8965 2
8966 0
8967 0
8968 3
8969 2
8970 4
8971 1
8972 2
8973 1
8974 3
8975 4
8976 2
8977 3
8978 3
8979 0
8980 0
8981 0
8982 4
8983 2
8984 1
8985 0
8986 2
8987 2
8988 3
8989 0
8990 0
8991 0
8992 3
8993 3
8994 1
8995 0
8996 2
8997 3
8998 0
8999 1
9000 2
9001 3
9002 0
9003 1
9004 1
9005 0
9006 3
9007 1
9008 1
9009 2
9010 4
9011 2
9012 2
9013 2
9014 0
9015 1
9016 3
9017 3
9018 2
9019 4
9020 3
9021 1
9022 2
9023 3
9024 3
9025 3
9026 3
9027 1
9028 1
9029 0
9030 4
9031 1
9032 0
9033 2
9034 3
9035 3
9036 3
9037 4
9038 1
9039 0
9040 0
9041 0
9042 2
9043 2
9044 0
9045 0
9046 2
9047 1
9048 2
9049 2
9050 2
9051 1
9052 3
9053 1
9054 2
9055 1
9056 0
9057 0
9058 3
9059 3
9060 1
9061 3
9062 1
9063 2
9064 3
9065 4
9066 0
9067 3
9068 1
9069 1
9070 2
9071 2
9072 0
9073 2
9074 3
9075 2
9076 2
9077 3
9078 2
9079 2
9080 2
9081 1
9082 3
9083 2
9084 3
9085 1
9086 1
9087 2
9088 0
9089 0
9090 4
9091 2
9092 0
9093 2
9094 0
9095 2
9096 3
9097 2
9098 2
9099 2
9100 2
9101 2
9102 1
9103 2
9104 0
9105 2
9106 4
9107 0
9108 2
9109 2
9110 0
9111 4
9112 0
9113 2
9114 2
9115 3
9116 1
9117 0
9118 4
9119 1
9120 1
9121 1
9122 3
9123 2
9124 2
9125 3
9126 3
9127 2
9128 2
9129 2
9130 0
9131 1
9132 1
9133 2
9134 3
9135 1
9136 4
9137 5
9138 3
9139 2
9140 3
9141 0
9142 3
9143 4
9144 2
9145 3
9146 3
9147 1
9148 0
9149 2
9150 2
9151 4
9152 2
9153 5
9154 0
9155 0
9156 0
9157 2
9158 1
9159 2
9160 3
9161 2
9162 1
9163 1
9164 1
9165 2
9166 2
9167 1
9168 2
9169 1
9170 3
9171 1
9172 4
9173 0
9174 1
9175 1
9176 1
9177 4
9178 3
9179 4
9180 0
9181 1
9182 3
9183 3
9184 4
9185 2
9186 4
9187 0
9188 1
9189 2
9190 2
9191 0
9192 4
9193 4
9194 2
9195 1
9196 3
9197 2
9198 3
9199 2
9200 3
9201 3
9202 2
9203 2
9204 0
9205 2
9206 0
9207 0
9208 2
9209 3
9210 2
9211 2
9212 4
9213 4
9214 2
9215 3
9216 1
9217 3
9218 3
9219 3
9220 3
9221 3
9222 4
9223 1
9224 1
9225 2
9226 2
9227 3
9228 1
9229 3
9230 4
9231 1
9232 2
9233 1
9234 1
9235 3
9236 4
9237 2
9238 3
9239 0
9240 5
9241 3
9242 4
9243 2
9244 4
9245 3
9246 2
9247 2
9248 2
9249 1
9250 1
9251 1
9252 4
9253 1
9254 1
9255 4
9256 1
9257 1
9258 0
9259 2
9260 3
9261 3
9262 3
9263 4
9264 3
9265 2
9266 2
9267 3
9268 2
9269 2
9270 4
9271 3
9272 2
9273 4
9274 1
9275 1
9276 4
9277 0
9278 0
9279 1
9280 3
9281 0
9282 3
9283 4
9284 2
9285 0
9286 0
9287 3
9288 3
9289 3
9290 0
9291 2
9292 3
9293 2
9294 1
9295 2
9296 0
9297 2
9298 2
9299 3
9300 3
9301 3
9302 2
9303 4
9304 2
9305 2
9306 3
9307 1
9308 2
9309 1
9310 1
9311 2
9312 0
9313 3
9314 2
9315 2
9316 1
9317 3
9318 2
9319 3
9320 0
9321 1
9322 3
9323 2
9324 4
9325 0
9326 3
9327 4
9328 1
9329 0
9330 3
9331 0
9332 0
9333 2
9334 2
9335 2
9336 3
9337 3
9338 1
9339 0
9340 0
9341 3
9342 1
9343 4
9344 2
9345 3
9346 2
9347 3
9348 1
9349 1
9350 2
9351 4
9352 0
9353 3
9354 1
9355 2
9356 1
9357 1
9358 4
9359 1
9360 3
9361 2
9362 1
9363 2
9364 0
9365 3
9366 0
9367 2
9368 0
9369 2
9370 0
9371 1
9372 2
9373 1
9374 3
9375 0
9376 3
9377 1
9378 1
9379 3
9380 1
9381 3
9382 2
9383 3
9384 2
9385 2
9386 1
9387 1
9388 2
9389 3
9390 2
9391 2
9392 2
9393 0
9394 0
9395 5
9396 3
9397 2
9398 2
9399 3
9400 0
9401 3
9402 5
9403 1
9404 1
9405 1
9406 4
9407 0
9408 2
9409 2
9410 0
9411 2
9412 3
9413 3
9414 3
9415 4
9416 4
9417 0
9418 3
9419 5
9420 3
9421 1
9422 0
9423 2
9424 3
9425 4
9426 2
9427 3
9428 0
9429 4
9430 2
9431 4
9432 3
9433 1
9434 1
9435 2
9436 3
9437 4
9438 4
9439 2
9440 4
9441 3
9442 1
9443 2
9444 1
9445 1
9446 1
9447 1
9448 3
9449 4
9450 0
9451 2
9452 2
9453 0
9454 1
9455 0
9456 1
9457 3
9458 2
9459 2
9460 2
9461 2
9462 3
9463 0
9464 3
9465 0
9466 2
9467 3
9468 2
9469 3
9470 0
9471 2
9472 0
9473 1
9474 2
9475 4
9476 3
9477 0
9478 4
9479 4
9480 2
9481 0
9482 2
9483 0
9484 2
9485 3
9486 2
9487 1
9488 1
9489 4
9490 1
9491 3
9492 0
9493 0
9494 3
9495 2
9496 2
9497 2
9498 2
9499 4
9500 2
9501 1
9502 0
9503 3
9504 2
9505 2
9506 1
9507 1
9508 5
9509 3
9510 3
9511 1
9512 2
9513 1
9514 2
9515 1
9516 3
9517 2
9518 2
9519 2
9520 3
9521 3
9522 1
9523 3
9524 0
9525 0
9526 0
9527 3
9528 3
9529 0
9530 1
9531 3
9532 1
9533 2
9534 1
9535 2
9536 1
9537 2
9538 2
9539 1
9540 2
9541 0
9542 1
9543 0
9544 3
9545 0
9546 4
9547 2
9548 3
9549 4
9550 2
9551 2
9552 1
9553 0
9554 0
9555 1
9556 1
9557 3
9558 3
9559 1
9560 4
9561 4
9562 1
9563 0
9564 3
9565 2
9566 4
9567 2
9568 3
9569 3
9570 1
9571 3
9572 3
9573 4
9574 4
9575 1
9576 1
9577 0
9578 2
9579 0
9580 2
9581 0
9582 2
9583 1
9584 4
9585 0
9586 1
9587 2
9588 3
9589 0
9590 2
9591 3
9592 2
9593 3
9594 1
9595 4
9596 1
9597 4
9598 0
9599 0
9600 4
9601 3
9602 2
9603 0
9604 1
9605 0
9606 2
9607 0
9608 2
9609 1
9610 3
9611 2
9612 2
9613 4
9614 4
9615 3
9616 0
9617 2
9618 2
9619 0
9620 1
9621 1
9622 1
9623 3
9624 2
9625 1
9626 2
9627 3
9628 0
9629 2
9630 2
9631 2
9632 4
9633 0
9634 3
9635 3
9636 0
9637 5
9638 3
9639 3
9640 3
9641 5
9642 3
9643 3
9644 3
9645 2
9646 0
9647 1
9648 3
9649 1
9650 2
9651 4
9652 3
9653 3
9654 3
9655 2
9656 1
9657 0
9658 4
9659 3
9660 3
9661 4
9662 2
9663 0
9664 3
9665 4
9666 1
9667 3
9668 0
9669 0
9670 2
9671 1
9672 5
9673 2
9674 3
9675 4
9676 3
9677 2
9678 3
9679 4
9680 1
9681 3
9682 3
9683 2
9684 1
9685 4
9686 1
9687 4
9688 1
9689 2
9690 0
9691 2
9692 4
9693 0
9694 3
9695 4
9696 1
9697 1
9698 3
9699 1
9700 2
9701 1
9702 3
9703 1
9704 3
9705 1
9706 3
9707 1
9708 3
9709 4
9710 3
9711 3
9712 0
9713 3
9714 0
9715 4
9716 4
9717 3
9718 2
9719 1
9720 3
9721 0
9722 5
9723 5
9724 4
9725 1
9726 4
9727 2
9728 1
9729 1
9730 0
9731 1
9732 4
9733 2
9734 4
9735 0
9736 0
9737 3
9738 3
9739 0
9740 4
9741 2
9742 0
9743 1
9744 1
9745 1
9746 4
9747 1
9748 2
9749 2
9750 3
9751 4
9752 3
9753 1
9754 0
9755 1
9756 3
9757 1
9758 3
9759 3
9760 2
9761 2
9762 4
9763 2
9764 2
9765 4
9766 1
9767 2
9768 3
9769 2
9770 2
9771 0
9772 2
9773 3
9774 0
9775 1
9776 1
9777 1
9778 2
9779 0
9780 0
9781 4
9782 3
9783 3
9784 3
9785 2
9786 1
9787 3
9788 2
9789 0
9790 3
9791 3
9792 0
9793 2
9794 0
9795 3
9796 3
9797 0
9798 4
9799 2
9800 2
9801 0
9802 0
9803 2
9804 0
9805 3
9806 2
9807 3
9808 0
9809 4
9810 3
9811 1
9812 1
9813 3
9814 1
9815 2
9816 3
9817 2
9818 3
9819 4
9820 2
9821 0
9822 1
9823 1
9824 0
9825 2
9826 0
9827 2
9828 4
9829 1
9830 1
9831 1
9832 4
9833 3
9834 3
9835 3
9836 0
9837 0
9838 3
9839 1
9840 3
9841 2
9842 3
9843 4
9844 0
9845 3
9846 0
9847 3
9848 3
9849 3
9850 3
9851 2
9852 2
9853 1
9854 0
9855 0
9856 1
9857 1
9858 2
9859 4
9860 0
9861 1
9862 0
9863 2
9864 0
9865 0
9866 3
9867 0
9868 3
9869 0
9870 1
9871 0
9872 4
9873 2
9874 3
9875 4
9876 2
9877 3
9878 3
9879 5
9880 2
9881 1
9882 0
9883 3
9884 0
9885 4
9886 4
9887 3
9888 1
9889 0
9890 3
9891 0
9892 0
9893 3
9894 1
9895 1
9896 0
9897 1
9898 2
9899 4
9900 1
9901 2
9902 1
9903 0
9904 2
9905 1
9906 3
9907 4
9908 0
9909 0
9910 2
9911 5
9912 0
9913 2
9914 2
9915 3
9916 3
9917 0
9918 5
9919 5
9920 1
9921 2
9922 3
9923 1
9924 4
9925 0
9926 0
9927 1
9928 1
9929 0
9930 1
9931 0
9932 2
9933 1
9934 1
9935 3
9936 2
9937 3
9938 4
9939 0
9940 2
9941 2
9942 1
9943 0
9944 3
9945 3
9946 3
9947 0
9948 0
9949 0
9950 3
9951 2
9952 1
9953 3
9954 2
9955 3
9956 5
9957 3
9958 2
9959 0
9960 4
9961 1
9962 0
9963 0
9964 2
9965 4
9966 0
9967 3
9968 1
9969 0
9970 2
9971 1
9972 3
9973 1
9974 1
9975 5
9976 0
9977 4
9978 1
9979 0
9980 1
9981 3
9982 4
9983 4
9984 1
9985 3
9986 3
9987 2
9988 1
9989 2
9990 3
9991 3
9992 0
9993 5
9994 4
9995 0
9996 1
9997 3
9998 3
9999 2
10000 3
10001 0
10002 4
10003 1
10004 1
10005 0
10006 4
10007 0
10008 4
10009 2
10010 2
10011 2
10012 1
10013 3
10014 0
10015 3
10016 0
10017 0
10018 1
10019 1
10020 2
10021 1
10022 4
10023 4
10024 2
10025 4
10026 1
10027 2
10028 1
10029 0
10030 5
10031 3
10032 2
10033 4
10034 3
10035 4
10036 1
10037 0
10038 4
10039 4
10040 3
10041 1
10042 3
10043 4
10044 1
10045 3
10046 2
10047 1
10048 2
10049 1
10050 1
10051 4
10052 0
10053 2
10054 4
10055 4
10056 2
10057 5
10058 3
10059 3
10060 0
10061 3
10062 0
10063 0
10064 1
10065 3
10066 3
10067 4
10068 2
10069 1
10070 2
10071 4
10072 1
10073 1
10074 4
10075 2
10076 3
10077 4
10078 2
10079 2
10080 3
10081 0
10082 3
10083 0
10084 4
10085 0
10086 0
10087 4
10088 1
10089 3
10090 0
10091 4
10092 4
10093 2
10094 2
10095 3
10096 0
10097 1
10098 3
10099 2
10100 0
10101 2
10102 0
10103 1
10104 2
10105 5
10106 3
10107 3
10108 2
10109 3
10110 3
10111 0
10112 4
10113 2
10114 0
10115 4
10116 4
10117 0
10118 2
10119 3
10120 2
10121 4
10122 1
10123 0
10124 1
10125 1
10126 4
10127 4
10128 0
10129 3
10130 4
10131 0
10132 0
10133 1
10134 1
10135 5
10136 4
10137 2
10138 3
10139 2
10140 2
10141 2
10142 2
10143 2
10144 0
10145 2
10146 3
10147 2
10148 2
10149 0
10150 2
10151 0
10152 3
10153 2
10154 1
10155 4
10156 0
10157 2
10158 1
10159 4
10160 0
10161 1
10162 2
10163 2
10164 4
10165 1
10166 0
10167 4
10168 0
10169 4
10170 3
10171 0
10172 2
10173 3
10174 1
10175 2
10176 4
10177 3
10178 2
10179 0
10180 4
10181 1
10182 1
10183 0
10184 3
10185 3
10186 1
10187 1
10188 0
10189 3
10190 3
10191 2
10192 4
10193 0
10194 3
10195 3
10196 1
10197 3
10198 1
10199 3
10200 1
10201 0
10202 4
10203 1
10204 4
10205 1
10206 3
10207 2
10208 3
10209 1
10210 2
10211 3
10212 3
10213 1
10214 1
10215 4
10216 4
10217 4
10218 2
10219 3
10220 2
10221 1
10222 3
10223 2
10224 0
10225 3
10226 3
10227 2
10228 0
10229 3
10230 2
10231 2
10232 0
10233 2
10234 1
10235 1
10236 2
10237 3
10238 1
10239 0
10240 2
10241 0
10242 2
10243 0
10244 0
10245 1
10246 1
10247 1
10248 0
10249 0
10250 4
10251 4
10252 4
10253 3
10254 2
10255 2
10256 3
10257 0
10258 4
10259 3
10260 5
10261 3
10262 0
10263 1
10264 4
10265 2
10266 0
10267 3
10268 5
10269 3
10270 4
10271 4
10272 4
10273 1
10274 3
10275 3
10276 0
10277 1
10278 3
10279 3
10280 2
10281 0
10282 2
10283 1
10284 1
10285 4
10286 4
10287 1
10288 2
10289 1
10290 3
10291 0
10292 2
10293 3
10294 2
10295 0
10296 3
10297 1
10298 2
10299 1
10300 2
10301 1
10302 2
10303 2
10304 3
10305 0
10306 1
10307 1
10308 1
10309 3
10310 2
10311 3
10312 3
10313 2
10314 0
10315 3
10316 4
10317 2
10318 5
10319 3
10320 4
10321 2
10322 0
10323 2
10324 0
10325 3
10326 1
10327 3
10328 2
10329 2
10330 3
10331 2
10332 2
10333 1
10334 0
10335 2
10336 1
10337 2
10338 1
10339 1
10340 3
10341 1
10342 3
10343 4
10344 3
10345 4
10346 1
10347 1
10348 1
10349 1
10350 4
10351 2
10352 2
10353 2
10354 3
10355 3
10356 4
10357 1
10358 4
10359 1
10360 1
10361 2
10362 3
10363 2
10364 3
10365 3
10366 4
10367 1
10368 1
10369 0
10370 2
10371 0
10372 2
10373 3
10374 2
10375 4
10376 1
10377 0
10378 2
10379 1
10380 0
10381 2
10382 1
10383 0
10384 3
10385 2
10386 3
10387 0
10388 3
10389 0
10390 1
10391 2
10392 4
10393 2
10394 1
10395 2
10396 2
10397 3
10398 2
10399 4
10400 2
10401 2
10402 2
10403 3
10404 2
10405 1
10406 3
10407 4
10408 1
10409 3
10410 2
10411 1
10412 0
10413 1
10414 3
10415 0
10416 1
10417 1
10418 2
10419 2
10420 1
10421 0
10422 3
10423 3
10424 2
10425 3
10426 0
10427 3
10428 2
10429 2
10430 3
10431 1
10432 2
10433 0
10434 1
10435 2
10436 4
10437 1
10438 1
10439 1
10440 0
10441 4
10442 3
10443 2
10444 3
10445 4
10446 1
10447 3
10448 4
10449 0
10450 1
10451 3
10452 1
10453 3
10454 3
10455 0
10456 4
10457 1
10458 5
10459 0
10460 3
10461 2
10462 2
10463 0
10464 2
10465 0
10466 3
10467 3
10468 0
10469 1
10470 2
10471 2
10472 0
10473 0
10474 4
10475 3
10476 2
10477 3
10478 3
10479 4
10480 2
10481 3
10482 3
10483 5
10484 0
10485 1
10486 0
10487 0
10488 4
10489 4
10490 2
10491 3
10492 0
10493 1
10494 3
10495 0
10496 2
10497 0
10498 0
10499 0
10500 3
10501 1
10502 3
10503 5
10504 0
10505 0
10506 3
10507 3
10508 3
10509 4
10510 4
10511 0
10512 0
10513 1
10514 2
10515 3
10516 3
10517 2
10518 4
10519 3
10520 0
10521 1
10522 2
10523 2
10524 2
10525 3
10526 4
10527 3
10528 2
10529 3
10530 2
10531 1
10532 3
10533 3
10534 3
10535 0
10536 4
10537 3
10538 4
10539 0
10540 4
10541 0
10542 2
10543 4
10544 3
10545 2
10546 3
10547 1
10548 0
10549 0
10550 0
10551 4
10552 2
10553 0
10554 3
10555 2
10556 1
10557 4
10558 3
10559 3
10560 1
10561 2
10562 2
10563 0
10564 0
10565 1
10566 5
10567 0
10568 3
10569 4
10570 3
10571 0
10572 2
10573 3
10574 1
10575 1
10576 4
10577 1
10578 2
10579 0
10580 2
10581 3
10582 0
10583 2
10584 2
10585 1
10586 2
10587 1
10588 3
10589 2
10590 1
10591 4
10592 2
10593 4
10594 0
10595 1
10596 1
10597 5
10598 3
10599 2
10600 1
10601 4
10602 3
10603 0
10604 1
10605 1
10606 1
10607 2
10608 3
10609 1
10610 3
10611 4
10612 1
10613 2
10614 2
10615 3
10616 1
10617 3
10618 3
10619 0
10620 4
10621 3
10622 0
10623 2
10624 3
10625 2
10626 0
10627 3
10628 0
10629 4
10630 0
10631 2
10632 3
10633 1
10634 0
10635 1
10636 0
10637 3
10638 2
10639 0
10640 2
10641 1
10642 3
10643 1
10644 1
10645 1
10646 1
10647 5
10648 2
10649 3
10650 4
10651 3
10652 4
10653 2
10654 0
10655 0
10656 2
10657 2
10658 1
10659 3
10660 3
10661 2
10662 1
10663 3
10664 3
10665 0
10666 3
10667 3
10668 3
10669 3
10670 2
10671 3
10672 2
10673 4
10674 1
10675 0
10676 2
10677 0
10678 0
10679 4
10680 2
10681 0
10682 3
10683 2
10684 3
10685 4
10686 4
10687 5
10688 2
10689 2
10690 5
10691 4
10692 2
10693 0
10694 3
10695 1
10696 3
10697 4
10698 1
10699 3
10700 2
10701 3
10702 1
10703 0
10704 1
10705 2
10706 2
10707 3
10708 3
10709 2
10710 2
10711 1
10712 2
10713 0
10714 3
10715 5
10716 0
10717 2
10718 2
10719 3
10720 2
10721 4
10722 1
10723 1
10724 0
10725 2
10726 4
10727 3
10728 4
10729 3
10730 3
10731 0
10732 2
10733 5
10734 3
10735 4
10736 0
10737 4
10738 0
10739 1
10740 1
10741 3
10742 5
10743 3
10744 3
10745 1
10746 3
10747 3
10748 4
10749 2
10750 2
10751 0
10752 3
10753 2
10754 4
10755 2
10756 3
10757 2
10758 3
10759 2
10760 2
10761 3
10762 4
10763 3
10764 0
10765 1
10766 0
10767 2
10768 4
10769 5
10770 2
10771 3
10772 2
10773 1
10774 2
10775 4
10776 3
10777 3
10778 4
10779 0
10780 3
10781 1
10782 0
10783 4
10784 2
10785 0
10786 2
10787 0
10788 3
10789 3
10790 0
10791 4
10792 0
10793 2
10794 0
10795 1
10796 3
10797 4
10798 0
10799 5
10800 1
10801 2
10802 2
10803 4
10804 1
10805 0
10806 3
10807 5
10808 3
10809 1
10810 1
10811 3
10812 0
10813 2
10814 3
10815 0
10816 4
10817 1
10818 5
10819 4
10820 4
10821 1
10822 1
10823 3
10824 2
10825 0
10826 5
10827 1
10828 0
10829 2
10830 3
10831 1
10832 3
10833 4
10834 2
10835 3
10836 2
10837 2
10838 1
10839 0
10840 0
10841 1
10842 1
10843 1
10844 0
10845 1
10846 4
10847 3
10848 4
10849 2
10850 1
10851 2
10852 4
10853 3
10854 1
10855 2
10856 1
10857 3
10858 2
10859 2
10860 1
10861 1
10862 3
10863 2
10864 3
10865 0
10866 1
10867 2
10868 3
10869 0
10870 3
10871 2
10872 3
10873 1
10874 5
10875 1
10876 4
10877 1
10878 5
10879 3
10880 1
10881 3
10882 1
10883 3
10884 3
10885 3
10886 0
10887 1
10888 2
10889 2
10890 1
10891 1
10892 5
10893 2
10894 5
10895 4
10896 0
10897 2
10898 1
10899 2
10900 4
10901 2
10902 1
10903 1
10904 3
10905 3
10906 2
10907 1
10908 2
10909 5
10910 4
10911 4
10912 3
10913 0
10914 4
10915 5
10916 3
10917 4
10918 2
10919 2
10920 1
10921 1
10922 4
10923 4
10924 3
10925 2
10926 1
10927 3
10928 4
10929 1
10930 5
10931 3
10932 2
10933 3
10934 1
10935 3
10936 1
10937 1
10938 1
10939 0
10940 2
10941 2
10942 2
10943 3
10944 2
10945 1
10946 2
10947 2
10948 4
10949 2
10950 2
10951 1
10952 4
10953 1
10954 3
10955 1
10956 4
10957 5
10958 1
10959 0
10960 3
10961 2
10962 4
10963 3
10964 0
10965 0
10966 4
10967 2
10968 4
10969 0
10970 2
10971 1
10972 5
10973 4
10974 4
10975 2
10976 0
10977 1
10978 0
10979 1
10980 0
10981 0
10982 1
10983 3
10984 0
10985 4
10986 1
10987 1
10988 2
10989 4
10990 5
10991 3
10992 2
10993 3
10994 1
10995 2
10996 4
10997 1
10998 4
10999 2
11000 1
11001 1
11002 2
11003 3
11004 3
11005 4
11006 4
11007 5
11008 2
11009 1
11010 0
11011 1
11012 5
11013 0
11014 4
11015 0
11016 2
11017 0
11018 3
11019 3
11020 3
11021 3
11022 5
11023 2
11024 3
11025 4
11026 4
11027 3
11028 3
11029 1
11030 0
11031 3
11032 0
11033 4
11034 2
11035 0
11036 0
11037 4
11038 3
11039 2
11040 4
11041 5
11042 0
11043 0
11044 4
11045 2
11046 1
11047 1
11048 3
11049 3
11050 1
11051 1
11052 1
11053 5
11054 3
11055 3
11056 1
11057 0
11058 4
11059 4
11060 0
11061 3
11062 2
11063 3
11064 4
11065 0
11066 2
11067 0
11068 4
11069 0
11070 2
11071 3
11072 2
11073 3
11074 2
11075 1
11076 5
11077 1
11078 3
11079 0
11080 1
11081 2
11082 1
11083 0
11084 2
11085 0
11086 4
11087 4
11088 4
11089 1
11090 4
11091 2
11092 5
11093 2
11094 2
11095 3
11096 3
11097 3
11098 0
11099 1
11100 4
11101 2
11102 4
11103 0
11104 1
11105 3
11106 1
11107 4
11108 5
11109 0
11110 3
11111 5
11112 4
11113 1
11114 1
11115 1
11116 3
11117 2
11118 4
11119 4
11120 2
11121 2
11122 2
11123 3
11124 5
11125 1
11126 2
11127 3
11128 2
11129 4
11130 4
11131 1
11132 2
11133 2
11134 1
11135 0
11136 4
11137 4
11138 0
11139 3
11140 3
11141 0
11142 1
11143 0
11144 4
11145 1
11146 1
11147 2
11148 0
11149 0
11150 4
11151 2
11152 1
11153 2
11154 4
11155 3
11156 1
11157 2
11158 4
11159 3
11160 3
11161 0
11162 1
11163 2
11164 2
11165 2
11166 3
11167 3
11168 0
11169 5
11170 4
11171 0
11172 1
11173 3
11174 3
11175 1
11176 1
11177 0
11178 4
11179 3
11180 4
11181 3
11182 1
11183 2
11184 3
11185 1
11186 2
11187 2
11188 0
11189 1
11190 2
11191 1
11192 2
11193 2
11194 2
11195 2
11196 4
11197 0
11198 2
11199 3
11200 3
11201 4
11202 4
11203 4
11204 3
11205 2
11206 0
11207 4
11208 1
11209 1
11210 3
11211 1
11212 3
11213 3
11214 3
11215 0
11216 3
11217 3
11218 0
11219 1
11220 2
11221 5
11222 0
11223 4
11224 3
11225 1
11226 2
11227 2
11228 2
11229 0
11230 2
11231 1
11232 1
11233 0
11234 2
11235 4
11236 2
11237 4
11238 2
11239 3
11240 0
11241 1
11242 5
11243 3
11244 3
11245 1
11246 2
11247 2
11248 3
11249 3
11250 2
11251 3
11252 0
11253 1
11254 4
11255 2
11256 0
11257 4
11258 2
11259 4
11260 0
11261 3
11262 2
11263 3
11264 4
11265 4
11266 4
11267 3
11268 0
11269 1
11270 2
11271 0
11272 1
11273 0
11274 2
11275 0
11276 2
11277 3
11278 3
11279 0
11280 0
11281 2
11282 4
11283 3
11284 2
11285 3
11286 4
11287 0
11288 2
11289 2
11290 3
11291 4
11292 2
11293 4
11294 0
11295 0
11296 2
11297 5
11298 3
11299 3
11300 4
11301 0
11302 4
11303 1
11304 3
11305 5
11306 2
11307 4
11308 4
11309 2
11310 1
11311 0
11312 5
11313 1
11314 4
11315 1
11316 4
11317 1
11318 4
11319 2
11320 2
11321 4
11322 3
11323 4
11324 1
11325 4
11326 3
11327 2
11328 2
11329 0
11330 1
11331 2
11332 1
11333 5
11334 5
11335 4
11336 0
11337 2
11338 1
11339 4
11340 3
11341 0
11342 4
11343 1
11344 2
11345 2
11346 1
11347 0
11348 4
11349 4
11350 0
11351 0
11352 0
11353 0
11354 0
11355 2
11356 0
11357 4
11358 1
11359 6
11360 5
11361 3
11362 1
11363 0
11364 4
11365 2
11366 0
11367 3
11368 1
11369 2
11370 1
11371 5
11372 2
11373 0
11374 4
11375 4
11376 3
11377 1
11378 3
11379 1
11380 0
11381 0
11382 4
11383 5
11384 0
11385 3
11386 4
11387 1
11388 0
11389 0
11390 1
11391 2
11392 3
11393 1
11394 4
11395 3
11396 2
11397 3
11398 5
11399 2
11400 4
11401 1
11402 4
11403 2
11404 2
11405 3
11406 2
11407 0
11408 2
11409 4
11410 6
11411 3
11412 0
11413 0
11414 2
11415 0
11416 4
11417 3
11418 1
11419 0
11420 0
11421 4
11422 1
11423 1
11424 3
11425 2
11426 4
11427 3
11428 2
11429 2
11430 4
11431 2
11432 3
11433 1
11434 1
11435 0
11436 1
11437 1
11438 0
11439 3
11440 3
11441 2
11442 2
11443 5
11444 3
11445 2
11446 1
11447 3
11448 2
11449 0
11450 2
11451 1
11452 2
11453 4
11454 4
11455 0
11456 5
11457 2
11458 1
11459 1
11460 1
11461 3
11462 0
11463 5
11464 3
11465 4
11466 5
11467 4
11468 4
11469 2
11470 4
11471 2
11472 2
11473 3
11474 0
11475 3
11476 2
11477 0
11478 2
11479 2
11480 3
11481 0
11482 5
11483 2
11484 3
11485 1
11486 2
11487 2
11488 1
11489 3
11490 0
11491 0
11492 1
11493 5
11494 4
11495 0
11496 0
11497 1
11498 1
11499 1
11500 2
11501 3
11502 3
11503 4
11504 4
11505 1
11506 3
11507 2
11508 4
11509 3
11510 0
11511 3
11512 1
11513 3
11514 5
11515 3
11516 3
11517 2
11518 4
11519 3
11520 1
11521 5
11522 3
11523 2
11524 2
11525 4
11526 0
11527 2
11528 0
11529 4
11530 3
11531 3
11532 1
11533 4
11534 1
11535 3
11536 1
11537 4
11538 4
11539 4
11540 5
11541 4
11542 3
11543 3
11544 0
11545 0
11546 2
11547 2
11548 0
11549 4
11550 0
11551 4
11552 1
11553 2
11554 3
11555 2
11556 1
11557 4
11558 4
11559 1
11560 1
11561 3
11562 4
11563 2
11564 4
11565 2
11566 2
11567 4
11568 2
11569 3
11570 3
11571 4
11572 1
11573 3
11574 4
11575 4
11576 4
11577 1
11578 1
11579 2
11580 1
11581 4
11582 4
11583 2
11584 4
11585 4
11586 2
11587 1
11588 2
11589 4
11590 4
11591 3
11592 2
11593 2
11594 1
11595 4
11596 2
11597 4
11598 3
11599 4
11600 3
11601 1
11602 2
11603 1
11604 3
11605 0
11606 4
11607 1
11608 1
11609 3
11610 2
11611 4
11612 4
11613 0
11614 2
11615 2
11616 3
11617 5
11618 0
11619 1
11620 3
11621 1
11622 1
11623 5
11624 5
11625 2
11626 2
11627 1
11628 2
11629 3
11630 2
11631 2
11632 4
11633 3
11634 4
11635 4
11636 3
11637 2
11638 1
11639 0
11640 1
11641 1
11642 0
11643 4
11644 3
11645 0
11646 3
11647 1
11648 2
11649 2
11650 4
11651 3
11652 2
11653 0
11654 3
11655 0
11656 5
11657 3
11658 4
11659 2
11660 3
11661 3
11662 0
11663 2
11664 0
11665 2
11666 2
11667 3
11668 2
11669 2
11670 0
11671 1
11672 1
11673 4
11674 3
11675 2
11676 3
11677 3
11678 0
11679 1
11680 1
11681 5
11682 3
11683 1
11684 0
11685 2
11686 1
11687 3
11688 2
11689 4
11690 3
11691 1
11692 2
11693 4
11694 0
11695 3
11696 3
11697 3
11698 4
11699 3
11700 1
11701 2
11702 5
11703 3
11704 2
11705 2
11706 3
11707 3
11708 2
11709 3
11710 2
11711 1
11712 4
11713 5
11714 0
11715 4
11716 1
11717 4
11718 0
11719 1
11720 4
11721 0
11722 3
11723 4
11724 4
11725 4
11726 4
11727 3
11728 5
11729 3
11730 2
11731 0
11732 1
11733 2
11734 0
11735 5
11736 0
11737 2
11738 2
11739 4
11740 1
11741 0
11742 1
11743 4
11744 3
11745 4
11746 2
11747 0
11748 2
11749 1
11750 2
11751 2
11752 5
11753 2
11754 2
11755 2
11756 0
11757 2
11758 0
11759 3
11760 3
11761 3
11762 4
11763 3
11764 1
11765 4
11766 1
11767 3
11768 1
11769 3
11770 2
11771 1
11772 4
11773 3
11774 2
11775 4
11776 4
11777 4
11778 3
11779 1
11780 1
11781 1
11782 3
11783 3
11784 0
11785 0
11786 2
11787 4
11788 3
11789 1
11790 0
11791 0
11792 1
11793 4
11794 3
11795 1
11796 0
11797 5
11798 0
11799 5
11800 4
11801 3
11802 4
11803 3
11804 0
11805 3
11806 3
11807 0
11808 3
11809 3
11810 4
11811 1
11812 3
11813 3
11814 3
11815 3
11816 5
11817 3
11818 1
11819 4
11820 0
11821 0
11822 2
11823 1
11824 4
11825 5
11826 1
11827 0
11828 1
11829 5
11830 3
11831 2
11832 3
11833 3
11834 1
11835 3
11836 2
11837 1
11838 2
11839 1
11840 3
11841 0
11842 0
11843 4
11844 1
11845 1
11846 1
11847 4
11848 0
11849 5
11850 1
11851 4
11852 2
11853 3
11854 2
11855 2
11856 3
11857 0
11858 4
11859 2
11860 0
11861 2
11862 4
11863 2
11864 3
11865 4
11866 1
11867 0
11868 1
11869 0
11870 4
11871 0
11872 3
11873 5
11874 4
11875 4
11876 4
11877 2
11878 1
11879 0
11880 0
11881 0
11882 1
11883 3
11884 2
11885 4
11886 2
11887 2
11888 0
11889 4
11890 3
11891 2
11892 0
11893 4
11894 3
11895 2
11896 4
11897 3
11898 1
11899 0
11900 0
11901 2
11902 2
11903 2
11904 4
11905 4
11906 2
11907 2
11908 0
11909 3
11910 4
11911 2
11912 0
11913 5
11914 1
11915 1
11916 3
11917 4
11918 0
11919 5
11920 1
11921 0
11922 1
11923 3
11924 2
11925 2
11926 2
11927 3
11928 3
11929 3
11930 2
11931 1
11932 0
11933 2
11934 2
11935 1
11936 5
11937 1
11938 0
11939 3
11940 5
11941 2
11942 2
11943 2
11944 5
11945 3
11946 5
11947 4
11948 3
11949 1
11950 1
11951 2
11952 4
11953 3
11954 0
11955 0
11956 5
11957 3
11958 1
11959 4
11960 1
11961 0
11962 2
11963 3
11964 4
11965 3
11966 0
11967 1
11968 3
11969 1
11970 1
11971 2
11972 1
11973 5
11974 2
11975 3
11976 3
11977 4
11978 1
11979 3
11980 3
11981 4
11982 2
11983 4
11984 0
11985 0
11986 2
11987 4
11988 0
11989 3
11990 4
11991 1
11992 3
11993 1
11994 1
11995 2
11996 4
11997 2
11998 2
11999 4
12000 4
12001 3
12002 2
12003 3
12004 2
12005 1
12006 2
12007 1
12008 3
12009 4
12010 2
12011 1
12012 4
12013 1
12014 5
12015 3
12016 0
12017 3
12018 0
12019 3
12020 1
12021 3
12022 4
12023 1
12024 2
12025 5
12026 1
12027 2
12028 1
12029 0
12030 2
12031 2
12032 4
12033 4
12034 2
12035 4
12036 2
12037 4
12038 0
12039 1
12040 1
12041 4
12042 1
12043 1
12044 2
12045 2
12046 1
12047 0
12048 0
12049 0
12050 2
12051 4
12052 2
12053 3
12054 1
12055 1
12056 4
12057 1
12058 2
12059 0
12060 5
12061 1
12062 3
12063 3
12064 1
12065 5
12066 2
12067 0
12068 1
12069 1
12070 0
12071 1
12072 1
12073 3
12074 3
12075 2
12076 3
12077 2
12078 2
12079 4
12080 3
12081 3
12082 2
12083 0
12084 2
12085 4
12086 2
12087 0
12088 2
12089 3
12090 3
12091 2
12092 0
12093 0
12094 3
12095 5
12096 5
12097 2
12098 1
12099 2
12100 1
12101 4
12102 3
12103 3
12104 3
12105 0
12106 5
12107 5
12108 2
12109 0
12110 1
12111 3
12112 4
12113 2
12114 4
12115 5
12116 4
12117 4
12118 5
12119 1
12120 2
12121 0
12122 3
12123 2
12124 0
12125 1
12126 4
12127 3
12128 1
12129 1
12130 0
12131 2
12132 3
12133 2
12134 1
12135 0
12136 1
12137 2
12138 4
12139 3
12140 0
12141 4
12142 4
12143 1
12144 1
12145 1
12146 2
12147 4
12148 0
12149 0
12150 1
12151 0
12152 2
12153 0
12154 0
12155 3
12156 2
12157 3
12158 1
12159 0
12160 1
12161 3
12162 4
12163 2
12164 4
12165 3
12166 1
12167 1
12168 0
12169 5
12170 2
12171 0
12172 0
12173 0
12174 2
12175 0
12176 2
12177 4
12178 1
12179 0
12180 3
12181 2
12182 0
12183 3
12184 1
12185 3
12186 1
12187 2
12188 2
12189 2
12190 3
12191 2
12192 4
12193 5
12194 4
12195 3
12196 3
12197 0
12198 2
12199 5
12200 3
12201 4
12202 1
12203 2
12204 3
12205 2
12206 2
12207 1
12208 3
12209 4
12210 3
12211 5
12212 2
12213 3
12214 4
12215 3
12216 4
12217 1
12218 2
12219 3
12220 3
12221 4
12222 4
12223 5
12224 4
12225 4
12226 3
12227 4
12228 4
12229 0
12230 0
12231 1
12232 1
12233 2
12234 0
12235 2
12236 3
12237 1
12238 3
12239 0
12240 4
12241 1
12242 4
12243 3
12244 3
12245 2
12246 4
12247 0
12248 4
12249 1
12250 3
12251 5
12252 2
12253 4
12254 4
12255 2
12256 0
12257 2
12258 2
12259 4
12260 4
12261 0
12262 2
12263 3
12264 3
12265 4
12266 4
12267 3
12268 2
12269 4
12270 0
12271 0
12272 2
12273 3
12274 3
12275 4
12276 3
12277 0
12278 1
12279 4
12280 3
12281 1
12282 2
12283 3
12284 4
12285 5
12286 1
12287 4
12288 2
12289 3
12290 2
12291 0
12292 4
12293 4
12294 1
12295 2
12296 3
12297 4
12298 4
12299 1
12300 4
12301 2
12302 1
12303 1
12304 4
12305 3
12306 1
12307 3
12308 4
12309 2
12310 0
12311 1
12312 0
12313 1
12314 3
12315 0
12316 5
12317 1
12318 2
12319 4
12320 3
12321 2
12322 2
12323 3
12324 4
12325 5
12326 5
12327 4
12328 4
12329 1
12330 4
12331 4
12332 3
12333 0
12334 3
12335 2
12336 2
12337 1
12338 0
12339 0
12340 1
12341 5
12342 3
12343 4
12344 1
12345 1
12346 1
12347 3
12348 5
12349 2
12350 0
12351 2
12352 3
12353 1
12354 2
12355 2
12356 5
12357 2
12358 4
12359 0
12360 4
12361 2
12362 2
12363 4
12364 1
12365 4
12366 3
12367 0
12368 5
12369 0
12370 0
12371 0
12372 4
12373 4
12374 3
12375 4
12376 2
12377 1
12378 1
12379 3
12380 0
12381 3
12382 0
12383 3
12384 3
12385 5
12386 4
12387 1
12388 5
12389 2
12390 2
12391 0
12392 4
12393 4
12394 2
12395 4
12396 3
12397 1
12398 4
12399 2
12400 5
12401 2
12402 1
12403 4
12404 2
12405 1
12406 1
12407 4
12408 0
12409 0
12410 3
12411 3
12412 4
12413 3
12414 1
12415 5
12416 1
12417 4
12418 0
12419 3
12420 1
12421 3
12422 5
12423 2
12424 1
12425 1
12426 5
12427 3
12428 3
12429 5
12430 4
12431 3
12432 6
12433 1
12434 5
12435 3
12436 2
12437 0
12438 0
12439 4
12440 3
12441 2
12442 0
12443 6
12444 3
12445 2
12446 2
12447 3
12448 4
12449 1
12450 3
12451 1
12452 4
12453 1
12454 1
12455 2
12456 1
12457 4
12458 2
12459 1
12460 2
12461 1
12462 3
12463 0
12464 4
12465 0
12466 3
12467 3
12468 3
12469 0
12470 2
12471 1
12472 1
12473 2
12474 1
12475 3
12476 0
12477 4
12478 4
12479 0
12480 4
12481 1
12482 2
12483 4
12484 4
12485 2
12486 2
12487 0
12488 1
12489 5
12490 4
12491 3
12492 1
12493 2
12494 1
12495 2
12496 4
12497 4
12498 4
12499 5
12500 0
12501 1
12502 2
12503 0
12504 1
12505 0
12506 3
12507 4
12508 3
12509 1
12510 0
12511 3
12512 3
12513 1
12514 0
12515 3
12516 1
12517 5
12518 0
12519 1
12520 4
12521 2
12522 3
12523 4
12524 3
12525 2
12526 2
12527 4
12528 3
12529 0
12530 5
12531 1
12532 0
12533 3
12534 2
12535 2
12536 4
12537 3
12538 1
12539 2
12540 1
12541 1
12542 5
12543 1
12544 4
12545 3
12546 1
12547 2
12548 5
12549 3
12550 3
12551 4
12552 3
12553 0
12554 2
12555 1
12556 4
12557 1
12558 0
12559 3
12560 3
12561 4
12562 4
12563 4
12564 1
12565 2
12566 5
12567 1
12568 2
12569 0
12570 0
12571 5
12572 4
12573 1
12574 3
12575 3
12576 5
12577 1
12578 1
12579 4
12580 4
12581 0
12582 4
12583 3
12584 3
12585 1
12586 1
12587 0
12588 3
12589 4
12590 2
12591 3
12592 2
12593 0
12594 4
12595 4
12596 4
12597 3
12598 1
12599 0
12600 1
12601 0
12602 5
12603 0
12604 4
12605 1
12606 3
12607 3
12608 0
12609 0
12610 2
12611 3
12612 2
12613 4
12614 5
12615 3
12616 2
12617 4
12618 0
12619 2
12620 1
12621 5
12622 0
12623 3
12624 0
12625 4
12626 2
12627 5
12628 4
12629 0
12630 6
12631 0
12632 3
12633 2
12634 4
12635 0
12636 4
12637 4
12638 2
12639 4
12640 0
12641 0
12642 2
12643 5
12644 3
12645 2
12646 0
12647 5
12648 3
12649 3
12650 4
12651 3
12652 4
12653 4
12654 0
12655 0
12656 3
12657 1
12658 0
12659 1
12660 5
12661 6
12662 2
12663 5
12664 4
12665 4
12666 1
12667 0
12668 2
12669 3
12670 4
12671 3
12672 3
12673 1
12674 3
12675 0
12676 1
12677 4
12678 2
12679 0
12680 1
12681 0
12682 5
12683 2
12684 3
12685 5
12686 2
12687 5
12688 3
12689 1
12690 4
12691 2
12692 3
12693 2
12694 4
12695 4
12696 2
12697 3
12698 4
12699 2
12700 2
12701 1
12702 1
12703 2
12704 2
12705 4
12706 4
12707 2
12708 1
12709 0
12710 5
12711 3
12712 2
12713 1
12714 3
12715 1
12716 4
12717 2
12718 0
12719 2
12720 4
12721 2
12722 2
12723 3
12724 3
12725 5
12726 2
12727 3
12728 3
12729 1
12730 3
12731 0
12732 1
12733 6
12734 4
12735 5
12736 0
12737 4
12738 6
12739 0
12740 4
12741 1
12742 5
12743 4
12744 4
12745 3
12746 2
12747 3
12748 3
12749 1
12750 3
12751 3
12752 4
12753 1
12754 3
12755 5
12756 4
12757 1
12758 3
12759 1
12760 5
12761 3
12762 5
12763 3
12764 4
12765 2
12766 0
12767 5
12768 0
12769 4
12770 3
12771 1
12772 3
12773 2
12774 1
12775 2
12776 0
12777 3
12778 1
12779 4
12780 0
12781 1
12782 3
12783 2
12784 1
12785 3
12786 3
12787 4
12788 3
12789 4
12790 3
12791 3
12792 1
12793 6
12794 0
12795 0
12796 3
12797 2
12798 5
12799 4
12800 2
12801 6
12802 1
12803 3
12804 0
12805 2
12806 1
12807 0
12808 3
12809 4
12810 5
12811 2
12812 4
12813 5
12814 3
12815 3
12816 0
12817 4
12818 2
12819 0
12820 1
12821 4
12822 4
12823 2
12824 0
12825 3
12826 2
12827 3
12828 2
12829 4
12830 1
12831 0
12832 4
12833 0
12834 3
12835 0
12836 2
12837 5
12838 3
12839 1
12840 0
12841 1
12842 2
12843 1
12844 3
12845 6
12846 4
12847 1
12848 3
12849 3
12850 4
12851 4
12852 4
12853 3
12854 5
12855 3
12856 5
12857 3
12858 4
12859 1
12860 2
12861 4
12862 3
12863 0
12864 5
12865 4
12866 2
12867 5
12868 2
12869 3
12870 3
12871 2
12872 3
12873 5
12874 2
12875 0
12876 1
12877 2
12878 4
12879 3
12880 4
12881 1
12882 3
12883 1
12884 1
12885 1
12886 0
12887 3
12888 1
12889 4
12890 3
12891 3
12892 4
12893 1
12894 4
12895 5
12896 4
12897 3
12898 3
12899 2
12900 4
12901 2
12902 4
12903 4
12904 0
12905 4
12906 2
12907 3
12908 3
12909 5
12910 3
12911 1
12912 0
12913 2
12914 5
12915 3
12916 1
12917 5
12918 5
12919 4
12920 0
12921 3
12922 3
12923 3
12924 1
12925 2
12926 2
12927 3
12928 4
12929 4
12930 4
12931 3
12932 1
12933 1
12934 0
12935 0
12936 1
12937 2
12938 6
12939 2
12940 4
12941 3
12942 4
12943 5
12944 3
12945 3
12946 1
12947 3
12948 2
12949 3
12950 5
12951 2
12952 2
12953 4
12954 3
12955 2
12956 5
12957 3
12958 4
12959 2
12960 4
12961 0
12962 3
12963 3
12964 5
12965 3
12966 5
12967 3
12968 5
12969 3
12970 3
12971 0
12972 2
12973 1
12974 2
12975 2
12976 0
12977 6
12978 0
12979 4
12980 2
12981 0
12982 1
12983 3
12984 4
12985 4
12986 1
12987 2
12988 3
12989 6
12990 2
12991 0
12992 4
12993 0
12994 3
12995 2
12996 3
12997 1
12998 6
12999 4
13000 4
13001 5
13002 6
13003 1
13004 5
13005 3
13006 1
13007 3
13008 2
13009 0
13010 0
13011 1
13012 3
13013 3
13014 3
13015 2
13016 4
13017 4
13018 0
13019 1
13020 4
13021 2
13022 4
13023 3
13024 3
13025 0
13026 1
13027 1
13028 3
13029 4
13030 4
13031 4
13032 4
13033 2
13034 2
13035 3
13036 1
13037 1
13038 3
13039 0
13040 2
13041 0
13042 2
13043 3
13044 6
13045 3
13046 0
13047 2
13048 5
13049 3
13050 1
13051 1
13052 4
13053 1
13054 1
13055 4
13056 4
13057 0
13058 0
13059 1
13060 4
13061 4
13062 4
13063 5
13064 5
13065 1
13066 4
13067 4
13068 4
13069 4
13070 4
13071 5
13072 0
13073 4
13074 4
13075 4
13076 4
13077 0
13078 4
13079 4
13080 1
13081 5
13082 1
13083 2
13084 2
13085 4
13086 5
13087 3
13088 4
13089 2
13090 4
13091 4
13092 0
13093 1
13094 5
13095 0
13096 4
13097 1
13098 6
13099 2
13100 4
13101 1
13102 4
13103 5
13104 3
13105 3
13106 4
13107 0
13108 2
13109 3
13110 2
13111 4
13112 3
13113 0
13114 4
13115 3
13116 3
13117 2
13118 4
13119 3
13120 3
13121 3
13122 3
13123 5
13124 3
13125 1
13126 1
13127 1
13128 3
13129 3
13130 3
13131 4
13132 3
13133 0
13134 0
13135 3
13136 4
13137 4
13138 4
13139 4
13140 2
13141 2
13142 3
13143 2
13144 5
13145 3
13146 5
13147 3
13148 2
13149 5
13150 0
13151 0
13152 4
13153 2
13154 0
13155 2
13156 4
13157 1
13158 3
13159 2
13160 2
13161 2
13162 0
13163 1
13164 4
13165 1
13166 0
13167 3
13168 2
13169 1
13170 2
13171 1
13172 3
13173 5
13174 1
13175 3
13176 4
13177 3
13178 6
13179 1
13180 1
13181 2
13182 5
13183 4
13184 2
13185 4
13186 4
13187 3
13188 4
13189 5
13190 3
13191 4
13192 3
13193 1
13194 1
13195 3
13196 4
13197 5
13198 6
13199 0
13200 5
13201 3
13202 4
13203 3
13204 2
13205 1
13206 5
13207 3
13208 3
13209 4
13210 4
13211 6
13212 3
13213 0
13214 1
13215 0
13216 0
13217 2
13218 2
13219 4
13220 4
13221 2
13222 0
13223 0
13224 5
13225 4
13226 4
13227 4
13228 2
13229 5
13230 4
13231 4
13232 2
13233 3
13234 1
13235 1
13236 3
13237 0
13238 0
13239 1
13240 4
13241 2
13242 4
13243 4
13244 4
13245 1
13246 4
13247 4
13248 3
13249 2
13250 0
13251 4
13252 0
13253 4
13254 2
13255 0
13256 3
13257 5
13258 5
13259 3
13260 2
13261 4
13262 4
13263 2
13264 4
13265 4
13266 1
13267 2
13268 2
13269 5
13270 5
13271 2
13272 1
13273 4
13274 2
13275 4
13276 0
13277 6
13278 3
13279 3
13280 6
13281 2
13282 1
13283 1
13284 1
13285 4
13286 1
13287 3
13288 5
13289 2
13290 3
13291 1
13292 3
13293 1
13294 4
13295 3
13296 5
13297 1
13298 3
13299 1
13300 2
13301 2
13302 0
13303 3
13304 4
13305 2
13306 6
13307 3
13308 4
13309 1
13310 4
13311 2
13312 2
13313 5
13314 2
13315 2
13316 4
13317 5
13318 2
13319 3
13320 3
13321 2
13322 4
13323 3
13324 4
13325 2
13326 2
13327 4
13328 2
13329 0
13330 3
13331 6
13332 4
13333 5
13334 4
13335 2
13336 5
13337 2
13338 3
13339 3
13340 6
13341 1
13342 4
13343 1
13344 3
13345 1
13346 3
13347 4
13348 1
13349 1
13350 1
13351 4
13352 3
13353 0
13354 2
13355 4
13356 4
13357 3
13358 2
13359 2
13360 4
13361 3
13362 0
13363 0
13364 4
13365 2
13366 3
13367 4
13368 2
13369 5
13370 5
13371 0
13372 4
13373 5
13374 3
13375 4
13376 2
13377 2
13378 5
13379 4
13380 3
13381 6
13382 0
13383 1
13384 3
13385 4
13386 3
13387 4
13388 2
13389 1
13390 4
13391 1
13392 4
13393 4
13394 4
13395 4
13396 1
13397 5
13398 0
13399 1
13400 2
13401 2
13402 5
13403 1
13404 3
13405 5
13406 0
13407 4
13408 0
13409 2
13410 3
13411 4
13412 2
13413 3
13414 5
13415 2
13416 2
13417 5
13418 2
13419 4
13420 3
13421 5
13422 4
13423 2
13424 0
13425 0
13426 1
13427 4
13428 2
13429 1
13430 5
13431 3
13432 3
13433 2
13434 1
13435 3
13436 4
13437 5
13438 4
13439 5
13440 6
13441 2
13442 3
13443 0
13444 2
13445 1
13446 1
13447 0
13448 1
13449 4
13450 0
13451 0
13452 0
13453 2
13454 0
13455 2
13456 0
13457 4
13458 1
13459 2
13460 5
13461 1
13462 1
13463 5
13464 0
13465 0
13466 5
13467 3
13468 4
13469 5
13470 3
13471 5
13472 0
13473 1
13474 2
13475 1
13476 4
13477 4
13478 4
13479 2
13480 0
13481 1
13482 3
13483 5
13484 4
13485 2
13486 1
13487 3
13488 4
13489 0
13490 2
13491 2
13492 0
13493 1
13494 4
13495 3
13496 2
13497 3
13498 0
13499 5
13500 3
13501 2
13502 4
13503 1
13504 5
13505 4
13506 3
13507 3
13508 0
13509 4
13510 2
13511 2
13512 2
13513 2
13514 2
13515 3
13516 2
13517 4
13518 4
13519 2
13520 2
13521 3
13522 2
13523 2
13524 4
13525 2
13526 5
13527 2
13528 4
13529 2
13530 2
13531 5
13532 1
13533 3
13534 2
13535 5
13536 4
13537 4
13538 3
13539 3
13540 2
13541 3
13542 4
13543 1
13544 1
13545 4
13546 4
13547 3
13548 4
13549 4
13550 3
13551 1
13552 4
13553 3
13554 2
13555 4
13556 3
13557 3
13558 4
13559 0
13560 0
13561 3
13562 5
13563 6
13564 0
13565 5
13566 3
13567 0
13568 4
13569 2
13570 5
13571 5
13572 4
13573 4
13574 1
13575 1
13576 3
13577 4
13578 0
13579 2
13580 1
13581 3
13582 3
13583 2
13584 5
13585 3
13586 1
13587 1
13588 4
13589 5
13590 1
13591 3
13592 4
13593 3
13594 2
13595 4
13596 0
13597 2
13598 1
13599 2
13600 5
13601 5
13602 4
13603 5
13604 4
13605 5
13606 4
13607 3
13608 4
13609 5
13610 0
13611 5
13612 3
13613 1
13614 4
13615 3
13616 2
13617 1
13618 4
13619 2
13620 1
13621 1
13622 0
13623 1
13624 1
13625 5
13626 3
13627 4
13628 0
13629 4
13630 0
13631 1
13632 0
13633 1
13634 2
13635 0
13636 2
13637 2
13638 3
13639 5
13640 2
13641 1
13642 2
13643 4
13644 1
13645 5
13646 4
13647 1
13648 4
13649 0
13650 4
13651 4
13652 4
13653 2
13654 2
13655 4
13656 5
13657 1
13658 4
13659 4
13660 2
13661 2
13662 2
13663 2
13664 1
13665 1
13666 2
13667 4
13668 0
13669 3
13670 1
13671 2
13672 5
13673 3
13674 3
13675 2
13676 1
13677 0
13678 2
13679 4
13680 3
13681 6
13682 4
13683 2
13684 4
13685 5
13686 1
13687 2
13688 0
13689 5
13690 0
13691 4
13692 3
13693 1
13694 3
13695 4
13696 3
13697 4
13698 1
13699 4
13700 3
13701 2
13702 3
13703 5
13704 4
13705 5
13706 3
13707 2
13708 0
13709 4
13710 2
13711 1
13712 2
13713 5
13714 5
13715 3
13716 2
13717 3
13718 2
13719 3
13720 2
13721 2
13722 4
13723 5
13724 0
13725 4
13726 2
13727 2
13728 1
13729 1
13730 0
13731 3
13732 4
13733 3
13734 3
13735 2
13736 3
13737 3
13738 1
13739 2
13740 1
13741 3
13742 2
13743 2
13744 3
13745 3
13746 2
13747 1
13748 2
13749 1
13750 4
13751 6
13752 3
13753 2
13754 3
13755 2
13756 5
13757 5
13758 2
13759 5
13760 2
13761 5
13762 1
13763 4
13764 1
13765 5
13766 1
13767 3
13768 3
13769 4
13770 5
13771 5
13772 5
13773 6
13774 1
13775 2
13776 4
13777 4
13778 5
13779 4
13780 4
13781 5
13782 4
13783 3
13784 3
13785 5
13786 6
13787 4
13788 6
13789 3
13790 5
13791 4
13792 3
13793 3
13794 1
13795 2
13796 1
13797 1
13798 0
13799 4
13800 4
13801 4
13802 4
13803 1
13804 4
13805 2
13806 4
13807 2
13808 3
13809 1
13810 4
13811 1
13812 3
13813 1
13814 0
13815 4
13816 0
13817 4
13818 5
13819 1
13820 2
13821 5
13822 5
13823 4
13824 2
13825 0
13826 4
13827 1
13828 2
13829 3
13830 4
13831 4
13832 4
13833 3
13834 0
13835 3
13836 3
13837 3
13838 5
13839 4
13840 1
13841 3
13842 3
13843 3
13844 3
13845 2
13846 2
13847 4
13848 2
13849 2
13850 5
13851 0
13852 5
13853 1
13854 4
13855 4
13856 4
13857 4
13858 2
13859 1
13860 4
13861 4
13862 1
13863 4
13864 2
13865 4
13866 6
13867 0
13868 3
13869 2
13870 0
13871 1
13872 0
13873 1
13874 1
13875 2
13876 1
13877 1
13878 0
13879 5
13880 4
13881 4
13882 2
13883 2
13884 4
13885 0
13886 5
13887 2
13888 3
13889 1
13890 2
13891 2
13892 2
13893 3
13894 0
13895 1
13896 0
13897 0
13898 5
13899 2
13900 4
13901 4
13902 1
13903 3
13904 4
13905 4
13906 5
13907 1
13908 4
13909 4
13910 4
13911 3
13912 3
13913 4
13914 2
13915 2
13916 4
13917 5
13918 5
13919 3
13920 5
13921 0
13922 2
13923 0
13924 4
13925 2
13926 3
13927 3
13928 3
13929 2
13930 2
13931 2
13932 0
13933 4
13934 4
13935 1
13936 2
13937 2
13938 2
13939 2
13940 3
13941 4
13942 1
13943 0
13944 4
13945 2
13946 4
13947 2
13948 4
13949 3
13950 4
13951 0
13952 0
13953 5
13954 4
13955 3
13956 3
13957 2
13958 3
13959 5
13960 1
13961 3
13962 6
13963 0
13964 0
13965 6
13966 1
13967 2
13968 4
13969 0
13970 2
13971 0
13972 4
13973 5
13974 1
13975 2
13976 5
13977 3
13978 3
13979 4
13980 4
13981 4
13982 4
13983 4
13984 5
13985 4
13986 5
13987 1
13988 5
13989 4
13990 1
13991 3
13992 0
13993 1
13994 1
13995 4
13996 6
13997 0
13998 4
13999 0
14000 4
14001 4
14002 4
14003 4
14004 0
14005 2
14006 0
14007 5
14008 3
14009 4
14010 3
14011 0
14012 4
14013 3
14014 4
14015 5
14016 3
14017 6
14018 5
14019 4
14020 3
14021 1
14022 2
14023 1
14024 4
14025 0
14026 4
14027 3
14028 0
14029 3
14030 4
14031 4
14032 2
14033 4
14034 0
14035 5
14036 4
14037 2
14038 3
14039 4
14040 2
14041 5
14042 3
14043 3
14044 4
14045 3
14046 1
14047 3
14048 4
14049 5
14050 4
14051 4
14052 3
14053 2
14054 3
14055 1
14056 0
14057 1
14058 4
14059 5
14060 2
14061 0
14062 3
14063 2
14064 6
14065 3
14066 1
14067 1
14068 4
14069 0
14070 3
14071 5
14072 4
14073 4
14074 5
14075 1
14076 0
14077 0
14078 1
14079 5
14080 0
14081 2
14082 5
14083 3
14084 3
14085 3
14086 1
14087 4
14088 4
14089 1
14090 1
14091 3
14092 4
14093 4
14094 2
14095 5
14096 3
14097 5
14098 3
14099 5
14100 0
14101 3
14102 1
14103 1
14104 4
14105 0
14106 1
14107 5
14108 2
14109 0
14110 1
14111 0
14112 0
14113 1
14114 5
14115 2
14116 2
14117 4
14118 3
14119 3
14120 2
14121 6
14122 5
14123 3
14124 0
14125 2
14126 3
14127 2
14128 2
14129 4
14130 5
14131 3
14132 3
14133 3
14134 6
14135 3
14136 0
14137 2
14138 4
14139 5
14140 4
14141 2
14142 2
14143 3
14144 3
14145 0
14146 1
14147 3
14148 4
14149 2
14150 0
14151 4
14152 2
14153 4
14154 1
14155 5
14156 5
14157 2
14158 4
14159 1
14160 4
14161 0
14162 1
14163 5
14164 0
14165 6
14166 2
14167 2
14168 2
14169 4
14170 3
14171 1
14172 1
14173 6
14174 5
14175 0
14176 3
14177 4
14178 3
14179 1
14180 1
14181 1
14182 1
14183 3
14184 1
14185 1
14186 3
14187 2
14188 0
14189 3
14190 1
14191 6
14192 2
14193 4
14194 3
14195 2
14196 1
14197 3
14198 2
14199 0
14200 1
14201 2
14202 4
14203 4
14204 4
14205 3
14206 5
14207 3
14208 4
14209 0
14210 4
14211 2
14212 2
14213 0
14214 4
14215 3
14216 5
14217 3
14218 5
14219 4
14220 3
14221 2
14222 0
14223 5
14224 3
14225 5
14226 5
14227 0
14228 3
14229 5
14230 3
14231 5
14232 4
14233 3
14234 3
14235 3
14236 2
14237 3
14238 4
14239 5
14240 2
14241 3
14242 1
14243 3
14244 4
14245 4
14246 2
14247 0
14248 3
14249 0
14250 2
14251 0
14252 3
14253 4
14254 3
14255 1
14256 3
14257 5
14258 3
14259 2
14260 3
14261 2
14262 0
14263 3
14264 1
14265 1
14266 5
14267 4
14268 3
14269 5
14270 1
14271 1
14272 5
14273 3
14274 4
14275 2
14276 6
14277 1
14278 2
14279 3
14280 0
14281 4
14282 0
14283 5
14284 4
14285 2
14286 4
14287 0
14288 0
14289 4
14290 2
14291 1
14292 2
14293 4
14294 0
14295 6
14296 5
14297 1
14298 3
14299 2
14300 3
14301 5
14302 6
14303 3
14304 2
14305 4
14306 3
14307 2
14308 4
14309 5
14310 3
14311 1
14312 3
14313 3
14314 4
14315 2
14316 5
14317 6
14318 5
14319 4
14320 4
14321 4
14322 1
14323 1
14324 5
14325 5
14326 2
14327 2
14328 4
14329 3
14330 3
14331 2
14332 5
14333 2
14334 5
14335 0
14336 3
14337 3
14338 4
14339 4
14340 1
14341 4
14342 4
14343 1
14344 3
14345 2
14346 3
14347 3
14348 0
14349 2
14350 4
14351 4
14352 6
14353 4
14354 2
14355 4
14356 4
14357 1
14358 1
14359 1
14360 5
14361 1
14362 5
14363 2
14364 3
14365 2
14366 1
14367 5
14368 3
14369 5
14370 7
14371 3
14372 0
14373 4
14374 5
14375 3
14376 2
14377 1
14378 5
14379 2
14380 4
14381 2
14382 2
14383 0
14384 4
14385 5
14386 5
14387 2
14388 3
14389 0
14390 3
14391 1
14392 4
14393 5
14394 3
14395 4
14396 2
14397 5
14398 2
14399 5
14400 1
14401 3
14402 0
14403 1
14404 4
14405 2
14406 1
14407 3
14408 3
14409 4
14410 1
14411 2
14412 3
14413 1
14414 2
14415 1
14416 0
14417 0
14418 3
14419 3
14420 0
14421 2
14422 5
14423 6
14424 1
14425 3
14426 5
14427 2
14428 3
14429 2
14430 2
14431 3
14432 3
14433 3
14434 0
14435 3
14436 1
14437 6
14438 4
14439 1
14440 1
14441 0
14442 1
14443 4
14444 2
14445 5
14446 4
14447 2
14448 2
14449 3
14450 3
14451 5
14452 4
14453 4
14454 3
14455 0
14456 3
14457 1
14458 2
14459 3
14460 2
14461 4
14462 1
14463 1
14464 3
14465 1
14466 1
14467 2
14468 3
14469 5
14470 4
14471 0
14472 4
14473 5
14474 2
14475 5
14476 2
14477 1
14478 4
14479 2
14480 2
14481 4
14482 5
14483 2
14484 5
14485 0
14486 5
14487 0
14488 5
14489 2
14490 2
14491 0
14492 2
14493 5
14494 2
14495 3
14496 6
14497 1
14498 5
14499 2
14500 5
14501 5
14502 1
14503 4
14504 3
14505 2
14506 1
14507 3
14508 0
14509 5
14510 2
14511 4
14512 4
14513 1
14514 3
14515 3
14516 2
14517 5
14518 5
14519 1
14520 3
14521 2
14522 3
14523 3
14524 4
14525 2
14526 5
14527 2
14528 3
14529 3
14530 4
14531 4
14532 4
14533 2
14534 1
14535 3
14536 5
14537 1
14538 4
14539 4
14540 3
14541 1
14542 0
14543 2
14544 0
14545 2
14546 5
14547 5
14548 4
14549 0
14550 4
14551 4
14552 3
14553 6
14554 0
14555 2
14556 1
14557 6
14558 1
14559 4
14560 0
14561 0
14562 2
14563 1
14564 4
14565 2
14566 3
14567 2
14568 3
14569 1
14570 0
14571 3
14572 1
14573 2
14574 0
14575 0
14576 3
14577 4
14578 0
14579 3
14580 3
14581 6
14582 3
14583 1
14584 1
14585 4
14586 0
14587 1
14588 2
14589 3
14590 1
14591 1
14592 3
14593 4
14594 3
14595 4
14596 2
14597 1
14598 3
14599 2
14600 4
14601 2
14602 1
14603 5
14604 1
14605 5
14606 4
14607 0
14608 5
14609 2
14610 5
14611 3
14612 0
14613 2
14614 3
14615 1
14616 5
14617 0
14618 3
14619 0
14620 3
14621 1
14622 4
14623 4
14624 4
14625 4
14626 5
14627 4
14628 1
14629 1
14630 4
14631 3
14632 2
14633 4
14634 5
14635 0
14636 3
14637 2
14638 4
14639 1
14640 3
14641 2
14642 2
14643 0
14644 5
14645 0
14646 3
14647 1
14648 3
14649 4
14650 3
14651 3
14652 4
14653 3
14654 1
14655 1
14656 5
14657 0
14658 4
14659 5
14660 4
14661 3
14662 5
14663 4
14664 3
14665 3
14666 5
14667 2
14668 4
14669 1
14670 3
14671 3
14672 4
14673 1
14674 1
14675 3
14676 3
14677 0
14678 3
14679 1
14680 1
14681 4
14682 4
14683 5
14684 5
14685 4
14686 1
14687 0
14688 5
14689 0
14690 4
14691 3
14692 0
14693 1
14694 4
14695 5
14696 2
14697 5
14698 4
14699 3
14700 4
14701 4
14702 3
14703 3
14704 5
14705 6
14706 5
14707 0
14708 0
14709 3
14710 3
14711 0
14712 4
14713 4
14714 3
14715 6
14716 0
14717 4
14718 3
14719 5
14720 1
14721 0
14722 5
14723 3
14724 2
14725 5
14726 3
14727 6
14728 4
14729 5
14730 4
14731 3
14732 3
14733 1
14734 0
14735 0
14736 0
14737 3
14738 3
14739 1
14740 4
14741 1
14742 1
14743 5
14744 0
14745 3
14746 3
14747 2
14748 3
14749 2
14750 5
14751 2
14752 5
14753 4
14754 0
14755 4
14756 3
14757 3
14758 1
14759 3
14760 4
14761 2
14762 3
14763 2
14764 2
14765 3
14766 3
14767 6
14768 4
14769 5
14770 3
14771 5
14772 3
14773 4
14774 2
14775 4
14776 6
14777 1
14778 3
14779 0
14780 0
14781 4
14782 3
14783 5
14784 4
14785 3
14786 3
14787 5
14788 5
14789 3
14790 5
14791 3
14792 3
14793 4
14794 5
14795 5
14796 3
14797 3
14798 4
14799 5
14800 4
14801 0
14802 3
14803 3
14804 1
14805 4
14806 4
14807 0
14808 4
14809 4
14810 2
14811 5
14812 4
14813 5
14814 0
14815 2
14816 4
14817 0
14818 4
14819 1
14820 0
14821 4
14822 5
14823 3
14824 3
14825 0
14826 5
14827 1
14828 2
14829 3
14830 0
14831 1
14832 3
14833 4
14834 2
14835 4
14836 3
14837 1
14838 3
14839 5
14840 1
14841 2
14842 1
14843 2
14844 4
14845 4
14846 0
14847 2
14848 2
14849 3
14850 4
14851 4
14852 1
14853 4
14854 3
14855 0
14856 1
14857 4
14858 2
14859 3
14860 3
14861 2
14862 6
14863 3
14864 5
14865 5
14866 3
14867 0
14868 4
14869 2
14870 2
14871 6
14872 1
14873 2
14874 3
14875 7
14876 3
14877 2
14878 2
14879 0
14880 5
14881 4
14882 5
14883 2
14884 5
14885 5
14886 3
14887 5
14888 2
14889 2
14890 4
14891 1
14892 1
14893 5
14894 1
14895 3
14896 5
14897 6
14898 4
14899 3
14900 5
14901 1
14902 2
14903 4
14904 0
14905 2
14906 5
14907 5
14908 1
14909 0
14910 3
14911 4
14912 2
14913 1
14914 5
14915 1
14916 1
14917 0
14918 5
14919 1
14920 3
14921 0
14922 3
14923 2
14924 4
14925 4
14926 5
14927 1
14928 4
14929 3
14930 2
14931 5
14932 0
14933 3
14934 0
14935 2
14936 4
14937 4
14938 5
14939 0
14940 1
14941 3
14942 4
14943 3
14944 6
14945 5
14946 0
14947 3
14948 2
14949 4
14950 1
14951 5
14952 3
14953 5
14954 6
14955 1
14956 1
14957 4
14958 1
14959 4
14960 4
14961 4
14962 3
14963 5
14964 4
14965 3
14966 4
14967 5
14968 4
14969 2
14970 3
14971 5
14972 1
14973 3
14974 4
14975 0
14976 4
14977 2
14978 1
14979 5
14980 5
14981 3
14982 4
14983 3
14984 3
14985 2
14986 2
14987 5
14988 5
14989 3
14990 5
14991 4
14992 5
14993 3
14994 4
14995 2
14996 1
14997 2
14998 0
14999 2
15000 2
15001 3
15002 0
15003 5
15004 0
15005 4
15006 4
15007 6
15008 5
15009 3
15010 4
15011 1
15012 3
15013 3
15014 1
15015 3
15016 1
15017 2
15018 5
15019 5
15020 4
15021 4
15022 4
15023 1
15024 5
15025 1
15026 3
15027 4
15028 6
15029 4
15030 1
15031 3
15032 2
15033 1
15034 2
15035 5
15036 5
15037 3
15038 1
15039 0
15040 3
15041 2
15042 1
15043 1
15044 2
15045 0
15046 5
15047 4
15048 5
15049 0
15050 1
15051 2
15052 5
15053 5
15054 1
15055 5
15056 6
15057 0
15058 5
15059 3
15060 3
15061 2
15062 2
15063 6
15064 0
15065 3
15066 3
15067 4
15068 0
15069 1
15070 5
15071 2
15072 5
15073 2
15074 6
15075 6
15076 2
15077 2
15078 5
15079 5
15080 0
15081 5
15082 2
15083 3
15084 2
15085 2
15086 1
15087 3
15088 2
15089 2
15090 2
15091 1
15092 4
15093 1
15094 3
15095 6
15096 5
15097 0
15098 2
15099 3
15100 2
15101 4
15102 5
15103 3
15104 5
15105 0
15106 3
15107 3
15108 2
15109 3
15110 1
15111 5
15112 0
15113 1
15114 4
15115 2
15116 0
15117 4
15118 4
15119 1
15120 5
15121 1
15122 3
15123 4
15124 2
15125 3
15126 1
15127 3
15128 2
15129 0
15130 3
15131 2
15132 5
15133 4
15134 3
15135 6
15136 4
15137 5
15138 3
15139 3
15140 6
15141 5
15142 3
15143 6
15144 4
15145 4
15146 5
15147 3
15148 6
15149 3
15150 0
15151 3
15152 1
15153 4
15154 0
15155 2
15156 5
15157 5
15158 2
15159 4
15160 1
15161 2
15162 5
15163 4
15164 2
15165 1
15166 4
15167 5
15168 4
15169 0
15170 5
15171 3
15172 0
15173 2
15174 3
15175 3
15176 5
15177 0
15178 5
15179 0
15180 4
15181 5
15182 2
15183 4
15184 2
15185 2
15186 3
15187 0
15188 3
15189 5
15190 6
15191 1
15192 5
15193 3
15194 2
15195 5
15196 3
15197 4
15198 5
15199 5
15200 2
15201 1
15202 1
15203 4
15204 3
15205 2
15206 4
15207 3
15208 4
15209 0
15210 2
15211 1
15212 2
15213 4
15214 4
15215 4
15216 2
15217 6
15218 5
15219 3
15220 6
15221 3
15222 5
15223 5
15224 3
15225 3
15226 5
15227 3
15228 1
15229 2
15230 0
15231 1
15232 0
15233 3
15234 5
15235 3
15236 5
15237 2
15238 2
15239 4
15240 4
15241 3
15242 3
15243 4
15244 5
15245 2
15246 2
15247 6
15248 2
15249 0
15250 5
15251 3
15252 0
15253 3
15254 3
15255 5
15256 3
15257 1
15258 2
15259 4
15260 2
15261 0
15262 4
15263 4
15264 1
15265 3
15266 3
15267 0
15268 0
15269 1
15270 5
15271 2
15272 4
15273 0
15274 0
15275 4
15276 1
15277 4
15278 4
15279 3
15280 2
15281 2
15282 1
15283 3
15284 3
15285 1
15286 1
15287 0
15288 4
15289 4
15290 4
15291 0
15292 4
15293 3
15294 2
15295 3
15296 6
15297 3
15298 4
15299 1
15300 3
15301 2
15302 4
15303 3
15304 4
15305 1
15306 4
15307 3
15308 3
15309 4
15310 6
15311 5
15312 2
15313 2
15314 3
15315 3
15316 5
15317 5
15318 0
15319 1
15320 2
15321 3
15322 6
15323 4
15324 3
15325 0
15326 5
15327 5
15328 4
15329 4
15330 2
15331 3
15332 2
15333 5
15334 5
15335 0
15336 5
15337 3
15338 2
15339 5
15340 6
15341 0
15342 0
15343 1
15344 3
15345 3
15346 3
15347 0
15348 5
15349 2
15350 4
15351 4
15352 1
15353 3
15354 3
15355 5
15356 4
15357 3
15358 0
15359 3
15360 3
15361 5
15362 0
15363 3
15364 3
15365 3
15366 6
15367 3
15368 2
15369 0
15370 1
15371 6
15372 5
15373 5
15374 0
15375 1
15376 2
15377 5
15378 4
15379 1
15380 2
15381 2
15382 1
15383 4
15384 4
15385 2
15386 1
15387 2
15388 2
15389 0
15390 3
15391 1
15392 4
15393 0
15394 3
15395 6
15396 5
15397 0
15398 4
15399 3
15400 6
15401 2
15402 0
15403 1
15404 1
15405 3
15406 5
15407 5
15408 2
15409 2
15410 5
15411 4
15412 0
15413 5
15414 4
15415 4
15416 2
15417 3
15418 4
15419 5
15420 3
15421 4
15422 2
15423 5
15424 4
15425 4
15426 0
15427 3
15428 5
15429 2
15430 3
15431 0
15432 5
15433 3
15434 0
15435 5
15436 6
15437 3
15438 4
15439 0
15440 5
15441 5
15442 1
15443 2
15444 1
15445 2
15446 4
15447 2
15448 3
15449 4
15450 5
15451 4
15452 5
15453 5
15454 2
15455 0
15456 0
15457 3
15458 5
15459 2
15460 0
15461 2
15462 3
15463 2
15464 6
15465 1
15466 2
15467 5
15468 6
15469 3
15470 4
15471 0
15472 5
15473 5
15474 5
15475 2
15476 1
15477 5
15478 1
15479 3
15480 2
15481 4
15482 0
15483 4
15484 5
15485 1
15486 1
15487 4
15488 0
15489 2
15490 3
15491 5
15492 1
15493 3
15494 2
15495 5
15496 1
15497 2
15498 4
15499 5
15500 4
15501 4
15502 4
15503 4
15504 2
15505 1
15506 5
15507 3
15508 2
15509 3
15510 3
15511 1
15512 4
15513 5
15514 4
15515 4
15516 3
15517 0
15518 6
15519 5
15520 2
15521 2
15522 3
15523 2
15524 3
15525 4
15526 3
15527 5
15528 4
15529 3
15530 4
15531 1
15532 0
15533 2
15534 2
15535 2
15536 3
15537 3
15538 1
15539 5
15540 1
15541 1
15542 1
15543 1
15544 4
15545 1
15546 0
15547 1
15548 2
15549 4
15550 5
15551 2
15552 4
15553 2
15554 4
15555 4
15556 2
15557 4
15558 2
15559 5
15560 4
15561 2
15562 5
15563 5
15564 4
15565 4
15566 1
15567 6
15568 5
15569 0
15570 2
15571 2
15572 3
15573 6
15574 4
15575 5
15576 4
15577 0
15578 2
15579 4
15580 4
15581 3
15582 5
15583 1
15584 4
15585 4
15586 1
15587 2
15588 2
15589 3
15590 5
15591 0
15592 2
15593 2
15594 4
15595 0
15596 1
15597 1
15598 2
15599 2
15600 5
15601 6
15602 3
15603 5
15604 4
15605 1
15606 6
15607 4
15608 0
15609 4
15610 2
15611 2
15612 1
15613 6
15614 1
15615 3
15616 3
15617 3
15618 3
15619 0
15620 0
15621 1
15622 5
15623 4
15624 5
15625 5
15626 4
15627 4
15628 3
15629 7
15630 6
15631 2
15632 5
15633 5
15634 6
15635 1
15636 1
15637 6
15638 4
15639 3
15640 3
15641 4
15642 5
15643 3
15644 2
15645 2
15646 3
15647 3
15648 5
15649 4
15650 5
15651 4
15652 2
15653 1
15654 2
15655 3
15656 0
15657 1
15658 1
15659 2
15660 4
15661 3
15662 3
15663 5
15664 5
15665 4
15666 5
15667 0
15668 3
15669 4
15670 5
15671 5
15672 1
15673 4
15674 4
15675 6
15676 3
15677 0
15678 2
15679 2
15680 5
15681 4
15682 5
15683 4
15684 4
15685 1
15686 5
15687 2
15688 4
15689 5
15690 6
15691 1
15692 2
15693 3
15694 4
15695 2
15696 3
15697 3
15698 1
15699 2
15700 2
15701 6
15702 5
15703 3
15704 1
15705 5
15706 4
15707 3
15708 0
15709 4
15710 1
15711 3
15712 1
15713 0
15714 5
15715 4
15716 0
15717 3
15718 5
15719 1
15720 3
15721 4
15722 2
15723 4
15724 4
15725 2
15726 4
15727 1
15728 3
15729 3
15730 1
15731 4
15732 2
15733 5
15734 0
15735 1
15736 4
15737 2
15738 0
15739 5
15740 4
15741 2
15742 5
15743 1
15744 4
15745 4
15746 0
15747 4
15748 0
15749 3
15750 3
15751 6
15752 3
15753 5
15754 5
15755 3
15756 2
15757 4
15758 5
15759 5
15760 3
15761 3
15762 3
15763 5
15764 1
15765 3
15766 3
15767 4
15768 0
15769 4
15770 4
15771 6
15772 0
15773 6
15774 2
15775 4
15776 0
15777 5
15778 3
15779 6
15780 3
15781 2
15782 0
15783 4
15784 2
15785 1
15786 4
15787 5
15788 3
15789 0
15790 6
15791 5
15792 4
15793 6
15794 2
15795 4
15796 3
15797 4
15798 2
15799 2
15800 0
15801 0
15802 5
15803 4
15804 6
15805 1
15806 5
15807 4
15808 6
15809 6
15810 1
15811 1
15812 3
15813 3
15814 1
15815 4
15816 3
15817 5
15818 1
15819 0
15820 2
15821 5
15822 2
15823 0
15824 6
15825 1
15826 4
15827 0
15828 2
15829 3
15830 2
15831 4
15832 5
15833 1
15834 5
15835 2
15836 5
15837 3
15838 2
15839 5
15840 5
15841 1
15842 3
15843 6
15844 2
15845 5
15846 0
15847 4
15848 6
15849 2
15850 2
15851 4
15852 4
15853 5
15854 3
15855 5
15856 1
15857 1
15858 2
15859 3
15860 4
15861 4
15862 4
15863 4
15864 2
15865 3
15866 5
15867 2
15868 0
15869 4
15870 3
15871 4
15872 1
15873 4
15874 3
15875 5
15876 1
15877 0
15878 2
15879 1
15880 0
15881 2
15882 3
15883 6
15884 4
15885 6
15886 3
15887 1
15888 6
15889 3
15890 0
15891 3
15892 5
15893 2
15894 2
15895 2
15896 5
15897 3
15898 2
15899 4
15900 5
15901 4
15902 2
15903 1
15904 5
15905 4
15906 0
15907 2
15908 0
15909 0
15910 6
15911 0
15912 5
15913 5
15914 3
15915 3
15916 4
15917 4
15918 1
15919 5
15920 3
15921 2
15922 5
15923 3
15924 0
15925 2
15926 2
15927 4
15928 0
15929 2
15930 4
15931 4
15932 6
15933 5
15934 5
15935 3
15936 6
15937 0
15938 3
15939 0
15940 3
15941 2
15942 2
15943 5
15944 5
15945 5
15946 2
15947 2
15948 4
15949 6
15950 4
15951 3
15952 1
15953 4
15954 3
15955 4
15956 4
15957 4
15958 2
15959 2
15960 4
15961 3
15962 4
15963 5
15964 3
15965 4
15966 6
15967 2
15968 4
15969 2
15970 5
15971 5
15972 1
15973 1
15974 2
15975 5
15976 5
15977 1
15978 3
15979 1
15980 2
15981 3
15982 2
15983 3
15984 4
15985 6
15986 1
15987 6
15988 3
15989 3
15990 6
15991 1
15992 6
15993 3
15994 4
15995 4
15996 3
15997 3
15998 1
15999 0
16000 6
16001 2
16002 5
16003 1
16004 3
16005 1
16006 4
16007 2
16008 0
16009 2
16010 3
16011 2
16012 4
16013 5
16014 1
16015 4
16016 1
16017 2
16018 3
16019 6
16020 4
16021 3
16022 5
16023 3
16024 4
16025 1
16026 4
16027 5
16028 3
16029 6
16030 5
16031 4
16032 5
16033 5
16034 3
16035 1
16036 0
16037 1
16038 6
16039 2
16040 5
16041 3
16042 1
16043 1
16044 2
16045 2
16046 2
16047 4
16048 2
16049 3
16050 5
16051 4
16052 4
16053 4
16054 5
16055 5
16056 3
16057 6
16058 3
16059 4
16060 4
16061 0
16062 5
16063 0
16064 4
16065 0
16066 0
16067 2
16068 3
16069 0
16070 4
16071 0
16072 2
16073 2
16074 1
16075 4
16076 2
16077 2
16078 3
16079 4
16080 2
16081 5
16082 3
16083 5
16084 2
16085 4
16086 2
16087 6
16088 5
16089 0
16090 2
16091 4
16092 4
16093 5
16094 6
16095 4
16096 3
16097 0
16098 2
16099 1
16100 4
16101 2
16102 2
16103 4
16104 4
16105 3
16106 3
16107 5
16108 0
16109 5
16110 3
16111 5
16112 3
16113 6
16114 6
16115 3
16116 0
16117 2
16118 1
16119 1
16120 1
16121 2
16122 5
16123 5
16124 5
16125 7
16126 6
16127 5
16128 3
16129 4
16130 4
16131 3
16132 4
16133 0
16134 1
16135 6
16136 5
16137 3
16138 1
16139 3
16140 4
16141 5
16142 3
16143 0
16144 3
16145 2
16146 3
16147 4
16148 5
16149 5
16150 3
16151 3
16152 6
16153 3
16154 2
16155 3
16156 1
16157 5
16158 2
16159 3
16160 5
16161 3
16162 4
16163 3
16164 4
16165 2
16166 6
16167 5
16168 0
16169 5
16170 2
16171 3
16172 3
16173 3
16174 1
16175 5
16176 5
16177 6
16178 0
16179 4
16180 5
16181 4
16182 4
16183 1
16184 3
16185 3
16186 5
16187 0
16188 2
16189 1
16190 2
16191 4
16192 1
16193 1
16194 4
16195 6
16196 3
16197 0
16198 3
16199 5
16200 0
16201 5
16202 4
16203 0
16204 1
16205 4
16206 0
16207 5
16208 3
16209 3
16210 1
16211 6
16212 1
16213 2
16214 5
16215 4
16216 0
16217 3
16218 4
16219 5
16220 6
16221 5
16222 1
16223 6
16224 1
16225 5
16226 4
16227 0
16228 1
16229 4
16230 5
16231 1
16232 4
16233 0
16234 1
16235 6
16236 5
16237 2
16238 3
16239 6
16240 5
16241 3
16242 1
16243 1
16244 1
16245 3
16246 3
16247 3
16248 0
16249 1
16250 0
16251 5
16252 6
16253 7
16254 3
16255 1
16256 4
16257 5
16258 2
16259 6
16260 3
16261 0
16262 4
16263 0
16264 6
16265 4
16266 2
16267 1
16268 2
16269 1
16270 5
16271 1
16272 0
16273 5
16274 6
16275 2
16276 5
16277 4
16278 3
16279 4
16280 1
16281 4
16282 1
16283 4
16284 4
16285 5
16286 0
16287 2
16288 0
16289 0
16290 4
16291 1
16292 5
16293 2
16294 3
16295 3
16296 3
16297 6
16298 5
16299 3
16300 5
16301 3
16302 5
16303 4
16304 0
16305 0
16306 2
16307 4
16308 3
16309 4
16310 2
16311 6
16312 3
16313 5
16314 6
16315 2
16316 0
16317 0
16318 5
16319 6
16320 2
16321 3
16322 3
16323 1
16324 4
16325 1
16326 5
16327 0
16328 2
16329 4
16330 2
16331 1
16332 4
16333 2
16334 2
16335 5
16336 0
16337 4
16338 3
16339 3
16340 5
16341 5
16342 2
16343 5
16344 1
16345 3
16346 2
16347 4
16348 2
16349 4
16350 0
16351 2
16352 5
16353 3
16354 0
16355 3
16356 2
16357 5
16358 5
16359 4
16360 5
16361 6
16362 6
16363 1
16364 3
16365 5
16366 1
16367 2
16368 4
16369 0
16370 0
16371 3
16372 4
16373 1
16374 6
16375 3
16376 4
16377 2
16378 0
16379 5
16380 0
16381 2
16382 3
16383 5
16384 2
16385 5
16386 5
16387 5
16388 5
16389 5
16390 2
16391 5
16392 2
16393 1
16394 5
16395 2
16396 6
16397 4
16398 2
16399 4
16400 4
16401 3
16402 2
16403 3
16404 0
16405 1
16406 3
16407 4
16408 3
16409 4
16410 1
16411 5
16412 3
16413 6
16414 5
16415 1
16416 6
16417 3
16418 5
16419 0
16420 4
16421 5
16422 1
16423 2
16424 5
16425 3
16426 4
16427 3
16428 4
16429 0
16430 5
16431 1
16432 4
16433 1
16434 6
16435 3
16436 5
16437 6
16438 4
16439 4
16440 3
16441 2
16442 5
16443 3
16444 5
16445 3
16446 3
16447 0
16448 3
16449 3
16450 6
16451 3
16452 2
16453 4
16454 2
16455 1
16456 5
16457 2
16458 0
16459 2
16460 1
16461 6
16462 5
16463 2
16464 4
16465 3
16466 4
16467 2
16468 4
16469 3
16470 1
16471 4
16472 4
16473 6
16474 6
16475 1
16476 5
16477 1
16478 5
16479 4
16480 1
16481 5
16482 6
16483 2
16484 0
16485 2
16486 3
16487 5
16488 4
16489 5
16490 6
16491 2
16492 5
16493 4
16494 5
16495 0
16496 2
16497 2
16498 1
16499 4
16500 6
16501 0
16502 3
16503 5
16504 1
16505 6
16506 1
16507 4
16508 0
16509 6
16510 3
16511 5
16512 0
16513 4
16514 2
16515 5
16516 4
16517 2
16518 0
16519 4
16520 5
16521 5
16522 2
16523 4
16524 3
16525 2
16526 5
16527 3
16528 1
16529 5
16530 0
16531 3
16532 2
16533 4
16534 2
16535 2
16536 3
16537 3
16538 0
16539 3
16540 5
16541 4
16542 3
16543 1
16544 3
16545 5
16546 6
16547 1
16548 5
16549 4
16550 3
16551 0
16552 5
16553 2
16554 2
16555 0
16556 3
16557 2
16558 1
16559 1
16560 3
16561 3
16562 2
16563 5
16564 1
16565 3
16566 1
16567 4
16568 2
16569 4
16570 5
16571 4
16572 2
16573 4
16574 5
16575 4
16576 4
16577 6
16578 1
16579 6
16580 5
16581 1
16582 1
16583 5
16584 5
16585 6
16586 4
16587 5
16588 5
16589 3
16590 3
16591 3
16592 2
16593 6
16594 5
16595 3
16596 5
16597 4
16598 4
16599 2
16600 6
16601 4
16602 0
16603 2
16604 5
16605 5
16606 6
16607 6
16608 2
16609 3
16610 1
16611 3
16612 5
16613 5
16614 5
16615 5
16616 3
16617 5
16618 1
16619 2
16620 2
16621 5
16622 5
16623 3
16624 4
16625 1
16626 0
16627 4
16628 6
16629 3
16630 1
16631 5
16632 3
16633 0
16634 0
16635 5
16636 5
16637 5
16638 2
16639 4
16640 5
16641 4
16642 3
16643 3
16644 5
16645 1
16646 5
16647 1
16648 3
16649 6
16650 4
16651 5
16652 2
16653 5
16654 1
16655 2
16656 3
16657 1
16658 2
16659 1
16660 6
16661 3
16662 5
16663 6
16664 4
16665 4
16666 4
16667 3
16668 4
16669 0
16670 0
16671 5
16672 0
16673 6
16674 4
16675 3
16676 2
16677 1
16678 5
16679 1
16680 3
16681 0
16682 4
16683 3
16684 0
16685 4
16686 4
16687 2
16688 3
16689 5
16690 5
16691 5
16692 0
16693 3
16694 6
16695 4
16696 5
16697 6
16698 4
16699 4
16700 6
16701 4
16702 5
16703 4
16704 0
16705 5
16706 2
16707 1
16708 4
16709 6
16710 2
16711 3
16712 6
16713 4
16714 6
16715 2
16716 2
16717 4
16718 4
16719 1
16720 2
16721 4
16722 5
16723 3
16724 4
16725 2
16726 1
16727 4
16728 5
16729 1
16730 2
16731 4
16732 2
16733 5
16734 1
16735 1
16736 4
16737 3
16738 3
16739 5
16740 4
16741 5
16742 0
16743 0
16744 1
16745 5
16746 6
16747 5
16748 5
16749 4
16750 5
16751 5
16752 4
16753 4
16754 2
16755 5
16756 6
16757 5
16758 3
16759 4
16760 5
16761 5
16762 5
16763 2
16764 3
16765 2
16766 6
16767 3
16768 4
16769 4
16770 0
16771 6
16772 6
16773 3
16774 4
16775 2
16776 1
16777 6
16778 0
16779 2
16780 2
16781 2
16782 2
16783 1
16784 4
16785 0
16786 2
16787 5
16788 0
16789 2
16790 3
16791 5
16792 4
16793 4
16794 3
16795 2
16796 4
16797 0
16798 6
16799 3
16800 3
16801 4
16802 3
16803 5
16804 4
16805 5
16806 0
16807 5
16808 3
16809 2
16810 5
16811 0
16812 4
16813 1
16814 5
16815 5
16816 5
16817 2
16818 4
16819 1
16820 3
16821 4
16822 4
16823 0
16824 5
16825 5
16826 5
16827 2
16828 4
16829 2
16830 1
16831 4
16832 6
16833 4
16834 5
16835 1
16836 0
16837 5
16838 2
16839 3
16840 2
16841 4
16842 5
16843 4
16844 4
16845 3
16846 4
16847 2
16848 6
16849 7
16850 4
16851 5
16852 3
16853 1
16854 4
16855 3
16856 3
16857 5
16858 2
16859 1
16860 4
16861 4
16862 2
16863 6
16864 3
16865 0
16866 4
16867 4
16868 3
16869 4
16870 1
16871 3
16872 2
16873 5
16874 0
16875 1
16876 5
16877 4
16878 6
16879 4
16880 5
16881 1
16882 4
16883 0
16884 2
16885 5
16886 2
16887 4
16888 3
16889 1
16890 3
16891 0
16892 4
16893 5
16894 4
16895 6
16896 3
16897 2
16898 2
16899 1
16900 3
16901 1
16902 4
16903 2
16904 3
16905 1
16906 0
16907 3
16908 0
16909 0
16910 5
16911 3
16912 0
16913 0
16914 2
16915 5
16916 0
16917 0
16918 2
16919 4
16920 1
16921 6
16922 5
16923 0
16924 2
16925 6
16926 4
16927 0
16928 5
16929 3
16930 0
16931 0
16932 1
16933 5
16934 2
16935 5
16936 4
16937 1
16938 1
16939 3
16940 4
16941 5
16942 4
16943 1
16944 6
16945 4
16946 2
16947 6
16948 3
16949 0
16950 6
16951 3
16952 4
16953 2
16954 0
16955 3
16956 5
16957 5
16958 5
16959 5
16960 5
16961 3
16962 4
16963 5
16964 5
16965 4
16966 3
16967 2
16968 4
16969 1
16970 3
16971 2
16972 1
16973 7
16974 4
16975 4
16976 1
16977 3
16978 5
16979 2
16980 3
16981 3
16982 2
16983 5
16984 5
16985 4
16986 1
16987 2
16988 6
16989 5
16990 4
16991 4
16992 4
16993 4
16994 5
16995 7
16996 6
16997 5
16998 2
16999 4
17000 3
17001 3
17002 5
17003 1
17004 3
17005 5
17006 2
17007 3
17008 3
17009 5
17010 1
17011 2
17012 3
17013 5
17014 1
17015 4
17016 4
17017 1
17018 5
17019 3
17020 5
17021 2
17022 4
17023 4
17024 2
17025 0
17026 1
17027 3
17028 6
17029 5
17030 1
17031 0
17032 4
17033 1
17034 5
17035 2
17036 3
17037 6
17038 4
17039 4
17040 0
17041 3
17042 5
17043 3
17044 3
17045 2
17046 5
17047 2
17048 5
17049 3
17050 4
17051 1
17052 6
17053 3
17054 3
17055 3
17056 3
17057 5
17058 2
17059 3
17060 3
17061 7
17062 4
17063 4
17064 0
17065 3
17066 1
17067 0
17068 4
17069 1
17070 6
17071 3
17072 5
17073 6
17074 5
17075 4
17076 5
17077 4
17078 4
17079 5
17080 2
17081 1
17082 6
17083 5
17084 2
17085 1
17086 4
17087 4
17088 4
17089 6
17090 5
17091 1
17092 1
17093 6
17094 1
17095 2
17096 1
17097 6
17098 2
17099 4
17100 0
17101 0
17102 3
17103 6
17104 1
17105 0
17106 1
17107 4
17108 5
17109 2
17110 2
17111 2
17112 6
17113 1
17114 3
17115 1
17116 5
17117 5
17118 3
17119 5
17120 2
17121 6
17122 1
17123 1
17124 5
17125 4
17126 5
17127 1
17128 6
17129 3
17130 3
17131 2
17132 4
17133 3
17134 2
17135 2
17136 4
17137 1
17138 1
17139 2
17140 4
17141 0
17142 5
17143 4
17144 1
17145 7
17146 1
17147 2
17148 3
17149 0
17150 2
17151 0
17152 2
17153 4
17154 5
17155 5
17156 2
17157 3
17158 4
17159 4
17160 3
17161 6
17162 5
17163 1
17164 0
17165 1
17166 1
17167 1
17168 5
17169 2
17170 4
17171 4
17172 5
17173 1
17174 2
17175 5
17176 5
17177 3
17178 6
17179 4
17180 2
17181 4
17182 6
17183 4
17184 4
17185 2
17186 2
17187 7
17188 4
17189 0
17190 3
17191 7
17192 4
17193 3
17194 3
17195 4
17196 1
17197 2
17198 0
17199 0
17200 5
17201 0
17202 5
17203 6
17204 5
17205 1
17206 2
17207 3
17208 2
17209 4
17210 2
17211 4
17212 1
17213 4
17214 4
17215 1
17216 3
17217 5
17218 1
17219 3
17220 1
17221 4
17222 2
17223 4
17224 4
17225 4
17226 3
17227 4
17228 1
17229 0
17230 3
17231 1
17232 5
17233 6
17234 0
17235 2
17236 1
17237 4
17238 5
17239 6
17240 6
17241 4
17242 1
17243 6
17244 5
17245 6
17246 3
17247 3
17248 6
17249 6
17250 3
17251 4
17252 5
17253 3
17254 4
17255 0
17256 0
17257 4
17258 7
17259 4
17260 3
17261 6
17262 4
17263 1
17264 5
17265 5
17266 0
17267 2
17268 4
17269 3
17270 2
17271 0
17272 5
17273 3
17274 2
17275 1
17276 3
17277 1
17278 6
17279 1
17280 2
17281 6
17282 1
17283 4
17284 3
17285 1
17286 4
17287 5
17288 4
17289 1
17290 0
17291 4
17292 4
17293 5
17294 4
17295 4
17296 3
17297 1
17298 2
17299 4
17300 4
17301 5
17302 2
17303 2
17304 0
17305 3
17306 5
17307 3
17308 2
17309 2
17310 1
17311 4
17312 4
17313 1
17314 3
17315 4
17316 4
17317 4
17318 3
17319 3
17320 6
17321 5
17322 3
17323 5
17324 2
17325 0
17326 6
17327 5
17328 0
17329 0
17330 3
17331 1
17332 3
17333 1
17334 1
17335 0
17336 4
17337 5
17338 1
17339 3
17340 4
17341 3
17342 3
17343 5
17344 3
17345 2
17346 0
17347 4
17348 3
17349 4
17350 3
17351 4
17352 3
17353 0
17354 4
17355 3
17356 0
17357 0
17358 2
17359 1
17360 6
17361 3
17362 6
17363 6
17364 2
17365 3
17366 0
17367 4
17368 3
17369 4
17370 2
17371 4
17372 3
17373 4
17374 6
17375 0
17376 2
17377 2
17378 3
17379 6
17380 4
17381 3
17382 6
17383 0
17384 5
17385 6
17386 6
17387 5
17388 5
17389 3
17390 4
17391 5
17392 1
17393 3
17394 4
17395 2
17396 3
17397 0
17398 0
17399 0
17400 2
17401 2
17402 0
17403 3
17404 4
17405 2
17406 6
17407 5
17408 2
17409 4
17410 5
17411 5
17412 5
17413 5
17414 0
17415 3
17416 5
17417 0
17418 3
17419 1
17420 5
17421 5
17422 1
17423 2
17424 0
17425 7
17426 1
17427 4
17428 4
17429 1
17430 0
17431 3
17432 4
17433 6
17434 0
17435 5
17436 5
17437 5
17438 1
17439 4
17440 5
17441 3
17442 5
17443 5
17444 0
17445 6
17446 3
17447 1
17448 4
17449 5
17450 6
17451 6
17452 3
17453 5
17454 1
17455 1
17456 6
17457 3
17458 4
17459 5
17460 1
17461 0
17462 4
17463 2
17464 5
17465 5
17466 5
17467 6
17468 5
17469 2
17470 4
17471 4
17472 1
17473 4
17474 0
17475 2
17476 3
17477 3
17478 4
17479 5
17480 2
17481 0
17482 2
17483 6
17484 4
17485 5
17486 2
17487 1
17488 0
17489 7
17490 5
17491 6
17492 0
17493 4
17494 5
17495 4
17496 3
17497 1
17498 6
17499 4
17500 4
17501 5
17502 5
17503 4
17504 1
17505 5
17506 3
17507 4
17508 2
17509 2
17510 5
17511 4
17512 4
17513 2
17514 3
17515 4
17516 0
17517 3
17518 6
17519 2
17520 4
17521 3
17522 5
17523 6
17524 6
17525 1
17526 5
17527 2
17528 6
17529 4
17530 3
17531 0
17532 5
17533 0
17534 0
17535 3
17536 1
17537 2
17538 5
17539 3
17540 2
17541 6
17542 6
17543 4
17544 2
17545 1
17546 2
17547 5
17548 2
17549 4
17550 3
17551 4
17552 5
17553 5
17554 5
17555 6
17556 6
17557 3
17558 5
17559 4
17560 2
17561 5
17562 4
17563 4
17564 4
17565 3
17566 3
17567 3
17568 1
17569 2
17570 3
17571 2
17572 5
17573 4
17574 5
17575 5
17576 1
17577 3
17578 1
17579 5
17580 4
17581 1
17582 1
17583 1
17584 3
17585 4
17586 1
17587 6
17588 2
17589 5
17590 3
17591 4
17592 3
17593 6
17594 1
17595 5
17596 5
17597 1
17598 2
17599 7
17600 3
17601 1
17602 0
17603 2
17604 4
17605 4
17606 5
17607 4
17608 6
17609 3
17610 3
17611 6
17612 2
17613 7
17614 4
17615 1
17616 1
17617 3
17618 4
17619 6
17620 5
17621 5
17622 5
17623 3
17624 0
17625 5
17626 4
17627 2
17628 6
17629 5
17630 6
17631 0
17632 5
17633 2
17634 3
17635 0
17636 0
17637 4
17638 2
17639 4
17640 4
17641 4
17642 4
17643 3
17644 0
17645 5
17646 6
17647 1
17648 5
17649 2
17650 2
17651 0
17652 1
17653 3
17654 2
17655 4
17656 0
17657 5
17658 7
17659 5
17660 1
17661 4
17662 2
17663 0
17664 2
17665 2
17666 2
17667 3
17668 6
17669 4
17670 4
17671 4
17672 2
17673 1
17674 1
17675 4
17676 2
17677 2
17678 0
17679 3
17680 6
17681 3
17682 2
17683 5
17684 6
17685 5
17686 5
17687 5
17688 4
17689 2
17690 1
17691 5
17692 5
17693 5
17694 3
17695 1
17696 2
17697 0
17698 1
17699 2
17700 2
17701 3
17702 3
17703 2
17704 4
17705 3
17706 3
17707 5
17708 4
17709 1
17710 3
17711 3
17712 3
17713 4
17714 3
17715 5
17716 3
17717 4
17718 2
17719 4
17720 2
17721 1
17722 2
17723 5
17724 4
17725 1
17726 6
17727 3
17728 5
17729 6
17730 4
17731 2
17732 6
17733 4
17734 3
17735 3
17736 2
17737 5
17738 6
17739 0
17740 5
17741 1
17742 4
17743 3
17744 1
17745 1
17746 4
17747 1
17748 0
17749 1
17750 6
17751 0
17752 5
17753 4
17754 3
17755 1
17756 1
17757 5
17758 3
17759 2
17760 5
17761 5
17762 1
17763 1
17764 0
17765 5
17766 3
17767 2
17768 3
17769 5
17770 6
17771 2
17772 5
17773 3
17774 6
17775 1
17776 5
17777 5
17778 2
17779 0
17780 3
17781 4
17782 3
17783 4
17784 5
17785 6
17786 2
17787 0
17788 5
17789 0
17790 2
17791 4
17792 2
17793 0
17794 4
17795 1
17796 1
17797 6
17798 5
17799 3
17800 3
17801 6
17802 3
17803 1
17804 5
17805 4
17806 4
17807 1
17808 1
17809 4
17810 3
17811 0
17812 5
17813 4
17814 3
17815 3
17816 0
17817 5
17818 6
17819 0
17820 0
17821 0
17822 5
17823 3
17824 4
17825 0
17826 6
17827 5
17828 3
17829 2
17830 6
17831 5
17832 6
17833 5
17834 2
17835 5
17836 2
17837 3
17838 5
17839 5
17840 4
17841 5
17842 0
17843 4
17844 1
17845 0
17846 3
17847 4
17848 5
17849 0
17850 5
17851 1
17852 4
17853 6
17854 6
17855 6
17856 3
17857 4
17858 6
17859 4
17860 2
17861 3
17862 5
17863 2
17864 5
17865 4
17866 4
17867 2
17868 5
17869 5
17870 5
17871 4
17872 3
17873 3
17874 0
17875 4
17876 4
17877 5
17878 6
17879 3
17880 6
17881 1
17882 1
17883 1
17884 5
17885 4
17886 0
17887 5
17888 4
17889 5
17890 1
17891 4
17892 5
17893 4
17894 1
17895 3
17896 3
17897 2
17898 5
17899 1
17900 1
17901 2
17902 3
17903 4
17904 0
17905 3
17906 3
17907 6
17908 5
17909 4
17910 4
17911 6
17912 5
17913 4
17914 2
17915 2
17916 6
17917 2
17918 3
17919 5
17920 1
17921 0
17922 4
17923 1
17924 3
17925 0
17926 4
17927 1
17928 6
17929 5
17930 1
17931 0
17932 3
17933 5
17934 3
17935 2
17936 2
17937 4
17938 1
17939 6
17940 3
17941 4
17942 1
17943 6
17944 0
17945 4
17946 5
17947 3
17948 2
17949 1
17950 0
17951 5
17952 3
17953 6
17954 4
17955 1
17956 5
17957 6
17958 2
17959 5
17960 2
17961 5
17962 0
17963 2
17964 2
17965 5
17966 2
17967 0
17968 5
17969 0
17970 3
17971 4
17972 2
17973 6
17974 0
17975 3
17976 6
17977 3
17978 1
17979 3
17980 6
17981 2
17982 3
17983 3
17984 4
17985 5
17986 5
17987 4
17988 3
17989 5
17990 2
17991 7
17992 5
17993 3
17994 5
17995 3
17996 0
17997 5
17998 1
17999 3
18000 7
18001 3
18002 6
18003 5
18004 4
18005 3
18006 6
18007 3
18008 6
18009 2
18010 5
18011 1
18012 5
18013 5
18014 4
18015 6
18016 2
18017 1
18018 3
18019 5
18020 4
18021 3
18022 1
18023 1
18024 4
18025 3
18026 2
18027 2
18028 6
18029 0
18030 5
18031 1
18032 2
18033 2
18034 4
18035 4
18036 3
18037 5
18038 4
18039 2
18040 4
18041 4
18042 4
18043 0
18044 3
18045 3
18046 2
18047 5
18048 4
18049 2
18050 4
18051 1
18052 2
18053 4
18054 5
18055 5
18056 4
18057 6
18058 7
18059 1
18060 5
18061 6
18062 4
18063 6
18064 0
18065 2
18066 6
18067 0
18068 4
18069 4
18070 2
18071 3
18072 2
18073 0
18074 1
18075 6
18076 3
18077 3
18078 4
18079 4
18080 1
18081 5
18082 3
18083 2
18084 4
18085 1
18086 0
18087 2
18088 2
18089 2
18090 2
18091 2
18092 4
18093 2
18094 2
18095 2
18096 6
18097 3
18098 5
18099 2
18100 4
18101 1
18102 1
18103 4
18104 2
18105 3
18106 2
18107 5
18108 7
18109 4
18110 5
18111 7
18112 5
18113 5
18114 5
18115 0
18116 2
18117 0
18118 6
18119 5
18120 3
18121 6
18122 5
18123 5
18124 5
18125 1
18126 5
18127 5
18128 6
18129 1
18130 1
18131 4
18132 4
18133 2
18134 0
18135 4
18136 2
18137 4
18138 6
18139 0
18140 3
18141 4
18142 4
18143 5
18144 3
18145 5
18146 4
18147 5
18148 5
18149 3
18150 2
18151 5
18152 3
18153 4
18154 0
18155 6
18156 3
18157 2
18158 0
18159 7
18160 2
18161 4
18162 6
18163 3
18164 4
18165 5
18166 6
18167 2
18168 3
18169 0
18170 5
18171 3
18172 1
18173 2
18174 7
18175 4
18176 5
18177 6
18178 6
18179 3
18180 2
18181 4
18182 4
18183 0
18184 5
18185 3
18186 5
18187 3
18188 4
18189 4
18190 3
18191 5
18192 5
18193 5
18194 3
18195 0
18196 2
18197 3
18198 6
18199 2
18200 4
18201 5
18202 4
18203 5
18204 5
18205 3
18206 5
18207 5
18208 3
18209 1
18210 6
18211 6
18212 2
18213 1
18214 4
18215 5
18216 4
18217 5
18218 6
18219 0
18220 0
18221 4
18222 0
18223 1
18224 3
18225 1
18226 0
18227 5
18228 5
18229 2
18230 0
18231 2
18232 4
18233 4
18234 6
18235 2
18236 5
18237 4
18238 5
18239 1
18240 2
18241 2
18242 5
18243 2
18244 3
18245 5
18246 4
18247 4
18248 5
18249 4
18250 1
18251 5
18252 1
18253 3
18254 5
18255 5
18256 4
18257 7
18258 2
18259 5
18260 2
18261 5
18262 3
18263 1
18264 1
18265 6
18266 2
18267 4
18268 2
18269 6
18270 7
18271 1
18272 4
18273 5
18274 4
18275 2
18276 5
18277 2
18278 2
18279 2
18280 6
18281 7
18282 6
18283 6
18284 6
18285 5
18286 2
18287 1
18288 4
18289 4
18290 6
18291 2
18292 6
18293 1
18294 3
18295 1
18296 5
18297 7
18298 4
18299 1
18300 5
18301 0
18302 2
18303 6
18304 3
18305 6
18306 4
18307 0
18308 2
18309 6
18310 0
18311 7
18312 2
18313 5
18314 6
18315 0
18316 4
18317 0
18318 3
18319 4
18320 2
18321 6
18322 4
18323 6
18324 2
18325 5
18326 1
18327 5
18328 4
18329 6
18330 2
18331 4
18332 2
18333 3
18334 5
18335 2
18336 6
18337 5
18338 2
18339 3
18340 2
18341 4
18342 3
18343 7
18344 2
18345 4
18346 4
18347 5
18348 4
18349 3
18350 4
18351 3
18352 2
18353 4
18354 5
18355 3
18356 1
18357 4
18358 1
18359 2
18360 7
18361 6
18362 5
18363 4
18364 2
18365 5
18366 1
18367 3
18368 6
18369 6
18370 4
18371 6
18372 5
18373 0
18374 2
18375 5
18376 2
18377 7
18378 2
18379 1
18380 4
18381 1
18382 4
18383 1
18384 2
18385 6
18386 4
18387 6
18388 5
18389 3
18390 4
18391 1
18392 4
18393 4
18394 4
18395 5
18396 5
18397 1
18398 5
18399 1
18400 3
18401 5
18402 2
18403 5
18404 6
18405 2
18406 4
18407 4
18408 4
18409 0
18410 2
18411 4
18412 2
18413 3
18414 5
18415 5
18416 2
18417 5
18418 2
18419 2
18420 2
18421 0
18422 5
18423 5
18424 4
18425 5
18426 2
18427 5
18428 3
18429 6
18430 6
18431 0
18432 3
18433 1
18434 3
18435 6
18436 3
18437 6
18438 2
18439 6
18440 5
18441 2
18442 5
18443 4
18444 2
18445 5
18446 6
18447 3
18448 3
18449 5
18450 1
18451 2
18452 3
18453 0
18454 5
18455 5
18456 6
18457 6
18458 3
18459 4
18460 2
18461 5
18462 5
18463 3
18464 3
18465 5
18466 1
18467 6
18468 5
18469 5
18470 2
18471 3
18472 5
18473 3
18474 3
18475 6
18476 3
18477 4
18478 4
18479 2
18480 4
18481 1
18482 6
18483 1
18484 3
18485 3
18486 0
18487 4
18488 4
18489 5
18490 0
18491 7
18492 3
18493 2
18494 5
18495 4
18496 6
18497 3
18498 1
18499 4
18500 1
18501 1
18502 5
18503 1
18504 5
18505 6
18506 2
18507 5
18508 6
18509 3
18510 4
18511 2
18512 3
18513 2
18514 6
18515 5
18516 1
18517 1
18518 0
18519 5
18520 1
18521 7
18522 6
18523 4
18524 3
18525 6
18526 4
18527 0
18528 3
18529 3
18530 7
18531 3
18532 4
18533 6
18534 3
18535 3
18536 0
18537 3
18538 2
18539 6
18540 5
18541 5
18542 4
18543 6
18544 5
18545 3
18546 1
18547 2
18548 6
18549 0
18550 3
18551 2
18552 3
18553 0
18554 1
18555 4
18556 1
18557 1
18558 1
18559 1
18560 5
18561 4
18562 4
18563 2
18564 5
18565 5
18566 5
18567 6
18568 3
18569 2
18570 5
18571 6
18572 2
18573 3
18574 0
18575 7
18576 3
18577 3
18578 4
18579 2
18580 4
18581 5
18582 4
18583 3
18584 2
18585 3
18586 6
18587 1
18588 4
18589 5
18590 6
18591 5
18592 6
18593 5
18594 1
18595 4
18596 3
18597 5
18598 0
18599 0
18600 3
18601 1
18602 4
18603 4
18604 3
18605 3
18606 5
18607 3
18608 5
18609 5
18610 2
18611 3
18612 2
18613 4
18614 5
18615 2
18616 2
18617 6
18618 3
18619 4
18620 2
18621 1
18622 2
18623 3
18624 4
18625 0
18626 1
18627 3
18628 1
18629 0
18630 5
18631 1
18632 6
18633 3
18634 0
18635 6
18636 2
18637 4
18638 2
18639 7
18640 4
18641 3
18642 1
18643 2
18644 3
18645 3
18646 5
18647 2
18648 5
18649 1
18650 3
18651 4
18652 7
18653 3
18654 0
18655 2
18656 5
18657 3
18658 1
18659 7
18660 4
18661 5
18662 5
18663 4
18664 5
18665 3
18666 5
18667 4
18668 6
18669 0
18670 4
18671 1
18672 5
18673 5
18674 7
18675 6
18676 6
18677 0
18678 6
18679 6
18680 4
18681 6
18682 6
18683 1
18684 2
18685 0
18686 2
18687 6
18688 3
18689 6
18690 6
18691 4
18692 0
18693 4
18694 5
18695 4
18696 5
18697 6
18698 2
18699 1
18700 5
18701 3
18702 7
18703 6
18704 3
18705 2
18706 5
18707 2
18708 0
18709 2
18710 1
18711 3
18712 3
18713 3
18714 0
18715 5
18716 5
18717 0
18718 4
18719 1
18720 1
18721 0
18722 5
18723 0
18724 6
18725 2
18726 6
18727 0
18728 1
18729 5
18730 5
18731 5
18732 2
18733 6
18734 0
18735 5
18736 3
18737 2
18738 5
18739 3
18740 6
18741 0
18742 5
18743 0
18744 5
18745 1
18746 0
18747 4
18748 1
18749 1
18750 5
18751 5
18752 1
18753 0
18754 4
18755 1
18756 6
18757 3
18758 3
18759 4
18760 4
18761 4
18762 3
18763 6
18764 3
18765 3
18766 1
18767 0
18768 2
18769 5
18770 4
18771 5
18772 4
18773 5
18774 3
18775 1
18776 3
18777 6
18778 6
18779 3
18780 6
18781 1
18782 4
18783 3
18784 1
18785 1
18786 6
18787 2
18788 3
18789 3
18790 0
18791 0
18792 0
18793 6
18794 2
18795 5
18796 7
18797 0
18798 5
18799 5
18800 2
18801 3
18802 5
18803 6
18804 2
18805 4
18806 6
18807 2
18808 3
18809 4
18810 5
18811 3
18812 2
18813 5
18814 1
18815 4
18816 2
18817 2
18818 3
18819 6
18820 6
18821 3
18822 6
18823 2
18824 4
18825 5
18826 5
18827 3
18828 0
18829 3
18830 4
18831 4
18832 4
18833 0
18834 6
18835 5
18836 7
18837 6
18838 2
18839 4
18840 0
18841 4
18842 3
18843 2
18844 2
18845 0
18846 1
18847 3
18848 5
18849 5
18850 4
18851 5
18852 2
18853 1
18854 5
18855 5
18856 3
18857 0
18858 0
18859 6
18860 2
18861 5
18862 2
18863 6
18864 3
18865 2
18866 5
18867 3
18868 4
18869 5
18870 5
18871 1
18872 5
18873 6
18874 5
18875 4
18876 7
18877 3
18878 3
18879 0
18880 6
18881 1
18882 1
18883 3
18884 6
18885 1
18886 4
18887 1
18888 2
18889 5
18890 4
18891 2
18892 2
18893 5
18894 6
18895 6
18896 6
18897 3
18898 0
18899 6
18900 2
18901 6
18902 5
18903 1
18904 0
18905 1
18906 5
18907 2
18908 1
18909 4
18910 5
18911 4
18912 1
18913 2
18914 3
18915 5
18916 2
18917 6
18918 4
18919 2
18920 2
18921 3
18922 5
18923 7
18924 0
18925 0
18926 3
18927 6
18928 4
18929 2
18930 5
18931 3
18932 4
18933 1
18934 0
18935 2
18936 3
18937 4
18938 4
18939 1
18940 4
18941 4
18942 1
18943 0
18944 4
18945 5
18946 2
18947 6
18948 2
18949 0
18950 2
18951 3
18952 4
18953 4
18954 0
18955 4
18956 6
18957 1
18958 6
18959 6
18960 0
18961 3
18962 0
18963 0
18964 0
18965 5
18966 5
18967 4
18968 5
18969 3
18970 5
18971 4
18972 3
18973 5
18974 1
18975 6
18976 3
18977 5
18978 0
18979 5
18980 4
18981 2
18982 4
18983 5
18984 4
18985 0
18986 3
18987 5
18988 7
18989 4
18990 1
18991 0
18992 5
18993 0
18994 6
18995 4
18996 5
18997 5
18998 3
18999 0
19000 2
19001 2
19002 7
19003 5
19004 4
19005 0
19006 3
19007 4
19008 3
19009 3
19010 2
19011 5
19012 4
19013 5
19014 3
19015 4
19016 5
19017 3
19018 4
19019 6
19020 4
19021 3
19022 1
19023 2
19024 3
19025 2
19026 0
19027 1
19028 7
19029 4
19030 3
19031 2
19032 0
19033 1
19034 4
19035 2
19036 5
19037 3
19038 5
19039 3
19040 4
19041 2
19042 6
19043 1
19044 4
19045 4
19046 6
19047 1
19048 7
19049 5
19050 6
19051 6
19052 2
19053 4
19054 5
19055 6
19056 0
19057 4
19058 0
19059 2
19060 3
19061 1
19062 0
19063 5
19064 6
19065 3
19066 4
19067 2
19068 5
19069 4
19070 4
19071 4
19072 6
19073 4
19074 4
19075 6
19076 5
19077 0
19078 3
19079 4
19080 3
19081 3
19082 1
19083 2
19084 3
19085 5
19086 4
19087 1
19088 3
19089 3
19090 5
19091 1
19092 6
19093 1
19094 1
19095 7
19096 1
19097 0
19098 2
19099 4
19100 5
19101 3
19102 2
19103 4
19104 5
19105 0
19106 2
19107 2
19108 3
19109 2
19110 6
19111 3
19112 5
19113 3
19114 1
19115 6
19116 4
19117 3
19118 0
19119 3
19120 5
19121 4
19122 1
19123 5
19124 5
19125 2
19126 3
19127 3
19128 7
19129 2
19130 6
19131 0
19132 1
19133 5
19134 6
19135 0
19136 5
19137 2
19138 2
19139 3
19140 7
19141 4
19142 3
19143 0
19144 3
19145 3
19146 2
19147 6
19148 5
19149 4
19150 4
19151 1
19152 2
19153 7
19154 5
19155 6
19156 2
19157 6
19158 3
19159 5
19160 5
19161 3
19162 4
19163 0
19164 2
19165 8
19166 4
19167 4
19168 6
19169 3
19170 4
19171 5
19172 2
19173 4
19174 3
19175 3
19176 6
19177 3
19178 6
19179 0
19180 0
19181 5
19182 2
19183 3
19184 4
19185 5
19186 5
19187 6
19188 5
19189 0
19190 3
19191 6
19192 2
19193 6
19194 5
19195 0
19196 5
19197 5
19198 5
19199 1
19200 5
19201 6
19202 6
19203 4
19204 3
19205 7
19206 0
19207 4
19208 5
19209 5
19210 6
19211 4
19212 2
19213 4
19214 1
19215 2
19216 0
19217 3
19218 6
19219 6
19220 6
19221 0
19222 5
19223 6
19224 6
19225 3
19226 6
19227 3
19228 5
19229 0
19230 4
19231 1
19232 0
19233 0
19234 5
19235 5
19236 4
19237 6
19238 6
19239 6
19240 6
19241 2
19242 0
19243 1
19244 3
19245 5
19246 1
19247 4
19248 3
19249 3
19250 5
19251 5
19252 1
19253 1
19254 1
19255 7
19256 0
19257 0
19258 4
19259 6
19260 4
19261 1
19262 1
19263 5
19264 1
19265 3
19266 2
19267 2
19268 2
19269 5
19270 0
19271 4
19272 1
19273 2
19274 5
19275 5
19276 2
19277 0
19278 0
19279 4
19280 5
19281 6
19282 6
19283 2
19284 5
19285 6
19286 3
19287 3
19288 2
19289 4
19290 0
19291 3
19292 6
19293 6
19294 3
19295 1
19296 0
19297 5
19298 2
19299 2
19300 3
19301 6
19302 6
19303 0
19304 4
19305 5
19306 5
19307 4
19308 5
19309 1
19310 2
19311 0
19312 4
19313 4
19314 0
19315 5
19316 5
19317 6
19318 2
19319 3
19320 3
19321 4
19322 3
19323 4
19324 4
19325 7
19326 5
19327 2
19328 4
19329 5
19330 4
19331 1
19332 4
19333 3
19334 6
19335 5
19336 5
19337 5
19338 4
19339 3
19340 4
19341 5
19342 5
19343 5
19344 6
19345 5
19346 3
19347 4
19348 6
19349 1
19350 5
19351 4
19352 5
19353 4
19354 3
19355 6
19356 2
19357 5
19358 6
19359 7
19360 3
19361 3
19362 6
19363 0
19364 5
19365 3
19366 5
19367 6
19368 0
19369 4
19370 5
19371 4
19372 1
19373 0
19374 3
19375 2
19376 1
19377 0
19378 5
19379 5
19380 2
19381 0
19382 3
19383 2
19384 4
19385 3
19386 4
19387 0
19388 0
19389 2
19390 4
19391 4
19392 4
19393 5
19394 3
19395 4
19396 0
19397 2
19398 2
19399 0
19400 4
19401 5
19402 4
19403 7
19404 4
19405 3
19406 5
19407 5
19408 1
19409 2
19410 1
19411 5
19412 5
19413 5
19414 5
19415 4
19416 1
19417 6
19418 0
19419 5
19420 2
19421 6
19422 4
19423 2
19424 1
19425 0
19426 2
19427 1
19428 5
19429 6
19430 0
19431 3
19432 3
19433 6
19434 5
19435 6
19436 3
19437 1
19438 5
19439 7
19440 2
19441 5
19442 1
19443 2
19444 4
19445 5
19446 7
19447 0
19448 2
19449 0
19450 5
19451 4
19452 2
19453 2
19454 6
19455 3
19456 0
19457 7
19458 5
19459 4
19460 5
19461 3
19462 1
19463 0
19464 1
19465 1
19466 2
19467 4
19468 6
19469 5
19470 6
19471 3
19472 6
19473 6
19474 4
19475 4
19476 3
19477 4
19478 3
19479 5
19480 1
19481 7
19482 1
19483 2
19484 3
19485 3
19486 5
19487 5
19488 0
19489 0
19490 0
19491 4
19492 7
19493 2
19494 7
19495 1
19496 5
19497 2
19498 3
19499 6
19500 0
19501 3
19502 6
19503 4
19504 3
19505 0
19506 2
19507 4
19508 6
19509 0
19510 6
19511 5
19512 6
19513 3
19514 3
19515 1
19516 3
19517 0
19518 2
19519 3
19520 7
19521 6
19522 4
19523 7
19524 2
19525 3
19526 0
19527 0
19528 2
19529 4
19530 1
19531 5
19532 6
19533 4
19534 3
19535 6
19536 5
19537 1
19538 4
19539 5
19540 4
19541 1
19542 5
19543 7
19544 3
19545 4
19546 2
19547 5
19548 3
19549 6
19550 4
19551 3
19552 5
19553 3
19554 2
19555 4
19556 2
19557 7
19558 3
19559 6
19560 1
19561 6
19562 1
19563 4
19564 5
19565 0
19566 4
19567 5
19568 3
19569 4
19570 5
19571 3
19572 2
19573 0
19574 4
19575 1
19576 4
19577 3
19578 7
19579 1
19580 0
19581 5
19582 6
19583 0
19584 4
19585 5
19586 5
19587 6
19588 4
19589 6
19590 0
19591 1
19592 3
19593 5
19594 5
19595 6
19596 5
19597 5
19598 2
19599 5
19600 5
19601 6
19602 2
19603 3
19604 1
19605 4
19606 5
19607 3
19608 2
19609 6
19610 0
19611 4
19612 0
19613 6
19614 3
19615 7
19616 6
19617 4
19618 1
19619 1
19620 1
19621 3
19622 1
19623 7
19624 4
19625 6
19626 2
19627 2
19628 5
19629 7
19630 1
19631 3
19632 5
19633 3
19634 5
19635 2
19636 1
19637 7
19638 5
19639 0
19640 2
19641 6
19642 4
19643 6
19644 5
19645 4
19646 2
19647 4
19648 5
19649 1
19650 5
19651 6
19652 3
19653 5
19654 6
19655 2
19656 5
19657 2
19658 2
19659 6
19660 4
19661 3
19662 2
19663 5
19664 5
19665 1
19666 6
19667 2
19668 5
19669 5
19670 3
19671 4
19672 2
19673 7
19674 4
19675 3
19676 5
19677 7
19678 4
19679 5
19680 5
19681 4
19682 7
19683 5
19684 7
19685 5
19686 4
19687 4
19688 2
19689 1
19690 6
19691 5
19692 7
19693 5
19694 1
19695 4
19696 4
19697 0
19698 5
19699 5
19700 3
19701 4
19702 4
19703 2
19704 6
19705 7
19706 2
19707 6
19708 5
19709 4
19710 1
19711 4
19712 6
19713 2
19714 5
19715 5
19716 0
19717 4
19718 3
19719 5
19720 3
19721 6
19722 5
19723 0
19724 3
19725 2
19726 3
19727 5
19728 5
19729 0
19730 0
19731 3
19732 4
19733 4
19734 4
19735 5
19736 6
19737 1
19738 5
19739 3
19740 6
19741 1
19742 0
19743 6
19744 4
19745 0
19746 5
19747 4
19748 5
19749 6
19750 1
19751 2
19752 5
19753 3
19754 2
19755 4
19756 2
19757 4
19758 5
19759 5
19760 5
19761 3
19762 5
19763 1
19764 6
19765 0
19766 0
19767 3
19768 4
19769 5
19770 5
19771 3
19772 6
19773 3
19774 1
19775 5
19776 0
19777 4
19778 5
19779 6
19780 6
19781 2
19782 3
19783 5
19784 2
19785 2
19786 4
19787 4
19788 4
19789 7
19790 2
19791 6
19792 4
19793 5
19794 3
19795 2
19796 4
19797 6
19798 6
19799 3
19800 5
19801 6
19802 5
19803 3
19804 3
19805 3
19806 1
19807 4
19808 6
19809 4
19810 4
19811 6
19812 4
19813 1
19814 7
19815 5
19816 3
19817 1
19818 3
19819 7
19820 4
19821 0
19822 4
19823 6
19824 2
19825 3
19826 3
19827 6
19828 5
19829 1
19830 6
19831 3
19832 3
19833 4
19834 7
19835 6
19836 2
19837 1
19838 0
19839 2
19840 2
19841 4
19842 4
19843 5
19844 4
19845 5
19846 2
19847 6
19848 4
19849 3
19850 5
19851 5
19852 5
19853 7
19854 5
19855 6
19856 1
19857 5
19858 3
19859 4
19860 4
19861 1
19862 4
19863 4
19864 5
19865 2
19866 0
19867 6
19868 4
19869 5
19870 6
19871 0
19872 2
19873 0
19874 5
19875 5
19876 6
19877 3
19878 5
19879 7
19880 2
19881 5
19882 6
19883 3
19884 6
19885 2
19886 1
19887 1
19888 5
19889 4
19890 5
19891 4
19892 2
19893 3
19894 6
19895 6
19896 5
19897 0
19898 4
19899 6
19900 3
19901 7
19902 5
19903 2
19904 4
19905 4
19906 5
19907 1
19908 4
19909 3
19910 6
19911 3
19912 2
19913 6
19914 6
19915 1
19916 5
19917 6
19918 6
19919 3
19920 1
19921 6
19922 4
19923 2
19924 4
19925 5
19926 5
19927 7
19928 4
19929 5
19930 2
19931 2
19932 6
19933 1
19934 7
19935 0
19936 6
19937 1
19938 6
19939 6
19940 4
19941 0
19942 3
19943 5
19944 6
19945 1
19946 3
19947 1
19948 4
19949 6
19950 3
19951 7
19952 3
19953 2
19954 2
19955 5
19956 6
19957 3
19958 4
19959 1
19960 2
19961 3
19962 4
19963 1
19964 3
19965 5
19966 5
19967 4
19968 5
19969 3
19970 5
19971 6
19972 3
19973 1
19974 4
19975 7
19976 6
19977 6
19978 6
19979 1
19980 0
19981 3
19982 5
19983 2
19984 0
19985 4
19986 7
19987 2
19988 3
19989 4
19990 8
19991 1
19992 1
19993 0
19994 3
19995 7
19996 6
19997 6
19998 5
19999 3
20000 4
20001 3
20002 3
20003 5
20004 6
20005 0
20006 7
20007 3
20008 4
20009 1
20010 6
20011 4
20012 7
20013 6
20014 4
20015 1
20016 3
20017 1
20018 4
20019 4
20020 1
20021 1
20022 2
20023 4
20024 3
20025 6
20026 6
20027 2
20028 3
20029 2
20030 3
20031 1
20032 1
20033 7
20034 7
20035 6
20036 6
20037 6
20038 3
20039 5
20040 6
20041 5
20042 5
20043 4
20044 5
20045 0
20046 2
20047 6
20048 5
20049 5
20050 5
20051 2
20052 5
20053 7
20054 4
20055 6
20056 3
20057 4
20058 4
20059 1
20060 4
20061 2
20062 6
20063 3
20064 4
20065 3
20066 2
20067 6
20068 3
20069 2
20070 6
20071 2
20072 3
20073 4
20074 2
20075 4
20076 5
20077 0
20078 4
20079 4
20080 3
20081 2
20082 6
20083 5
20084 6
20085 1
20086 0
20087 0
20088 3
20089 4
20090 3
20091 2
20092 4
20093 5
20094 6
20095 4
20096 5
20097 2
20098 5
20099 3
20100 5
20101 3
20102 4
20103 4
20104 4
20105 4
20106 6
20107 1
20108 1
20109 3
20110 1
20111 3
20112 4
20113 0
20114 0
20115 4
20116 3
20117 2
20118 5
20119 0
20120 7
20121 6
20122 4
20123 6
20124 1
20125 3
20126 1
20127 6
20128 6
20129 4
20130 0
20131 0
20132 2
20133 4
20134 0
20135 4
20136 2
20137 5
20138 7
20139 6
20140 4
20141 6
20142 6
20143 6
20144 4
20145 6
20146 3
20147 2
20148 2
20149 5
20150 6
20151 1
20152 4
20153 6
20154 6
20155 4
20156 3
20157 5
20158 3
20159 3
20160 1
20161 4
20162 1
20163 5
20164 6
20165 7
20166 3
20167 0
20168 6
20169 0
20170 2
20171 2
20172 2
20173 3
20174 4
20175 2
20176 7
20177 3
20178 1
20179 0
20180 1
20181 5
20182 2
20183 4
20184 1
20185 5
20186 7
20187 2
20188 4
20189 7
20190 3
20191 3
20192 4
20193 7
20194 4
20195 5
20196 4
20197 4
20198 2
20199 3
20200 3
20201 3
20202 3
20203 5
20204 6
20205 3
20206 6
20207 5
20208 1
20209 4
20210 5
20211 1
20212 1
20213 5
20214 4
20215 2
20216 5
20217 2
20218 6
20219 3
20220 5
20221 6
20222 0
20223 0
20224 3
20225 1
20226 5
20227 4
20228 6
20229 6
20230 5
20231 3
20232 2
20233 5
20234 5
20235 4
20236 4
20237 3
20238 6
20239 6
20240 7
20241 3
20242 4
20243 0
20244 2
20245 3
20246 3
20247 4
20248 3
20249 1
20250 4
20251 6
20252 3
20253 5
20254 4
20255 3
20256 4
20257 5
20258 3
20259 4
20260 1
20261 6
20262 0
20263 2
20264 7
20265 2
20266 4
20267 4
20268 1
20269 1
20270 6
20271 1
20272 2
20273 2
20274 7
20275 5
20276 4
20277 7
20278 6
20279 4
20280 6
20281 0
20282 1
20283 6
20284 1
20285 6
20286 5
20287 5
20288 2
20289 7
20290 4
20291 5
20292 4
20293 6
20294 1
20295 3
20296 4
20297 2
20298 1
20299 0
20300 5
20301 5
20302 2
20303 5
20304 5
20305 7
20306 5
20307 5
20308 3
20309 6
20310 4
20311 0
20312 5
20313 5
20314 5
20315 5
20316 3
20317 2
20318 6
20319 2
20320 2
20321 5
20322 5
20323 7
20324 1
20325 3
20326 7
20327 3
20328 6
20329 1
20330 2
20331 4
20332 5
20333 3
20334 3
20335 4
20336 1
20337 5
20338 5
20339 6
20340 6
20341 1
20342 1
20343 3
20344 0
20345 4
20346 3
20347 4
20348 6
20349 5
20350 5
20351 6
20352 5
20353 1
20354 2
20355 4
20356 6
20357 4
20358 1
20359 6
20360 4
20361 2
20362 8
20363 5
20364 3
20365 0
20366 3
20367 2
20368 4
20369 3
20370 6
20371 4
20372 3
20373 0
20374 2
20375 1
20376 1
20377 3
20378 3
20379 3
20380 5
20381 6
20382 6
20383 4
20384 5
20385 6
20386 4
20387 5
20388 6
20389 2
20390 5
20391 3
20392 5
20393 1
20394 2
20395 6
20396 5
20397 4
20398 4
20399 5
20400 6
20401 0
20402 6
20403 2
20404 5
20405 5
20406 3
20407 5
20408 5
20409 1
20410 7
20411 4
20412 7
20413 5
20414 0
20415 2
20416 4
20417 5
20418 0
20419 6
20420 2
20421 4
20422 6
20423 6
20424 3
20425 6
20426 4
20427 5
20428 4
20429 2
20430 4
20431 0
20432 1
20433 6
20434 7
20435 6
20436 7
20437 0
20438 1
20439 3
20440 6
20441 4
20442 1
20443 7
20444 5
20445 0
20446 2
20447 1
20448 5
20449 2
20450 2
20451 7
20452 6
20453 3
20454 5
20455 1
20456 1
20457 6
20458 5
20459 4
20460 3
20461 3
20462 5
20463 5
20464 6
20465 3
20466 7
20467 1
20468 2
20469 6
20470 6
20471 8
20472 7
20473 2
20474 6
20475 7
20476 6
20477 2
20478 5
20479 2
20480 4
20481 4
20482 4
20483 2
20484 6
20485 1
20486 6
20487 3
20488 7
20489 4
20490 0
20491 5
20492 5
20493 6
20494 1
20495 2
20496 6
20497 5
20498 4
20499 0
20500 7
20501 7
20502 3
20503 4
20504 0
20505 5
20506 4
20507 4
20508 4
20509 0
20510 4
20511 1
20512 4
20513 0
20514 6
20515 6
20516 2
20517 4
20518 3
20519 5
20520 5
20521 2
20522 4
20523 3
20524 6
20525 1
20526 2
20527 7
20528 6
20529 4
20530 0
20531 4
20532 3
20533 4
20534 4
20535 4
20536 6
20537 7
20538 1
20539 4
20540 6
20541 4
20542 6
20543 4
20544 6
20545 6
20546 5
20547 1
20548 6
20549 4
20550 7
20551 6
20552 0
20553 6
20554 4
20555 3
20556 5
20557 1
20558 7
20559 3
20560 3
20561 3
20562 1
20563 6
20564 6
20565 2
20566 2
20567 4
20568 5
20569 2
20570 7
20571 7
20572 6
20573 4
20574 6
20575 5
20576 1
20577 6
20578 7
20579 6
20580 3
20581 0
20582 1
20583 1
20584 6
20585 6
20586 4
20587 6
20588 2
20589 5
20590 6
20591 5
20592 1
20593 2
20594 1
20595 6
20596 6
20597 6
20598 6
20599 1
20600 1
20601 5
20602 6
20603 4
20604 4
20605 7
20606 6
20607 1
20608 4
20609 3
20610 5
20611 4
20612 5
20613 0
20614 3
20615 3
20616 4
20617 4
20618 4
20619 6
20620 5
20621 4
20622 6
20623 3
20624 4
20625 5
20626 5
20627 0
20628 2
20629 4
20630 0
20631 5
20632 3
20633 3
20634 6
20635 1
20636 2
20637 8
20638 1
20639 2
20640 6
20641 0
20642 5
20643 5
20644 2
20645 5
20646 1
20647 4
20648 1
20649 4
20650 6
20651 1
20652 5
20653 3
20654 2
20655 1
20656 5
20657 2
20658 1
20659 5
20660 5
20661 5
20662 0
20663 5
20664 7
20665 3
20666 2
20667 3
20668 5
20669 3
20670 6
20671 7
20672 2
20673 7
20674 4
20675 5
20676 5
20677 6
20678 3
20679 5
20680 5
20681 4
20682 4
20683 2
20684 5
20685 5
20686 2
20687 5
20688 4
20689 2
20690 2
20691 7
20692 1
20693 4
20694 4
20695 3
20696 3
20697 7
20698 8
20699 7
20700 1
20701 1
20702 6
20703 4
20704 0
20705 6
20706 6
20707 0
20708 6
20709 6
20710 6
20711 3
20712 5
20713 6
20714 6
20715 2
20716 3
20717 0
20718 2
20719 2
20720 5
20721 5
20722 5
20723 0
20724 3
20725 6
20726 0
20727 7
20728 4
20729 0
20730 6
20731 4
20732 1
20733 0
20734 0
20735 5
20736 4
20737 5
20738 4
20739 1
20740 5
20741 5
20742 7
20743 5
20744 3
20745 6
20746 5
20747 5
20748 6
20749 6
20750 2
20751 4
20752 0
20753 6
20754 2
20755 3
20756 6
20757 7
20758 3
20759 1
20760 6
20761 3
20762 3
20763 7
20764 1
20765 0
20766 5
20767 5
20768 5
20769 6
20770 3
20771 6
20772 6
20773 4
20774 4
20775 3
20776 4
20777 3
20778 4
20779 1
20780 6
20781 5
20782 1
20783 3
20784 6
20785 3
20786 0
20787 0
20788 4
20789 5
20790 5
20791 5
20792 3
20793 6
20794 6
20795 6
20796 0
20797 4
20798 5
20799 5
20800 6
20801 2
20802 1
20803 3
20804 3
20805 5
20806 6
20807 3
20808 1
20809 1
20810 5
20811 5
20812 4
20813 2
20814 4
20815 4
20816 4
20817 6
20818 1
20819 1
20820 3
20821 5
20822 1
20823 4
20824 1
20825 5
20826 7
20827 4
20828 6
20829 1
20830 7
20831 7
20832 5
20833 6
20834 6
20835 4
20836 4
20837 6
20838 6
20839 5
20840 6
20841 2
20842 7
20843 6
20844 3
20845 3
20846 5
20847 2
20848 4
20849 1
20850 1
20851 3
20852 3
20853 6
20854 4
20855 0
20856 5
20857 4
20858 4
20859 6
20860 6
20861 5
20862 6
20863 6
20864 5
20865 2
20866 0
20867 0
20868 6
20869 1
20870 2
20871 6
20872 1
20873 5
20874 6
20875 3
20876 5
20877 4
20878 4
20879 4
20880 0
20881 0
20882 7
20883 1
20884 0
20885 2
20886 6
20887 2
20888 7
20889 6
20890 5
20891 6
20892 6
20893 3
20894 3
20895 0
20896 1
20897 6
20898 7
20899 4
20900 3
20901 3
20902 5
20903 6
20904 3
20905 6
20906 1
20907 2
20908 6
20909 4
20910 5
20911 4
20912 0
20913 3
20914 2
20915 6
20916 7
20917 0
20918 5
20919 2
20920 3
20921 3
20922 0
20923 7
20924 5
20925 6
20926 4
20927 1
20928 5
20929 6
20930 5
20931 3
20932 4
20933 4
20934 4
20935 0
20936 5
20937 1
20938 5
20939 4
20940 5
20941 4
20942 6
20943 4
20944 2
20945 5
20946 7
20947 6
20948 4
20949 4
20950 3
20951 7
20952 6
20953 1
20954 6
20955 5
20956 6
20957 6
20958 1
20959 3
20960 0
20961 6
20962 1
20963 5
20964 2
20965 5
20966 0
20967 2
20968 4
20969 0
20970 6
20971 5
20972 3
20973 7
20974 5
20975 3
20976 4
20977 1
20978 0
20979 2
20980 3
20981 5
20982 2
20983 6
20984 6
20985 6
20986 1
20987 5
20988 0
20989 5
20990 4
20991 6
20992 2
20993 0
20994 3
20995 0
20996 1
20997 3
20998 0
20999 1
21000 4
21001 4
21002 6
21003 7
21004 7
21005 6
21006 6
21007 6
21008 4
21009 2
21010 0
21011 4
21012 3
21013 4
21014 1
21015 4
21016 5
21017 2
21018 0
21019 2
21020 6
21021 7
21022 4
21023 1
21024 5
21025 3
21026 0
21027 3
21028 0
21029 5
21030 0
21031 5
21032 4
21033 6
21034 6
21035 2
21036 5
21037 1
21038 6
21039 6
21040 6
21041 6
21042 2
21043 6
21044 4
21045 2
21046 4
21047 6
21048 5
21049 4
21050 4
21051 3
21052 6
21053 1
21054 4
21055 3
21056 1
21057 6
21058 2
21059 4
21060 1
21061 5
21062 5
21063 2
21064 3
21065 6
21066 1
21067 3
21068 4
21069 0
21070 2
21071 4
21072 2
21073 5
21074 6
21075 4
21076 5
21077 5
21078 2
21079 0
21080 4
21081 6
21082 0
21083 3
21084 5
21085 2
21086 0
21087 2
21088 0
21089 6
21090 1
21091 6
21092 0
21093 3
21094 2
21095 4
21096 5
21097 6
21098 5
21099 4
21100 3
21101 5
21102 1
21103 7
21104 0
21105 6
21106 1
21107 6
21108 8
21109 6
21110 5
21111 7
21112 7
21113 7
21114 3
21115 5
21116 6
21117 0
21118 4
21119 1
21120 1
21121 5
21122 6
21123 5
21124 5
21125 0
21126 6
21127 6
21128 6
21129 5
21130 6
21131 8
21132 3
21133 1
21134 5
21135 0
21136 3
21137 5
21138 4
21139 2
21140 5
21141 3
21142 6
21143 6
21144 6
21145 5
21146 6
21147 5
21148 3
21149 4
21150 0
21151 0
21152 7
21153 3
21154 3
21155 6
21156 6
21157 0
21158 6
21159 6
21160 4
21161 6
21162 6
21163 1
21164 6
21165 2
21166 2
21167 8
21168 4
21169 5
21170 1
21171 3
21172 6
21173 4
21174 5
21175 4
21176 5
21177 5
21178 6
21179 5
21180 3
21181 6
21182 7
21183 1
21184 1
21185 1
21186 4
21187 4
21188 5
21189 6
21190 7
21191 5
21192 3
21193 1
21194 6
21195 7
21196 2
21197 5
21198 6
21199 6
21200 1
21201 0
21202 6
21203 4
21204 2
21205 4
21206 5
21207 2
21208 3
21209 5
21210 4
21211 7
21212 5
21213 3
21214 5
21215 0
21216 2
21217 3
21218 1
21219 1
21220 0
21221 5
21222 3
21223 4
21224 2
21225 4
21226 6
21227 4
21228 1
21229 5
21230 5
21231 6
21232 7
21233 2
21234 5
21235 2
21236 4
21237 5
21238 3
21239 2
21240 0
21241 6
21242 3
21243 5
21244 5
21245 4
21246 4
21247 6
21248 0
21249 3
21250 4
21251 4
21252 3
21253 1
21254 6
21255 5
21256 5
21257 3
21258 7
21259 6
21260 5
21261 4
21262 1
21263 3
21264 3
21265 5
21266 2
21267 2
21268 3
21269 5
21270 4
21271 5
21272 1
21273 5
21274 6
21275 2
21276 5
21277 2
21278 2
21279 3
21280 4
21281 6
21282 4
21283 5
21284 6
21285 2
21286 7
21287 6
21288 3
21289 2
21290 7
21291 0
21292 1
21293 7
21294 3
21295 4
21296 0
21297 5
21298 3
21299 5
21300 6
21301 5
21302 7
21303 7
21304 4
21305 7
21306 5
21307 1
21308 5
21309 3
21310 6
21311 6
21312 3
21313 2
21314 4
21315 2
21316 6
21317 3
21318 0
21319 3
21320 1
21321 6
21322 5
21323 2
21324 0
21325 5
21326 5
21327 6
21328 6
21329 5
21330 6
21331 2
21332 1
21333 4
21334 4
21335 5
21336 7
21337 4
21338 0
21339 0
21340 6
21341 1
21342 0
21343 6
21344 2
21345 6
21346 6
21347 6
21348 7
21349 2
21350 6
21351 6
21352 5
21353 1
21354 3
21355 5
21356 5
21357 5
21358 6
21359 1
21360 4
21361 1
21362 7
21363 5
21364 4
21365 5
21366 5
21367 5
21368 5
21369 4
21370 5
21371 3
21372 2
21373 6
21374 1
21375 2
21376 5
21377 6
21378 5
21379 5
21380 4
21381 6
21382 1
21383 4
21384 3
21385 2
21386 3
21387 5
21388 5
21389 4
21390 1
21391 4
21392 4
21393 4
21394 5
21395 6
21396 1
21397 3
21398 4
21399 6
21400 0
21401 3
21402 6
21403 7
21404 2
21405 2
21406 1
21407 4
21408 2
21409 5
21410 1
21411 2
21412 1
21413 6
21414 0
21415 5
21416 3
21417 4
21418 4
21419 1
21420 3
21421 2
21422 2
21423 2
21424 4
21425 6
21426 5
21427 4
21428 6
21429 0
21430 3
21431 4
21432 4
21433 4
21434 0
21435 3
21436 3
21437 3
21438 5
21439 4
21440 5
21441 5
21442 0
21443 4
21444 6
21445 5
21446 2
21447 6
21448 0
21449 6
21450 3
21451 6
21452 1
21453 5
21454 4
21455 4
21456 5
21457 5
21458 4
21459 3
21460 7
21461 5
21462 6
21463 3
21464 6
21465 5
21466 4
21467 3
21468 2
21469 3
21470 5
21471 2
21472 4
21473 5
21474 5
21475 5
21476 6
21477 7
21478 6
21479 6
21480 4
21481 6
21482 3
21483 0
21484 2
21485 1
21486 4
21487 5
21488 2
21489 6
21490 1
21491 6
21492 6
21493 3
21494 5
21495 7
21496 5
21497 0
21498 2
21499 3
21500 6
21501 4
21502 5
21503 0
21504 1
21505 1
21506 7
21507 5
21508 4
21509 6
21510 1
21511 4
21512 1
21513 3
21514 5
21515 4
21516 5
21517 6
21518 7
21519 4
21520 5
21521 3
21522 5
21523 4
21524 6
21525 2
21526 5
21527 5
21528 5
21529 0
21530 2
21531 3
21532 2
21533 4
21534 2
21535 1
21536 3
21537 0
21538 1
21539 5
21540 6
21541 6
21542 1
21543 3
21544 6
21545 6
21546 6
21547 4
21548 2
21549 6
21550 0
21551 6
21552 1
21553 3
21554 2
21555 7
21556 6
21557 3
21558 1
21559 8
21560 6
21561 0
21562 6
21563 3
21564 4
21565 6
21566 4
21567 4
21568 2
21569 3
21570 6
21571 3
21572 1
21573 0
21574 4
21575 4
21576 3
21577 6
21578 4
21579 1
21580 3
21581 0
21582 2
21583 4
21584 1
21585 7
21586 1
21587 1
21588 4
21589 6
21590 4
21591 6
21592 3
21593 6
21594 2
21595 6
21596 6
21597 2
21598 3
21599 2
21600 8
21601 4
21602 5
21603 6
21604 6
21605 4
21606 7
21607 6
21608 8
21609 4
21610 3
21611 1
21612 7
21613 3
21614 5
21615 3
21616 4
21617 3
21618 6
21619 2
21620 2
21621 6
21622 6
21623 5
21624 0
21625 6
21626 1
21627 1
21628 5
21629 5
21630 5
21631 6
21632 5
21633 6
21634 7
21635 4
21636 5
21637 2
21638 6
21639 1
21640 4
21641 2
21642 2
21643 4
21644 5
21645 1
21646 4
21647 7
21648 6
21649 1
21650 0
21651 0
21652 6
21653 3
21654 3
21655 5
21656 4
21657 2
21658 4
21659 6
21660 3
21661 5
21662 4
21663 7
21664 5
21665 1
21666 0
21667 5
21668 4
21669 1
21670 1
21671 6
21672 4
21673 1
21674 0
21675 4
21676 4
21677 4
21678 0
21679 0
21680 1
21681 5
21682 0
21683 3
21684 3
21685 4
21686 4
21687 5
21688 3
21689 0
21690 0
21691 4
21692 6
21693 5
21694 5
21695 5
21696 1
21697 7
21698 4
21699 6
21700 4
21701 4
21702 2
21703 3
21704 4
21705 7
21706 2
21707 0
21708 5
21709 5
21710 5
21711 1
21712 8
21713 7
21714 5
21715 7
21716 6
21717 3
21718 3
21719 4
21720 2
21721 6
21722 4
21723 4
21724 5
21725 7
21726 3
21727 3
21728 7
21729 3
21730 3
21731 3
21732 7
21733 2
21734 5
21735 3
21736 6
21737 4
21738 6
21739 2
21740 7
21741 4
21742 7
21743 4
21744 4
21745 6
21746 5
21747 0
21748 6
21749 6
21750 1
21751 0
21752 6
21753 6
21754 0
21755 3
21756 6
21757 7
21758 5
21759 3
21760 5
21761 5
21762 0
21763 5
21764 3
21765 6
21766 2
21767 1
21768 6
21769 4
21770 1
21771 5
21772 5
21773 2
21774 3
21775 3
21776 5
21777 3
21778 1
21779 2
21780 0
21781 3
21782 4
21783 2
21784 6
21785 5
21786 6
21787 0
21788 5
21789 5
21790 3
21791 2
21792 3
21793 5
21794 0
21795 6
21796 1
21797 0
21798 4
21799 8
21800 6
21801 6
21802 6
21803 5
21804 0
21805 5
21806 3
21807 6
21808 3
21809 5
21810 5
21811 5
21812 3
21813 7
21814 3
21815 3
21816 3
21817 5
21818 6
21819 0
21820 0
21821 2
21822 1
21823 2
21824 3
21825 5
21826 5
21827 7
21828 4
21829 1
21830 1
21831 1
21832 5
21833 6
21834 5
21835 4
21836 4
21837 5
21838 5
21839 4
21840 0
21841 5
21842 8
21843 5
21844 2
21845 4
21846 1
21847 5
21848 2
21849 1
21850 5
21851 5
21852 7
21853 6
21854 5
21855 6
21856 7
21857 1
21858 5
21859 6
21860 1
21861 3
21862 4
21863 0
21864 0
21865 6
21866 5
21867 7
21868 0
21869 7
21870 4
21871 3
21872 6
21873 2
21874 3
21875 6
21876 1
21877 5
21878 2
21879 1
21880 6
21881 4
21882 4
21883 4
21884 4
21885 2
21886 5
21887 1
21888 5
21889 6
21890 7
21891 7
21892 0
21893 0
21894 7
21895 4
21896 1
21897 4
21898 0
21899 5
21900 4
21901 6
21902 4
21903 7
21904 6
21905 3
21906 6
21907 0
21908 6
21909 4
21910 2
21911 3
21912 6
21913 5
21914 4
21915 6
21916 5
21917 0
21918 6
21919 2
21920 5
21921 1
21922 6
21923 7
21924 1
21925 4
21926 1
21927 5
21928 3
21929 6
21930 2
21931 5
21932 4
21933 7
21934 6
21935 0
21936 6
21937 4
21938 3
21939 1
21940 1
21941 5
21942 5
21943 4
21944 5
21945 6
21946 3
21947 1
21948 4
21949 2
21950 3
21951 6
21952 5
21953 2
21954 4
21955 2
21956 1
21957 6
21958 1
21959 5
21960 4
21961 3
21962 2
21963 5
21964 7
21965 6
21966 8
21967 2
21968 2
21969 4
21970 7
21971 7
21972 3
21973 3
21974 4
21975 5
21976 6
21977 3
21978 5
21979 8
21980 4
21981 3
21982 5
21983 6
21984 5
21985 0
21986 1
21987 5
21988 2
21989 5
21990 0
21991 6
21992 5
21993 7
21994 1
21995 7
21996 4
21997 2
21998 3
21999 6
22000 7
22001 3
22002 6
22003 4
22004 2
22005 6
22006 3
22007 4
22008 2
22009 5
22010 3
22011 7
22012 7
22013 6
22014 7
22015 6
22016 2
22017 5
22018 1
22019 1
22020 3
22021 5
22022 1
22023 5
22024 4
22025 6
22026 6
22027 4
22028 4
22029 5
22030 3
22031 3
22032 4
22033 4
22034 5
22035 0
22036 4
22037 6
22038 4
22039 1
22040 0
22041 5
22042 2
22043 4
22044 5
22045 5
22046 2
22047 4
22048 5
22049 1
22050 1
22051 2
22052 4
22053 3
22054 2
22055 6
22056 5
22057 6
22058 5
22059 3
22060 0
22061 3
22062 5
22063 4
22064 7
22065 1
22066 5
22067 6
22068 2
22069 3
22070 2
22071 5
22072 4
22073 1
22074 4
22075 4
22076 5
22077 3
22078 6
22079 4
22080 3
22081 8
22082 3
22083 4
22084 5
22085 4
22086 1
22087 5
22088 3
22089 6
22090 3
22091 2
22092 7
22093 0
22094 1
22095 7
22096 7
22097 7
22098 5
22099 1
22100 4
22101 5
22102 2
22103 3
22104 6
22105 2
22106 3
22107 1
22108 3
22109 4
22110 1
22111 7
22112 7
22113 0
22114 3
22115 4
22116 1
22117 3
22118 4
22119 6
22120 5
22121 1
22122 4
22123 8
22124 2
22125 6
22126 2
22127 0
22128 4
22129 4
22130 6
22131 2
22132 6
22133 4
22134 1
22135 5
22136 0
22137 5
22138 1
22139 7
22140 4
22141 0
22142 7
22143 4
22144 6
22145 2
22146 4
22147 8
22148 0
22149 4
22150 0
22151 7
22152 6
22153 2
22154 5
22155 5
22156 4
22157 7
22158 4
22159 0
22160 2
22161 6
22162 7
22163 8
22164 5
22165 0
22166 6
22167 6
22168 5
22169 6
22170 4
22171 2
22172 7
22173 0
22174 6
22175 3
22176 2
22177 2
22178 4
22179 2
22180 6
22181 5
22182 3
22183 2
22184 4
22185 2
22186 4
22187 4
22188 6
22189 7
22190 6
22191 2
22192 5
22193 4
22194 2
22195 6
22196 5
22197 4
22198 3
22199 6
22200 2
22201 7
22202 6
22203 3
22204 5
22205 7
22206 0
22207 2
22208 7
22209 4
22210 6
22211 0
22212 3
22213 7
22214 7
22215 3
22216 7
22217 3
22218 3
22219 6
22220 3
22221 6
22222 3
22223 5
22224 3
22225 5
22226 1
22227 2
22228 2
22229 2
22230 2
22231 6
22232 6
22233 6
22234 5
22235 2
22236 6
22237 1
22238 6
22239 4
22240 5
22241 5
22242 6
22243 0
22244 2
22245 0
22246 6
22247 4
22248 0
22249 3
22250 4
22251 6
22252 3
22253 1
22254 2
22255 2
22256 0
22257 6
22258 5
22259 5
22260 2
22261 0
22262 3
22263 5
22264 5
22265 5
22266 2
22267 3
22268 1
22269 1
22270 8
22271 2
22272 2
22273 2
22274 0
22275 3
22276 2
22277 6
22278 4
22279 6
22280 5
22281 1
22282 6
22283 4
22284 5
22285 4
22286 0
22287 4
22288 2
22289 1
22290 6
22291 2
22292 5
22293 5
22294 2
22295 7
22296 5
22297 3
22298 7
22299 3
22300 6
22301 6
22302 4
22303 2
22304 6
22305 4
22306 0
22307 4
22308 4
22309 5
22310 5
22311 3
22312 7
22313 6
22314 2
22315 0
22316 4
22317 4
22318 0
22319 7
22320 7
22321 6
22322 1
22323 6
22324 7
22325 2
22326 3
22327 7
22328 3
22329 6
22330 3
22331 5
22332 5
22333 1
22334 5
22335 2
22336 4
22337 7
22338 3
22339 8
22340 7
22341 4
22342 5
22343 0
22344 6
22345 5
22346 7
22347 3
22348 1
22349 0
22350 6
22351 6
22352 3
22353 2
22354 3
22355 5
22356 6
22357 6
22358 4
22359 6
22360 6
22361 8
22362 3
22363 5
22364 1
22365 3
22366 5
22367 3
22368 0
22369 2
22370 5
22371 4
22372 6
22373 5
22374 7
22375 2
22376 7
22377 6
22378 3
22379 6
22380 5
22381 0
22382 5
22383 5
22384 2
22385 5
22386 4
22387 0
22388 5
22389 4
22390 6
22391 6
22392 7
22393 2
22394 5
22395 1
22396 4
22397 4
22398 4
22399 0
22400 6
22401 6
22402 2
22403 2
22404 4
22405 6
22406 0
22407 1
22408 6
22409 6
22410 7
22411 4
22412 7
22413 3
22414 1
22415 3
22416 4
22417 7
22418 1
22419 5
22420 7
22421 1
22422 0
22423 1
22424 4
22425 4
22426 0
22427 5
22428 5
22429 3
22430 2
22431 6
22432 3
22433 2
22434 6
22435 3
22436 2
22437 5
22438 5
22439 7
22440 3
22441 6
22442 3
22443 0
22444 7
22445 5
22446 3
22447 5
22448 6
22449 5
22450 6
22451 5
22452 4
22453 1
22454 6
22455 6
22456 4
22457 8
22458 4
22459 6
22460 5
22461 4
22462 5
22463 3
22464 5
22465 5
22466 7
22467 0
22468 3
22469 4
22470 0
22471 6
22472 5
22473 0
22474 1
22475 2
22476 1
22477 3
22478 2
22479 6
22480 4
22481 5
22482 0
22483 4
22484 6
22485 2
22486 4
22487 1
22488 5
22489 5
22490 3
22491 6
22492 5
22493 6
22494 4
22495 1
22496 7
22497 2
22498 6
22499 4
22500 6
22501 7
22502 5
22503 2
22504 6
22505 4
22506 6
22507 5
22508 6
22509 3
22510 5
22511 7
22512 7
22513 4
22514 3
22515 0
22516 7
22517 4
22518 7
22519 2
22520 3
22521 3
22522 5
22523 4
22524 0
22525 7
22526 2
22527 7
22528 5
22529 1
22530 5
22531 5
22532 3
22533 2
22534 7
22535 0
22536 6
22537 3
22538 2
22539 6
22540 7
22541 5
22542 0
22543 3
22544 2
22545 6
22546 1
22547 7
22548 0
22549 7
22550 7
22551 5
22552 4
22553 5
22554 6
22555 5
22556 6
22557 4
22558 7
22559 1
22560 2
22561 6
22562 6
22563 7
22564 2
22565 4
22566 4
22567 5
22568 7
22569 1
22570 1
22571 0
22572 6
22573 6
22574 5
22575 3
22576 6
22577 6
22578 2
22579 5
22580 1
22581 3
22582 6
22583 2
22584 4
22585 4
22586 5
22587 7
22588 0
22589 7
22590 0
22591 6
22592 0
22593 4
22594 1
22595 8
22596 5
22597 4
22598 4
22599 7
22600 4
22601 3
22602 6
22603 4
22604 6
22605 1
22606 0
22607 1
22608 5
22609 5
22610 7
22611 4
22612 4
22613 1
22614 7
22615 7
22616 0
22617 2
22618 4
22619 6
22620 4
22621 4
22622 5
22623 5
22624 0
22625 1
22626 1
22627 6
22628 4
22629 7
22630 8
22631 3
22632 1
22633 6
22634 5
22635 3
22636 5
22637 7
22638 2
22639 4
22640 4
22641 1
22642 7
22643 6
22644 2
22645 4
22646 6
22647 5
22648 4
22649 6
22650 8
22651 5
22652 1
22653 6
22654 5
22655 3
22656 4
22657 2
22658 0
22659 5
22660 6
22661 7
22662 7
22663 7
22664 6
22665 7
22666 1
22667 7
22668 6
22669 3
22670 4
22671 6
22672 3
22673 3
22674 7
22675 1
22676 2
22677 6
22678 4
22679 1
22680 5
22681 3
22682 7
22683 8
22684 0
22685 4
22686 7
22687 5
22688 5
22689 2
22690 2
22691 2
22692 4
22693 3
22694 1
22695 0
22696 0
22697 5
22698 2
22699 1
22700 2
22701 3
22702 1
22703 4
22704 7
22705 3
22706 0
22707 1
22708 4
22709 3
22710 3
22711 3
22712 5
22713 3
22714 5
22715 2
22716 6
22717 1
22718 4
22719 0
22720 7
22721 2
22722 7
22723 5
22724 5
22725 3
22726 0
22727 7
22728 0
22729 0
22730 6
22731 6
22732 2
22733 4
22734 1
22735 7
22736 7
22737 6
22738 1
22739 2
22740 2
22741 4
22742 7
22743 4
22744 6
22745 3
22746 4
22747 6
22748 4
22749 2
22750 2
22751 7
22752 1
22753 5
22754 7
22755 5
22756 1
22757 5
22758 3
22759 3
22760 2
22761 6
22762 7
22763 5
22764 1
22765 1
22766 5
22767 5
22768 2
22769 4
22770 5
22771 7
22772 0
22773 6
22774 4
22775 2
22776 3
22777 5
22778 1
22779 6
22780 7
22781 4
22782 6
22783 7
22784 6
22785 5
22786 5
22787 6
22788 5
22789 3
22790 3
22791 6
22792 5
22793 5
22794 4
22795 5
22796 4
22797 6
22798 1
22799 4
22800 5
22801 5
22802 6
22803 5
22804 3
22805 6
22806 8
22807 8
22808 6
22809 5
22810 5
22811 6
22812 3
22813 1
22814 7
22815 0
22816 0
22817 7
22818 5
22819 6
22820 1
22821 4
22822 5
22823 6
22824 7
22825 6
22826 0
22827 3
22828 6
22829 6
22830 7
22831 7
22832 4
22833 7
22834 3
22835 1
22836 4
22837 4
22838 4
22839 6
22840 6
22841 4
22842 1
22843 4
22844 4
22845 1
22846 4
22847 8
22848 2
22849 6
22850 6
22851 5
22852 1
22853 7
22854 7
22855 4
22856 0
22857 1
22858 3
22859 1
22860 0
22861 6
22862 4
22863 3
22864 4
22865 5
22866 2
22867 1
22868 5
22869 3
22870 0
22871 7
22872 6
22873 5
22874 5
22875 6
22876 0
22877 5
22878 4
22879 2
22880 7
22881 5
22882 4
22883 7
22884 4
22885 4
22886 5
22887 4
22888 3
22889 7
22890 6
22891 5
22892 5
22893 0
22894 1
22895 6
22896 5
22897 5
22898 5
22899 7
22900 0
22901 2
22902 6
22903 1
22904 1
22905 8
22906 3
22907 2
22908 4
22909 2
22910 6
22911 4
22912 6
22913 5
22914 1
22915 2
22916 7
22917 7
22918 4
22919 5
22920 6
22921 1
22922 7
22923 4
22924 3
22925 0
22926 5
22927 3
22928 1
22929 7
22930 0
22931 2
22932 5
22933 5
22934 0
22935 2
22936 6
22937 5
22938 6
22939 2
22940 7
22941 4
22942 5
22943 8
22944 4
22945 4
22946 8
22947 4
22948 6
22949 1
22950 6
22951 4
22952 3
22953 6
22954 6
22955 7
22956 5
22957 5
22958 4
22959 7
22960 0
22961 6
22962 7
22963 0
22964 6
22965 4
22966 1
22967 4
22968 7
22969 7
22970 5
22971 0
22972 6
22973 3
22974 6
22975 5
22976 6
22977 7
22978 5
22979 5
22980 1
22981 0
22982 3
22983 0
22984 2
22985 1
22986 7
22987 6
22988 5
22989 7
22990 2
22991 6
22992 2
22993 6
22994 5
22995 5
22996 8
22997 2
22998 4
22999 3
23000 5
23001 5
23002 7
23003 4
23004 6
23005 3
23006 0
23007 4
23008 6
23009 3
23010 1
23011 6
23012 0
23013 2
23014 1
23015 5
23016 0
23017 0
23018 0
23019 7
23020 6
23021 6
23022 3
23023 4
23024 4
23025 7
23026 4
23027 3
23028 5
23029 5
23030 4
23031 3
23032 5
23033 6
23034 7
23035 6
23036 6
23037 2
23038 7
23039 8
23040 4
23041 3
23042 3
23043 5
23044 6
23045 4
23046 7
23047 3
23048 6
23049 0
23050 2
23051 6
23052 5
23053 5
23054 7
23055 5
23056 4
23057 6
23058 7
23059 6
23060 3
23061 5
23062 6
23063 1
23064 4
23065 5
23066 6
23067 5
23068 3
23069 5
23070 0
23071 1
23072 3
23073 3
23074 5
23075 3
23076 6
23077 6
23078 6
23079 3
23080 4
23081 5
23082 3
23083 1
23084 5
23085 5
23086 2
23087 7
23088 3
23089 6
23090 3
23091 8
23092 7
23093 7
23094 5
23095 6
23096 6
23097 5
23098 4
23099 7
23100 6
23101 6
23102 0
23103 3
23104 2
23105 2
23106 5
23107 7
23108 5
23109 4
23110 4
23111 5
23112 1
23113 4
23114 4
23115 5
23116 2
23117 3
23118 6
23119 7
23120 5
23121 3
23122 0
23123 7
23124 4
23125 3
23126 5
23127 1
23128 6
23129 3
23130 2
23131 4
23132 1
23133 3
23134 3
23135 2
23136 5
23137 1
23138 7
23139 5
23140 2
23141 5
23142 6
23143 0
23144 0
23145 5
23146 5
23147 5
23148 3
23149 5
23150 2
23151 3
23152 3
23153 5
23154 5
23155 3
23156 3
23157 3
23158 6
23159 6
23160 3
23161 0
23162 1
23163 6
23164 4
23165 6
23166 4
23167 6
23168 3
23169 5
23170 5
23171 4
23172 5
23173 6
23174 5
23175 7
23176 5
23177 8
23178 0
23179 3
23180 7
23181 5
23182 4
23183 4
23184 6
23185 3
23186 5
23187 4
23188 7
23189 8
23190 4
23191 3
23192 2
23193 1
23194 7
23195 6
23196 3
23197 2
23198 0
23199 3
23200 7
23201 2
23202 1
23203 3
23204 5
23205 3
23206 6
23207 7
23208 4
23209 2
23210 7
23211 1
23212 7
23213 6
23214 2
23215 4
23216 7
23217 6
23218 6
23219 1
23220 0
23221 3
23222 1
23223 5
23224 7
23225 7
23226 2
23227 1
23228 5
23229 2
23230 2
23231 0
23232 3
23233 0
23234 2
23235 0
23236 0
23237 6
23238 2
23239 4
23240 7
23241 6
23242 2
23243 3
23244 6
23245 0
23246 5
23247 6
23248 5
23249 5
23250 4
23251 2
23252 5
23253 3
23254 5
23255 7
23256 2
23257 5
23258 5
23259 7
23260 6
23261 7
23262 4
23263 0
23264 2
23265 6
23266 4
23267 6
23268 5
23269 6
23270 4
23271 0
23272 6
23273 3
23274 4
23275 1
23276 7
23277 5
23278 5
23279 3
23280 4
23281 5
23282 3
23283 6
23284 4
23285 1
23286 5
23287 4
23288 7
23289 2
23290 8
23291 4
23292 4
23293 5
23294 4
23295 4
23296 2
23297 4
23298 4
23299 1
23300 1
23301 3
23302 1
23303 2
23304 2
23305 5
23306 4
23307 7
23308 7
23309 4
23310 5
23311 4
23312 6
23313 6
23314 3
23315 4
23316 7
23317 4
23318 2
23319 2
23320 4
23321 7
23322 2
23323 4
23324 5
23325 1
23326 3
23327 6
23328 8
23329 5
23330 0
23331 2
23332 2
23333 2
23334 6
23335 6
23336 6
23337 4
23338 2
23339 3
23340 0
23341 3
23342 7
23343 0
23344 3
23345 4
23346 3
23347 1
23348 7
23349 0
23350 4
23351 7
23352 3
23353 5
23354 5
23355 3
23356 1
23357 6
23358 0
23359 6
23360 4
23361 1
23362 6
23363 3
23364 7
23365 2
23366 5
23367 7
23368 6
23369 2
23370 6
23371 0
23372 4
23373 4
23374 3
23375 5
23376 4
23377 4
23378 5
23379 6
23380 4
23381 7
23382 3
23383 3
23384 4
23385 6
23386 7
23387 0
23388 4
23389 6
23390 5
23391 4
23392 6
23393 3
23394 6
23395 4
23396 6
23397 5
23398 4
23399 5
23400 6
23401 1
23402 5
23403 5
23404 0
23405 6
23406 1
23407 3
23408 4
23409 6
23410 3
23411 6
23412 4
23413 6
23414 3
23415 7
23416 5
23417 3
23418 5
23419 7
23420 7
23421 3
23422 6
23423 6
23424 4
23425 6
23426 7
23427 1
23428 7
23429 4
23430 5
23431 7
23432 0
23433 4
23434 2
23435 3
23436 3
23437 6
23438 6
23439 4
23440 1
23441 5
23442 5
23443 3
23444 4
23445 3
23446 7
23447 7
23448 5
23449 6
23450 7
23451 5
23452 7
23453 5
23454 3
23455 3
23456 7
23457 8
23458 1
23459 5
23460 7
23461 7
23462 9
23463 5
23464 4
23465 8
23466 6
23467 2
23468 6
23469 5
23470 6
23471 6
23472 0
23473 4
23474 6
23475 5
23476 4
23477 0
23478 6
23479 5
23480 4
23481 5
23482 0
23483 7
23484 6
23485 1
23486 0
23487 1
23488 5
23489 4
23490 7
23491 2
23492 1
23493 6
23494 8
23495 8
23496 6
23497 2
23498 6
23499 7
23500 6
23501 6
23502 6
23503 4
23504 4
23505 3
23506 8
23507 2
23508 2
23509 0
23510 5
23511 1
23512 7
23513 7
23514 5
23515 2
23516 2
23517 2
23518 4
23519 5
23520 6
23521 0
23522 2
23523 7
23524 0
23525 5
23526 8
23527 0
23528 0
23529 2
23530 7
23531 8
23532 0
23533 2
23534 6
23535 3
23536 5
23537 5
23538 5
23539 3
23540 0
23541 2
23542 5
23543 7
23544 5
23545 5
23546 0
23547 6
23548 0
23549 3
23550 6
23551 2
23552 2
23553 5
23554 8
23555 6
23556 3
23557 0
23558 5
23559 0
23560 4
23561 7
23562 7
23563 3
23564 4
23565 7
23566 6
23567 3
23568 7
23569 7
23570 1
23571 5
23572 3
23573 3
23574 4
23575 1
23576 3
23577 5
23578 8
23579 2
23580 4
23581 5
23582 4
23583 0
23584 7
23585 1
23586 1
23587 0
23588 1
23589 7
23590 6
23591 1
23592 7
23593 3
23594 7
23595 3
23596 8
23597 5
23598 6
23599 4
23600 0
23601 6
23602 4
23603 0
23604 5
23605 8
23606 6
23607 3
23608 6
23609 4
23610 6
23611 6
23612 5
23613 8
23614 3
23615 5
23616 6
23617 7
23618 4
23619 0
23620 6
23621 5
23622 1
23623 6
23624 4
23625 7
23626 6
23627 1
23628 2
23629 7
23630 6
23631 3
23632 0
23633 5
23634 5
23635 3
23636 0
23637 5
23638 0
23639 1
23640 1
23641 6
23642 8
23643 6
23644 0
23645 7
23646 5
23647 7
23648 1
23649 8
23650 7
23651 5
23652 7
23653 3
23654 4
23655 4
23656 2
23657 6
23658 4
23659 2
23660 7
23661 5
23662 1
23663 7
23664 7
23665 5
23666 5
23667 7
23668 7
23669 2
23670 5
23671 3
23672 4
23673 6
23674 5
23675 6
23676 6
23677 5
23678 2
23679 1
23680 0
23681 4
23682 6
23683 4
23684 5
23685 6
23686 7
23687 0
23688 7
23689 6
23690 2
23691 2
23692 2
23693 4
23694 5
23695 5
23696 5
23697 5
23698 7
23699 3
23700 2
23701 4
23702 3
23703 2
23704 1
23705 4
23706 0
23707 5
23708 6
23709 6
23710 5
23711 3
23712 4
23713 4
23714 2
23715 5
23716 3
23717 0
23718 7
23719 4
23720 8
23721 5
23722 6
23723 2
23724 5
23725 4
23726 3
23727 6
23728 3
23729 0
23730 1
23731 5
23732 4
23733 2
23734 0
23735 6
23736 7
23737 3
23738 4
23739 4
23740 8
23741 6
23742 4
23743 3
23744 2
23745 8
23746 4
23747 2
23748 4
23749 2
23750 2
23751 2
23752 6
23753 6
23754 6
23755 2
23756 8
23757 5
23758 2
23759 7
23760 2
23761 7
23762 5
23763 8
23764 0
23765 0
23766 6
23767 5
23768 5
23769 3
23770 0
23771 3
23772 7
23773 3
23774 5
23775 4
23776 2
23777 2
23778 6
23779 3
23780 5
23781 1
23782 3
23783 4
23784 7
23785 4
23786 0
23787 1
23788 4
23789 2
23790 5
23791 7
23792 4
23793 4
23794 4
23795 7
23796 3
23797 0
23798 7
23799 6
23800 1
23801 7
23802 4
23803 5
23804 7
23805 8
23806 1
23807 5
23808 6
23809 3
23810 4
23811 5
23812 4
23813 6
23814 1
23815 7
23816 6
23817 5
23818 0
23819 4
23820 2
23821 4
23822 4
23823 4
23824 3
23825 3
23826 2
23827 5
23828 0
23829 3
23830 6
23831 5
23832 5
23833 5
23834 2
23835 0
23836 1
23837 6
23838 1
23839 4
23840 7
23841 1
23842 5
23843 6
23844 6
23845 6
23846 1
23847 0
23848 6
23849 3
23850 6
23851 3
23852 7
23853 1
23854 4
23855 4
23856 6
23857 5
23858 1
23859 3
23860 5
23861 0
23862 4
23863 7
23864 0
23865 2
23866 6
23867 6
23868 2
23869 7
23870 7
23871 4
23872 7
23873 6
23874 6
23875 0
23876 1
23877 5
23878 3
23879 7
23880 5
23881 8
23882 6
23883 5
23884 6
23885 7
23886 4
23887 3
23888 3
23889 7
23890 6
23891 1
23892 5
23893 2
23894 5
23895 3
23896 2
23897 7
23898 7
23899 5
23900 6
23901 6
23902 6
23903 3
23904 3
23905 2
23906 0
23907 3
23908 1
23909 0
23910 7
23911 7
23912 7
23913 7
23914 3
23915 3
23916 6
23917 7
23918 1
23919 6
23920 3
23921 4
23922 0
23923 2
23924 6
23925 3
23926 3
23927 7
23928 6
23929 5
23930 3
23931 3
23932 7
23933 6
23934 4
23935 7
23936 7
23937 3
23938 8
23939 3
23940 5
23941 3
23942 6
23943 5
23944 6
23945 6
23946 1
23947 6
23948 4
23949 2
23950 3
23951 7
23952 6
23953 6
23954 4
23955 6
23956 4
23957 4
23958 2
23959 3
23960 3
23961 1
23962 8
23963 8
23964 4
23965 6
23966 6
23967 0
23968 1
23969 5
23970 6
23971 3
23972 4
23973 7
23974 0
23975 6
23976 5
23977 3
23978 7
23979 7
23980 0
23981 6
23982 2
23983 1
23984 0
23985 1
23986 5
23987 1
23988 3
23989 6
23990 6
23991 7
23992 7
23993 1
23994 8
23995 2
23996 2
23997 3
23998 6
23999 8
24000 6
24001 6
24002 6
24003 2
24004 0
24005 3
24006 7
24007 3
24008 5
24009 6
24010 3
24011 4
24012 6
24013 4
24014 4
24015 6
24016 7
24017 4
24018 3
24019 7
24020 7
24021 6
24022 6
24023 5
24024 6
24025 5
24026 0
24027 0
24028 6
24029 0
24030 4
24031 3
24032 1
24033 1
24034 0
24035 7
24036 2
24037 3
24038 7
24039 1
24040 6
24041 6
24042 5
24043 7
24044 2
24045 7
24046 4
24047 1
24048 1
24049 3
24050 7
24051 6
24052 1
24053 3
24054 3
24055 1
24056 7
24057 6
24058 3
24059 4
24060 6
24061 7
24062 4
24063 5
24064 5
24065 3
24066 5
24067 5
24068 2
24069 3
24070 2
24071 7
24072 1
24073 6
24074 5
24075 5
24076 5
24077 0
24078 5
24079 4
24080 5
24081 7
24082 7
24083 4
24084 7
24085 5
24086 7
24087 7
24088 0
24089 1
24090 7
24091 6
24092 7
24093 1
24094 5
24095 5
24096 5
24097 7
24098 5
24099 0
24100 7
24101 6
24102 7
24103 5
24104 6
24105 1
24106 6
24107 1
24108 5
24109 1
24110 5
24111 3
24112 0
24113 4
24114 3
24115 6
24116 2
24117 7
24118 3
24119 6
24120 0
24121 2
24122 4
24123 7
24124 0
24125 3
24126 8
24127 7
24128 4
24129 7
24130 8
24131 7
24132 7
24133 3
24134 6
24135 5
24136 7
24137 5
24138 4
24139 8
24140 6
24141 4
24142 7
24143 5
24144 1
24145 8
24146 0
24147 6
24148 2
24149 4
24150 3
24151 5
24152 6
24153 2
24154 6
24155 6
24156 7
24157 3
24158 6
24159 6
24160 5
24161 4
24162 2
24163 1
24164 1
24165 0
24166 0
24167 6
24168 6
24169 6
24170 5
24171 3
24172 6
24173 4
24174 4
24175 3
24176 2
24177 7
24178 9
24179 6
24180 8
24181 3
24182 5
24183 4
24184 5
24185 1
24186 5
24187 3
24188 4
24189 6
24190 0
24191 2
24192 6
24193 7
24194 6
24195 6
24196 4
24197 8
24198 1
24199 7
24200 6
24201 1
24202 5
24203 0
24204 1
24205 5
24206 6
24207 1
24208 1
24209 6
24210 3
24211 5
24212 6
24213 2
24214 1
24215 6
24216 5
24217 5
24218 1
24219 4
24220 0
24221 0
24222 2
24223 4
24224 6
24225 2
24226 4
24227 2
24228 6
24229 1
24230 3
24231 7
24232 7
24233 6
24234 6
24235 7
24236 8
24237 6
24238 5
24239 6
24240 5
24241 4
24242 7
24243 1
24244 7
24245 0
24246 5
24247 6
24248 7
24249 3
24250 7
24251 5
24252 4
24253 5
24254 3
24255 4
24256 2
24257 3
24258 3
24259 3
24260 7
24261 5
24262 5
24263 4
24264 7
24265 4
24266 7
24267 4
24268 5
24269 2
24270 6
24271 2
24272 7
24273 5
24274 5
24275 4
24276 6
24277 1
24278 6
24279 6
24280 3
24281 0
24282 4
24283 3
24284 8
24285 6
24286 3
24287 5
24288 4
24289 5
24290 8
24291 5
24292 2
24293 6
24294 7
24295 3
24296 6
24297 8
24298 1
24299 6
24300 4
24301 7
24302 0
24303 7
24304 6
24305 5
24306 5
24307 8
24308 8
24309 4
24310 0
24311 7
24312 5
24313 5
24314 5
24315 1
24316 6
24317 5
24318 7
24319 4
24320 5
24321 4
24322 8
24323 6
24324 4
24325 1
24326 2
24327 5
24328 6
24329 6
24330 4
24331 5
24332 4
24333 5
24334 7
24335 1
24336 5
24337 3
24338 6
24339 4
24340 7
24341 5
24342 7
24343 7
24344 4
24345 4
24346 0
24347 2
24348 4
24349 5
24350 6
24351 5
24352 2
24353 1
24354 7
24355 4
24356 0
24357 7
24358 2
24359 2
24360 3
24361 5
24362 7
24363 0
24364 5
24365 2
24366 5
24367 7
24368 6
24369 6
24370 3
24371 6
24372 7
24373 6
24374 1
24375 7
24376 0
24377 4
24378 6
24379 4
24380 4
24381 7
24382 5
24383 0
24384 0
24385 4
24386 3
24387 0
24388 0
24389 1
24390 3
24391 1
24392 4
24393 1
24394 4
24395 3
24396 3
24397 2
24398 7
24399 7
24400 4
24401 2
24402 6
24403 5
24404 5
24405 6
24406 8
24407 7
24408 4
24409 7
24410 3
24411 8
24412 4
24413 5
24414 6
24415 5
24416 4
24417 4
24418 4
24419 1
24420 2
24421 7
24422 0
24423 8
24424 5
24425 5
24426 2
24427 7
24428 2
24429 5
24430 0
24431 6
24432 3
24433 7
24434 4
24435 8
24436 2
24437 4
24438 7
24439 4
24440 7
24441 7
24442 6
24443 6
24444 2
24445 6
24446 5
24447 3
24448 0
24449 6
24450 3
24451 3
24452 2
24453 5
24454 7
24455 6
24456 6
24457 8
24458 5
24459 6
24460 4
24461 0
24462 6
24463 5
24464 6
24465 1
24466 7
24467 7
24468 5
24469 3
24470 6
24471 0
24472 7
24473 3
24474 8
24475 5
24476 3
24477 5
24478 7
24479 5
24480 6
24481 8
24482 4
24483 7
24484 3
24485 4
24486 5
24487 3
24488 1
24489 0
24490 2
24491 8
24492 4
24493 5
24494 6
24495 8
24496 4
24497 8
24498 1
24499 6
24500 1
24501 7
24502 2
24503 3
24504 1
24505 0
24506 3
24507 8
24508 4
24509 4
24510 0
24511 7
24512 6
24513 8
24514 0
24515 1
24516 0
24517 7
24518 2
24519 5
24520 3
24521 5
24522 4
24523 2
24524 6
24525 3
24526 5
24527 4
24528 6
24529 5
24530 5
24531 6
24532 5
24533 6
24534 1
24535 4
24536 5
24537 5
24538 6
24539 7
24540 5
24541 7
24542 6
24543 6
24544 4
24545 4
24546 6
24547 2
24548 7
24549 6
24550 4
24551 7
24552 3
24553 5
24554 2
24555 6
24556 7
24557 1
24558 6
24559 7
24560 7
24561 5
24562 5
24563 0
24564 6
24565 6
24566 4
24567 4
24568 1
24569 2
24570 1
24571 6
24572 7
24573 6
24574 2
24575 6
24576 2
24577 5
24578 7
24579 7
24580 8
24581 6
24582 3
24583 7
24584 3
24585 3
24586 7
24587 4
24588 4
24589 4
24590 4
24591 2
24592 4
24593 0
24594 8
24595 3
24596 5
24597 3
24598 7
24599 3
24600 5
24601 5
24602 4
24603 7
24604 4
24605 4
24606 5
24607 5
24608 2
24609 0
24610 1
24611 7
24612 4
24613 4
24614 3
24615 4
24616 0
24617 7
24618 8
24619 8
24620 5
24621 0
24622 4
24623 5
24624 2
24625 1
24626 2
24627 7
24628 0
24629 6
24630 7
24631 3
24632 2
24633 5
24634 3
24635 5
24636 3
24637 0
24638 3
24639 3
24640 2
24641 2
24642 1
24643 3
24644 2
24645 6
24646 7
24647 6
24648 0
24649 2
24650 5
24651 6
24652 5
24653 1
24654 4
24655 4
24656 6
24657 5
24658 2
24659 6
24660 8
24661 7
24662 1
24663 6
24664 6
24665 6
24666 6
24667 1
24668 2
24669 8
24670 6
24671 6
24672 4
24673 7
24674 2
24675 5
24676 7
24677 6
24678 7
24679 1
24680 2
24681 6
24682 4
24683 5
24684 6
24685 5
24686 6
24687 1
24688 6
24689 6
24690 6
24691 6
24692 8
24693 2
24694 1
24695 2
24696 6
24697 5
24698 7
24699 5
24700 3
24701 1
24702 3
24703 3
24704 7
24705 7
24706 4
24707 4
24708 0
24709 1
24710 8
24711 5
24712 0
24713 4
24714 1
24715 3
24716 3
24717 0
24718 6
24719 5
24720 3
24721 3
24722 4
24723 1
24724 7
24725 3
24726 3
24727 3
24728 3
24729 4
24730 3
24731 4
24732 4
24733 3
24734 5
24735 5
24736 8
24737 6
24738 7
24739 1
24740 7
24741 2
24742 4
24743 5
24744 0
24745 4
24746 1
24747 7
24748 0
24749 0
24750 0
24751 8
24752 2
24753 6
24754 0
24755 6
24756 7
24757 5
24758 7
24759 6
24760 8
24761 7
24762 6
24763 6
24764 4
24765 3
24766 0
24767 5
24768 4
24769 4
24770 0
24771 7
24772 6
24773 6
24774 7
24775 4
24776 0
24777 3
24778 7
24779 7
24780 4
24781 6
24782 4
24783 9
24784 1
24785 7
24786 0
24787 6
24788 4
24789 2
24790 1
24791 6
24792 5
24793 1
24794 1
24795 5
24796 6
24797 7
24798 6
24799 6
24800 2
24801 8
24802 6
24803 2
24804 4
24805 5
24806 2
24807 4
24808 1
24809 1
24810 3
24811 7
24812 5
24813 4
24814 0
24815 0
24816 4
24817 2
24818 5
24819 4
24820 4
24821 7
24822 5
24823 5
24824 4
24825 7
24826 7
24827 6
24828 2
24829 5
24830 4
24831 4
24832 6
24833 2
24834 7
24835 5
24836 5
24837 5
24838 0
24839 4
24840 0
24841 2
24842 4
24843 3
24844 5
24845 0
24846 6
24847 1
24848 4
24849 7
24850 4
24851 7
24852 4
24853 2
24854 3
24855 3
24856 4
24857 7
24858 3
24859 6
24860 5
24861 3
24862 7
24863 5
24864 8
24865 5
24866 1
24867 3
24868 1
24869 5
24870 5
24871 5
24872 5
24873 5
24874 5
24875 6
24876 3
24877 5
24878 1
24879 3
24880 0
24881 0
24882 4
24883 2
24884 7
24885 4
24886 6
24887 3
24888 4
24889 6
24890 3
24891 0
24892 2
24893 5
24894 7
24895 6
24896 4
24897 3
24898 5
24899 6
24900 7
24901 5
24902 3
24903 2
24904 5
24905 8
24906 5
24907 4
24908 4
24909 5
24910 7
24911 1
24912 7
24913 7
24914 4
24915 0
24916 4
24917 0
24918 6
24919 7
24920 7
24921 4
24922 7
24923 6
24924 5
24925 5
24926 6
24927 6
24928 2
24929 3
24930 5
24931 0
24932 1
24933 4
24934 5
24935 3
24936 5
24937 8
24938 6
24939 3
24940 1
24941 5
24942 8
24943 7
24944 0
24945 7
24946 4
24947 7
24948 3
24949 0
24950 0
24951 1
24952 3
24953 4
24954 7
24955 5
24956 5
24957 0
24958 5
24959 3
24960 4
24961 8
24962 8
24963 5
24964 2
24965 2
24966 5
24967 5
24968 4
24969 1
24970 5
24971 2
24972 5
24973 6
24974 7
24975 6
24976 6
24977 3
24978 4
24979 5
24980 1
24981 4
24982 0
24983 2
24984 3
24985 3
24986 0
24987 5
24988 6
24989 7
24990 5
24991 7
24992 4
24993 5
24994 6
24995 2
24996 2
24997 0
24998 4
24999 6
25000 5
25001 5
25002 6
25003 6
25004 6
25005 7
25006 2
25007 7
25008 6
25009 3
25010 6
25011 8
25012 3
25013 3
25014 5
25015 4
25016 5
25017 4
25018 6
25019 0
25020 3
25021 7
25022 1
25023 3
25024 7
25025 4
25026 3
25027 2
25028 4
25029 5
25030 2
25031 7
25032 2
25033 2
25034 2
25035 8
25036 5
25037 5
25038 3
25039 6
25040 6
25041 7
25042 6
25043 7
25044 8
25045 6
25046 5
25047 5
25048 4
25049 0
25050 0
25051 1
25052 3
25053 8
25054 5
25055 1
25056 3
25057 7
25058 7
25059 3
25060 5
25061 3
25062 1
25063 7
25064 2
25065 7
25066 4
25067 1
25068 2
25069 3
25070 3
25071 5
25072 3
25073 4
25074 8
25075 4
25076 0
25077 7
25078 6
25079 5
25080 5
25081 4
25082 4
25083 3
25084 5
25085 5
25086 1
25087 7
25088 1
25089 4
25090 4
25091 4
25092 1
25093 1
25094 8
25095 5
25096 0
25097 5
25098 5
25099 6
25100 1
25101 5
25102 7
25103 6
25104 8
25105 7
25106 6
25107 4
25108 4
25109 3
25110 7
25111 6
25112 0
25113 1
25114 4
25115 6
25116 3
25117 3
25118 5
25119 1
25120 6
25121 6
25122 0
25123 7
25124 1
25125 5
25126 6
25127 3
25128 7
25129 7
25130 5
25131 5
25132 2
25133 4
25134 1
25135 6
25136 5
25137 7
25138 6
25139 5
25140 1
25141 1
25142 8
25143 0
25144 4
25145 6
25146 2
25147 6
25148 6
25149 3
25150 8
25151 6
25152 7
25153 5
25154 5
25155 7
25156 2
25157 6
25158 3
25159 3
25160 8
25161 7
25162 5
25163 0
25164 0
25165 6
25166 2
25167 2
25168 5
25169 6
25170 5
25171 6
25172 7
25173 7
25174 3
25175 4
25176 6
25177 1
25178 4
25179 5
25180 0
25181 2
25182 7
25183 2
25184 5
25185 2
25186 7
25187 6
25188 3
25189 6
25190 7
25191 7
25192 1
25193 7
25194 4
25195 6
25196 7
25197 2
25198 7
25199 1
25200 1
25201 2
25202 0
25203 6
25204 4
25205 6
25206 3
25207 0
25208 1
25209 2
25210 2
25211 5
25212 5
25213 6
25214 3
25215 5
25216 4
25217 5
25218 5
25219 4
25220 3
25221 4
25222 0
25223 7
25224 2
25225 6
25226 5
25227 8
25228 5
25229 3
25230 3
25231 4
25232 7
25233 4
25234 4
25235 7
25236 1
25237 7
25238 2
25239 4
25240 7
25241 8
25242 5
25243 8
25244 2
25245 5
25246 1
25247 2
25248 5
25249 0
25250 5
25251 3
25252 7
25253 7
25254 7
25255 6
25256 5
25257 2
25258 1
25259 5
25260 0
25261 3
25262 3
25263 5
25264 6
25265 5
25266 2
25267 4
25268 0
25269 6
25270 6
25271 5
25272 5
25273 3
25274 6
25275 5
25276 3
25277 4
25278 5
25279 3
25280 7
25281 7
25282 4
25283 7
25284 7
25285 2
25286 4
25287 4
25288 0
25289 4
25290 2
25291 5
25292 2
25293 1
25294 4
25295 1
25296 7
25297 5
25298 1
25299 4
25300 7
25301 2
25302 5
25303 4
25304 3
25305 7
25306 2
25307 3
25308 8
25309 0
25310 6
25311 3
25312 7
25313 1
25314 6
25315 5
25316 1
25317 6
25318 0
25319 7
25320 2
25321 4
25322 3
25323 7
25324 4
25325 4
25326 0
25327 1
25328 4
25329 5
25330 0
25331 4
25332 4
25333 8
25334 7
25335 5
25336 8
25337 6
25338 4
25339 3
25340 3
25341 1
25342 7
25343 7
25344 7
25345 4
25346 5
25347 1
25348 0
25349 7
25350 6
25351 2
25352 8
25353 6
25354 6
25355 4
25356 1
25357 6
25358 2
25359 2
25360 2
25361 2
25362 5
25363 5
25364 6
25365 1
25366 4
25367 6
25368 3
25369 3
25370 7
25371 1
25372 2
25373 2
25374 4
25375 2
25376 5
25377 4
25378 6
25379 8
25380 7
25381 6
25382 7
25383 7
25384 8
25385 5
25386 4
25387 8
25388 5
25389 0
25390 0
25391 4
25392 4
25393 0
25394 4
25395 4
25396 4
25397 8
25398 0
25399 5
25400 2
25401 0
25402 6
25403 6
25404 5
25405 7
25406 0
25407 1
25408 6
25409 3
25410 5
25411 4
25412 7
25413 1
25414 1
25415 6
25416 5
25417 4
25418 8
25419 4
25420 3
25421 4
25422 4
25423 7
25424 3
25425 2
25426 6
25427 2
25428 6
25429 0
25430 1
25431 5
25432 4
25433 7
25434 1
25435 3
25436 0
25437 7
25438 8
25439 0
25440 3
25441 7
25442 5
25443 2
25444 8
25445 8
25446 4
25447 4
25448 6
25449 6
25450 8
25451 4
25452 4
25453 6
25454 4
25455 6
25456 6
25457 4
25458 4
25459 7
25460 1
25461 6
25462 2
25463 6
25464 4
25465 3
25466 5
25467 3
25468 5
25469 7
25470 7
25471 6
25472 4
25473 3
25474 8
25475 5
25476 6
25477 7
25478 1
25479 3
25480 6
25481 8
25482 7
25483 2
25484 5
25485 3
25486 6
25487 4
25488 3
25489 1
25490 4
25491 3
25492 6
25493 6
25494 1
25495 7
25496 2
25497 5
25498 2
25499 0
25500 2
25501 3
25502 7
25503 4
25504 3
25505 1
25506 0
25507 6
25508 5
25509 3
25510 1
25511 3
25512 8
25513 7
25514 4
25515 3
25516 7
25517 7
25518 8
25519 0
25520 7
25521 6
25522 7
25523 0
25524 6
25525 4
25526 2
25527 3
25528 4
25529 6
25530 6
25531 4
25532 2
25533 6
25534 1
25535 7
25536 2
25537 7
25538 6
25539 4
25540 2
25541 6
25542 8
25543 2
25544 4
25545 3
25546 4
25547 4
25548 6
25549 3
25550 7
25551 7
25552 0
25553 6
25554 3
25555 5
25556 5
25557 2
25558 2
25559 7
25560 8
25561 1
25562 4
25563 6
25564 3
25565 7
25566 5
25567 6
25568 4
25569 3
25570 1
25571 5
25572 1
25573 1
25574 1
25575 3
25576 7
25577 3
25578 2
25579 5
25580 6
25581 5
25582 5
25583 7
25584 5
25585 2
25586 6
25587 7
25588 3
25589 6
25590 6
25591 1
25592 7
25593 2
25594 7
25595 3
25596 8
25597 5
25598 5
25599 3
25600 7
25601 7
25602 6
25603 5
25604 5
25605 4
25606 1
25607 6
25608 6
25609 1
25610 0
25611 6
25612 6
25613 6
25614 5
25615 6
25616 8
25617 4
25618 0
25619 7
25620 5
25621 8
25622 4
25623 8
25624 7
25625 3
25626 6
25627 7
25628 6
25629 7
25630 1
25631 0
25632 7
25633 8
25634 6
25635 0
25636 5
25637 8
25638 0
25639 6
25640 3
25641 3
25642 0
25643 7
25644 6
25645 7
25646 3
25647 5
25648 0
25649 5
25650 1
25651 2
25652 5
25653 6
25654 5
25655 8
25656 2
25657 5
25658 2
25659 4
25660 0
25661 5
25662 2
25663 2
25664 6
25665 7
25666 5
25667 0
25668 3
25669 2
25670 4
25671 0
25672 4
25673 2
25674 7
25675 3
25676 7
25677 8
25678 6
25679 7
25680 0
25681 4
25682 2
25683 8
25684 2
25685 3
25686 3
25687 7
25688 7
25689 2
25690 3
25691 4
25692 1
25693 6
25694 8
25695 6
25696 7
25697 4
25698 8
25699 4
25700 4
25701 6
25702 5
25703 7
25704 2
25705 4
25706 3
25707 6
25708 2
25709 6
25710 8
25711 7
25712 5
25713 8
25714 1
25715 6
25716 4
25717 6
25718 8
25719 5
25720 4
25721 2
25722 4
25723 6
25724 5
25725 0
25726 7
25727 1
25728 5
25729 1
25730 1
25731 6
25732 7
25733 4
25734 5
25735 8
25736 6
25737 4
25738 6
25739 7
25740 2
25741 6
25742 3
25743 0
25744 3
25745 4
25746 2
25747 6
25748 4
25749 4
25750 1
25751 5
25752 2
25753 8
25754 6
25755 3
25756 8
25757 7
25758 3
25759 2
25760 7
25761 5
25762 8
25763 1
25764 5
25765 7
25766 8
25767 7
25768 4
25769 2
25770 6
25771 5
25772 4
25773 6
25774 7
25775 5
25776 1
25777 1
25778 6
25779 7
25780 2
25781 5
25782 4
25783 2
25784 8
25785 2
25786 7
25787 1
25788 1
25789 6
25790 7
25791 6
25792 1
25793 7
25794 7
25795 3
25796 3
25797 3
25798 3
25799 5
25800 5
25801 6
25802 3
25803 4
25804 4
25805 8
25806 6
25807 6
25808 5
25809 4
25810 2
25811 3
25812 2
25813 8
25814 7
25815 5
25816 0
25817 2
25818 4
25819 7
25820 2
25821 6
25822 0
25823 7
25824 3
25825 5
25826 7
25827 3
25828 5
25829 7
25830 7
25831 2
25832 5
25833 7
25834 4
25835 6
25836 5
25837 2
25838 4
25839 2
25840 3
25841 7
25842 6
25843 2
25844 2
25845 3
25846 5
25847 5
25848 5
25849 1
25850 0
25851 6
25852 7
25853 5
25854 6
25855 1
25856 7
25857 7
25858 4
25859 5
25860 7
25861 5
25862 6
25863 0
25864 7
25865 8
25866 8
25867 6
25868 7
25869 0
25870 0
25871 5
25872 0
25873 8
25874 7
25875 7
25876 0
25877 5
25878 5
25879 6
25880 7
25881 3
25882 6
25883 0
25884 5
25885 6
25886 5
25887 7
25888 5
25889 7
25890 8
25891 4
25892 7
25893 6
25894 7
25895 4
25896 5
25897 8
25898 5
25899 9
25900 5
25901 8
25902 6
25903 7
25904 5
25905 7
25906 8
25907 3
25908 5
25909 3
25910 0
25911 2
25912 7
25913 2
25914 3
25915 1
25916 1
25917 8
25918 7
25919 7
25920 7
25921 8
25922 6
25923 8
25924 5
25925 4
25926 8
25927 0
25928 3
25929 6
25930 2
25931 8
25932 7
25933 1
25934 7
25935 5
25936 7
25937 6
25938 7
25939 4
25940 7
25941 7
25942 8
25943 7
25944 6
25945 3
25946 6
25947 1
25948 4
25949 7
25950 4
25951 4
25952 5
25953 0
25954 4
25955 4
25956 3
25957 2
25958 6
25959 5
25960 5
25961 1
25962 5
25963 5
25964 2
25965 1
25966 2
25967 6
25968 0
25969 2
25970 4
25971 2
25972 8
25973 5
25974 6
25975 6
25976 1
25977 4
25978 7
25979 0
25980 5
25981 6
25982 5
25983 5
25984 7
25985 6
25986 2
25987 7
25988 1
25989 0
25990 6
25991 4
25992 7
25993 4
25994 4
25995 4
25996 6
25997 2
25998 0
25999 4
26000 5
26001 8
26002 4
26003 0
26004 0
26005 6
26006 1
26007 4
26008 3
26009 9
26010 3
26011 6
26012 1
26013 5
26014 8
26015 6
26016 7
26017 3
26018 7
26019 7
26020 6
26021 6
26022 2
26023 8
26024 8
26025 5
26026 1
26027 9
26028 4
26029 5
26030 7
26031 1
26032 0
26033 2
26034 4
26035 5
26036 7
26037 8
26038 7
26039 8
26040 3
26041 7
26042 0
26043 7
26044 3
26045 5
26046 4
26047 8
26048 6
26049 1
26050 6
26051 0
26052 5
26053 6
26054 0
26055 3
26056 6
26057 7
26058 7
26059 1
26060 1
26061 8
26062 8
26063 5
26064 4
26065 1
26066 2
26067 7
26068 7
26069 6
26070 8
26071 5
26072 0
26073 3
26074 1
26075 7
26076 4
26077 3
26078 7
26079 6
26080 6
26081 4
26082 5
26083 3
26084 2
26085 3
26086 7
26087 3
26088 6
26089 2
26090 3
26091 7
26092 1
26093 7
26094 5
26095 8
26096 3
26097 5
26098 5
26099 8
26100 4
26101 4
26102 2
26103 5
26104 4
26105 3
26106 5
26107 5
26108 5
26109 3
26110 1
26111 2
26112 5
26113 2
26114 4
26115 6
26116 7
26117 1
26118 4
26119 0
26120 4
26121 6
26122 8
26123 0
26124 7
26125 7
26126 5
26127 5
26128 8
26129 6
26130 1
26131 7
26132 6
26133 8
26134 6
26135 2
26136 3
26137 7
26138 7
26139 4
26140 7
26141 4
26142 8
26143 4
26144 4
26145 6
26146 8
26147 7
26148 2
26149 7
26150 8
26151 7
26152 2
26153 5
26154 1
26155 6
26156 6
26157 6
26158 2
26159 7
26160 2
26161 8
26162 3
26163 1
26164 1
26165 3
26166 1
26167 3
26168 8
26169 4
26170 7
26171 8
26172 1
26173 7
26174 6
26175 7
26176 0
26177 7
26178 1
26179 2
26180 2
26181 3
26182 8
26183 0
26184 6
26185 4
26186 4
26187 3
26188 5
26189 2
26190 3
26191 1
26192 8
26193 8
26194 0
26195 7
26196 3
26197 4
26198 1
26199 6
26200 7
26201 5
26202 2
26203 6
26204 8
26205 1
26206 0
26207 3
26208 6
26209 7
26210 2
26211 5
26212 0
26213 5
26214 0
26215 4
26216 2
26217 8
26218 6
26219 5
26220 8
26221 5
26222 2
26223 7
26224 6
26225 0
26226 1
26227 7
26228 5
26229 8
26230 5
26231 1
26232 6
26233 0
26234 8
26235 1
26236 8
26237 6
26238 5
26239 6
26240 0
26241 6
26242 2
26243 6
26244 4
26245 7
26246 6
26247 2
26248 2
26249 1
26250 2
26251 4
26252 9
26253 4
26254 8
26255 0
26256 7
26257 0
26258 3
26259 3
26260 7
26261 6
26262 5
26263 7
26264 3
26265 2
26266 1
26267 1
26268 7
26269 7
26270 3
26271 7
26272 3
26273 5
26274 6
26275 5
26276 7
26277 6
26278 5
26279 5
26280 8
26281 7
26282 6
26283 8
26284 5
26285 1
26286 7
26287 4
26288 7
26289 5
26290 3
26291 5
26292 7
26293 1
26294 6
26295 1
26296 2
26297 6
26298 4
26299 5
26300 7
26301 0
26302 2
26303 3
26304 5
26305 6
26306 1
26307 1
26308 8
26309 3
26310 7
26311 3
26312 7
26313 0
26314 4
26315 7
26316 7
26317 5
26318 5
26319 5
26320 5
26321 8
26322 2
26323 4
26324 5
26325 3
26326 8
26327 2
26328 8
26329 5
26330 1
26331 5
26332 7
26333 2
26334 3
26335 3
26336 8
26337 6
26338 5
26339 2
26340 7
26341 1
26342 5
26343 1
26344 1
26345 3
26346 6
26347 6
26348 4
26349 4
26350 5
26351 0
26352 1
26353 7
26354 4
26355 5
26356 7
26357 4
26358 2
26359 4
26360 2
26361 6
26362 5
26363 0
26364 7
26365 4
26366 7
26367 3
26368 7
26369 6
26370 2
26371 4
26372 7
26373 0
26374 7
26375 0
26376 7
26377 7
26378 7
26379 8
26380 1
26381 8
26382 6
26383 6
26384 7
26385 6
26386 2
26387 4
26388 0
26389 8
26390 4
26391 4
26392 4
26393 6
26394 1
26395 6
26396 0
26397 7
26398 3
26399 6
26400 2
26401 7
26402 2
26403 2
26404 4
26405 0
26406 5
26407 6
26408 0
26409 6
26410 2
26411 4
26412 6
26413 3
26414 3
26415 1
26416 7
26417 4
26418 7
26419 5
26420 4
26421 4
26422 7
26423 5
26424 3
26425 5
26426 6
26427 6
26428 6
26429 7
26430 6
26431 3
26432 5
26433 0
26434 2
26435 3
26436 7
26437 9
26438 7
26439 8
26440 3
26441 4
26442 6
26443 8
26444 3
26445 7
26446 6
26447 8
26448 4
26449 2
26450 8
26451 6
26452 5
26453 1
26454 3
26455 7
26456 3
26457 6
26458 0
26459 7
26460 8
26461 1
26462 4
26463 3
26464 4
26465 1
26466 3
26467 4
26468 4
26469 5
26470 5
26471 8
26472 4
26473 4
26474 6
26475 6
26476 7
26477 0
26478 9
26479 6
26480 7
26481 8
26482 4
26483 1
26484 1
26485 7
26486 0
26487 2
26488 8
26489 7
26490 2
26491 4
26492 6
26493 4
26494 7
26495 4
26496 2
26497 7
26498 5
26499 5
26500 6
26501 8
26502 2
26503 5
26504 3
26505 5
26506 5
26507 1
26508 8
26509 6
26510 1
26511 5
26512 1
26513 8
26514 1
26515 5
26516 7
26517 3
26518 6
26519 4
26520 7
26521 4
26522 5
26523 3
26524 2
26525 2
26526 6
26527 2
26528 6
26529 5
26530 1
26531 5
26532 7
26533 5
26534 4
26535 2
26536 3
26537 1
26538 3
26539 7
26540 0
26541 1
26542 2
26543 5
26544 5
26545 0
26546 4
26547 1
26548 6
26549 5
26550 2
26551 7
26552 6
26553 3
26554 5
26555 8
26556 5
26557 6
26558 5
26559 4
26560 7
26561 2
26562 2
26563 8
26564 4
26565 0
26566 1
26567 4
26568 6
26569 3
26570 5
26571 4
26572 0
26573 3
26574 6
26575 6
26576 0
26577 6
26578 3
26579 1
26580 3
26581 5
26582 7
26583 7
26584 5
26585 6
26586 8
26587 5
26588 2
26589 7
26590 5
26591 7
26592 2
26593 5
26594 2
26595 0
26596 1
26597 1
26598 7
26599 7
26600 8
26601 7
26602 4
26603 0
26604 1
26605 6
26606 6
26607 4
26608 7
26609 4
26610 6
26611 7
26612 3
26613 2
26614 8
26615 8
26616 6
26617 6
26618 7
26619 0
26620 6
26621 9
26622 7
26623 6
26624 4
26625 1
26626 3
26627 6
26628 8
26629 8
26630 6
26631 7
26632 7
26633 6
26634 8
26635 5
26636 4
26637 4
26638 4
26639 6
26640 7
26641 7
26642 4
26643 4
26644 7
26645 4
26646 8
26647 7
26648 5
26649 6
26650 7
26651 4
26652 4
26653 8
26654 8
26655 6
26656 6
26657 1
26658 1
26659 5
26660 2
26661 3
26662 5
26663 7
26664 1
26665 7
26666 6
26667 2
26668 4
26669 9
26670 0
26671 5
26672 6
26673 5
26674 7
26675 7
26676 4
26677 5
26678 1
26679 2
26680 3
26681 3
26682 6
26683 6
26684 5
26685 4
26686 5
26687 7
26688 3
26689 4
26690 1
26691 0
26692 7
26693 0
26694 0
26695 2
26696 7
26697 8
26698 9
26699 7
26700 0
26701 0
26702 8
26703 4
26704 7
26705 6
26706 5
26707 4
26708 3
26709 5
26710 6
26711 5
26712 4
26713 2
26714 1
26715 3
26716 5
26717 8
26718 7
26719 4
26720 6
26721 5
26722 7
26723 8
26724 4
26725 5
26726 2
26727 0
26728 3
26729 7
26730 5
26731 3
26732 5
26733 5
26734 8
26735 5
26736 5
26737 7
26738 8
26739 6
26740 7
26741 7
26742 4
26743 2
26744 0
26745 6
26746 7
26747 1
26748 3
26749 8
26750 6
26751 6
26752 7
26753 3
26754 6
26755 7
26756 6
26757 5
26758 6
26759 3
26760 2
26761 4
26762 6
26763 5
26764 7
26765 4
26766 5
26767 6
26768 1
26769 4
26770 8
26771 8
26772 0
26773 6
26774 4
26775 5
26776 4
26777 5
26778 1
26779 1
26780 3
26781 2
26782 0
26783 2
26784 0
26785 6
26786 0
26787 7
26788 7
26789 1
26790 5
26791 2
26792 5
26793 7
26794 7
26795 0
26796 6
26797 6
26798 7
26799 8
26800 5
26801 5
26802 5
26803 6
26804 6
26805 5
26806 7
26807 7
26808 3
26809 4
26810 5
26811 3
26812 3
26813 4
26814 5
26815 0
26816 9
26817 0
26818 7
26819 7
26820 5
26821 1
26822 4
26823 6
26824 5
26825 6
26826 4
26827 6
26828 5
26829 1
26830 7
26831 5
26832 1
26833 4
26834 6
26835 8
26836 4
26837 5
26838 4
26839 6
26840 3
26841 4
26842 5
26843 5
26844 3
26845 5
26846 7
26847 4
26848 4
26849 8
26850 1
26851 6
26852 5
26853 3
26854 0
26855 7
26856 2
26857 1
26858 7
26859 5
26860 0
26861 6
26862 4
26863 7
26864 4
26865 5
26866 5
26867 8
26868 9
26869 6
26870 4
26871 8
26872 4
26873 9
26874 5
26875 2
26876 7
26877 5
26878 6
26879 5
26880 4
26881 4
26882 5
26883 7
26884 7
26885 4
26886 5
26887 4
26888 6
26889 4
26890 3
26891 4
26892 3
26893 2
26894 4
26895 9
26896 6
26897 1
26898 2
26899 5
26900 9
26901 5
26902 2
26903 8
26904 6
26905 5
26906 5
26907 7
26908 6
26909 4
26910 5
26911 5
26912 1
26913 7
26914 1
26915 7
26916 0
26917 3
26918 5
26919 6
26920 7
26921 3
26922 4
26923 5
26924 2
26925 7
26926 8
26927 6
26928 8
26929 7
26930 4
26931 3
26932 5
26933 2
26934 2
26935 2
26936 5
26937 4
26938 6
26939 6
26940 6
26941 8
26942 3
26943 5
26944 3
26945 0
26946 6
26947 0
26948 5
26949 8
26950 6
26951 7
26952 1
26953 6
26954 6
26955 5
26956 7
26957 3
26958 4
26959 2
26960 6
26961 2
26962 6
26963 6
26964 2
26965 6
26966 1
26967 7
26968 6
26969 0
26970 5
26971 2
26972 5
26973 5
26974 5
26975 3
26976 7
26977 7
26978 2
26979 1
26980 7
26981 6
26982 8
26983 8
26984 7
26985 7
26986 5
26987 4
26988 2
26989 2
26990 2
26991 5
26992 5
26993 2
26994 7
26995 4
26996 5
26997 7
26998 2
26999 5
27000 5
27001 8
27002 4
27003 8
27004 6
27005 3
27006 7
27007 5
27008 5
27009 0
27010 4
27011 5
27012 6
27013 6
27014 2
27015 7
27016 1
27017 5
27018 6
27019 3
27020 5
27021 5
27022 5
27023 8
27024 6
27025 1
27026 6
27027 5
27028 4
27029 6
27030 7
27031 3
27032 8
27033 3
27034 5
27035 8
27036 7
27037 6
27038 5
27039 8
27040 3
27041 6
27042 7
27043 2
27044 7
27045 1
27046 2
27047 8
27048 8
27049 3
27050 9
27051 6
27052 2
27053 8
27054 1
27055 7
27056 2
27057 5
27058 4
27059 5
27060 7
27061 6
27062 3
27063 0
27064 5
27065 8
27066 1
27067 3
27068 6
27069 7
27070 8
27071 3
27072 0
27073 2
27074 5
27075 7
27076 5
27077 7
27078 7
27079 3
27080 7
27081 7
27082 8
27083 5
27084 2
27085 2
27086 0
27087 6
27088 3
27089 3
27090 8
27091 5
27092 8
27093 5
27094 7
27095 4
27096 7
27097 7
27098 5
27099 5
27100 6
27101 9
27102 3
27103 9
27104 7
27105 5
27106 7
27107 6
27108 2
27109 3
27110 8
27111 1
27112 7
27113 8
27114 7
27115 0
27116 0
27117 2
27118 6
27119 7
27120 0
27121 3
27122 4
27123 3
27124 3
27125 6
27126 2
27127 9
27128 3
27129 3
27130 1
27131 5
27132 8
27133 8
27134 9
27135 7
27136 6
27137 7
27138 5
27139 7
27140 7
27141 2
27142 4
27143 6
27144 8
27145 6
27146 6
27147 0
27148 8
27149 7
27150 5
27151 7
27152 4
27153 4
27154 5
27155 0
27156 2
27157 7
27158 6
27159 6
27160 8
27161 1
27162 4
27163 4
27164 7
27165 7
27166 8
27167 6
27168 8
27169 7
27170 6
27171 0
27172 7
27173 7
27174 5
27175 7
27176 0
27177 7
27178 3
27179 7
27180 7
27181 7
27182 7
27183 3
27184 2
27185 7
27186 0
27187 5
27188 2
27189 3
27190 7
27191 7
27192 3
27193 6
27194 2
27195 5
27196 4
27197 2
27198 6
27199 2
27200 8
27201 7
27202 6
27203 1
27204 2
27205 2
27206 8
27207 3
27208 5
27209 6
27210 2
27211 7
27212 8
27213 4
27214 6
27215 1
27216 6
27217 6
27218 7
27219 4
27220 0
27221 8
27222 5
27223 4
27224 8
27225 7
27226 8
27227 6
27228 5
27229 7
27230 7
27231 4
27232 9
27233 4
27234 5
27235 4
27236 1
27237 6
27238 4
27239 5
27240 7
27241 4
27242 8
27243 0
27244 7
27245 7
27246 7
27247 7
27248 6
27249 8
27250 4
27251 8
27252 7
27253 8
27254 3
27255 3
27256 5
27257 4
27258 9
27259 8
27260 0
27261 8
27262 5
27263 1
27264 3
27265 2
27266 6
27267 5
27268 6
27269 7
27270 8
27271 7
27272 5
27273 0
27274 3
27275 7
27276 7
27277 7
27278 2
27279 5
27280 5
27281 4
27282 7
27283 9
27284 7
27285 1
27286 4
27287 7
27288 3
27289 5
27290 7
27291 2
27292 4
27293 2
27294 5
27295 5
27296 3
27297 3
27298 5
27299 8
27300 6
27301 5
27302 8
27303 2
27304 5
27305 0
27306 4
27307 1
27308 8
27309 5
27310 8
27311 7
27312 5
27313 2
27314 2
27315 3
27316 2
27317 1
27318 7
27319 4
27320 3
27321 6
27322 7
27323 2
27324 0
27325 4
27326 7
27327 6
27328 2
27329 6
27330 7
27331 3
27332 7
27333 6
27334 4
27335 5
27336 1
27337 0
27338 6
27339 2
27340 7
27341 6
27342 3
27343 7
27344 7
27345 6
27346 3
27347 6
27348 1
27349 2
27350 8
27351 5
27352 3
27353 4
27354 8
27355 5
27356 4
27357 2
27358 3
27359 6
27360 7
27361 2
27362 2
27363 2
27364 2
27365 1
27366 7
27367 6
27368 1
27369 1
27370 6
27371 6
27372 5
27373 3
27374 4
27375 4
27376 0
27377 8
27378 6
27379 6
27380 4
27381 6
27382 8
27383 7
27384 3
27385 1
27386 4
27387 4
27388 6
27389 7
27390 6
27391 2
27392 3
27393 4
27394 6
27395 7
27396 6
27397 9
27398 4
27399 7
27400 0
27401 8
27402 3
27403 6
27404 7
27405 1
27406 4
27407 6
27408 4
27409 3
27410 1
27411 7
27412 1
27413 4
27414 2
27415 7
27416 7
27417 5
27418 7
27419 5
27420 6
27421 1
27422 5
27423 7
27424 6
27425 4
27426 1
27427 9
27428 8
27429 4
27430 5
27431 8
27432 3
27433 8
27434 6
27435 4
27436 4
27437 7
27438 2
27439 6
27440 5
27441 4
27442 6
27443 2
27444 8
27445 6
27446 6
27447 4
27448 3
27449 5
27450 6
27451 8
27452 5
27453 5
27454 5
27455 0
27456 1
27457 3
27458 5
27459 5
27460 9
27461 7
27462 8
27463 6
27464 0
27465 5
27466 6
27467 0
27468 5
27469 3
27470 9
27471 1
27472 4
27473 6
27474 2
27475 6
27476 5
27477 1
27478 8
27479 6
27480 7
27481 7
27482 1
27483 7
27484 6
27485 7
27486 8
27487 5
27488 7
27489 6
27490 0
27491 7
27492 7
27493 4
27494 4
27495 7
27496 7
27497 6
27498 5
27499 0
27500 6
27501 7
27502 7
27503 3
27504 6
27505 3
27506 2
27507 3
27508 5
27509 6
27510 7
27511 8
27512 8
27513 6
27514 0
27515 7
27516 6
27517 3
27518 4
27519 8
27520 7
27521 5
27522 0
27523 7
27524 6
27525 8
27526 7
27527 6
27528 3
27529 1
27530 5
27531 5
27532 3
27533 3
27534 6
27535 2
27536 3
27537 7
27538 6
27539 5
27540 5
27541 2
27542 1
27543 8
27544 2
27545 8
27546 0
27547 5
27548 6
27549 6
27550 8
27551 3
27552 6
27553 3
27554 4
27555 3
27556 6
27557 5
27558 2
27559 1
27560 6
27561 6
27562 8
27563 7
27564 4
27565 7
27566 5
27567 3
27568 3
27569 7
27570 3
27571 4
27572 6
27573 6
27574 2
27575 2
27576 5
27577 6
27578 0
27579 5
27580 4
27581 8
27582 4
27583 1
27584 7
27585 6
27586 7
27587 7
27588 7
27589 5
27590 3
27591 5
27592 7
27593 1
27594 6
27595 2
27596 7
27597 8
27598 4
27599 4
27600 6
27601 6
27602 0
27603 7
27604 3
27605 0
27606 8
27607 3
27608 3
27609 7
27610 1
27611 7
27612 6
27613 4
27614 5
27615 3
27616 7
27617 3
27618 6
27619 2
27620 1
27621 5
27622 8
27623 8
27624 2
27625 5
27626 6
27627 2
27628 7
27629 6
27630 4
27631 6
27632 5
27633 4
27634 0
27635 7
27636 0
27637 1
27638 5
27639 5
27640 6
27641 7
27642 6
27643 8
27644 4
27645 6
27646 3
27647 8
27648 7
27649 6
27650 5
27651 0
27652 8
27653 8
27654 3
27655 7
27656 7
27657 8
27658 6
27659 7
27660 8
27661 2
27662 2
27663 2
27664 3
27665 8
27666 6
27667 3
27668 8
27669 4
27670 7
27671 1
27672 8
27673 3
27674 5
27675 8
27676 0
27677 0
27678 7
27679 6
27680 5
27681 6
27682 4
27683 2
27684 6
27685 7
27686 0
27687 5
27688 6
27689 5
27690 7
27691 0
27692 2
27693 8
27694 3
27695 6
27696 4
27697 8
27698 5
27699 8
27700 7
27701 0
27702 5
27703 4
27704 1
27705 0
27706 5
27707 4
27708 5
27709 4
27710 0
27711 4
27712 7
27713 5
27714 6
27715 9
27716 3
27717 8
27718 5
27719 0
27720 5
27721 6
27722 8
27723 5
27724 6
27725 4
27726 1
27727 4
27728 0
27729 5
27730 8
27731 4
27732 6
27733 7
27734 6
27735 8
27736 5
27737 5
27738 5
27739 4
27740 2
27741 8
27742 2
27743 6
27744 3
27745 5
27746 6
27747 8
27748 5
27749 5
27750 5
27751 6
27752 3
27753 0
27754 6
27755 4
27756 4
27757 2
27758 7
27759 6
27760 5
27761 6
27762 7
27763 1
27764 4
27765 7
27766 7
27767 5
27768 7
27769 8
27770 4
27771 8
27772 6
27773 6
27774 5
27775 8
27776 6
27777 5
27778 1
27779 1
27780 6
27781 4
27782 0
27783 7
27784 9
27785 7
27786 8
27787 5
27788 8
27789 1
27790 2
27791 8
27792 5
27793 7
27794 8
27795 6
27796 3
27797 6
27798 1
27799 7
27800 8
27801 3
27802 5
27803 4
27804 5
27805 8
27806 7
27807 9
27808 1
27809 2
27810 5
27811 4
27812 6
27813 1
27814 4
27815 3
27816 7
27817 4
27818 8
27819 8
27820 1
27821 2
27822 9
27823 7
27824 7
27825 0
27826 1
27827 3
27828 6
27829 4
27830 0
27831 1
27832 6
27833 7
27834 9
27835 7
27836 6
27837 4
27838 6
27839 5
27840 3
27841 4
27842 3
27843 5
27844 7
27845 5
27846 5
27847 8
27848 3
27849 2
27850 3
27851 6
27852 2
27853 6
27854 2
27855 8
27856 3
27857 1
27858 7
27859 7
27860 6
27861 7
27862 3
27863 0
27864 8
27865 9
27866 6
27867 2
27868 6
27869 3
27870 8
27871 8
27872 7
27873 6
27874 9
27875 8
27876 7
27877 2
27878 7
27879 2
27880 7
27881 5
27882 8
27883 7
27884 8
27885 4
27886 5
27887 1
27888 4
27889 3
27890 6
27891 3
27892 6
27893 1
27894 2
27895 6
27896 2
27897 7
27898 0
27899 4
27900 5
27901 8
27902 2
27903 7
27904 8
27905 0
27906 6
27907 8
27908 7
27909 1
27910 4
27911 6
27912 6
27913 0
27914 2
27915 7
27916 7
27917 7
27918 6
27919 6
27920 7
27921 6
27922 8
27923 5
27924 8
27925 6
27926 4
27927 6
27928 2
27929 5
27930 5
27931 5
27932 0
27933 7
27934 8
27935 0
27936 2
27937 4
27938 7
27939 9
27940 3
27941 4
27942 3
27943 6
27944 1
27945 7
27946 7
27947 4
27948 6
27949 8
27950 2
27951 5
27952 4
27953 4
27954 7
27955 4
27956 8
27957 2
27958 8
27959 6
27960 5
27961 6
27962 0
27963 4
27964 3
27965 9
27966 6
27967 6
27968 4
27969 0
27970 3
27971 7
27972 8
27973 6
27974 1
27975 4
27976 4
27977 5
27978 4
27979 9
27980 4
27981 4
27982 4
27983 5
27984 5
27985 4
27986 5
27987 1
27988 6
27989 8
27990 5
27991 7
27992 6
27993 5
27994 6
27995 4
27996 7
27997 5
27998 5
27999 7
28000 8
28001 4
28002 2
28003 7
28004 7
28005 6
28006 5
28007 7
28008 0
28009 8
28010 6
28011 8
28012 4
28013 6
28014 6
28015 7
28016 1
28017 3
28018 7
28019 2
28020 5
28021 1
28022 8
28023 5
28024 7
28025 1
28026 3
28027 2
28028 6
28029 6
28030 7
28031 7
28032 6
28033 4
28034 3
28035 4
28036 2
28037 6
28038 4
28039 5
28040 4
28041 8
28042 1
28043 6
28044 2
28045 1
28046 1
28047 7
28048 6
28049 6
28050 6
28051 6
28052 7
28053 8
28054 6
28055 4
28056 2
28057 1
28058 6
28059 1
28060 9
28061 5
28062 5
28063 6
28064 0
28065 3
28066 6
28067 2
28068 6
28069 5
28070 6
28071 3
28072 1
28073 8
28074 7
28075 3
28076 7
28077 7
28078 4
28079 5
28080 4
28081 7
28082 4
28083 3
28084 6
28085 8
28086 3
28087 7
28088 2
28089 5
28090 5
28091 7
28092 6
28093 5
28094 6
28095 0
28096 7
28097 5
28098 3
28099 6
28100 6
28101 0
28102 2
28103 9
28104 6
28105 6
28106 1
28107 1
28108 4
28109 1
28110 6
28111 3
28112 3
28113 3
28114 6
28115 5
28116 4
28117 7
28118 7
28119 1
28120 0
28121 4
28122 6
28123 4
28124 6
28125 2
28126 7
28127 8
28128 2
28129 6
28130 9
28131 8
28132 9
28133 0
28134 6
28135 7
28136 0
28137 4
28138 0
28139 8
28140 2
28141 5
28142 8
28143 7
28144 5
28145 5
28146 7
28147 5
28148 7
28149 5
28150 5
28151 5
28152 8
28153 1
28154 9
28155 3
28156 5
28157 2
28158 1
28159 3
28160 8
28161 8
28162 1
28163 7
28164 4
28165 7
28166 3
28167 5
28168 8
28169 7
28170 2
28171 8
28172 8
28173 6
28174 5
28175 6
28176 4
28177 5
28178 5
28179 8
28180 3
28181 7
28182 1
28183 5
28184 4
28185 7
28186 6
28187 6
28188 4
28189 5
28190 7
28191 8
28192 3
28193 2
28194 0
28195 4
28196 0
28197 4
28198 8
28199 3
28200 7
28201 6
28202 2
28203 1
28204 0
28205 6
28206 6
28207 2
28208 7
28209 4
28210 3
28211 5
28212 6
28213 3
28214 2
28215 6
28216 4
28217 4
28218 6
28219 6
28220 4
28221 3
28222 9
28223 0
28224 0
28225 1
28226 7
28227 4
28228 6
28229 0
28230 1
28231 1
28232 1
28233 0
28234 0
28235 0
28236 0
28237 6
28238 7
28239 7
28240 7
28241 6
28242 3
28243 5
28244 8
28245 4
28246 6
28247 5
28248 6
28249 6
28250 3
28251 4
28252 5
28253 4
28254 4
28255 2
28256 5
28257 8
28258 6
28259 6
28260 2
28261 4
28262 1
28263 0
28264 7
28265 7
28266 7
28267 3
28268 2
28269 6
28270 4
28271 5
28272 5
28273 5
28274 8
28275 8
28276 2
28277 9
28278 1
28279 2
28280 4
28281 8
28282 5
28283 7
28284 6
28285 0
28286 7
28287 5
28288 3
28289 4
28290 8
28291 8
28292 7
28293 6
28294 8
28295 6
28296 5
28297 8
28298 7
28299 7
28300 6
28301 5
28302 5
28303 6
28304 8
28305 7
28306 7
28307 3
28308 7
28309 9
28310 3
28311 8
28312 5
28313 0
28314 7
28315 2
28316 6
28317 5
28318 5
28319 7
28320 9
28321 7
28322 6
28323 3
28324 4
28325 8
28326 0
28327 7
28328 7
28329 8
28330 7
28331 6
28332 6
28333 6
28334 5
28335 3
28336 0
28337 6
28338 3
28339 7
28340 6
28341 5
28342 4
28343 6
28344 5
28345 4
28346 8
28347 8
28348 7
28349 5
28350 5
28351 3
28352 6
28353 2
28354 8
28355 9
28356 7
28357 6
28358 1
28359 5
28360 6
28361 0
28362 9
28363 2
28364 7
28365 4
28366 6
28367 7
28368 7
28369 3
28370 2
28371 7
28372 3
28373 5
28374 7
28375 5
28376 1
28377 7
28378 4
28379 3
28380 7
28381 7
28382 8
28383 2
28384 5
28385 6
28386 6
28387 2
28388 7
28389 8
28390 7
28391 7
28392 0
28393 6
28394 9
28395 1
28396 8
28397 3
28398 6
28399 5
28400 5
28401 1
28402 4
28403 5
28404 1
28405 8
28406 5
28407 6
28408 4
28409 4
28410 1
28411 8
28412 6
28413 6
28414 9
28415 4
28416 5
28417 5
28418 2
28419 5
28420 8
28421 7
28422 4
28423 4
28424 1
28425 7
28426 4
28427 8
28428 8
28429 7
28430 4
28431 3
28432 2
28433 1
28434 4
28435 6
28436 8
28437 6
28438 1
28439 5
28440 2
28441 4
28442 5
28443 9
28444 4
28445 2
28446 7
28447 1
28448 0
28449 8
28450 5
28451 0
28452 6
28453 1
28454 5
28455 4
28456 8
28457 8
28458 3
28459 6
28460 7
28461 5
28462 1
28463 3
28464 3
28465 0
28466 3
28467 8
28468 4
28469 7
28470 8
28471 7
28472 0
28473 6
28474 5
28475 0
28476 4
28477 0
28478 7
28479 3
28480 6
28481 7
28482 4
28483 0
28484 6
28485 2
28486 8
28487 5
28488 5
28489 0
28490 0
28491 5
28492 1
28493 2
28494 8
28495 7
28496 4
28497 9
28498 9
28499 1
28500 8
28501 8
28502 3
28503 6
28504 6
28505 6
28506 3
28507 5
28508 3
28509 2
28510 2
28511 6
28512 5
28513 1
28514 6
28515 3
28516 6
28517 9
28518 5
28519 6
28520 7
28521 5
28522 7
28523 8
28524 6
28525 0
28526 4
28527 7
28528 2
28529 6
28530 8
28531 8
28532 2
28533 4
28534 6
28535 8
28536 8
28537 6
28538 2
28539 2
28540 9
28541 5
28542 7
28543 3
28544 4
28545 4
28546 7
28547 6
28548 8
28549 4
28550 8
28551 5
28552 7
28553 8
28554 8
28555 8
28556 4
28557 7
28558 1
28559 7
28560 6
28561 7
28562 7
28563 0
28564 5
28565 1
28566 1
28567 7
28568 6
28569 1
28570 6
28571 2
28572 7
28573 9
28574 6
28575 3
28576 8
28577 4
28578 6
28579 7
28580 6
28581 0
28582 5
28583 4
28584 6
28585 3
28586 1
28587 2
28588 7
28589 5
28590 5
28591 8
28592 6
28593 2
28594 7
28595 4
28596 2
28597 3
28598 7
28599 7
28600 6
28601 4
28602 4
28603 6
28604 5
28605 7
28606 0
28607 5
28608 5
28609 5
28610 6
28611 6
28612 3
28613 6
28614 0
28615 5
28616 6
28617 8
28618 7
28619 7
28620 8
28621 0
28622 9
28623 3
28624 0
28625 8
28626 8
28627 7
28628 6
28629 2
28630 7
28631 7
28632 5
28633 6
28634 2
28635 8
28636 4
28637 6
28638 9
28639 7
28640 2
28641 6
28642 1
28643 1
28644 4
28645 5
28646 7
28647 7
28648 4
28649 1
28650 4
28651 8
28652 5
28653 3
28654 9
28655 5
28656 6
28657 7
28658 6
28659 2
28660 0
28661 4
28662 7
28663 0
28664 2
28665 5
28666 8
28667 8
28668 5
28669 1
28670 8
28671 7
28672 2
28673 7
28674 0
28675 0
28676 8
28677 8
28678 6
28679 8
28680 7
28681 4
28682 4
28683 8
28684 5
28685 6
28686 1
28687 0
28688 2
28689 4
28690 2
28691 3
28692 4
28693 7
28694 7
28695 8
28696 6
28697 7
28698 4
28699 5
28700 3
28701 8
28702 3
28703 2
28704 6
28705 5
28706 3
28707 7
28708 8
28709 4
28710 5
28711 0
28712 7
28713 0
28714 3
28715 5
28716 8
28717 4
28718 4
28719 8
28720 6
28721 4
28722 7
28723 7
28724 6
28725 8
28726 7
28727 5
28728 8
28729 3
28730 0
28731 8
28732 7
28733 5
28734 8
28735 8
28736 8
28737 7
28738 6
28739 4
28740 7
28741 5
28742 5
28743 5
28744 5
28745 3
28746 7
28747 6
28748 3
28749 8
28750 7
28751 7
28752 1
28753 0
28754 7
28755 7
28756 6
28757 9
28758 0
28759 8
28760 7
28761 4
28762 2
28763 2
28764 7
28765 1
28766 6
28767 4
28768 0
28769 3
28770 6
28771 5
28772 4
28773 8
28774 4
28775 4
28776 6
28777 4
28778 9
28779 8
28780 5
28781 8
28782 7
28783 7
28784 7
28785 6
28786 2
28787 8
28788 1
28789 5
28790 2
28791 8
28792 7
28793 7
28794 3
28795 1
28796 7
28797 8
28798 4
28799 2
28800 7
28801 8
28802 7
28803 4
28804 2
28805 6
28806 7
28807 6
28808 7
28809 8
28810 4
28811 6
28812 6
28813 4
28814 7
28815 4
28816 7
28817 2
28818 0
28819 0
28820 1
28821 3
28822 7
28823 6
28824 8
28825 0
28826 4
28827 6
28828 3
28829 6
28830 4
28831 2
28832 4
28833 5
28834 8
28835 5
28836 3
28837 3
28838 6
28839 8
28840 9
28841 0
28842 7
28843 7
28844 5
28845 8
28846 2
28847 3
28848 5
28849 6
28850 6
28851 6
28852 9
28853 5
28854 2
28855 1
28856 4
28857 7
28858 2
28859 7
28860 3
28861 8
28862 9
28863 7
28864 8
28865 5
28866 1
28867 9
28868 3
28869 3
28870 8
28871 1
28872 3
28873 8
28874 4
28875 8
28876 0
28877 8
28878 8
28879 6
28880 1
28881 1
28882 4
28883 7
28884 0
28885 0
28886 2
28887 7
28888 3
28889 1
28890 7
28891 8
28892 5
28893 8
28894 5
28895 9
28896 2
28897 3
28898 7
28899 8
28900 6
28901 6
28902 6
28903 6
28904 6
28905 7
28906 2
28907 2
28908 8
28909 8
28910 8
28911 7
28912 5
28913 8
28914 7
28915 3
28916 5
28917 7
28918 2
28919 2
28920 7
28921 4
28922 8
28923 3
28924 1
28925 7
28926 6
28927 5
28928 2
28929 1
28930 8
28931 6
28932 5
28933 4
28934 7
28935 7
28936 1
28937 9
28938 5
28939 5
28940 8
28941 1
28942 2
28943 6
28944 3
28945 2
28946 2
28947 1
28948 1
28949 0
28950 3
28951 6
28952 5
28953 7
28954 1
28955 6
28956 2
28957 8
28958 2
28959 7
28960 5
28961 7
28962 3
28963 9
28964 1
28965 8
28966 6
28967 5
28968 2
28969 8
28970 8
28971 4
28972 6
28973 8
28974 7
28975 7
28976 7
28977 4
28978 4
28979 4
28980 4
28981 4
28982 7
28983 3
28984 6
28985 4
28986 2
28987 5
28988 2
28989 4
28990 3
28991 3
28992 6
28993 2
28994 0
28995 7
28996 4
28997 7
28998 5
28999 5
29000 2
29001 8
29002 8
29003 6
29004 6
29005 7
29006 7
29007 6
29008 0
29009 5
29010 5
29011 6
29012 7
29013 6
29014 6
29015 6
29016 7
29017 3
29018 0
29019 4
29020 6
29021 6
29022 7
29023 1
29024 8
29025 2
29026 2
29027 6
29028 5
29029 4
29030 6
29031 5
29032 8
29033 5
29034 6
29035 5
29036 5
29037 7
29038 8
29039 2
29040 6
29041 0
29042 3
29043 8
29044 9
29045 4
29046 4
29047 7
29048 9
29049 7
29050 6
29051 5
29052 3
29053 2
29054 7
29055 4
29056 7
29057 7
29058 7
29059 1
29060 9
29061 7
29062 4
29063 9
29064 8
29065 6
29066 8
29067 8
29068 4
29069 1
29070 1
29071 3
29072 9
29073 3
29074 0
29075 2
29076 0
29077 6
29078 7
29079 0
29080 8
29081 5
29082 5
29083 6
29084 7
29085 5
29086 7
29087 0
29088 1
29089 5
29090 2
29091 1
29092 6
29093 4
29094 0
29095 1
29096 6
29097 5
29098 0
29099 6
29100 2
29101 7
29102 1
29103 7
29104 6
29105 8
29106 9
29107 1
29108 6
29109 5
29110 3
29111 8
29112 3
29113 7
29114 8
29115 8
29116 4
29117 5
29118 3
29119 8
29120 4
29121 8
29122 4
29123 4
29124 6
29125 9
29126 3
29127 2
29128 3
29129 8
29130 7
29131 8
29132 0
29133 6
29134 7
29135 8
29136 2
29137 7
29138 7
29139 7
29140 0
29141 6
29142 0
29143 2
29144 7
29145 6
29146 7
29147 9
29148 4
29149 7
29150 4
29151 7
29152 2
29153 2
29154 9
29155 2
29156 9
29157 8
29158 6
29159 4
29160 1
29161 4
29162 3
29163 7
29164 6
29165 6
29166 7
29167 2
29168 1
29169 3
29170 7
29171 1
29172 7
29173 6
29174 6
29175 2
29176 7
29177 4
29178 7
29179 8
29180 5
29181 1
29182 1
29183 0
29184 7
29185 8
29186 8
29187 7
29188 7
29189 4
29190 6
29191 5
29192 8
29193 2
29194 8
29195 6
29196 5
29197 5
29198 2
29199 8
29200 7
29201 4
29202 5
29203 5
29204 3
29205 7
29206 7
29207 4
29208 1
29209 7
29210 7
29211 7
29212 7
29213 7
29214 1
29215 7
29216 4
29217 7
29218 4
29219 8
29220 9
29221 6
29222 7
29223 5
29224 7
29225 4
29226 7
29227 5
29228 6
29229 2
29230 7
29231 7
29232 4
29233 4
29234 8
29235 4
29236 7
29237 6
29238 5
29239 8
29240 2
29241 5
29242 5
29243 7
29244 8
29245 1
29246 7
29247 1
29248 3
29249 0
29250 6
29251 8
29252 7
29253 5
29254 9
29255 7
29256 7
29257 5
29258 2
29259 7
29260 0
29261 2
29262 0
29263 6
29264 3
29265 6
29266 8
29267 6
29268 5
29269 6
29270 8
29271 8
29272 8
29273 5
29274 8
29275 4
29276 3
29277 5
29278 8
29279 7
29280 7
29281 1
29282 3
29283 6
29284 6
29285 6
29286 5
29287 1
29288 0
29289 2
29290 4
29291 6
29292 8
29293 4
29294 8
29295 7
29296 8
29297 6
29298 5
29299 6
29300 0
29301 4
29302 3
29303 6
29304 2
29305 7
29306 1
29307 8
29308 7
29309 9
29310 8
29311 5
29312 1
29313 3
29314 7
29315 8
29316 5
29317 8
29318 7
29319 9
29320 7
29321 6
29322 8
29323 3
29324 2
29325 7
29326 8
29327 2
29328 3
29329 6
29330 7
29331 8
29332 2
29333 7
29334 1
29335 8
29336 3
29337 7
29338 2
29339 8
29340 4
29341 5
29342 5
29343 5
29344 3
29345 0
29346 4
29347 7
29348 6
29349 4
29350 9
29351 8
29352 3
29353 5
29354 8
29355 6
29356 9
29357 3
29358 4
29359 8
29360 7
29361 3
29362 5
29363 7
29364 2
29365 8
29366 3
29367 2
29368 7
29369 0
29370 5
29371 7
29372 3
29373 6
29374 0
29375 6
29376 0
29377 8
29378 7
29379 5
29380 8
29381 9
29382 3
29383 6
29384 6
29385 6
29386 3
29387 2
29388 9
29389 6
29390 0
29391 6
29392 3
29393 3
29394 3
29395 8
29396 7
29397 6
29398 8
29399 8
29400 7
29401 5
29402 7
29403 3
29404 1
29405 3
29406 6
29407 3
29408 7
29409 5
29410 3
29411 1
29412 6
29413 2
29414 6
29415 4
29416 8
29417 3
29418 2
29419 4
29420 7
29421 5
29422 7
29423 9
29424 4
29425 4
29426 7
29427 7
29428 7
29429 4
29430 7
29431 5
29432 3
29433 8
29434 5
29435 3
29436 3
29437 7
29438 6
29439 8
29440 5
29441 4
29442 8
29443 6
29444 6
29445 7
29446 6
29447 5
29448 6
29449 4
29450 1
29451 2
29452 5
29453 6
29454 5
29455 0
29456 8
29457 4
29458 5
29459 7
29460 3
29461 3
29462 8
29463 9
29464 8
29465 6
29466 2
29467 8
29468 1
29469 1
29470 7
29471 2
29472 6
29473 8
29474 9
29475 6
29476 3
29477 2
29478 8
29479 6
29480 9
29481 6
29482 0
29483 4
29484 1
29485 8
29486 7
29487 9
29488 0
29489 5
29490 5
29491 6
29492 6
29493 5
29494 1
29495 8
29496 1
29497 4
29498 5
29499 0
29500 8
29501 4
29502 7
29503 7
29504 0
29505 0
29506 0
29507 5
29508 4
29509 4
29510 8
29511 0
29512 6
29513 7
29514 8
29515 7
29516 7
29517 2
29518 5
29519 8
29520 0
29521 8
29522 6
29523 4
29524 6
29525 6
29526 7
29527 1
29528 8
29529 7
29530 4
29531 3
29532 8
29533 6
29534 7
29535 7
29536 8
29537 4
29538 6
29539 3
29540 0
29541 8
29542 6
29543 2
29544 4
29545 0
29546 7
29547 6
29548 7
29549 8
29550 7
29551 0
29552 7
29553 6
29554 9
29555 4
29556 2
29557 8
29558 7
29559 8
29560 5
29561 6
29562 4
29563 7
29564 6
29565 6
29566 9
29567 7
29568 4
29569 5
29570 6
29571 7
29572 0
29573 6
29574 7
29575 1
29576 7
29577 5
29578 1
29579 5
29580 3
29581 8
29582 1
29583 7
29584 8
29585 5
29586 7
29587 4
29588 6
29589 3
29590 9
29591 3
29592 7
29593 6
29594 5
29595 6
29596 8
29597 7
29598 8
29599 4
29600 6
29601 6
29602 2
29603 6
29604 3
29605 3
29606 6
29607 4
29608 6
29609 6
29610 0
29611 4
29612 0
29613 6
29614 5
29615 5
29616 7
29617 7
29618 5
29619 9
29620 7
29621 3
29622 8
29623 4
29624 0
29625 2
29626 1
29627 3
29628 8
29629 7
29630 3
29631 6
29632 5
29633 4
29634 3
29635 7
29636 7
29637 8
29638 1
29639 8
29640 7
29641 2
29642 8
29643 7
29644 6
29645 4
29646 8
29647 7
29648 9
29649 4
29650 8
29651 6
29652 5
29653 4
29654 3
29655 6
29656 7
29657 5
29658 1
29659 8
29660 6
29661 1
29662 7
29663 3
29664 2
29665 6
29666 7
29667 8
29668 9
29669 0
29670 5
29671 4
29672 6
29673 6
29674 7
29675 7
29676 1
29677 4
29678 8
29679 4
29680 3
29681 9
29682 2
29683 6
29684 8
29685 7
29686 7
29687 4
29688 5
29689 6
29690 3
29691 5
29692 9
29693 5
29694 1
29695 6
29696 1
29697 7
29698 6
29699 6
29700 3
29701 2
29702 6
29703 4
29704 5
29705 8
29706 3
29707 6
29708 7
29709 7
29710 3
29711 8
29712 2
29713 9
29714 8
29715 6
29716 4
29717 3
29718 4
29719 4
29720 2
29721 7
29722 2
29723 8
29724 8
29725 7
29726 8
29727 8
29728 9
29729 4
29730 6
29731 5
29732 8
29733 1
29734 9
29735 8
29736 8
29737 5
29738 6
29739 5
29740 7
29741 6
29742 0
29743 1
29744 8
29745 7
29746 8
29747 5
29748 6
29749 1
29750 1
29751 8
29752 3
29753 2
29754 1
29755 7
29756 3
29757 6
29758 3
29759 5
29760 3
29761 6
29762 8
29763 4
29764 9
29765 6
29766 4
29767 3
29768 2
29769 0
29770 5
29771 8
29772 5
29773 7
29774 7
29775 7
29776 5
29777 7
29778 5
29779 3
29780 7
29781 8
29782 5
29783 8
29784 7
29785 6
29786 7
29787 2
29788 8
29789 8
29790 3
29791 1
29792 8
29793 5
29794 8
29795 1
29796 7
29797 9
29798 6
29799 8
29800 3
29801 4
29802 1
29803 8
29804 8
29805 4
29806 9
29807 8
29808 4
29809 1
29810 7
29811 5
29812 0
29813 4
29814 1
29815 7
29816 7
29817 9
29818 0
29819 8
29820 8
29821 3
29822 1
29823 2
29824 6
29825 7
29826 5
29827 5
29828 0
29829 7
29830 8
29831 8
29832 5
29833 5
29834 6
29835 7
29836 7
29837 2
29838 6
29839 4
29840 8
29841 4
29842 8
29843 5
29844 0
29845 3
29846 8
29847 2
29848 6
29849 2
29850 4
29851 7
29852 3
29853 6
29854 7
29855 9
29856 6
29857 1
29858 8
29859 5
29860 9
29861 5
29862 3
29863 4
29864 6
29865 2
29866 5
29867 9
29868 5
29869 8
29870 8
29871 2
29872 5
29873 4
29874 4
29875 5
29876 9
29877 7
29878 8
29879 0
29880 7
29881 1
29882 7
29883 4
29884 8
29885 4
29886 9
29887 7
29888 0
29889 7
29890 5
29891 6
29892 8
29893 8
29894 8
29895 7
29896 2
29897 4
29898 3
29899 8
29900 1
29901 6
29902 8
29903 5
29904 1
29905 4
29906 7
29907 9
29908 6
29909 4
29910 1
29911 6
29912 1
29913 5
29914 3
29915 3
29916 9
29917 5
29918 7
29919 2
29920 4
29921 3
29922 7
29923 0
29924 7
29925 2
29926 7
29927 7
29928 1
29929 8
29930 7
29931 4
29932 2
29933 6
29934 6
29935 6
29936 8
29937 4
29938 6
29939 8
29940 3
29941 7
29942 3
29943 7
29944 7
29945 4
29946 7
29947 4
29948 0
29949 9
29950 5
29951 10
29952 5
29953 2
29954 9
29955 7
29956 7
29957 3
29958 7
29959 8
29960 0
29961 5
29962 3
29963 8
29964 7
29965 7
29966 4
29967 7
29968 6
29969 6
29970 3
29971 7
29972 7
29973 3
29974 6
29975 6
29976 7
29977 3
29978 1
29979 6
29980 7
29981 8
29982 9
29983 6
29984 6
29985 8
29986 4
29987 9
29988 6
29989 9
29990 4
29991 9
29992 8
29993 8
29994 2
29995 1
29996 5
29997 4
29998 5
29999 3
30000 7
30001 0
30002 8
30003 7
30004 9
30005 8
30006 8
30007 1
30008 3
30009 7
30010 1
30011 4
30012 2
30013 3
30014 3
30015 6
30016 8
30017 3
30018 9
30019 6
30020 9
30021 5
30022 7
30023 5
30024 3
30025 9
30026 4
30027 5
30028 3
30029 7
30030 6
30031 6
30032 5
30033 8
30034 8
30035 6
30036 4
30037 6
30038 6
30039 8
30040 5
30041 8
30042 1
30043 7
30044 8
30045 8
30046 7
30047 2
30048 4
30049 8
30050 3
30051 2
30052 3
30053 4
30054 2
30055 5
30056 3
30057 7
30058 8
30059 4
30060 8
30061 5
30062 7
30063 5
30064 1
30065 9
30066 5
30067 7
30068 3
30069 6
30070 6
30071 7
30072 2
30073 9
30074 3
30075 7
30076 6
30077 7
30078 6
30079 5
30080 5
30081 7
30082 7
30083 4
30084 1
30085 7
30086 4
30087 6
30088 1
30089 6
30090 7
30091 2
30092 8
30093 7
30094 8
30095 5
30096 4
30097 5
30098 5
30099 8
30100 8
30101 0
30102 3
30103 8
30104 6
30105 1
30106 7
30107 6
30108 3
30109 7
30110 1
30111 0
30112 2
30113 2
30114 3
30115 3
30116 1
30117 8
30118 8
30119 7
30120 6
30121 5
30122 3
30123 6
30124 5
30125 4
30126 1
30127 2
30128 5
30129 4
30130 7
30131 3
30132 2
30133 7
30134 8
30135 7
30136 5
30137 6
30138 7
30139 2
30140 5
30141 8
30142 6
30143 9
30144 0
30145 8
30146 7
30147 1
30148 9
30149 8
30150 2
30151 5
30152 6
30153 3
30154 7
30155 4
30156 6
30157 1
30158 6
30159 8
30160 6
30161 9
30162 6
30163 2
30164 3
30165 9
30166 8
30167 4
30168 6
30169 6
30170 4
30171 8
30172 6
30173 6
30174 7
30175 5
30176 7
30177 2
30178 0
30179 6
30180 2
30181 9
30182 9
30183 8
30184 1
30185 7
30186 7
30187 6
30188 8
30189 3
30190 7
30191 0
30192 4
30193 7
30194 7
30195 0
30196 8
30197 9
30198 3
30199 8
30200 3
30201 7
30202 5
30203 7
30204 8
30205 8
30206 5
30207 6
30208 1
30209 8
30210 9
30211 6
30212 0
30213 3
30214 6
30215 6
30216 6
30217 1
30218 3
30219 6
30220 5
30221 8
30222 7
30223 6
30224 7
30225 1
30226 6
30227 4
30228 3
30229 8
30230 4
30231 8
30232 7
30233 7
30234 8
30235 4
30236 3
30237 3
30238 2
30239 6
30240 7
30241 0
30242 6
30243 2
30244 3
30245 7
30246 9
30247 9
30248 9
30249 4
30250 6
30251 1
30252 1
30253 6
30254 9
30255 2
30256 6
30257 5
30258 4
30259 6
30260 6
30261 8
30262 7
30263 1
30264 3
30265 0
30266 9
30267 1
30268 6
30269 6
30270 9
30271 2
30272 8
30273 4
30274 5
30275 8
30276 4
30277 7
30278 7
30279 9
30280 7
30281 7
30282 6
30283 8
30284 8
30285 4
30286 5
30287 9
30288 6
30289 6
30290 7
30291 6
30292 8
30293 8
30294 1
30295 4
30296 3
30297 8
30298 7
30299 6
30300 5
30301 0
30302 7
30303 7
30304 2
30305 7
30306 7
30307 3
30308 4
30309 7
30310 8
30311 8
30312 8
30313 2
30314 2
30315 7
30316 3
30317 7
30318 7
30319 5
30320 5
30321 3
30322 5
30323 8
30324 4
30325 5
30326 8
30327 1
30328 4
30329 1
30330 6
30331 5
30332 8
30333 4
30334 8
30335 4
30336 3
30337 3
30338 3
30339 8
30340 9
30341 6
30342 4
30343 8
30344 9
30345 9
30346 6
30347 8
30348 6
30349 3
30350 7
30351 5
30352 7
30353 8
30354 5
30355 3
30356 4
30357 8
30358 6
30359 6
30360 8
30361 3
30362 3
30363 5
30364 1
30365 7
30366 3
30367 8
30368 7
30369 1
30370 9
30371 7
30372 5
30373 4
30374 5
30375 3
30376 2
30377 7
30378 6
30379 6
30380 2
30381 8
30382 4
30383 8
30384 7
30385 9
30386 3
30387 6
30388 5
30389 5
30390 1
30391 3
30392 3
30393 6
30394 7
30395 5
30396 4
30397 0
30398 6
30399 6
30400 9
30401 1
30402 0
30403 6
30404 7
30405 8
30406 8
30407 5
30408 6
30409 0
30410 3
30411 8
30412 4
30413 7
30414 7
30415 5
30416 8
30417 2
30418 8
30419 7
30420 7
30421 4
30422 9
30423 4
30424 2
30425 7
30426 2
30427 2
30428 0
30429 1
30430 5
30431 6
30432 6
30433 3
30434 6
30435 8
30436 7
30437 2
30438 6
30439 7
30440 4
30441 8
30442 6
30443 6
30444 4
30445 1
30446 4
30447 0
30448 1
30449 8
30450 7
30451 5
30452 7
30453 5
30454 7
30455 7
30456 7
30457 3
30458 7
30459 2
30460 5
30461 4
30462 5
30463 5
30464 5
30465 9
30466 7
30467 7
30468 8
30469 9
30470 3
30471 6
30472 6
30473 2
30474 5
30475 7
30476 4
30477 6
30478 7
30479 9
30480 6
30481 5
30482 6
30483 9
30484 3
30485 0
30486 6
30487 1
30488 7
30489 8
30490 9
30491 2
30492 2
30493 8
30494 0
30495 3
30496 5
30497 8
30498 5
30499 6
30500 4
30501 2
30502 6
30503 6
30504 4
30505 7
30506 1
30507 6
30508 8
30509 8
30510 6
30511 3
30512 7
30513 1
30514 2
30515 0
30516 7
30517 2
30518 6
30519 2
30520 1
30521 7
30522 3
30523 3
30524 1
30525 1
30526 0
30527 7
30528 4
30529 10
30530 7
30531 8
30532 8
30533 5
30534 4
30535 8
30536 6
30537 8
30538 2
30539 4
30540 7
30541 7
30542 7
30543 2
30544 2
30545 7
30546 6
30547 6
30548 6
30549 5
30550 6
30551 2
30552 0
30553 7
30554 5
30555 3
30556 6
30557 7
30558 7
30559 6
30560 4
30561 9
30562 9
30563 4
30564 1
30565 6
30566 2
30567 7
30568 0
30569 6
30570 8
30571 8
30572 1
30573 7
30574 9
30575 4
30576 3
30577 7
30578 4
30579 4
30580 7
30581 6
30582 5
30583 3
30584 1
30585 6
30586 6
30587 5
30588 0
30589 6
30590 1
30591 2
30592 6
30593 7
30594 4
30595 6
30596 1
30597 8
30598 6
30599 9
30600 7
30601 3
30602 7
30603 8
30604 7
30605 5
30606 5
30607 8
30608 8
30609 5
30610 3
30611 9
30612 5
30613 9
30614 8
30615 3
30616 9
30617 7
30618 7
30619 4
30620 2
30621 7
30622 5
30623 2
30624 2
30625 2
30626 8
30627 0
30628 7
30629 8
30630 3
30631 7
30632 4
30633 6
30634 8
30635 7
30636 9
30637 8
30638 7
30639 8
30640 2
30641 8
30642 7
30643 1
30644 5
30645 6
30646 6
30647 9
30648 1
30649 8
30650 7
30651 6
30652 1
30653 8
30654 3
30655 2
30656 3
30657 4
30658 7
30659 5
30660 8
30661 8
30662 5
30663 5
30664 5
30665 5
30666 6
30667 8
30668 8
30669 8
30670 7
30671 3
30672 6
30673 1
30674 5
30675 2
30676 9
30677 7
30678 4
30679 7
30680 7
30681 4
30682 1
30683 8
30684 8
30685 10
30686 7
30687 9
30688 8
30689 1
30690 5
30691 5
30692 8
30693 3
30694 2
30695 7
30696 9
30697 1
30698 2
30699 5
30700 6
30701 6
30702 0
30703 3
30704 3
30705 2
30706 3
30707 8
30708 2
30709 8
30710 7
30711 0
30712 7
30713 10
30714 8
30715 9
30716 7
30717 6
30718 1
30719 7
30720 8
30721 7
30722 7
30723 8
30724 6
30725 8
30726 3
30727 8
30728 9
30729 9
30730 7
30731 6
30732 3
30733 0
30734 6
30735 4
30736 0
30737 8
30738 7
30739 5
30740 4
30741 0
30742 7
30743 4
30744 5
30745 7
30746 7
30747 4
30748 8
30749 5
30750 8
30751 7
30752 7
30753 7
30754 9
30755 7
30756 5
30757 5
30758 6
30759 4
30760 5
30761 2
30762 7
30763 4
30764 7
30765 5
30766 2
30767 3
30768 4
30769 2
30770 6
30771 2
30772 8
30773 6
30774 6
30775 2
30776 1
30777 8
30778 4
30779 6
30780 6
30781 9
30782 4
30783 5
30784 5
30785 3
30786 3
30787 8
30788 7
30789 3
30790 9
30791 6
30792 4
30793 3
30794 9
30795 0
30796 7
30797 5
30798 5
30799 4
30800 6
30801 9
30802 3
30803 1
30804 0
30805 8
30806 9
30807 8
30808 4
30809 1
30810 2
30811 6
30812 7
30813 6
30814 4
30815 5
30816 5
30817 5
30818 4
30819 1
30820 3
30821 7
30822 8
30823 5
30824 7
30825 6
30826 0
30827 7
30828 8
30829 8
30830 8
30831 6
30832 6
30833 5
30834 2
30835 9
30836 1
30837 6
30838 5
30839 5
30840 3
30841 0
30842 5
30843 3
30844 7
30845 4
30846 5
30847 7
30848 8
30849 0
30850 7
30851 5
30852 8
30853 9
30854 8
30855 3
30856 9
30857 3
30858 6
30859 7
30860 1
30861 8
30862 6
30863 0
30864 1
30865 8
30866 0
30867 7
30868 0
30869 0
30870 9
30871 8
30872 2
30873 5
30874 7
30875 2
30876 9
30877 6
30878 7
30879 5
30880 7
30881 7
30882 4
30883 7
30884 3
30885 6
30886 6
30887 3
30888 2
30889 8
30890 4
30891 5
30892 0
30893 4
30894 7
30895 0
30896 6
30897 4
30898 6
30899 4
30900 5
30901 6
30902 1
30903 8
30904 2
30905 6
30906 3
30907 4
30908 5
30909 7
30910 6
30911 7
30912 6
30913 7
30914 7
30915 0
30916 3
30917 7
30918 6
30919 7
30920 2
30921 8
30922 2
30923 1
30924 6
30925 0
30926 8
30927 9
30928 6
30929 7
30930 8
30931 4
30932 1
30933 3
30934 5
30935 7
30936 7
30937 4
30938 6
30939 7
30940 8
30941 8
30942 6
30943 5
30944 8
30945 8
30946 0
30947 4
30948 3
30949 4
30950 4
30951 8
30952 6
30953 9
30954 3
30955 0
30956 6
30957 0
30958 8
30959 8
30960 0
30961 6
30962 6
30963 8
30964 6
30965 7
30966 9
30967 3
30968 8
30969 7
30970 8
30971 7
30972 6
30973 6
30974 6
30975 0
30976 7
30977 3
30978 9
30979 6
30980 7
30981 0
30982 8
30983 3
30984 5
30985 4
30986 7
30987 6
30988 2
30989 5
30990 5
30991 10
30992 8
30993 3
30994 8
30995 4
30996 6
30997 8
30998 8
30999 4
31000 5
31001 5
31002 0
31003 4
31004 8
31005 1
31006 6
31007 1
31008 8
31009 6
31010 0
31011 4
31012 5
31013 7
31014 8
31015 2
31016 9
31017 8
31018 5
31019 7
31020 4
31021 6
31022 0
31023 7
31024 7
31025 0
31026 3
31027 9
31028 7
31029 7
31030 1
31031 2
31032 9
31033 0
31034 5
31035 8
31036 5
31037 3
31038 3
31039 6
31040 7
31041 6
31042 5
31043 5
31044 6
31045 8
31046 3
31047 7
31048 6
31049 7
31050 7
31051 1
31052 8
31053 7
31054 5
31055 7
31056 5
31057 4
31058 2
31059 9
31060 3
31061 6
31062 6
31063 8
31064 7
31065 2
31066 8
31067 0
31068 6
31069 7
31070 3
31071 7
31072 3
31073 0
31074 7
31075 4
31076 5
31077 4
31078 5
31079 3
31080 4
31081 6
31082 4
31083 8
31084 5
31085 7
31086 8
31087 5
31088 1
31089 5
31090 7
31091 1
31092 5
31093 3
31094 0
31095 6
31096 1
31097 6
31098 8
31099 7
31100 8
31101 8
31102 6
31103 8
31104 5
31105 6
31106 7
31107 3
31108 7
31109 7
31110 6
31111 6
31112 8
31113 2
31114 9
31115 7
31116 5
31117 0
31118 3
31119 5
31120 7
31121 1
31122 9
31123 7
31124 5
31125 0
31126 8
31127 8
31128 0
31129 8
31130 6
31131 7
31132 9
31133 6
31134 6
31135 5
31136 2
31137 9
31138 2
31139 6
31140 5
31141 5
31142 6
31143 4
31144 6
31145 8
31146 5
31147 9
31148 7
31149 6
31150 4
31151 7
31152 2
31153 9
31154 1
31155 1
31156 5
31157 6
31158 1
31159 5
31160 7
31161 8
31162 7
31163 7
31164 2
31165 6
31166 5
31167 1
31168 6
31169 6
31170 9
31171 10
31172 8
31173 5
31174 5
31175 8
31176 4
31177 8
31178 3
31179 5
31180 5
31181 9
31182 9
31183 6
31184 2
31185 7
31186 4
31187 6
31188 7
31189 5
31190 3
31191 8
31192 4
31193 5
31194 6
31195 7
31196 3
31197 6
31198 5
31199 6
31200 6
31201 5
31202 7
31203 7
31204 1
31205 1
31206 3
31207 9
31208 5
31209 2
31210 0
31211 2
31212 9
31213 7
31214 8
31215 8
31216 5
31217 8
31218 6
31219 7
31220 9
31221 7
31222 8
31223 6
31224 1
31225 2
31226 8
31227 6
31228 1
31229 9
31230 7
31231 3
31232 1
31233 4
31234 7
31235 7
31236 5
31237 5
31238 8
31239 9
31240 6
31241 9
31242 4
31243 5
31244 2
31245 8
31246 2
31247 7
31248 6
31249 2
31250 4
31251 8
31252 1
31253 6
31254 5
31255 6
31256 1
31257 9
31258 8
31259 9
31260 7
31261 9
31262 6
31263 9
31264 2
31265 4
31266 6
31267 5
31268 7
31269 2
31270 3
31271 6
31272 0
31273 6
31274 8
31275 3
31276 5
31277 6
31278 1
31279 6
31280 6
31281 7
31282 3
31283 4
31284 8
31285 4
31286 5
31287 8
31288 5
31289 8
31290 2
31291 6
31292 8
31293 6
31294 9
31295 10
31296 6
31297 9
31298 2
31299 9
31300 2
31301 7
31302 4
31303 5
31304 8
31305 2
31306 2
31307 9
31308 1
31309 5
31310 6
31311 7
31312 7
31313 0
31314 8
31315 7
31316 3
31317 9
31318 5
31319 2
31320 1
31321 4
31322 6
31323 1
31324 8
31325 7
31326 9
31327 8
31328 0
31329 3
31330 4
31331 5
31332 7
31333 4
31334 4
31335 6
31336 8
31337 5
31338 7
31339 7
31340 5
31341 4
31342 7
31343 6
31344 4
31345 8
31346 3
31347 2
31348 6
31349 6
31350 8
31351 4
31352 3
31353 6
31354 6
31355 9
31356 7
31357 0
31358 3
31359 4
31360 4
31361 3
31362 8
31363 1
31364 8
31365 8
31366 7
31367 2
31368 6
31369 1
31370 6
31371 8
31372 5
31373 8
31374 7
31375 6
31376 9
31377 9
31378 6
31379 6
31380 3
31381 8
31382 8
31383 7
31384 3
31385 1
31386 9
31387 8
31388 9
31389 0
31390 8
31391 10
31392 1
31393 0
31394 8
31395 5
31396 5
31397 8
31398 9
31399 6
31400 7
31401 7
31402 5
31403 5
31404 4
31405 7
31406 8
31407 5
31408 8
31409 6
31410 0
31411 8
31412 5
31413 7
31414 8
31415 8
31416 3
31417 7
31418 5
31419 8
31420 6
31421 3
31422 6
31423 8
31424 4
31425 9
31426 7
31427 6
31428 9
31429 4
31430 3
31431 5
31432 8
31433 6
31434 7
31435 5
31436 9
31437 3
31438 7
31439 9
31440 6
31441 5
31442 7
31443 6
31444 3
31445 1
31446 7
31447 3
31448 7
31449 2
31450 4
31451 3
31452 3
31453 2
31454 7
31455 5
31456 1
31457 8
31458 1
31459 5
31460 4
31461 1
31462 9
31463 0
31464 3
31465 8
31466 7
31467 4
31468 1
31469 4
31470 5
31471 3
31472 5
31473 1
31474 6
31475 3
31476 5
31477 3
31478 6
31479 5
31480 8
31481 0
31482 7
31483 5
31484 6
31485 6
31486 2
31487 1
31488 8
31489 2
31490 1
31491 7
31492 9
31493 7
31494 3
31495 6
31496 9
31497 8
31498 7
31499 5
31500 9
31501 7
31502 4
31503 6
31504 2
31505 8
31506 9
31507 7
31508 3
31509 7
31510 6
31511 4
31512 4
31513 8
31514 7
31515 0
31516 8
31517 7
31518 1
31519 5
31520 4
31521 6
31522 3
31523 9
31524 8
31525 9
31526 7
31527 8
31528 7
31529 6
31530 7
31531 8
31532 6
31533 8
31534 4
31535 5
31536 3
31537 3
31538 9
31539 9
31540 9
31541 6
31542 3
31543 9
31544 7
31545 5
31546 0
31547 6
31548 9
31549 4
31550 6
31551 4
31552 1
31553 6
31554 6
31555 9
31556 8
31557 5
31558 2
31559 9
31560 5
31561 4
31562 9
31563 4
31564 6
31565 7
31566 3
31567 8
31568 3
31569 9
31570 4
31571 0
31572 3
31573 8
31574 8
31575 5
31576 9
31577 5
31578 9
31579 5
31580 3
31581 6
31582 1
31583 9
31584 8
31585 5
31586 6
31587 3
31588 5
31589 8
31590 7
31591 0
31592 2
31593 0
31594 0
31595 7
31596 7
31597 8
31598 1
31599 7
31600 6
31601 1
31602 2
31603 8
31604 1
31605 5
31606 1
31607 9
31608 3
31609 6
31610 3
31611 1
31612 6
31613 5
31614 7
31615 1
31616 6
31617 5
31618 9
31619 6
31620 5
31621 4
31622 6
31623 6
31624 6
31625 8
31626 6
31627 4
31628 1
31629 3
31630 8
31631 7
31632 6
31633 6
31634 9
31635 4
31636 6
31637 7
31638 4
31639 8
31640 5
31641 6
31642 6
31643 8
31644 9
31645 4
31646 7
31647 6
31648 5
31649 9
31650 5
31651 5
31652 10
31653 9
31654 9
31655 4
31656 2
31657 3
31658 8
31659 6
31660 6
31661 7
31662 6
31663 4
31664 10
31665 7
31666 5
31667 8
31668 6
31669 7
31670 0
31671 4
31672 8
31673 5
31674 7
31675 4
31676 9
31677 1
31678 9
31679 5
31680 6
31681 4
31682 8
31683 4
31684 9
31685 8
31686 7
31687 4
31688 5
31689 9
31690 8
31691 10
31692 9
31693 2
31694 6
31695 6
31696 8
31697 5
31698 6
31699 6
31700 5
31701 9
31702 5
31703 3
31704 4
31705 7
31706 5
31707 1
31708 0
31709 8
31710 1
31711 7
31712 1
31713 9
31714 7
31715 5
31716 5
31717 6
31718 8
31719 7
31720 6
31721 4
31722 6
31723 8
31724 8
31725 2
31726 4
31727 7
31728 1
31729 9
31730 2
31731 0
31732 4
31733 1
31734 0
31735 4
31736 3
31737 3
31738 5
31739 6
31740 5
31741 7
31742 9
31743 3
31744 6
31745 7
31746 1
31747 6
31748 1
31749 6
31750 8
31751 1
31752 5
31753 0
31754 7
31755 3
31756 5
31757 8
31758 1
31759 9
31760 4
31761 7
31762 0
31763 0
31764 6
31765 8
31766 8
31767 4
31768 0
31769 2
31770 6
31771 8
31772 5
31773 10
31774 6
31775 5
31776 5
31777 7
31778 9
31779 6
31780 4
31781 8
31782 4
31783 5
31784 8
31785 9
31786 3
31787 1
31788 7
31789 6
31790 5
31791 5
31792 6
31793 5
31794 7
31795 5
31796 2
31797 6
31798 1
31799 6
31800 8
31801 6
31802 5
31803 5
31804 1
31805 2
31806 7
31807 6
31808 8
31809 3
31810 0
31811 8
31812 7
31813 3
31814 8
31815 8
31816 7
31817 6
31818 4
31819 1
31820 4
31821 6
31822 7
31823 9
31824 8
31825 8
31826 1
31827 6
31828 5
31829 9
31830 5
31831 6
31832 6
31833 3
31834 7
31835 1
31836 5
31837 6
31838 4
31839 5
31840 2
31841 0
31842 7
31843 6
31844 5
31845 6
31846 7
31847 4
31848 2
31849 0
31850 4
31851 8
31852 8
31853 7
31854 8
31855 5
31856 5
31857 1
31858 10
31859 6
31860 2
31861 4
31862 6
31863 6
31864 8
31865 8
31866 6
31867 2
31868 2
31869 8
31870 8
31871 9
31872 3
31873 5
31874 3
31875 7
31876 8
31877 5
31878 5
31879 9
31880 4
31881 8
31882 1
31883 7
31884 5
31885 9
31886 0
31887 6
31888 6
31889 3
31890 7
31891 4
31892 7
31893 7
31894 8
31895 5
31896 9
31897 1
31898 0
31899 8
31900 1
31901 2
31902 7
31903 5
31904 7
31905 9
31906 3
31907 0
31908 4
31909 9
31910 7
31911 5
31912 5
31913 3
31914 4
31915 6
31916 7
31917 7
31918 8
31919 10
31920 0
31921 3
31922 0
31923 1
31924 6
31925 4
31926 6
31927 5
31928 7
31929 6
31930 0
31931 8
31932 8
31933 3
31934 4
31935 6
31936 7
31937 5
31938 8
31939 0
31940 9
31941 6
31942 9
31943 5
31944 2
31945 8
31946 4
31947 6
31948 8
31949 6
31950 2
31951 5
31952 7
31953 2
31954 3
31955 4
31956 8
31957 5
31958 7
31959 5
31960 0
31961 6
31962 9
31963 0
31964 3
31965 1
31966 3
31967 6
31968 1
31969 5
31970 2
31971 2
31972 10
31973 8
31974 3
31975 9
31976 10
31977 6
31978 2
31979 2
31980 5
31981 6
31982 7
31983 4
31984 6
31985 8
31986 8
31987 6
31988 1
31989 8
31990 6
31991 6
31992 8
31993 7
31994 7
31995 1
31996 1
31997 8
31998 3
31999 8
32000 6
32001 5
32002 6
32003 9
32004 5
32005 2
32006 5
32007 8
32008 8
32009 6
32010 9
32011 2
32012 7
32013 7
32014 9
32015 4
32016 8
32017 8
32018 7
32019 7
32020 9
32021 1
32022 0
32023 1
32024 3
32025 0
32026 7
32027 5
32028 7
32029 7
32030 8
32031 6
32032 2
32033 8
32034 2
32035 5
32036 5
32037 0
32038 8
32039 5
32040 1
32041 3
32042 7
32043 2
32044 5
32045 10
32046 7
32047 7
32048 7
32049 0
32050 3
32051 5
32052 4
32053 8
32054 4
32055 9
32056 1
32057 8
32058 8
32059 0
32060 3
32061 7
32062 4
32063 9
32064 7
32065 1
32066 7
32067 8
32068 6
32069 7
32070 7
32071 1
32072 3
32073 3
32074 9
32075 9
32076 7
32077 2
32078 5
32079 5
32080 8
32081 7
32082 9
32083 9
32084 6
32085 6
32086 7
32087 8
32088 6
32089 4
32090 4
32091 4
32092 9
32093 0
32094 6
32095 8
32096 8
32097 5
32098 6
32099 6
32100 9
32101 2
32102 7
32103 8
32104 2
32105 8
32106 5
32107 4
32108 3
32109 8
32110 6
32111 7
32112 6
32113 7
32114 4
32115 8
32116 2
32117 5
32118 3
32119 6
32120 8
32121 6
32122 5
32123 7
32124 1
32125 8
32126 6
32127 7
32128 2
32129 8
32130 7
32131 6
32132 7
32133 3
32134 6
32135 4
32136 1
32137 8
32138 6
32139 8
32140 9
32141 6
32142 3
32143 7
32144 7
32145 5
32146 9
32147 9
32148 4
32149 7
32150 8
32151 6
32152 3
32153 8
32154 5
32155 6
32156 0
32157 7
32158 8
32159 2
32160 4
32161 6
32162 8
32163 9
32164 6
32165 6
32166 7
32167 7
32168 5
32169 3
32170 8
32171 2
32172 5
32173 3
32174 3
32175 1
32176 2
32177 4
32178 8
32179 0
32180 9
32181 6
32182 0
32183 7
32184 2
32185 7
32186 9
32187 9
32188 1
32189 9
32190 8
32191 6
32192 6
32193 3
32194 6
32195 5
32196 5
32197 6
32198 9
32199 10
32200 3
32201 1
32202 6
32203 8
32204 10
32205 4
32206 8
32207 7
32208 7
32209 9
32210 1
32211 7
32212 3
32213 5
32214 7
32215 7
32216 3
32217 8
32218 9
32219 6
32220 7
32221 1
32222 6
32223 8
32224 0
32225 3
32226 1
32227 3
32228 3
32229 8
32230 3
32231 7
32232 7
32233 8
32234 7
32235 8
32236 9
32237 7
32238 7
32239 7
32240 9
32241 9
32242 7
32243 7
32244 8
32245 1
32246 4
32247 9
32248 9
32249 6
32250 1
32251 5
32252 5
32253 9
32254 5
32255 1
32256 1
32257 6
32258 6
32259 6
32260 5
32261 1
32262 6
32263 7
32264 7
32265 3
32266 6
32267 8
32268 3
32269 3
32270 4
32271 0
32272 0
32273 8
32274 5
32275 7
32276 4
32277 8
32278 6
32279 2
32280 6
32281 1
32282 8
32283 5
32284 8
32285 9
32286 6
32287 4
32288 1
32289 9
32290 9
32291 3
32292 6
32293 9
32294 6
32295 8
32296 9
32297 1
32298 8
32299 3
32300 6
32301 8
32302 7
32303 6
32304 8
32305 9
32306 7
32307 9
32308 6
32309 6
32310 7
32311 4
32312 0
32313 7
32314 7
32315 8
32316 8
32317 5
32318 7
32319 2
32320 6
32321 4
32322 4
32323 3
32324 4
32325 5
32326 9
32327 3
32328 8
32329 9
32330 8
32331 7
32332 5
32333 5
32334 9
32335 0
32336 7
32337 8
32338 6
32339 1
32340 5
32341 10
32342 1
32343 4
32344 8
32345 2
32346 7
32347 10
32348 4
32349 1
32350 5
32351 7
32352 8
32353 7
32354 3
32355 5
32356 5
32357 5
32358 4
32359 6
32360 9
32361 6
32362 4
32363 2
32364 8
32365 6
32366 7
32367 7
32368 8
32369 5
32370 0
32371 8
32372 4
32373 5
32374 6
32375 8
32376 1
32377 8
32378 1
32379 7
32380 7
32381 5
32382 6
32383 2
32384 6
32385 8
32386 7
32387 4
32388 7
32389 7
32390 5
32391 5
32392 5
32393 7
32394 4
32395 7
32396 9
32397 8
32398 3
32399 2
32400 6
32401 9
32402 9
32403 8
32404 2
32405 6
32406 4
32407 3
32408 6
32409 8
32410 2
32411 9
32412 3
32413 3
32414 7
32415 5
32416 6
32417 4
32418 5
32419 0
32420 4
32421 9
32422 8
32423 6
32424 7
32425 6
32426 8
32427 9
32428 1
32429 5
32430 7
32431 2
32432 9
32433 8
32434 9
32435 5
32436 4
32437 8
32438 4
32439 7
32440 5
32441 0
32442 2
32443 9
32444 8
32445 5
32446 3
32447 3
32448 9
32449 5
32450 8
32451 7
32452 6
32453 9
32454 7
32455 8
32456 4
32457 8
32458 5
32459 8
32460 0
32461 2
32462 6
32463 4
32464 5
32465 5
32466 5
32467 2
32468 7
32469 6
32470 6
32471 6
32472 7
32473 5
32474 3
32475 9
32476 6
32477 9
32478 6
32479 3
32480 6
32481 1
32482 9
32483 6
32484 9
32485 9
32486 9
32487 8
32488 7
32489 2
32490 3
32491 8
32492 7
32493 9
32494 9
32495 4
32496 8
32497 3
32498 8
32499 8
32500 4
32501 5
32502 9
32503 6
32504 7
32505 1
32506 8
32507 9
32508 7
32509 8
32510 8
32511 6
32512 3
32513 4
32514 5
32515 2
32516 5
32517 7
32518 7
32519 1
32520 7
32521 8
32522 9
32523 10
32524 6
32525 9
32526 4
32527 5
32528 6
32529 8
32530 7
32531 3
32532 8
32533 0
32534 2
32535 0
32536 8
32537 9
32538 2
32539 4
32540 8
32541 9
32542 8
32543 7
32544 6
32545 2
32546 8
32547 3
32548 3
32549 6
32550 6
32551 8
32552 10
32553 3
32554 7
32555 10
32556 4
32557 8
32558 2
32559 9
32560 5
32561 9
32562 8
32563 3
32564 10
32565 4
32566 9
32567 4
32568 1
32569 3
32570 7
32571 6
32572 7
32573 9
32574 7
32575 7
32576 7
32577 0
32578 2
32579 8
32580 4
32581 8
32582 2
32583 6
32584 6
32585 6
32586 8
32587 2
32588 3
32589 6
32590 9
32591 7
32592 7
32593 2
32594 1
32595 7
32596 4
32597 2
32598 9
32599 3
32600 1
32601 10
32602 6
32603 5
32604 5
32605 0
32606 0
32607 7
32608 9
32609 5
32610 3
32611 10
32612 3
32613 5
32614 1
32615 3
32616 7
32617 8
32618 7
32619 8
32620 7
32621 6
32622 1
32623 9
32624 0
32625 9
32626 8
32627 6
32628 5
32629 7
32630 7
32631 8
32632 8
32633 5
32634 8
32635 6
32636 8
32637 7
32638 6
32639 5
32640 7
32641 5
32642 4
32643 3
32644 7
32645 8
32646 8
32647 4
32648 8
32649 10
32650 9
32651 3
32652 7
32653 4
32654 3
32655 6
32656 6
32657 5
32658 7
32659 4
32660 1
32661 4
32662 7
32663 0
32664 9
32665 2
32666 9
32667 2
32668 1
32669 8
32670 4
32671 8
32672 2
32673 7
32674 8
32675 4
32676 6
32677 8
32678 5
32679 7
32680 8
32681 6
32682 7
32683 3
32684 7
32685 7
32686 3
32687 2
32688 9
32689 5
32690 3
32691 4
32692 8
32693 1
32694 1
32695 7
32696 8
32697 1
32698 3
32699 9
32700 4
32701 8
32702 0
32703 4
32704 3
32705 1
32706 4
32707 8
32708 7
32709 6
32710 9
32711 4
32712 8
32713 8
32714 7
32715 7
32716 1
32717 5
32718 7
32719 5
32720 10
32721 7
32722 6
32723 5
32724 2
32725 6
32726 6
32727 8
32728 4
32729 6
32730 6
32731 6
32732 1
32733 6
32734 2
32735 4
32736 5
32737 6
32738 8
32739 4
32740 2
32741 1
32742 8
32743 3
32744 6
32745 6
32746 0
32747 4
32748 8
32749 3
32750 5
32751 8
32752 9
32753 9
32754 5
32755 6
32756 8
32757 7
32758 8
32759 0
32760 6
32761 2
32762 6
32763 8
32764 9
32765 6
32766 0
32767 8
32768 9
32769 0
32770 7
32771 7
32772 3
32773 4
32774 9
32775 8
32776 8
32777 4
32778 8
32779 2
32780 5
32781 6
32782 7
32783 8
32784 8
32785 3
32786 9
32787 6
32788 2
32789 9
32790 5
32791 7
32792 6
32793 5
32794 7
32795 3
32796 8
32797 9
32798 6
32799 1
32800 5
32801 8
32802 7
32803 0
32804 6
32805 9
32806 8
32807 0
32808 6
32809 9
32810 7
32811 8
32812 6
32813 5
32814 5
32815 7
32816 8
32817 4
32818 8
32819 4
32820 4
32821 6
32822 0
32823 4
32824 4
32825 5
32826 6
32827 7
32828 2
32829 8
32830 5
32831 7
32832 7
32833 2
32834 6
32835 5
32836 1
32837 3
32838 0
32839 7
32840 4
32841 0
32842 4
32843 9
32844 8
32845 4
32846 5
32847 4
32848 5
32849 5
32850 8
32851 1
32852 5
32853 2
32854 0
32855 8
32856 10
32857 9
32858 8
32859 7
32860 1
32861 9
32862 7
32863 7
32864 8
32865 3
32866 9
32867 9
32868 7
32869 8
32870 0
32871 6
32872 5
32873 9
32874 1
32875 0
32876 5
32877 4
32878 7
32879 3
32880 5
32881 1
32882 1
32883 6
32884 3
32885 5
32886 4
32887 2
32888 2
32889 2
32890 6
32891 1
32892 6
32893 3
32894 9
32895 8
32896 4
32897 1
32898 7
32899 2
32900 5
32901 4
32902 10
32903 7
32904 6
32905 5
32906 9
32907 2
32908 9
32909 9
32910 5
32911 2
32912 3
32913 9
32914 5
32915 2
32916 5
32917 0
32918 4
32919 7
32920 7
32921 3
32922 8
32923 2
32924 9
32925 5
32926 7
32927 6
32928 3
32929 6
32930 0
32931 9
32932 2
32933 8
32934 8
32935 0
32936 7
32937 5
32938 6
32939 9
32940 9
32941 7
32942 2
32943 9
32944 4
32945 1
32946 6
32947 9
32948 8
32949 1
32950 9
32951 7
32952 9
32953 5
32954 6
32955 8
32956 6
32957 6
32958 6
32959 8
32960 2
32961 4
32962 6
32963 3
32964 9
32965 3
32966 4
32967 7
32968 7
32969 6
32970 7
32971 8
32972 1
32973 4
32974 2
32975 7
32976 7
32977 6
32978 6
32979 9
32980 8
32981 6
32982 4
32983 7
32984 3
32985 4
32986 4
32987 8
32988 2
32989 6
32990 6
32991 9
32992 1
32993 8
32994 7
32995 8
32996 5
32997 5
32998 0
32999 9
33000 3
33001 6
33002 5
33003 8
33004 8
33005 8
33006 3
33007 5
33008 9
33009 8
33010 0
33011 6
33012 8
33013 7
33014 7
33015 6
33016 0
33017 3
33018 7
33019 1
33020 2
33021 7
33022 7
33023 6
33024 5
33025 3
33026 6
33027 8
33028 6
33029 2
33030 9
33031 4
33032 9
33033 7
33034 9
33035 1
33036 7
33037 8
33038 2
33039 3
33040 8
33041 1
33042 3
33043 4
33044 7
33045 7
33046 5
33047 7
33048 5
33049 1
33050 2
33051 10
33052 9
33053 8
33054 6
33055 4
33056 3
33057 6
33058 5
33059 7
33060 8
33061 8
33062 3
33063 9
33064 8
33065 6
33066 6
33067 2
33068 10
33069 4
33070 9
33071 8
33072 2
33073 7
33074 2
33075 9
33076 3
33077 6
33078 8
33079 9
33080 5
33081 6
33082 5
33083 9
33084 5
33085 9
33086 8
33087 0
33088 9
33089 4
33090 7
33091 9
33092 4
33093 7
33094 5
33095 4
33096 7
33097 5
33098 1
33099 2
33100 7
33101 9
33102 5
33103 7
33104 6
33105 5
33106 10
33107 0
33108 0
33109 8
33110 7
33111 9
33112 2
33113 8
33114 0
33115 2
33116 7
33117 8
33118 6
33119 7
33120 7
33121 4
33122 5
33123 2
33124 7
33125 6
33126 8
33127 7
33128 4
33129 8
33130 10
33131 5
33132 4
33133 7
33134 3
33135 4
33136 6
33137 6
33138 4
33139 6
33140 5
33141 0
33142 6
33143 6
33144 7
33145 2
33146 4
33147 7
33148 9
33149 7
33150 7
33151 8
33152 8
33153 5
33154 3
33155 3
33156 5
33157 4
33158 8
33159 6
33160 3
33161 4
33162 8
33163 8
33164 4
33165 4
33166 2
33167 2
33168 10
33169 2
33170 7
33171 5
33172 5
33173 7
33174 0
33175 9
33176 6
33177 0
33178 5
33179 1
33180 9
33181 3
33182 7
33183 7
33184 9
33185 9
33186 7
33187 8
33188 8
33189 0
33190 0
33191 7
33192 9
33193 8
33194 3
33195 7
33196 8
33197 2
33198 7
33199 9
33200 4
33201 10
33202 8
33203 4
33204 4
33205 9
33206 6
33207 7
33208 5
33209 4
33210 4
33211 9
33212 0
33213 7
33214 6
33215 9
33216 8
33217 3
33218 4
33219 10
33220 6
33221 2
33222 8
33223 3
33224 2
33225 7
33226 0
33227 7
33228 7
33229 1
33230 6
33231 5
33232 8
33233 7
33234 4
33235 5
33236 6
33237 8
33238 2
33239 7
33240 6
33241 2
33242 5
33243 9
33244 8
33245 6
33246 8
33247 9
33248 8
33249 7
33250 9
33251 9
33252 9
33253 8
33254 8
33255 5
33256 8
33257 6
33258 4
33259 7
33260 0
33261 6
33262 2
33263 7
33264 3
33265 4
33266 10
33267 7
33268 9
33269 8
33270 2
33271 4
33272 10
33273 6
33274 4
33275 6
33276 0
33277 3
33278 9
33279 6
33280 7
33281 8
33282 3
33283 6
33284 6
33285 1
33286 8
33287 9
33288 8
33289 2
33290 2
33291 7
33292 5
33293 4
33294 7
33295 5
33296 8
33297 5
33298 7
33299 7
33300 5
33301 3
33302 4
33303 7
33304 7
33305 4
33306 6
33307 7
33308 7
33309 8
33310 2
33311 7
33312 4
33313 6
33314 9
33315 7
33316 2
33317 1
33318 9
33319 0
33320 8
33321 7
33322 9
33323 6
33324 5
33325 6
33326 8
33327 6
33328 2
33329 8
33330 5
33331 2
33332 8
33333 9
33334 4
33335 9
33336 6
33337 1
33338 3
33339 8
33340 7
33341 5
33342 8
33343 7
33344 7
33345 7
33346 2
33347 8
33348 8
33349 7
33350 5
33351 2
33352 2
33353 1
33354 7
33355 8
33356 6
33357 8
33358 9
33359 8
33360 2
33361 9
33362 4
33363 8
33364 3
33365 6
33366 7
33367 3
33368 0
33369 1
33370 0
33371 3
33372 9
33373 7
33374 0
33375 7
33376 8
33377 8
33378 6
33379 9
33380 8
33381 7
33382 4
33383 8
33384 4
33385 8
33386 8
33387 6
33388 6
33389 8
33390 7
33391 6
33392 8
33393 7
33394 9
33395 5
33396 9
33397 10
33398 8
33399 9
33400 5
33401 10
33402 7
33403 6
33404 5
33405 7
33406 4
33407 5
33408 6
33409 8
33410 7
33411 4
33412 4
33413 1
33414 6
33415 3
33416 6
33417 6
33418 5
33419 5
33420 7
33421 6
33422 8
33423 3
33424 6
33425 3
33426 6
33427 8
33428 6
33429 7
33430 5
33431 1
33432 5
33433 5
33434 3
33435 8
33436 2
33437 7
33438 8
33439 0
33440 1
33441 8
33442 3
33443 5
33444 8
33445 7
33446 3
33447 6
33448 8
33449 4
33450 3
33451 2
33452 1
33453 8
33454 6
33455 2
33456 2
33457 9
33458 9
33459 0
33460 9
33461 1
33462 8
33463 4
33464 1
33465 7
33466 4
33467 6
33468 7
33469 3
33470 8
33471 4
33472 9
33473 5
33474 7
33475 3
33476 8
33477 6
33478 3
33479 6
33480 7
33481 9
33482 5
33483 8
33484 0
33485 5
33486 7
33487 3
33488 8
33489 7
33490 6
33491 6
33492 7
33493 10
33494 4
33495 5
33496 0
33497 6
33498 1
33499 9
33500 5
33501 6
33502 8
33503 8
33504 7
33505 7
33506 7
33507 8
33508 8
33509 4
33510 2
33511 7
33512 4
33513 1
33514 7
33515 9
33516 9
33517 7
33518 9
33519 8
33520 8
33521 4
33522 7
33523 1
33524 8
33525 0
33526 5
33527 4
33528 9
33529 10
33530 9
33531 4
33532 9
33533 8
33534 8
33535 4
33536 9
33537 6
33538 4
33539 1
33540 9
33541 6
33542 4
33543 4
33544 8
33545 5
33546 4
33547 7
33548 9
33549 7
33550 8
33551 8
33552 3
33553 7
33554 10
33555 5
33556 2
33557 9
33558 5
33559 9
33560 6
33561 6
33562 8
33563 6
33564 4
33565 8
33566 7
33567 5
33568 7
33569 9
33570 7
33571 6
33572 9
33573 9
33574 5
33575 7
33576 0
33577 2
33578 0
33579 4
33580 2
33581 8
33582 9
33583 8
33584 6
33585 9
33586 4
33587 4
33588 3
33589 8
33590 2
33591 7
33592 5
33593 7
33594 9
33595 10
33596 7
33597 8
33598 5
33599 7
33600 9
33601 9
33602 4
33603 6
33604 6
33605 7
33606 9
33607 8
33608 3
33609 8
33610 0
33611 8
33612 7
33613 4
33614 4
33615 6
33616 5
33617 8
33618 5
33619 9
33620 4
33621 6
33622 3
33623 9
33624 7
33625 9
33626 6
33627 7
33628 4
33629 7
33630 6
33631 7
33632 8
33633 5
33634 7
33635 8
33636 6
33637 10
33638 10
33639 8
33640 4
33641 2
33642 7
33643 8
33644 6
33645 7
33646 2
33647 3
33648 2
33649 2
33650 4
33651 2
33652 9
33653 9
33654 7
33655 8
33656 7
33657 4
33658 10
33659 1
33660 10
33661 5
33662 7
33663 6
33664 3
33665 0
33666 9
33667 4
33668 6
33669 4
33670 8
33671 4
33672 8
33673 3
33674 7
33675 6
33676 7
33677 5
33678 7
33679 6
33680 7
33681 6
33682 6
33683 9
33684 4
33685 7
33686 9
33687 9
33688 3
33689 9
33690 8
33691 7
33692 7
33693 3
33694 8
33695 2
33696 5
33697 8
33698 4
33699 2
33700 3
33701 7
33702 2
33703 6
33704 6
33705 8
33706 1
33707 2
33708 6
33709 9
33710 6
33711 9
33712 2
33713 2
33714 9
33715 7
33716 4
33717 1
33718 3
33719 1
33720 7
33721 8
33722 8
33723 5
33724 7
33725 1
33726 5
33727 3
33728 3
33729 5
33730 4
33731 7
33732 1
33733 6
33734 6
33735 3
33736 8
33737 6
33738 10
33739 8
33740 0
33741 5
33742 8
33743 5
33744 8
33745 10
33746 7
33747 9
33748 6
33749 8
33750 5
33751 6
33752 4
33753 2
33754 8
33755 2
33756 9
33757 7
33758 5
33759 8
33760 6
33761 9
33762 9
33763 4
33764 7
33765 2
33766 6
33767 7
33768 9
33769 0
33770 9
33771 9
33772 9
33773 10
33774 9
33775 9
33776 2
33777 5
33778 4
33779 3
33780 8
33781 8
33782 4
33783 5
33784 9
33785 7
33786 0
33787 3
33788 1
33789 3
33790 8
33791 9
33792 0
33793 7
33794 9
33795 8
33796 4
33797 4
33798 5
33799 8
33800 9
33801 6
33802 6
33803 8
33804 1
33805 6
33806 2
33807 1
33808 6
33809 9
33810 9
33811 4
33812 4
33813 8
33814 8
33815 8
33816 8
33817 7
33818 1
33819 2
33820 3
33821 5
33822 6
33823 8
33824 7
33825 8
33826 4
33827 0
33828 7
33829 2
33830 4
33831 7
33832 8
33833 5
33834 5
33835 6
33836 1
33837 7
33838 5
33839 3
33840 5
33841 1
33842 8
33843 7
33844 9
33845 5
33846 8
33847 5
33848 3
33849 7
33850 9
33851 9
33852 10
33853 8
33854 8
33855 7
33856 4
33857 10
33858 10
33859 1
33860 9
33861 7
33862 0
33863 5
33864 2
33865 8
33866 7
33867 1
33868 1
33869 6
33870 10
33871 9
33872 7
33873 0
33874 8
33875 8
33876 4
33877 4
33878 2
33879 7
33880 2
33881 3
33882 9
33883 8
33884 6
33885 0
33886 2
33887 3
33888 6
33889 6
33890 3
33891 7
33892 7
33893 4
33894 1
33895 6
33896 4
33897 9
33898 9
33899 7
33900 5
33901 5
33902 1
33903 10
33904 5
33905 8
33906 2
33907 0
33908 4
33909 5
33910 6
33911 9
33912 8
33913 4
33914 6
33915 8
33916 3
33917 5
33918 7
33919 3
33920 6
33921 8
33922 4
33923 9
33924 9
33925 4
33926 9
33927 4
33928 7
33929 6
33930 9
33931 7
33932 6
33933 5
33934 0
33935 5
33936 2
33937 6
33938 2
33939 3
33940 4
33941 6
33942 2
33943 1
33944 6
33945 8
33946 7
33947 8
33948 5
33949 7
33950 5
33951 8
33952 7
33953 4
33954 1
33955 8
33956 3
33957 5
33958 10
33959 6
33960 7
33961 8
33962 9
33963 5
33964 9
33965 6
33966 5
33967 3
33968 7
33969 10
33970 8
33971 7
33972 2
33973 8
33974 5
33975 8
33976 7
33977 9
33978 3
33979 4
33980 6
33981 8
33982 9
33983 7
33984 2
33985 4
33986 7
33987 6
33988 4
33989 7
33990 9
33991 9
33992 10
33993 7
33994 1
33995 1
33996 1
33997 4
33998 10
33999 8
34000 6
34001 7
34002 5
34003 2
34004 8
34005 7
34006 8
34007 8
34008 6
34009 6
34010 7
34011 7
34012 10
34013 10
34014 8
34015 5
34016 4
34017 7
34018 7
34019 5
34020 9
34021 6
34022 9
34023 8
34024 3
34025 8
34026 8
34027 3
34028 7
34029 6
34030 0
34031 6
34032 9
34033 7
34034 9
34035 8
34036 4
34037 7
34038 6
34039 10
34040 9
34041 9
34042 2
34043 7
34044 9
34045 2
34046 8
34047 9
34048 5
34049 4
34050 6
34051 4
34052 8
34053 4
34054 5
34055 1
34056 2
34057 5
34058 9
34059 5
34060 1
34061 8
34062 7
34063 3
34064 2
34065 7
34066 10
34067 7
34068 9
34069 6
34070 9
34071 1
34072 10
34073 7
34074 5
34075 6
34076 2
34077 5
34078 8
34079 4
34080 4
34081 6
34082 9
34083 1
34084 7
34085 7
34086 7
34087 7
34088 8
34089 4
34090 6
34091 6
34092 3
34093 4
34094 3
34095 6
34096 7
34097 8
34098 6
34099 9
34100 3
34101 6
34102 1
34103 7
34104 2
34105 0
34106 1
34107 6
34108 8
34109 5
34110 7
34111 4
34112 9
34113 8
34114 3
34115 5
34116 9
34117 7
34118 0
34119 4
34120 1
34121 6
34122 4
34123 5
34124 3
34125 3
34126 10
34127 7
34128 4
34129 7
34130 2
34131 7
34132 4
34133 2
34134 4
34135 2
34136 4
34137 4
34138 5
34139 5
34140 5
34141 6
34142 8
34143 10
34144 4
34145 0
34146 9
34147 3
34148 8
34149 1
34150 1
34151 7
34152 9
34153 3
34154 6
34155 5
34156 1
34157 1
34158 7
34159 5
34160 4
34161 0
34162 6
34163 8
34164 3
34165 10
34166 7
34167 4
34168 1
34169 9
34170 3
34171 1
34172 9
34173 6
34174 8
34175 4
34176 6
34177 8
34178 9
34179 7
34180 6
34181 4
34182 3
34183 0
34184 5
34185 6
34186 6
34187 8
34188 6
34189 5
34190 8
34191 3
34192 7
34193 3
34194 8
34195 5
34196 6
34197 5
34198 6
34199 4
34200 8
34201 9
34202 6
34203 9
34204 0
34205 2
34206 5
34207 7
34208 10
34209 8
34210 8
34211 9
34212 6
34213 3
34214 2
34215 2
34216 6
34217 2
34218 4
34219 7
34220 9
34221 5
34222 8
34223 8
34224 9
34225 10
34226 0
34227 1
34228 6
34229 8
34230 7
34231 5
34232 1
34233 8
34234 7
34235 8
34236 4
34237 4
34238 8
34239 8
34240 6
34241 9
34242 9
34243 1
34244 7
34245 7
34246 5
34247 5
34248 8
34249 8
34250 4
34251 6
34252 4
34253 9
34254 5
34255 10
34256 5
34257 9
34258 0
34259 6
34260 6
34261 5
34262 5
34263 6
34264 0
34265 5
34266 3
34267 5
34268 2
34269 6
34270 8
34271 0
34272 6
34273 9
34274 1
34275 8
34276 5
34277 8
34278 3
34279 9
34280 7
34281 3
34282 6
34283 5
34284 8
34285 7
34286 9
34287 8
34288 8
34289 9
34290 4
34291 5
34292 10
34293 3
34294 5
34295 6
34296 2
34297 8
34298 8
34299 2
34300 6
34301 7
34302 9
34303 2
34304 8
34305 7
34306 2
34307 6
34308 6
34309 9
34310 3
34311 9
34312 6
34313 10
34314 7
34315 6
34316 9
34317 6
34318 7
34319 4
34320 9
34321 4
34322 0
34323 4
34324 8
34325 7
34326 7
34327 8
34328 3
34329 7
34330 9
34331 5
34332 6
34333 7
34334 8
34335 0
34336 4
34337 9
34338 9
34339 7
34340 0
34341 10
34342 2
34343 5
34344 8
34345 3
34346 7
34347 2
34348 4
34349 7
34350 8
34351 3
34352 4
34353 2
34354 7
34355 5
34356 6
34357 8
34358 5
34359 4
34360 0
34361 10
34362 3
34363 7
34364 0
34365 6
34366 4
34367 9
34368 3
34369 5
34370 8
34371 4
34372 9
34373 4
34374 5
34375 6
34376 8
34377 5
34378 7
34379 4
34380 8
34381 6
34382 6
34383 6
34384 10
34385 7
34386 2
34387 2
34388 9
34389 9
34390 2
34391 8
34392 2
34393 5
34394 5
34395 8
34396 10
34397 3
34398 7
34399 2
34400 7
34401 5
34402 7
34403 6
34404 9
34405 7
34406 9
34407 7
34408 0
34409 8
34410 3
34411 2
34412 6
34413 9
34414 4
34415 7
34416 1
34417 8
34418 8
34419 8
34420 0
34421 10
34422 9
34423 0
34424 0
34425 6
34426 0
34427 6
34428 7
34429 8
34430 5
34431 4
34432 7
34433 8
34434 9
34435 5
34436 3
34437 9
34438 8
34439 6
34440 7
34441 9
34442 7
34443 2
34444 4
34445 2
34446 1
34447 4
34448 8
34449 8
34450 0
34451 4
34452 2
34453 9
34454 2
34455 3
34456 3
34457 8
34458 8
34459 3
34460 6
34461 5
34462 7
34463 6
34464 6
34465 4
34466 0
34467 5
34468 9
34469 7
34470 1
34471 7
34472 9
34473 0
34474 7
34475 4
34476 8
34477 9
34478 8
34479 8
34480 5
34481 6
34482 4
34483 9
34484 10
34485 7
34486 5
34487 9
34488 5
34489 7
34490 2
34491 1
34492 3
34493 10
34494 7
34495 9
34496 4
34497 5
34498 8
34499 5
34500 10
34501 7
34502 7
34503 5
34504 8
34505 6
34506 6
34507 4
34508 7
34509 6
34510 2
34511 7
34512 6
34513 9
34514 7
34515 0
34516 7
34517 7
34518 9
34519 6
34520 1
34521 9
34522 3
34523 6
34524 4
34525 5
34526 3
34527 10
34528 8
34529 3
34530 1
34531 1
34532 2
34533 6
34534 5
34535 5
34536 10
34537 8
34538 2
34539 11
34540 6
34541 8
34542 4
34543 7
34544 5
34545 8
34546 3
34547 4
34548 3
34549 3
34550 7
34551 2
34552 1
34553 8
34554 10
34555 9
34556 5
34557 8
34558 8
34559 9
34560 6
34561 9
34562 9
34563 8
34564 3
34565 6
34566 4
34567 3
34568 9
34569 8
34570 8
34571 10
34572 6
34573 7
34574 9
34575 8
34576 10
34577 6
34578 4
34579 3
34580 5
34581 5
34582 2
34583 6
34584 6
34585 9
34586 7
34587 8
34588 0
34589 5
34590 10
34591 5
34592 0
34593 7
34594 0
34595 9
34596 4
34597 2
34598 5
34599 2
34600 7
34601 7
34602 6
34603 7
34604 7
34605 2
34606 8
34607 7
34608 2
34609 6
34610 4
34611 0
34612 8
34613 3
34614 8
34615 6
34616 10
34617 3
34618 8
34619 7
34620 4
34621 7
34622 9
34623 8
34624 6
34625 5
34626 8
34627 3
34628 9
34629 8
34630 5
34631 0
34632 1
34633 8
34634 4
34635 7
34636 4
34637 1
34638 7
34639 2
34640 4
34641 4
34642 4
34643 4
34644 4
34645 6
34646 4
34647 7
34648 4
34649 7
34650 7
34651 7
34652 8
34653 8
34654 3
34655 7
34656 10
34657 2
34658 1
34659 7
34660 6
34661 2
34662 5
34663 5
34664 9
34665 8
34666 7
34667 1
34668 8
34669 7
34670 9
34671 5
34672 9
34673 2
34674 4
34675 9
34676 8
34677 7
34678 9
34679 6
34680 0
34681 5
34682 9
34683 0
34684 3
34685 0
34686 5
34687 6
34688 9
34689 8
34690 9
34691 4
34692 8
34693 4
34694 9
34695 5
34696 9
34697 2
34698 5
34699 2
34700 1
34701 8
34702 8
34703 4
34704 7
34705 7
34706 2
34707 6
34708 8
34709 3
34710 7
34711 8
34712 3
34713 8
34714 3
34715 5
34716 1
34717 9
34718 7
34719 9
34720 8
34721 5
34722 6
34723 8
34724 0
34725 9
34726 9
34727 10
34728 5
34729 7
34730 2
34731 7
34732 6
34733 8
34734 9
34735 6
34736 6
34737 9
34738 6
34739 7
34740 6
34741 10
34742 3
34743 6
34744 10
34745 7
34746 2
34747 5
34748 9
34749 9
34750 9
34751 1
34752 8
34753 8
34754 1
34755 7
34756 3
34757 5
34758 2
34759 0
34760 8
34761 9
34762 7
34763 6
34764 2
34765 7
34766 6
34767 7
34768 7
34769 4
34770 8
34771 0
34772 4
34773 8
34774 3
34775 1
34776 6
34777 8
34778 9
34779 3
34780 9
34781 8
34782 9
34783 0
34784 9
34785 5
34786 8
34787 9
34788 9
34789 5
34790 8
34791 9
34792 5
34793 3
34794 10
34795 7
34796 7
34797 9
34798 6
34799 8
34800 1
34801 7
34802 0
34803 8
34804 8
34805 9
34806 4
34807 9
34808 7
34809 10
34810 4
34811 0
34812 9
34813 5
34814 5
34815 9
34816 4
34817 5
34818 8
34819 9
34820 4
34821 5
34822 0
34823 9
34824 6
34825 9
34826 2
34827 0
34828 8
34829 8
34830 8
34831 3
34832 5
34833 3
34834 10
34835 9
34836 10
34837 10
34838 8
34839 2
34840 3
34841 1
34842 7
34843 8
34844 2
34845 2
34846 7
34847 8
34848 8
34849 8
34850 8
34851 6
34852 7
34853 8
34854 0
34855 1
34856 4
34857 6
34858 0
34859 8
34860 2
34861 2
34862 7
34863 9
34864 4
34865 2
34866 5
34867 6
34868 5
34869 8
34870 7
34871 10
34872 4
34873 7
34874 9
34875 6
34876 9
34877 3
34878 3
34879 4
34880 4
34881 6
34882 10
34883 6
34884 9
34885 8
34886 7
34887 6
34888 7
34889 0
34890 9
34891 9
34892 8
34893 8
34894 3
34895 7
34896 9
34897 4
34898 7
34899 7
34900 2
34901 9
34902 6
34903 6
34904 5
34905 7
34906 9
34907 7
34908 3
34909 9
34910 3
34911 9
34912 6
34913 1
34914 8
34915 8
34916 4
34917 6
34918 0
34919 7
34920 7
34921 2
34922 8
34923 0
34924 6
34925 4
34926 8
34927 3
34928 9
34929 8
34930 7
34931 9
34932 9
34933 5
34934 11
34935 2
34936 1
34937 5
34938 1
34939 6
34940 7
34941 7
34942 7
34943 4
34944 5
34945 6
34946 10
34947 1
34948 2
34949 2
34950 7
34951 4
34952 8
34953 8
34954 1
34955 6
34956 4
34957 7
34958 6
34959 6
34960 0
34961 2
34962 5
34963 6
34964 7
34965 6
34966 7
34967 9
34968 5
34969 4
34970 8
34971 6
34972 0
34973 2
34974 9
34975 6
34976 8
34977 3
34978 8
34979 3
34980 8
34981 6
34982 7
34983 7
34984 9
34985 8
34986 8
34987 4
34988 7
34989 6
34990 7
34991 3
34992 10
34993 6
34994 9
34995 2
34996 1
34997 5
34998 7
34999 5
35000 7
35001 5
35002 3
35003 0
35004 6
35005 8
35006 9
35007 3
35008 9
35009 5
35010 9
35011 8
35012 9
35013 8
35014 9
35015 5
35016 6
35017 2
35018 3
35019 9
35020 8
35021 1
35022 7
35023 5
35024 2
35025 5
35026 1
35027 7
35028 5
35029 10
35030 9
35031 5
35032 8
35033 9
35034 6
35035 8
35036 5
35037 0
35038 9
35039 2
35040 2
35041 2
35042 0
35043 1
35044 3
35045 7
35046 7
35047 9
35048 3
35049 3
35050 8
35051 8
35052 7
35053 3
35054 3
35055 6
35056 5
35057 1
35058 8
35059 5
35060 6
35061 7
35062 8
35063 6
35064 5
35065 9
35066 6
35067 8
35068 2
35069 3
35070 6
35071 8
35072 8
35073 9
35074 6
35075 6
35076 4
35077 5
35078 8
35079 5
35080 4
35081 3
35082 6
35083 6
35084 3
35085 7
35086 1
35087 7
35088 4
35089 9
35090 7
35091 8
35092 5
35093 1
35094 9
35095 9
35096 7
35097 7
35098 6
35099 1
35100 5
35101 5
35102 6
35103 0
35104 10
35105 6
35106 8
35107 8
35108 9
35109 5
35110 3
35111 3
35112 3
35113 7
35114 7
35115 5
35116 3
35117 9
35118 9
35119 8
35120 3
35121 8
35122 3
35123 4
35124 4
35125 7
35126 9
35127 10
35128 5
35129 5
35130 8
35131 10
35132 8
35133 6
35134 6
35135 4
35136 10
35137 3
35138 8
35139 2
35140 3
35141 7
35142 5
35143 1
35144 8
35145 5
35146 3
35147 8
35148 3
35149 2
35150 6
35151 0
35152 8
35153 6
35154 10
35155 9
35156 0
35157 5
35158 5
35159 5
35160 9
35161 7
35162 5
35163 3
35164 4
35165 3
35166 8
35167 8
35168 6
35169 8
35170 4
35171 5
35172 0
35173 8
35174 8
35175 9
35176 3
35177 9
35178 5
35179 5
35180 1
35181 4
35182 8
35183 5
35184 7
35185 5
35186 8
35187 8
35188 5
35189 6
35190 7
35191 7
35192 5
35193 6
35194 6
35195 3
35196 10
35197 8
35198 4
35199 1
35200 6
35201 2
35202 9
35203 8
35204 9
35205 7
35206 0
35207 7
35208 4
35209 7
35210 5
35211 1
35212 9
35213 6
35214 9
35215 8
35216 3
35217 7
35218 6
35219 7
35220 1
35221 1
35222 8
35223 6
35224 10
35225 7
35226 7
35227 2
35228 6
35229 7
35230 7
35231 3
35232 2
35233 6
35234 8
35235 8
35236 3
35237 8
35238 9
35239 5
35240 8
35241 4
35242 4
35243 3
35244 8
35245 9
35246 8
35247 9
35248 0
35249 8
35250 8
35251 7
35252 8
35253 9
35254 9
35255 4
35256 8
35257 7
35258 10
35259 8
35260 9
35261 0
35262 5
35263 3
35264 9
35265 8
35266 5
35267 3
35268 4
35269 3
35270 3
35271 7
35272 4
35273 5
35274 9
35275 1
35276 7
35277 9
35278 9
35279 8
35280 7
35281 4
35282 7
35283 7
35284 6
35285 9
35286 6
35287 2
35288 1
35289 6
35290 8
35291 0
35292 8
35293 3
35294 6
35295 8
35296 7
35297 9
35298 7
35299 8
35300 10
35301 2
35302 4
35303 6
35304 4
35305 8
35306 6
35307 8
35308 8
35309 8
35310 8
35311 1
35312 6
35313 7
35314 5
35315 5
35316 3
35317 5
35318 6
35319 0
35320 3
35321 7
35322 4
35323 7
35324 10
35325 8
35326 2
35327 4
35328 6
35329 9
35330 6
35331 7
35332 3
35333 8
35334 8
35335 7
35336 3
35337 2
35338 6
35339 5
35340 3
35341 1
35342 9
35343 9
35344 7
35345 5
35346 6
35347 6
35348 2
35349 0
35350 10
35351 10
35352 0
35353 8
35354 7
35355 11
35356 6
35357 8
35358 9
35359 8
35360 7
35361 11
35362 8
35363 8
35364 3
35365 8
35366 6
35367 1
35368 0
35369 9
35370 9
35371 7
35372 9
35373 7
35374 9
35375 1
35376 3
35377 9
35378 4
35379 4
35380 5
35381 9
35382 1
35383 8
35384 8
35385 2
35386 1
35387 4
35388 8
35389 9
35390 8
35391 5
35392 8
35393 1
35394 0
35395 10
35396 8
35397 7
35398 4
35399 1
35400 6
35401 1
35402 8
35403 10
35404 9
35405 9
35406 4
35407 8
35408 3
35409 9
35410 7
35411 0
35412 5
35413 6
35414 8
35415 2
35416 4
35417 9
35418 9
35419 6
35420 10
35421 9
35422 10
35423 2
35424 5
35425 7
35426 8
35427 7
35428 0
35429 5
35430 5
35431 7
35432 7
35433 5
35434 3
35435 7
35436 4
35437 3
35438 9
35439 0
35440 5
35441 6
35442 10
35443 2
35444 8
35445 1
35446 1
35447 8
35448 9
35449 0
35450 9
35451 10
35452 8
35453 9
35454 9
35455 9
35456 8
35457 8
35458 8
35459 0
35460 3
35461 5
35462 1
35463 9
35464 4
35465 3
35466 8
35467 8
35468 1
35469 0
35470 8
35471 5
35472 8
35473 4
35474 8
35475 8
35476 5
35477 5
35478 1
35479 6
35480 10
35481 4
35482 9
35483 8
35484 2
35485 7
35486 6
35487 8
35488 6
35489 1
35490 2
35491 4
35492 7
35493 2
35494 3
35495 8
35496 1
35497 1
35498 10
35499 7
35500 8
35501 8
35502 6
35503 10
35504 2
35505 2
35506 10
35507 9
35508 6
35509 0
35510 4
35511 10
35512 9
35513 7
35514 10
35515 6
35516 10
35517 6
35518 2
35519 5
35520 9
35521 3
35522 6
35523 4
35524 5
35525 8
35526 5
35527 8
35528 7
35529 3
35530 0
35531 9
35532 8
35533 4
35534 5
35535 1
35536 9
35537 8
35538 8
35539 4
35540 3
35541 6
35542 6
35543 9
35544 9
35545 6
35546 9
35547 6
35548 7
35549 2
35550 5
35551 3
35552 4
35553 8
35554 8
35555 9
35556 8
35557 7
35558 6
35559 7
35560 3
35561 5
35562 2
35563 9
35564 6
35565 2
35566 0
35567 7
35568 9
35569 1
35570 10
35571 4
35572 3
35573 9
35574 3
35575 3
35576 7
35577 8
35578 8
35579 6
35580 3
35581 10
35582 9
35583 9
35584 5
35585 8
35586 2
35587 9
35588 3
35589 8
35590 0
35591 8
35592 9
35593 8
35594 4
35595 8
35596 5
35597 10
35598 8
35599 7
35600 5
35601 9
35602 9
35603 8
35604 8
35605 6
35606 7
35607 7
35608 9
35609 8
35610 4
35611 3
35612 2
35613 7
35614 5
35615 6
35616 9
35617 9
35618 6
35619 7
35620 10
35621 10
35622 7
35623 7
35624 9
35625 4
35626 7
35627 8
35628 7
35629 4
35630 9
35631 7
35632 8
35633 10
35634 8
35635 5
35636 9
35637 9
35638 5
35639 1
35640 7
35641 8
35642 3
35643 1
35644 0
35645 5
35646 2
35647 9
35648 7
35649 4
35650 1
35651 8
35652 8
35653 7
35654 2
35655 8
35656 2
35657 3
35658 8
35659 6
35660 2
35661 10
35662 2
35663 4
35664 7
35665 4
35666 1
35667 10
35668 4
35669 4
35670 2
35671 6
35672 6
35673 9
35674 5
35675 3
35676 5
35677 0
35678 2
35679 6
35680 9
35681 7
35682 6
35683 7
35684 5
35685 4
35686 0
35687 9
35688 10
35689 5
35690 0
35691 3
35692 9
35693 3
35694 5
35695 7
35696 11
35697 9
35698 0
35699 3
35700 10
35701 6
35702 7
35703 6
35704 7
35705 7
35706 2
35707 4
35708 10
35709 10
35710 2
35711 9
35712 9
35713 10
35714 3
35715 2
35716 9
35717 7
35718 5
35719 6
35720 6
35721 5
35722 9
35723 3
35724 8
35725 7
35726 1
35727 2
35728 9
35729 5
35730 5
35731 10
35732 5
35733 4
35734 4
35735 5
35736 8
35737 10
35738 1
35739 8
35740 10
35741 4
35742 1
35743 9
35744 7
35745 9
35746 6
35747 8
35748 6
35749 6
35750 6
35751 0
35752 5
35753 1
35754 1
35755 9
35756 5
35757 3
35758 3
35759 6
35760 9
35761 7
35762 8
35763 10
35764 9
35765 10
35766 10
35767 4
35768 7
35769 8
35770 5
35771 6
35772 6
35773 8
35774 6
35775 2
35776 7
35777 6
35778 8
35779 9
35780 2
35781 7
35782 9
35783 10
35784 10
35785 7
35786 9
35787 11
35788 4
35789 4
35790 7
35791 8
35792 8
35793 7
35794 7
35795 10
35796 8
35797 1
35798 0
35799 6
35800 9
35801 7
35802 10
35803 8
35804 2
35805 1
35806 8
35807 5
35808 9
35809 3
35810 8
35811 2
35812 4
35813 0
35814 1
35815 6
35816 5
35817 6
35818 8
35819 11
35820 6
35821 6
35822 1
35823 9
35824 8
35825 4
35826 5
35827 3
35828 10
35829 7
35830 8
35831 7
35832 5
35833 9
35834 1
35835 8
35836 5
35837 3
35838 4
35839 6
35840 6
35841 8
35842 1
35843 8
35844 6
35845 10
35846 9
35847 6
35848 6
35849 5
35850 8
35851 6
35852 8
35853 3
35854 7
35855 7
35856 7
35857 6
35858 6
35859 7
35860 8
35861 9
35862 9
35863 7
35864 8
35865 3
35866 7
35867 9
35868 6
35869 8
35870 5
35871 0
35872 8
35873 9
35874 3
35875 10
35876 1
35877 9
35878 9
35879 1
35880 5
35881 9
35882 2
35883 4
35884 7
35885 9
35886 0
35887 3
35888 6
35889 6
35890 3
35891 10
35892 2
35893 6
35894 10
35895 6
35896 5
35897 8
35898 10
35899 8
35900 7
35901 8
35902 5
35903 9
35904 1
35905 5
35906 4
35907 6
35908 9
35909 9
35910 9
35911 1
35912 5
35913 8
35914 4
35915 5
35916 9
35917 8
35918 9
35919 7
35920 3
35921 5
35922 8
35923 5
35924 6
35925 2
35926 9
35927 8
35928 9
35929 0
35930 6
35931 9
35932 0
35933 3
35934 8
35935 8
35936 6
35937 10
35938 9
35939 8
35940 8
35941 6
35942 7
35943 2
35944 5
35945 7
35946 4
35947 9
35948 6
35949 4
35950 8
35951 10
35952 7
35953 3
35954 7
35955 7
35956 4
35957 0
35958 1
35959 8
35960 4
35961 3
35962 8
35963 4
35964 7
35965 4
35966 9
35967 6
35968 10
35969 8
35970 11
35971 9
35972 7
35973 4
35974 6
35975 11
35976 7
35977 0
35978 10
35979 2
35980 6
35981 5
35982 0
35983 6
35984 9
35985 8
35986 3
35987 3
35988 8
35989 7
35990 7
35991 4
35992 6
35993 5
35994 8
35995 7
35996 4
35997 8
35998 5
35999 5
36000 1
36001 0
36002 9
36003 8
36004 5
36005 4
36006 8
36007 1
36008 4
36009 6
36010 0
36011 7
36012 7
36013 1
36014 0
36015 3
36016 8
36017 9
36018 6
36019 5
36020 5
36021 3
36022 7
36023 9
36024 7
36025 9
36026 6
36027 7
36028 9
36029 7
36030 10
36031 4
36032 5
36033 5
36034 0
36035 2
36036 3
36037 7
36038 8
36039 5
36040 9
36041 3
36042 10
36043 9
36044 9
36045 7
36046 10
36047 9
36048 1
36049 8
36050 8
36051 9
36052 7
36053 8
36054 3
36055 4
36056 8
36057 6
36058 5
36059 7
36060 10
36061 5
36062 5
36063 8
36064 6
36065 7
36066 6
36067 4
36068 7
36069 4
36070 2
36071 6
36072 8
36073 0
36074 5
36075 8
36076 3
36077 6
36078 9
36079 9
36080 8
36081 6
36082 7
36083 9
36084 9
36085 6
36086 8
36087 5
36088 4
36089 8
36090 5
36091 4
36092 3
36093 7
36094 4
36095 8
36096 5
36097 10
36098 10
36099 7
36100 5
36101 10
36102 8
36103 1
36104 0
36105 8
36106 3
36107 4
36108 0
36109 9
36110 9
36111 8
36112 9
36113 8
36114 5
36115 7
36116 7
36117 2
36118 8
36119 4
36120 7
36121 3
36122 6
36123 9
36124 8
36125 8
36126 1
36127 2
36128 5
36129 1
36130 9
36131 2
36132 8
36133 3
36134 8
36135 2
36136 3
36137 7
36138 10
36139 6
36140 4
36141 0
36142 1
36143 2
36144 9
36145 1
36146 6
36147 2
36148 4
36149 7
36150 6
36151 6
36152 4
36153 9
36154 8
36155 6
36156 10
36157 6
36158 9
36159 7
36160 10
36161 5
36162 9
36163 7
36164 4
36165 9
36166 1
36167 10
36168 5
36169 9
36170 9
36171 2
36172 8
36173 4
36174 7
36175 6
36176 7
36177 8
36178 8
36179 1
36180 6
36181 8
36182 10
36183 2
36184 9
36185 4
36186 0
36187 8
36188 9
36189 3
36190 6
36191 10
36192 6
36193 8
36194 5
36195 0
36196 8
36197 1
36198 7
36199 7
36200 2
36201 9
36202 5
36203 7
36204 9
36205 9
36206 5
36207 8
36208 4
36209 9
36210 4
36211 9
36212 10
36213 5
36214 0
36215 8
36216 6
36217 11
36218 4
36219 5
36220 8
36221 9
36222 5
36223 10
36224 9
36225 4
36226 6
36227 1
36228 9
36229 8
36230 5
36231 3
36232 7
36233 8
36234 5
36235 1
36236 4
36237 7
36238 4
36239 9
36240 1
36241 9
36242 9
36243 8
36244 9
36245 3
36246 0
36247 8
36248 6
36249 2
36250 8
36251 2
36252 8
36253 3
36254 9
36255 9
36256 9
36257 10
36258 3
36259 8
36260 0
36261 6
36262 9
36263 6
36264 2
36265 1
36266 0
36267 8
36268 0
36269 8
36270 7
36271 9
36272 10
36273 7
36274 1
36275 1
36276 4
36277 5
36278 8
36279 8
36280 10
36281 6
36282 9
36283 7
36284 6
36285 6
36286 10
36287 9
36288 4
36289 9
36290 5
36291 7
36292 6
36293 6
36294 9
36295 7
36296 4
36297 4
36298 0
36299 4
36300 4
36301 7
36302 3
36303 5
36304 10
36305 0
36306 3
36307 9
36308 7
36309 5
36310 3
36311 8
36312 5
36313 0
36314 9
36315 10
36316 10
36317 10
36318 2
36319 5
36320 8
36321 6
36322 8
36323 10
36324 4
36325 6
36326 2
36327 10
36328 4
36329 9
36330 4
36331 11
36332 1
36333 2
36334 3
36335 9
36336 8
36337 7
36338 7
36339 8
36340 7
36341 4
36342 9
36343 8
36344 6
36345 5
36346 4
36347 2
36348 10
36349 9
36350 3
36351 7
36352 11
36353 7
36354 0
36355 6
36356 10
36357 9
36358 3
36359 6
36360 9
36361 4
36362 4
36363 6
36364 4
36365 7
36366 5
36367 5
36368 9
36369 9
36370 4
36371 9
36372 5
36373 4
36374 6
36375 7
36376 5
36377 8
36378 6
36379 7
36380 1
36381 10
36382 7
36383 2
36384 9
36385 1
36386 5
36387 5
36388 8
36389 7
36390 8
36391 9
36392 7
36393 1
36394 9
36395 10
36396 9
36397 8
36398 7
36399 5
36400 10
36401 6
36402 7
36403 7
36404 6
36405 6
36406 4
36407 4
36408 8
36409 9
36410 5
36411 7
36412 2
36413 8
36414 2
36415 0
36416 4
36417 4
36418 0
36419 4
36420 7
36421 7
36422 10
36423 6
36424 7
36425 6
36426 10
36427 10
36428 10
36429 1
36430 6
36431 6
36432 11
36433 4
36434 9
36435 9
36436 3
36437 9
36438 8
36439 10
36440 4
36441 8
36442 9
36443 7
36444 2
36445 10
36446 4
36447 0
36448 7
36449 3
36450 6
36451 2
36452 5
36453 1
36454 8
36455 6
36456 6
36457 0
36458 5
36459 9
36460 6
36461 8
36462 6
36463 9
36464 9
36465 9
36466 10
36467 1
36468 4
36469 7
36470 8
36471 2
36472 6
36473 6
36474 8
36475 4
36476 5
36477 4
36478 6
36479 2
36480 7
36481 5
36482 1
36483 5
36484 9
36485 8
36486 3
36487 3
36488 10
36489 5
36490 4
36491 0
36492 1
36493 3
36494 8
36495 3
36496 9
36497 5
36498 6
36499 5
36500 4
36501 7
36502 8
36503 9
36504 7
36505 8
36506 7
36507 6
36508 7
36509 9
36510 9
36511 10
36512 3
36513 0
36514 9
36515 10
36516 10
36517 8
36518 7
36519 7
36520 8
36521 9
36522 9
36523 9
36524 6
36525 10
36526 6
36527 0
36528 9
36529 0
36530 9
36531 3
36532 3
36533 7
36534 3
36535 8
36536 6
36537 6
36538 1
36539 8
36540 0
36541 7
36542 9
36543 9
36544 6
36545 4
36546 3
36547 1
36548 6
36549 8
36550 9
36551 10
36552 6
36553 9
36554 10
36555 4
36556 8
36557 10
36558 9
36559 9
36560 9
36561 1
36562 4
36563 3
36564 7
36565 10
36566 9
36567 7
36568 0
36569 9
36570 9
36571 10
36572 9
36573 0
36574 7
36575 7
36576 9
36577 1
36578 7
36579 4
36580 9
36581 7
36582 5
36583 3
36584 5
36585 8
36586 6
36587 8
36588 10
36589 8
36590 7
36591 0
36592 5
36593 0
36594 8
36595 9
36596 8
36597 7
36598 10
36599 9
36600 10
36601 7
36602 1
36603 8
36604 6
36605 0
36606 9
36607 3
36608 5
36609 2
36610 5
36611 6
36612 6
36613 8
36614 7
36615 9
36616 8
36617 3
36618 8
36619 9
36620 8
36621 7
36622 2
36623 3
36624 1
36625 10
36626 10
36627 5
36628 1
36629 7
36630 3
36631 0
36632 10
36633 10
36634 5
36635 5
36636 2
36637 5
36638 9
36639 9
36640 9
36641 9
36642 7
36643 8
36644 6
36645 8
36646 5
36647 0
36648 9
36649 6
36650 4
36651 7
36652 0
36653 4
36654 8
36655 9
36656 7
36657 9
36658 10
36659 8
36660 5
36661 4
36662 1
36663 0
36664 8
36665 9
36666 8
36667 11
36668 4
36669 0
36670 3
36671 6
36672 1
36673 9
36674 6
36675 10
36676 4
36677 6
36678 7
36679 7
36680 10
36681 8
36682 1
36683 0
36684 10
36685 4
36686 5
36687 8
36688 3
36689 8
36690 1
36691 7
36692 6
36693 3
36694 4
36695 7
36696 3
36697 9
36698 9
36699 9
36700 1
36701 0
36702 5
36703 6
36704 9
36705 7
36706 0
36707 10
36708 6
36709 8
36710 10
36711 5
36712 5
36713 1
36714 10
36715 10
36716 9
36717 9
36718 4
36719 7
36720 9
36721 1
36722 9
36723 8
36724 9
36725 1
36726 8
36727 8
36728 0
36729 0
36730 9
36731 10
36732 6
36733 0
36734 8
36735 7
36736 2
36737 8
36738 5
36739 8
36740 9
36741 9
36742 0
36743 7
36744 8
36745 11
36746 0
36747 2
36748 5
36749 9
36750 9
36751 4
36752 6
36753 1
36754 7
36755 7
36756 10
36757 8
36758 10
36759 8
36760 5
36761 7
36762 9
36763 8
36764 4
36765 10
36766 7
36767 5
36768 1
36769 8
36770 1
36771 10
36772 10
36773 4
36774 7
36775 8
36776 1
36777 6
36778 6
36779 7
36780 0
36781 5
36782 8
36783 6
36784 5
36785 0
36786 9
36787 1
36788 2
36789 2
36790 0
36791 3
36792 7
36793 9
36794 9
36795 10
36796 10
36797 10
36798 9
36799 8
36800 9
36801 6
36802 8
36803 4
36804 4
36805 8
36806 10
36807 4
36808 7
36809 5
36810 6
36811 3
36812 2
36813 9
36814 2
36815 4
36816 7
36817 7
36818 3
36819 3
36820 9
36821 3
36822 7
36823 6
36824 4
36825 1
36826 8
36827 4
36828 8
36829 2
36830 2
36831 8
36832 8
36833 7
36834 4
36835 7
36836 6
36837 7
36838 10
36839 5
36840 8
36841 7
36842 2
36843 8
36844 6
36845 4
36846 6
36847 9
36848 10
36849 9
36850 7
36851 9
36852 3
36853 7
36854 8
36855 1
36856 4
36857 0
36858 8
36859 4
36860 8
36861 9
36862 7
36863 0
36864 8
36865 2
36866 0
36867 2
36868 6
36869 5
36870 4
36871 5
36872 7
36873 6
36874 9
36875 4
36876 4
36877 6
36878 9
36879 9
36880 10
36881 9
36882 1
36883 9
36884 9
36885 3
36886 11
36887 9
36888 4
36889 1
36890 7
36891 3
36892 8
36893 5
36894 8
36895 2
36896 7
36897 7
36898 6
36899 7
36900 8
36901 7
36902 9
36903 7
36904 2
36905 4
36906 2
36907 1
36908 7
36909 7
36910 1
36911 4
36912 8
36913 3
36914 10
36915 8
36916 9
36917 6
36918 10
36919 8
36920 5
36921 7
36922 8
36923 5
36924 8
36925 10
36926 9
36927 7
36928 7
36929 6
36930 7
36931 7
36932 8
36933 8
36934 0
36935 9
36936 6
36937 10
36938 4
36939 9
36940 7
36941 8
36942 5
36943 7
36944 6
36945 5
36946 5
36947 0
36948 10
36949 3
36950 7
36951 9
36952 6
36953 6
36954 7
36955 7
36956 6
36957 8
36958 9
36959 8
36960 2
36961 4
36962 7
36963 6
36964 5
36965 4
36966 5
36967 5
36968 7
36969 8
36970 9
36971 6
36972 0
36973 6
36974 6
36975 6
36976 3
36977 4
36978 1
36979 2
36980 2
36981 10
36982 8
36983 8
36984 7
36985 9
36986 2
36987 10
36988 8
36989 9
36990 8
36991 7
36992 6
36993 7
36994 9
36995 4
36996 7
36997 4
36998 0
36999 0
37000 5
37001 6
37002 9
37003 5
37004 9
37005 8
37006 11
37007 8
37008 1
37009 5
37010 8
37011 3
37012 5
37013 6
37014 2
37015 9
37016 8
37017 10
37018 8
37019 0
37020 3
37021 6
37022 4
37023 10
37024 1
37025 5
37026 3
37027 6
37028 9
37029 9
37030 2
37031 8
37032 8
37033 6
37034 8
37035 7
37036 9
37037 1
37038 9
37039 10
37040 10
37041 9
37042 9
37043 8
37044 6
37045 5
37046 4
37047 8
37048 4
37049 8
37050 10
37051 10
37052 10
37053 5
37054 7
37055 9
37056 5
37057 6
37058 9
37059 10
37060 2
37061 8
37062 4
37063 4
37064 6
37065 0
37066 1
37067 0
37068 2
37069 3
37070 4
37071 7
37072 9
37073 9
37074 7
37075 8
37076 8
37077 7
37078 9
37079 6
37080 6
37081 5
37082 2
37083 10
37084 7
37085 10
37086 7
37087 6
37088 8
37089 8
37090 1
37091 8
37092 10
37093 9
37094 7
37095 4
37096 3
37097 2
37098 4
37099 5
37100 3
37101 2
37102 8
37103 8
37104 8
37105 2
37106 8
37107 8
37108 5
37109 10
37110 11
37111 9
37112 7
37113 9
37114 9
37115 10
37116 2
37117 8
37118 10
37119 5
37120 10
37121 4
37122 4
37123 9
37124 5
37125 4
37126 2
37127 9
37128 4
37129 10
37130 7
37131 8
37132 11
37133 9
37134 5
37135 7
37136 1
37137 8
37138 11
37139 3
37140 0
37141 3
37142 6
37143 1
37144 6
37145 8
37146 6
37147 8
37148 8
37149 7
37150 7
37151 4
37152 8
37153 1
37154 4
37155 10
37156 6
37157 0
37158 6
37159 2
37160 10
37161 8
37162 7
37163 4
37164 3
37165 10
37166 7
37167 7
37168 8
37169 5
37170 7
37171 3
37172 6
37173 9
37174 3
37175 9
37176 3
37177 5
37178 7
37179 6
37180 8
37181 10
37182 0
37183 5
37184 4
37185 6
37186 7
37187 3
37188 5
37189 4
37190 8
37191 3
37192 10
37193 10
37194 0
37195 9
37196 6
37197 8
37198 6
37199 3
37200 8
37201 3
37202 3
37203 4
37204 2
37205 7
37206 10
37207 6
37208 8
37209 8
37210 1
37211 3
37212 8
37213 7
37214 7
37215 3
37216 6
37217 6
37218 9
37219 2
37220 2
37221 4
37222 0
37223 10
37224 6
37225 8
37226 0
37227 10
37228 9
37229 9
37230 0
37231 6
37232 8
37233 5
37234 6
37235 8
37236 11
37237 4
37238 0
37239 4
37240 10
37241 9
37242 9
37243 9
37244 2
37245 5
37246 7
37247 10
37248 4
37249 9
37250 4
37251 7
37252 10
37253 11
37254 3
37255 7
37256 5
37257 8
37258 9
37259 4
37260 3
37261 8
37262 3
37263 6
37264 0
37265 1
37266 7
37267 8
37268 2
37269 4
37270 0
37271 8
37272 5
37273 8
37274 9
37275 7
37276 2
37277 5
37278 4
37279 7
37280 3
37281 8
37282 3
37283 8
37284 4
37285 3
37286 7
37287 2
37288 9
37289 9
37290 6
37291 7
37292 3
37293 10
37294 1
37295 4
37296 5
37297 10
37298 1
37299 9
37300 0
37301 4
37302 7
37303 2
37304 11
37305 8
37306 2
37307 3
37308 2
37309 8
37310 9
37311 2
37312 6
37313 6
37314 8
37315 9
37316 5
37317 7
37318 1
37319 7
37320 7
37321 1
37322 9
37323 9
37324 0
37325 6
37326 10
37327 7
37328 1
37329 9
37330 8
37331 8
37332 1
37333 9
37334 9
37335 7
37336 0
37337 3
37338 4
37339 9
37340 8
37341 8
37342 4
37343 6
37344 3
37345 6
37346 6
37347 10
37348 9
37349 9
37350 8
37351 9
37352 0
37353 3
37354 4
37355 6
37356 5
37357 7
37358 7
37359 8
37360 3
37361 2
37362 6
37363 9
37364 0
37365 2
37366 8
37367 10
37368 7
37369 8
37370 7
37371 5
37372 6
37373 7
37374 10
37375 3
37376 7
37377 6
37378 7
37379 2
37380 6
37381 5
37382 9
37383 6
37384 8
37385 7
37386 9
37387 8
37388 5
37389 9
37390 4
37391 7
37392 9
37393 8
37394 7
37395 6
37396 3
37397 8
37398 5
37399 5
37400 6
37401 5
37402 7
37403 7
37404 5
37405 6
37406 9
37407 7
37408 5
37409 9
37410 10
37411 5
37412 2
37413 5
37414 9
37415 10
37416 8
37417 4
37418 10
37419 10
37420 7
37421 8
37422 4
37423 4
37424 9
37425 8
37426 2
37427 2
37428 8
37429 9
37430 8
37431 5
37432 8
37433 9
37434 7
37435 10
37436 8
37437 9
37438 1
37439 3
37440 10
37441 9
37442 5
37443 4
37444 7
37445 7
37446 6
37447 7
37448 4
37449 9
37450 6
37451 7
37452 3
37453 8
37454 5
37455 5
37456 6
37457 2
37458 5
37459 5
37460 8
37461 10
37462 8
37463 6
37464 9
37465 9
37466 10
37467 4
37468 10
37469 8
37470 8
37471 4
37472 10
37473 1
37474 8
37475 10
37476 10
37477 6
37478 0
37479 9
37480 7
37481 5
37482 9
37483 1
37484 10
37485 4
37486 5
37487 9
37488 9
37489 8
37490 8
37491 3
37492 7
37493 9
37494 8
37495 5
37496 11
37497 10
37498 7
37499 10
37500 6
37501 9
37502 8
37503 5
37504 5
37505 8
37506 5
37507 7
37508 4
37509 9
37510 0
37511 8
37512 3
37513 6
37514 3
37515 7
37516 4
37517 9
37518 6
37519 7
37520 1
37521 6
37522 4
37523 1
37524 10
37525 8
37526 6
37527 9
37528 8
37529 7
37530 10
37531 9
37532 5
37533 9
37534 8
37535 6
37536 3
37537 9
37538 4
37539 3
37540 1
37541 4
37542 4
37543 5
37544 8
37545 11
37546 9
37547 9
37548 2
37549 9
37550 6
37551 8
37552 8
37553 5
37554 8
37555 9
37556 7
37557 8
37558 0
37559 0
37560 10
37561 7
37562 5
37563 11
37564 10
37565 8
37566 10
37567 3
37568 4
37569 9
37570 8
37571 8
37572 5
37573 10
37574 8
37575 2
37576 6
37577 6
37578 9
37579 9
37580 5
37581 8
37582 6
37583 1
37584 5
37585 3
37586 9
37587 4
37588 7
37589 5
37590 10
37591 9
37592 7
37593 4
37594 2
37595 5
37596 11
37597 1
37598 3
37599 5
37600 1
37601 7
37602 6
37603 6
37604 10
37605 1
37606 10
37607 7
37608 10
37609 2
37610 5
37611 8
37612 9
37613 9
37614 8
37615 2
37616 7
37617 1
37618 5
37619 4
37620 8
37621 8
37622 6
37623 6
37624 4
37625 9
37626 9
37627 6
37628 8
37629 3
37630 10
37631 8
37632 9
37633 3
37634 9
37635 6
37636 9
37637 6
37638 6
37639 5
37640 7
37641 3
37642 8
37643 8
37644 8
37645 9
37646 8
37647 6
37648 7
37649 2
37650 8
37651 6
37652 1
37653 1
37654 9
37655 4
37656 2
37657 9
37658 6
37659 4
37660 6
37661 8
37662 6
37663 10
37664 3
37665 1
37666 6
37667 6
37668 5
37669 6
37670 5
37671 3
37672 3
37673 2
37674 0
37675 5
37676 10
37677 2
37678 8
37679 9
37680 7
37681 10
37682 9
37683 1
37684 4
37685 3
37686 7
37687 2
37688 7
37689 6
37690 8
37691 6
37692 5
37693 8
37694 10
37695 4
37696 9
37697 5
37698 1
37699 7
37700 9
37701 9
37702 4
37703 5
37704 9
37705 9
37706 9
37707 4
37708 3
37709 9
37710 8
37711 2
37712 5
37713 4
37714 2
37715 10
37716 6
37717 2
37718 8
37719 7
37720 9
37721 5
37722 4
37723 7
37724 3
37725 7
37726 2
37727 8
37728 7
37729 4
37730 9
37731 5
37732 6
37733 7
37734 10
37735 10
37736 2
37737 8
37738 8
37739 1
37740 10
37741 9
37742 8
37743 8
37744 10
37745 7
37746 4
37747 3
37748 4
37749 3
37750 0
37751 5
37752 7
37753 9
37754 7
37755 6
37756 6
37757 7
37758 3
37759 7
37760 10
37761 0
37762 4
37763 6
37764 7
37765 10
37766 2
37767 9
37768 10
37769 11
37770 2
37771 6
37772 9
37773 10
37774 9
37775 8
37776 7
37777 7
37778 8
37779 6
37780 9
37781 7
37782 5
37783 6
37784 8
37785 9
37786 3
37787 9
37788 9
37789 9
37790 6
37791 7
37792 6
37793 9
37794 9
37795 0
37796 3
37797 6
37798 6
37799 7
37800 1
37801 6
37802 3
37803 9
37804 9
37805 1
37806 7
37807 8
37808 6
37809 7
37810 4
37811 5
37812 9
37813 7
37814 7
37815 1
37816 10
37817 8
37818 4
37819 9
37820 8
37821 8
37822 8
37823 7
37824 4
37825 5
37826 0
37827 7
37828 8
37829 5
37830 6
37831 1
37832 4
37833 1
37834 7
37835 5
37836 10
37837 4
37838 8
37839 8
37840 9
37841 7
37842 0
37843 8
37844 5
37845 7
37846 6
37847 9
37848 10
37849 2
37850 7
37851 10
37852 4
37853 2
37854 6
37855 8
37856 5
37857 8
37858 2
37859 7
37860 6
37861 7
37862 7
37863 7
37864 8
37865 10
37866 6
37867 4
37868 8
37869 10
37870 9
37871 10
37872 1
37873 3
37874 2
37875 3
37876 4
37877 4
37878 9
37879 6
37880 8
37881 6
37882 6
37883 7
37884 5
37885 10
37886 8
37887 4
37888 6
37889 3
37890 2
37891 1
37892 7
37893 7
37894 10
37895 8
37896 6
37897 3
37898 7
37899 10
37900 4
37901 11
37902 4
37903 1
37904 4
37905 5
37906 0
37907 6
37908 7
37909 3
37910 9
37911 10
37912 8
37913 6
37914 3
37915 8
37916 0
37917 3
37918 7
37919 10
37920 6
37921 2
37922 8
37923 8
37924 11
37925 10
37926 9
37927 6
37928 9
37929 7
37930 10
37931 10
37932 7
37933 6
37934 10
37935 3
37936 7
37937 3
37938 5
37939 9
37940 7
37941 10
37942 9
37943 9
37944 5
37945 9
37946 6
37947 9
37948 9
37949 1
37950 6
37951 1
37952 6
37953 9
37954 7
37955 3
37956 10
37957 9
37958 0
37959 0
37960 5
37961 9
37962 6
37963 9
37964 5
37965 7
37966 8
37967 7
37968 5
37969 7
37970 5
37971 9
37972 8
37973 6
37974 7
37975 8
37976 9
37977 6
37978 2
37979 1
37980 7
37981 2
37982 3
37983 9
37984 10
37985 4
37986 6
37987 8
37988 5
37989 9
37990 3
37991 3
37992 5
37993 8
37994 9
37995 8
37996 9
37997 4
37998 9
37999 7
38000 10
38001 2
38002 7
38003 7
38004 10
38005 8
38006 8
38007 3
38008 9
38009 10
38010 10
38011 3
38012 10
38013 4
38014 6
38015 3
38016 2
38017 4
38018 7
38019 9
38020 6
38021 2
38022 3
38023 7
38024 5
38025 4
38026 10
38027 3
38028 8
38029 9
38030 2
38031 7
38032 7
38033 7
38034 3
38035 4
38036 9
38037 4
38038 5
38039 8
38040 7
38041 10
38042 8
38043 6
38044 7
38045 9
38046 7
38047 3
38048 6
38049 9
38050 6
38051 3
38052 6
38053 7
38054 6
38055 9
38056 3
38057 5
38058 4
38059 8
38060 3
38061 2
38062 9
38063 10
38064 6
38065 7
38066 8
38067 7
38068 3
38069 1
38070 8
38071 11
38072 3
38073 9
38074 9
38075 10
38076 9
38077 5
38078 8
38079 8
38080 2
38081 4
38082 1
38083 10
38084 10
38085 9
38086 7
38087 4
38088 9
38089 8
38090 7
38091 6
38092 7
38093 9
38094 9
38095 6
38096 4
38097 6
38098 9
38099 11
38100 9
38101 8
38102 7
38103 9
38104 5
38105 4
38106 7
38107 7
38108 7
38109 7
38110 7
38111 4
38112 5
38113 1
38114 0
38115 8
38116 3
38117 9
38118 3
38119 8
38120 1
38121 6
38122 0
38123 5
38124 1
38125 2
38126 7
38127 6
38128 2
38129 10
38130 6
38131 10
38132 2
38133 10
38134 10
38135 8
38136 4
38137 6
38138 11
38139 6
38140 4
38141 7
38142 6
38143 5
38144 4
38145 6
38146 6
38147 9
38148 5
38149 10
38150 9
38151 10
38152 6
38153 6
38154 8
38155 8
38156 7
38157 8
38158 8
38159 0
38160 7
38161 9
38162 7
38163 5
38164 0
38165 7
38166 3
38167 7
38168 6
38169 0
38170 9
38171 5
38172 6
38173 5
38174 6
38175 8
38176 0
38177 9
38178 0
38179 7
38180 1
38181 5
38182 10
38183 0
38184 12
38185 9
38186 10
38187 9
38188 7
38189 6
38190 8
38191 8
38192 10
38193 1
38194 10
38195 8
38196 7
38197 8
38198 2
38199 9
38200 1
38201 8
38202 0
38203 8
38204 9
38205 2
38206 10
38207 0
38208 8
38209 6
38210 6
38211 7
38212 9
38213 1
38214 2
38215 2
38216 6
38217 5
38218 8
38219 9
38220 9
38221 9
38222 8
38223 9
38224 0
38225 7
38226 6
38227 6
38228 8
38229 5
38230 8
38231 8
38232 11
38233 9
38234 8
38235 5
38236 7
38237 5
38238 8
38239 3
38240 9
38241 5
38242 7
38243 9
38244 7
38245 3
38246 2
38247 10
38248 6
38249 9
38250 4
38251 8
38252 10
38253 8
38254 5
38255 10
38256 5
38257 10
38258 7
38259 8
38260 5
38261 3
38262 7
38263 8
38264 4
38265 4
38266 8
38267 2
38268 6
38269 3
38270 5
38271 2
38272 6
38273 6
38274 6
38275 8
38276 5
38277 10
38278 7
38279 3
38280 9
38281 5
38282 6
38283 5
38284 8
38285 8
38286 1
38287 4
38288 9
38289 9
38290 0
38291 4
38292 7
38293 3
38294 9
38295 6
38296 11
38297 10
38298 7
38299 9
38300 3
38301 8
38302 2
38303 4
38304 7
38305 7
38306 10
38307 0
38308 11
38309 9
38310 9
38311 7
38312 8
38313 5
38314 8
38315 5
38316 5
38317 4
38318 4
38319 0
38320 7
38321 6
38322 8
38323 6
38324 9
38325 2
38326 8
38327 0
38328 1
38329 9
38330 10
38331 8
38332 2
38333 5
38334 8
38335 7
38336 6
38337 9
38338 8
38339 9
38340 8
38341 9
38342 0
38343 2
38344 9
38345 8
38346 5
38347 7
38348 8
38349 9
38350 4
38351 3
38352 5
38353 3
38354 4
38355 9
38356 10
38357 11
38358 10
38359 10
38360 5
38361 2
38362 9
38363 8
38364 8
38365 8
38366 10
38367 3
38368 10
38369 8
38370 12
38371 8
38372 3
38373 8
38374 9
38375 2
38376 9
38377 4
38378 11
38379 7
38380 7
38381 3
38382 8
38383 0
38384 10
38385 7
38386 10
38387 6
38388 8
38389 8
38390 9
38391 2
38392 6
38393 4
38394 7
38395 4
38396 2
38397 9
38398 6
38399 7
38400 8
38401 11
38402 7
38403 8
38404 9
38405 9
38406 7
38407 8
38408 10
38409 8
38410 9
38411 8
38412 8
38413 5
38414 5
38415 6
38416 8
38417 1
38418 6
38419 3
38420 8
38421 6
38422 9
38423 5
38424 10
38425 7
38426 8
38427 4
38428 7
38429 10
38430 6
38431 8
38432 6
38433 7
38434 10
38435 9
38436 8
38437 9
38438 4
38439 5
38440 4
38441 1
38442 8
38443 11
38444 5
38445 9
38446 4
38447 9
38448 9
38449 9
38450 10
38451 9
38452 10
38453 8
38454 11
38455 3
38456 1
38457 9
38458 8
38459 9
38460 9
38461 5
38462 8
38463 10
38464 4
38465 0
38466 10
38467 2
38468 7
38469 3
38470 9
38471 1
38472 7
38473 11
38474 5
38475 4
38476 9
38477 8
38478 9
38479 11
38480 5
38481 10
38482 7
38483 6
38484 11
38485 7
38486 7
38487 7
38488 6
38489 8
38490 3
38491 5
38492 7
38493 9
38494 3
38495 8
38496 2
38497 4
38498 7
38499 6
38500 3
38501 7
38502 7
38503 4
38504 5
38505 4
38506 10
38507 4
38508 6
38509 3
38510 8
38511 9
38512 10
38513 7
38514 3
38515 8
38516 0
38517 6
38518 0
38519 2
38520 9
38521 6
38522 2
38523 9
38524 2
38525 10
38526 10
38527 8
38528 6
38529 8
38530 9
38531 4
38532 0
38533 9
38534 6
38535 3
38536 9
38537 5
38538 9
38539 2
38540 8
38541 4
38542 6
38543 8
38544 9
38545 8
38546 10
38547 2
38548 11
38549 3
38550 9
38551 9
38552 9
38553 0
38554 3
38555 8
38556 10
38557 8
38558 9
38559 6
38560 7
38561 6
38562 1
38563 4
38564 1
38565 7
38566 9
38567 0
38568 3
38569 7
38570 5
38571 9
38572 7
38573 8
38574 5
38575 10
38576 7
38577 7
38578 4
38579 2
38580 6
38581 5
38582 9
38583 10
38584 10
38585 9
38586 5
38587 6
38588 5
38589 8
38590 6
38591 8
38592 9
38593 1
38594 4
38595 0
38596 7
38597 9
38598 9
38599 5
38600 1
38601 8
38602 4
38603 8
38604 6
38605 6
38606 1
38607 0
38608 10
38609 6
38610 2
38611 8
38612 8
38613 10
38614 9
38615 7
38616 4
38617 6
38618 8
38619 6
38620 4
38621 1
38622 1
38623 5
38624 5
38625 7
38626 9
38627 10
38628 5
38629 11
38630 9
38631 8
38632 8
38633 6
38634 9
38635 7
38636 8
38637 2
38638 8
38639 6
38640 10
38641 8
38642 3
38643 8
38644 2
38645 9
38646 9
38647 9
38648 10
38649 7
38650 8
38651 10
38652 9
38653 8
38654 9
38655 9
38656 7
38657 9
38658 8
38659 0
38660 8
38661 6
38662 11
38663 7
38664 6
38665 2
38666 10
38667 7
38668 8
38669 7
38670 2
38671 10
38672 4
38673 3
38674 4
38675 8
38676 6
38677 9
38678 2
38679 6
38680 5
38681 8
38682 2
38683 11
38684 10
38685 1
38686 9
38687 2
38688 8
38689 5
38690 1
38691 8
38692 9
38693 9
38694 9
38695 6
38696 6
38697 3
38698 7
38699 8
38700 6
38701 6
38702 0
38703 10
38704 7
38705 9
38706 8
38707 6
38708 0
38709 2
38710 5
38711 3
38712 5
38713 9
38714 3
38715 7
38716 0
38717 2
38718 10
38719 3
38720 7
38721 6
38722 3
38723 6
38724 11
38725 9
38726 4
38727 4
38728 8
38729 11
38730 10
38731 4
38732 6
38733 9
38734 10
38735 6
38736 6
38737 1
38738 5
38739 8
38740 10
38741 10
38742 0
38743 10
38744 6
38745 5
38746 6
38747 10
38748 7
38749 5
38750 2
38751 9
38752 10
38753 8
38754 7
38755 4
38756 10
38757 9
38758 9
38759 1
38760 3
38761 4
38762 5
38763 7
38764 6
38765 6
38766 9
38767 2
38768 7
38769 7
38770 9
38771 10
38772 8
38773 4
38774 9
38775 8
38776 2
38777 8
38778 3
38779 8
38780 7
38781 0
38782 6
38783 0
38784 9
38785 6
38786 5
38787 10
38788 6
38789 2
38790 6
38791 10
38792 2
38793 1
38794 9
38795 2
38796 3
38797 3
38798 1
38799 10
38800 8
38801 9
38802 7
38803 7
38804 10
38805 7
38806 4
38807 6
38808 6
38809 6
38810 2
38811 7
38812 4
38813 8
38814 9
38815 9
38816 6
38817 9
38818 10
38819 1
38820 7
38821 0
38822 6
38823 4
38824 9
38825 3
38826 7
38827 8
38828 10
38829 10
38830 10
38831 8
38832 4
38833 9
38834 9
38835 8
38836 5
38837 0
38838 9
38839 6
38840 1
38841 2
38842 5
38843 9
38844 0
38845 9
38846 0
38847 0
38848 9
38849 6
38850 9
38851 1
38852 9
38853 0
38854 8
38855 6
38856 1
38857 10
38858 7
38859 10
38860 8
38861 7
38862 4
38863 8
38864 8
38865 3
38866 0
38867 2
38868 3
38869 5
38870 9
38871 6
38872 8
38873 3
38874 7
38875 5
38876 12
38877 1
38878 10
38879 8
38880 8
38881 9
38882 8
38883 8
38884 8
38885 10
38886 9
38887 9
38888 6
38889 10
38890 0
38891 2
38892 7
38893 1
38894 8
38895 3
38896 10
38897 11
38898 1
38899 6
38900 7
38901 4
38902 6
38903 9
38904 7
38905 9
38906 3
38907 8
38908 6
38909 2
38910 8
38911 8
38912 3
38913 4
38914 8
38915 9
38916 8
38917 3
38918 8
38919 3
38920 5
38921 4
38922 7
38923 9
38924 9
38925 6
38926 10
38927 8
38928 8
38929 4
38930 6
38931 8
38932 4
38933 9
38934 9
38935 7
38936 4
38937 1
38938 9
38939 9
38940 11
38941 2
38942 6
38943 8
38944 3
38945 0
38946 8
38947 3
38948 2
38949 6
38950 8
38951 4
38952 3
38953 7
38954 2
38955 3
38956 0
38957 6
38958 2
38959 11
38960 9
38961 6
38962 9
38963 7
38964 3
38965 6
38966 3
38967 6
38968 4
38969 4
38970 6
38971 8
38972 10
38973 2
38974 7
38975 3
38976 1
38977 10
38978 7
38979 9
38980 10
38981 9
38982 5
38983 6
38984 10
38985 6
38986 6
38987 10
38988 7
38989 8
38990 10
38991 3
38992 8
38993 6
38994 9
38995 9
38996 9
38997 8
38998 7
38999 5
39000 8
39001 8
39002 7
39003 6
39004 6
39005 3
39006 0
39007 2
39008 0
39009 7
39010 3
39011 10
39012 8
39013 10
39014 8
39015 1
39016 1
39017 2
39018 0
39019 10
39020 1
39021 2
39022 8
39023 8
39024 2
39025 7
39026 6
39027 8
39028 6
39029 9
39030 10
39031 7
39032 9
39033 7
39034 4
39035 10
39036 9
39037 8
39038 7
39039 6
39040 4
39041 6
39042 7
39043 10
39044 6
39045 9
39046 7
39047 8
39048 4
39049 9
39050 10
39051 1
39052 4
39053 9
39054 2
39055 4
39056 5
39057 4
39058 4
39059 5
39060 5
39061 1
39062 10
39063 9
39064 10
39065 7
39066 4
39067 3
39068 0
39069 8
39070 6
39071 5
39072 5
39073 6
39074 7
39075 9
39076 9
39077 8
39078 9
39079 2
39080 10
39081 7
39082 7
39083 6
39084 3
39085 9
39086 8
39087 10
39088 9
39089 2
39090 9
39091 6
39092 11
39093 8
39094 9
39095 8
39096 9
39097 8
39098 9
39099 11
39100 0
39101 7
39102 8
39103 10
39104 0
39105 5
39106 4
39107 7
39108 8
39109 2
39110 2
39111 9
39112 3
39113 6
39114 9
39115 5
39116 10
39117 3
39118 8
39119 1
39120 11
39121 7
39122 10
39123 8
39124 10
39125 10
39126 10
39127 10
39128 8
39129 10
39130 6
39131 4
39132 2
39133 10
39134 10
39135 0
39136 10
39137 0
39138 6
39139 7
39140 5
39141 8
39142 7
39143 8
39144 10
39145 0
39146 3
39147 3
39148 10
39149 9
39150 8
39151 6
39152 9
39153 8
39154 2
39155 9
39156 6
39157 8
39158 9
39159 1
39160 7
39161 10
39162 9
39163 9
39164 10
39165 7
39166 9
39167 9
39168 10
39169 6
39170 1
39171 8
39172 6
39173 9
39174 0
39175 9
39176 7
39177 7
39178 10
39179 9
39180 9
39181 3
39182 9
39183 8
39184 9
39185 5
39186 6
39187 8
39188 9
39189 6
39190 5
39191 6
39192 9
39193 10
39194 8
39195 2
39196 9
39197 6
39198 10
39199 10
39200 6
39201 10
39202 7
39203 9
39204 9
39205 3
39206 4
39207 2
39208 3
39209 0
39210 10
39211 2
39212 4
39213 0
39214 9
39215 7
39216 1
39217 9
39218 1
39219 3
39220 8
39221 8
39222 1
39223 0
39224 6
39225 9
39226 8
39227 9
39228 8
39229 3
39230 6
39231 9
39232 10
39233 11
39234 9
39235 8
39236 9
39237 6
39238 0
39239 5
39240 10
39241 10
39242 8
39243 6
39244 4
39245 5
39246 1
39247 8
39248 6
39249 9
39250 8
39251 5
39252 9
39253 8
39254 7
39255 7
39256 0
39257 1
39258 1
39259 8
39260 9
39261 10
39262 1
39263 6
39264 5
39265 2
39266 5
39267 0
39268 3
39269 7
39270 6
39271 1
39272 8
39273 6
39274 9
39275 8
39276 8
39277 0
39278 10
39279 8
39280 1
39281 8
39282 2
39283 6
39284 7
39285 5
39286 3
39287 9
39288 9
39289 5
39290 7
39291 9
39292 7
39293 5
39294 10
39295 9
39296 1
39297 6
39298 8
39299 9
39300 7
39301 4
39302 7
39303 0
39304 8
39305 1
39306 7
39307 9
39308 5
39309 0
39310 6
39311 2
39312 4
39313 10
39314 7
39315 8
39316 10
39317 9
39318 10
39319 6
39320 7
39321 1
39322 7
39323 7
39324 7
39325 4
39326 8
39327 6
39328 8
39329 8
39330 8
39331 7
39332 7
39333 6
39334 7
39335 7
39336 2
39337 8
39338 3
39339 11
39340 8
39341 0
39342 1
39343 2
39344 0
39345 3
39346 9
39347 6
39348 6
39349 2
39350 9
39351 4
39352 9
39353 8
39354 9
39355 10
39356 6
39357 5
39358 7
39359 8
39360 8
39361 3
39362 10
39363 4
39364 10
39365 4
39366 4
39367 10
39368 10
39369 10
39370 8
39371 1
39372 7
39373 11
39374 8
39375 7
39376 5
39377 2
39378 6
39379 11
39380 7
39381 4
39382 4
39383 6
39384 1
39385 0
39386 7
39387 8
39388 8
39389 5
39390 7
39391 4
39392 9
39393 8
39394 7
39395 9
39396 5
39397 7
39398 4
39399 10
39400 4
39401 10
39402 10
39403 1
39404 11
39405 9
39406 6
39407 7
39408 3
39409 9
39410 5
39411 2
39412 9
39413 4
39414 4
39415 1
39416 9
39417 5
39418 8
39419 7
39420 9
39421 2
39422 10
39423 10
39424 3
39425 9
39426 9
39427 0
39428 7
39429 8
39430 5
39431 2
39432 8
39433 8
39434 1
39435 2
39436 2
39437 8
39438 5
39439 9
39440 7
39441 10
39442 1
39443 2
39444 7
39445 3
39446 5
39447 9
39448 10
39449 10
39450 3
39451 7
39452 2
39453 9
39454 8
39455 10
39456 8
39457 9
39458 7
39459 8
39460 4
39461 10
39462 7
39463 2
39464 9
39465 8
39466 7
39467 9
39468 8
39469 11
39470 5
39471 7
39472 9
39473 10
39474 1
39475 1
39476 7
39477 1
39478 3
39479 7
39480 9
39481 7
39482 8
39483 11
39484 10
39485 9
39486 1
39487 6
39488 4
39489 0
39490 9
39491 9
39492 7
39493 6
39494 9
39495 7
39496 9
39497 11
39498 8
39499 8
39500 4
39501 4
39502 10
39503 5
39504 9
39505 7
39506 5
39507 7
39508 10
39509 1
39510 6
39511 7
39512 6
39513 10
39514 3
39515 9
39516 0
39517 7
39518 2
39519 8
39520 8
39521 0
39522 7
39523 6
39524 6
39525 2
39526 9
39527 10
39528 4
39529 10
39530 3
39531 0
39532 0
39533 10
39534 10
39535 8
39536 5
39537 10
39538 6
39539 10
39540 3
39541 7
39542 7
39543 10
39544 8
39545 4
39546 11
39547 2
39548 5
39549 9
39550 2
39551 9
39552 5
39553 6
39554 8
39555 11
39556 8
39557 3
39558 9
39559 9
39560 10
39561 2
39562 1
39563 8
39564 2
39565 5
39566 10
39567 7
39568 8
39569 8
39570 7
39571 5
39572 4
39573 2
39574 3
39575 0
39576 1
39577 9
39578 6
39579 5
39580 5
39581 1
39582 7
39583 10
39584 0
39585 6
39586 10
39587 0
39588 6
39589 3
39590 9
39591 8
39592 7
39593 10
39594 1
39595 9
39596 9
39597 3
39598 9
39599 10
39600 9
39601 7
39602 6
39603 7
39604 1
39605 3
39606 9
39607 7
39608 5
39609 9
39610 9
39611 7
39612 3
39613 4
39614 11
39615 7
39616 3
39617 8
39618 10
39619 0
39620 8
39621 9
39622 11
39623 7
39624 5
39625 11
39626 7
39627 0
39628 3
39629 8
39630 9
39631 6
39632 5
39633 9
39634 3
39635 7
39636 1
39637 3
39638 3
39639 9
39640 9
39641 8
39642 7
39643 10
39644 3
39645 4
39646 11
39647 3
39648 5
39649 8
39650 8
39651 6
39652 9
39653 7
39654 6
39655 10
39656 0
39657 7
39658 7
39659 8
39660 0
39661 10
39662 9
39663 9
39664 8
39665 10
39666 8
39667 9
39668 7
39669 8
39670 4
39671 4
39672 7
39673 4
39674 10
39675 4
39676 6
39677 7
39678 9
39679 3
39680 1
39681 9
39682 6
39683 8
39684 9
39685 1
39686 5
39687 4
39688 9
39689 9
39690 9
39691 10
39692 3
39693 8
39694 8
39695 9
39696 10
39697 9
39698 4
39699 9
39700 4
39701 7
39702 8
39703 8
39704 8
39705 11
39706 9
39707 9
39708 10
39709 7
39710 6
39711 9
39712 10
39713 5
39714 3
39715 3
39716 6
39717 8
39718 6
39719 2
39720 3
39721 7
39722 2
39723 8
39724 9
39725 6
39726 6
39727 11
39728 8
39729 6
39730 0
39731 10
39732 3
39733 7
39734 6
39735 7
39736 8
39737 9
39738 7
39739 10
39740 4
39741 5
39742 4
39743 8
39744 9
39745 7
39746 9
39747 9
39748 3
39749 10
39750 5
39751 8
39752 3
39753 8
39754 10
39755 9
39756 10
39757 7
39758 7
39759 3
39760 7
39761 7
39762 8
39763 9
39764 0
39765 2
39766 11
39767 9
39768 5
39769 8
39770 11
39771 6
39772 9
39773 5
39774 10
39775 5
39776 6
39777 3
39778 0
39779 6
39780 10
39781 0
39782 0
39783 9
39784 9
39785 6
39786 11
39787 10
39788 9
39789 6
39790 10
39791 9
39792 3
39793 7
39794 8
39795 7
39796 7
39797 5
39798 2
39799 7
39800 4
39801 9
39802 9
39803 7
39804 8
39805 8
39806 3
39807 10
39808 8
39809 7
39810 4
39811 7
39812 4
39813 11
39814 10
39815 8
39816 2
39817 7
39818 0
39819 5
39820 4
39821 4
39822 5
39823 4
39824 5
39825 5
39826 6
39827 10
39828 10
39829 1
39830 6
39831 6
39832 8
39833 9
39834 9
39835 3
39836 9
39837 9
39838 8
39839 6
39840 2
39841 10
39842 8
39843 7
39844 6
39845 0
39846 6
39847 11
39848 7
39849 5
39850 10
39851 7
39852 3
39853 8
39854 10
39855 9
39856 3
39857 8
39858 6
39859 3
39860 6
39861 5
39862 0
39863 4
39864 6
39865 9
39866 6
39867 8
39868 10
39869 2
39870 8
39871 10
39872 6
39873 7
39874 10
39875 8
39876 9
39877 11
39878 0
39879 9
39880 8
39881 9
39882 10
39883 5
39884 9
39885 3
39886 10
39887 6
39888 9
39889 11
39890 9
39891 6
39892 8
39893 5
39894 8
39895 9
39896 11
39897 3
39898 9
39899 8
39900 8
39901 3
39902 8
39903 9
39904 5
39905 5
39906 7
39907 9
39908 0
39909 9
39910 8
39911 1
39912 5
39913 7
39914 1
39915 9
39916 2
39917 7
39918 10
39919 1
39920 9
39921 8
39922 10
39923 2
39924 2
39925 1
39926 0
39927 7
39928 9
39929 1
39930 6
39931 8
39932 9
39933 10
39934 9
39935 7
39936 2
39937 7
39938 4
39939 1
39940 4
39941 9
39942 7
39943 10
39944 10
39945 2
39946 8
39947 0
39948 9
39949 8
39950 6
39951 9
39952 8
39953 5
39954 0
39955 5
39956 8
39957 4
39958 3
39959 8
39960 9
39961 7
39962 8
39963 10
39964 1
39965 8
39966 6
39967 10
39968 0
39969 10
39970 2
39971 7
39972 8
39973 2
39974 10
39975 5
39976 7
39977 2
39978 8
39979 8
39980 8
39981 4
39982 3
39983 6
39984 10
39985 1
39986 10
39987 0
39988 8
39989 11
39990 2
39991 0
39992 3
39993 9
39994 10
39995 0
39996 7
39997 10
39998 5
39999 9
40000 10
40001 8
40002 8
40003 1
40004 6
40005 4
40006 10
40007 10
40008 4
40009 9
40010 8
40011 8
40012 9
40013 7
40014 10
40015 6
40016 6
40017 8
40018 9
40019 10
40020 8
40021 9
40022 3
40023 7
40024 1
40025 5
40026 1
40027 9
40028 10
40029 5
40030 7
40031 6
40032 9
40033 9
40034 9
40035 10
40036 7
40037 0
40038 1
40039 1
40040 5
40041 11
40042 7
40043 10
40044 8
40045 5
40046 9
40047 0
40048 4
40049 8
40050 6
40051 10
40052 7
40053 9
40054 8
40055 9
40056 10
40057 9
40058 8
40059 4
40060 10
40061 0
40062 12
40063 7
40064 8
40065 5
40066 6
40067 5
40068 7
40069 9
40070 6
40071 3
40072 10
40073 10
40074 3
40075 8
40076 10
40077 0
40078 8
40079 7
40080 9
40081 2
40082 9
40083 10
40084 8
40085 1
40086 7
40087 2
40088 1
40089 9
40090 6
40091 9
40092 4
40093 7
40094 9
40095 7
40096 9
40097 9
40098 6
40099 2
40100 0
40101 8
40102 2
40103 4
40104 5
40105 4
40106 8
40107 9
40108 1
40109 5
40110 9
40111 9
40112 11
40113 10
40114 9
40115 0
40116 7
40117 9
40118 6
40119 4
40120 8
40121 1
40122 8
40123 5
40124 10
40125 11
40126 9
40127 11
40128 7
40129 7
40130 2
40131 2
40132 6
40133 6
40134 6
40135 3
40136 0
40137 2
40138 7
40139 9
40140 0
40141 6
40142 8
40143 8
40144 7
40145 8
40146 1
40147 8
40148 2
40149 6
40150 9
40151 7
40152 8
40153 11
40154 6
40155 6
40156 6
40157 10
40158 7
40159 11
40160 3
40161 7
40162 8
40163 9
40164 10
40165 8
40166 10
40167 4
40168 8
40169 10
40170 2
40171 9
40172 2
40173 4
40174 9
40175 10
40176 6
40177 2
40178 4
40179 11
40180 7
40181 5
40182 2
40183 11
40184 9
40185 7
40186 8
40187 2
40188 8
40189 4
40190 7
40191 11
40192 9
40193 2
40194 2
40195 8
40196 1
40197 9
40198 10
40199 4
40200 1
40201 5
40202 10
40203 8
40204 3
40205 9
40206 4
40207 4
40208 10
40209 10
40210 6
40211 7
40212 10
40213 3
40214 4
40215 10
40216 4
40217 8
40218 10
40219 11
40220 1
40221 7
40222 5
40223 9
40224 0
40225 8
40226 3
40227 10
40228 7
40229 5
40230 7
40231 8
40232 10
40233 9
40234 7
40235 4
40236 9
40237 4
40238 10
40239 6
40240 7
40241 6
40242 7
40243 11
40244 9
40245 4
40246 4
40247 9
40248 10
40249 3
40250 8
40251 8
40252 10
40253 9
40254 7
40255 4
40256 9
40257 5
40258 1
40259 10
40260 10
40261 7
40262 4
40263 1
40264 0
40265 5
40266 9
40267 9
40268 10
40269 9
40270 7
40271 11
40272 2
40273 1
40274 2
40275 0
40276 9
40277 10
40278 10
40279 10
40280 10
40281 9
40282 10
40283 5
40284 4
40285 10
40286 4
40287 8
40288 9
40289 3
40290 9
40291 8
40292 8
40293 8
40294 9
40295 10
40296 1
40297 7
40298 11
40299 9
40300 8
40301 0
40302 5
40303 7
40304 5
40305 5
40306 10
40307 0
40308 6
40309 9
40310 6
40311 6
40312 7
40313 10
40314 9
40315 9
40316 1
40317 9
40318 11
40319 3
40320 6
40321 6
40322 6
40323 9
40324 5
40325 7
40326 10
40327 7
40328 8
40329 7
40330 7
40331 8
40332 8
40333 7
40334 9
40335 9
40336 2
40337 10
40338 10
40339 0
40340 10
40341 9
40342 10
40343 9
40344 1
40345 12
40346 8
40347 4
40348 10
40349 6
40350 11
40351 10
40352 10
40353 6
40354 10
40355 7
40356 10
40357 8
40358 7
40359 3
40360 7
40361 5
40362 0
40363 0
40364 9
40365 11
40366 6
40367 8
40368 10
40369 6
40370 3
40371 11
40372 7
40373 4
40374 8
40375 1
40376 7
40377 7
40378 12
40379 2
40380 10
40381 10
40382 6
40383 10
40384 10
40385 7
40386 3
40387 9
40388 10
40389 5
40390 10
40391 9
40392 9
40393 9
40394 9
40395 9
40396 11
40397 10
40398 9
40399 3
40400 9
40401 5
40402 9
40403 6
40404 6
40405 11
40406 8
40407 3
40408 9
40409 9
40410 0
40411 8
40412 3
40413 4
40414 5
40415 10
40416 9
40417 0
40418 8
40419 6
40420 8
40421 3
40422 5
40423 0
40424 6
40425 9
40426 10
40427 5
40428 9
40429 8
40430 11
40431 0
40432 5
40433 10
40434 5
40435 10
40436 3
40437 6
40438 10
40439 7
40440 5
40441 3
40442 1
40443 6
40444 10
40445 8
40446 10
40447 7
40448 2
40449 8
40450 3
40451 6
40452 9
40453 9
40454 7
40455 10
40456 7
40457 11
40458 11
40459 10
40460 2
40461 9
40462 10
40463 10
40464 2
40465 9
40466 2
40467 8
40468 6
40469 7
40470 10
40471 5
40472 9
40473 10
40474 5
40475 9
40476 4
40477 7
40478 5
40479 9
40480 6
40481 11
40482 11
40483 9
40484 10
40485 9
40486 8
40487 9
40488 10
40489 0
40490 5
40491 11
40492 6
40493 6
40494 5
40495 10
40496 8
40497 9
40498 10
40499 5
40500 10
40501 10
40502 6
40503 10
40504 10
40505 9
40506 7
40507 6
40508 10
40509 10
40510 10
40511 2
40512 8
40513 5
40514 9
40515 9
40516 6
40517 6
40518 0
40519 11
40520 8
40521 9
40522 7
40523 10
40524 6
40525 8
40526 2
40527 9
40528 9
40529 8
40530 8
40531 9
40532 8
40533 1
40534 0
40535 7
40536 11
40537 10
40538 6
40539 2
40540 10
40541 6
40542 8
40543 7
40544 2
40545 9
40546 3
40547 1
40548 7
40549 6
40550 9
40551 10
40552 10
40553 7
40554 4
40555 6
40556 4
40557 5
40558 2
40559 10
40560 8
40561 11
40562 8
40563 9
40564 9
40565 9
40566 9
40567 3
40568 5
40569 3
40570 10
40571 6
40572 4
40573 0
40574 7
40575 0
40576 10
40577 10
40578 4
40579 1
40580 5
40581 7
40582 5
40583 7
40584 10
40585 8
40586 9
40587 11
40588 8
40589 6
40590 9
40591 2
40592 9
40593 9
40594 5
40595 0
40596 7
40597 8
40598 7
40599 6
40600 9
40601 6
40602 6
40603 6
40604 5
40605 4
40606 6
40607 9
40608 5
40609 6
40610 1
40611 9
40612 6
40613 5
40614 4
40615 5
40616 8
40617 9
40618 10
40619 8
40620 2
40621 0
40622 0
40623 5
40624 9
40625 5
40626 10
40627 5
40628 11
40629 9
40630 11
40631 8
40632 10
40633 5
40634 3
40635 10
40636 7
40637 6
40638 4
40639 11
40640 7
40641 8
40642 7
40643 3
40644 0
40645 11
40646 6
40647 10
40648 6
40649 9
40650 9
40651 8
40652 5
40653 8
40654 6
40655 8
40656 1
40657 8
40658 2
40659 10
40660 0
40661 2
40662 7
40663 9
40664 5
40665 9
40666 9
40667 5
40668 8
40669 11
40670 10
40671 10
40672 10
40673 9
40674 3
40675 4
40676 7
40677 9
40678 0
40679 2
40680 3
40681 4
40682 6
40683 9
40684 4
40685 0
40686 8
40687 10
40688 5
40689 10
40690 8
40691 7
40692 9
40693 7
40694 6
40695 9
40696 9
40697 7
40698 2
40699 7
40700 9
40701 8
40702 6
40703 6
40704 10
40705 5
40706 4
40707 7
40708 8
40709 1
40710 6
40711 9
40712 0
40713 5
40714 9
40715 7
40716 11
40717 9
40718 9
40719 6
40720 1
40721 7
40722 6
40723 3
40724 1
40725 4
40726 1
40727 5
40728 9
40729 7
40730 6
40731 10
40732 10
40733 6
40734 8
40735 8
40736 2
40737 6
40738 6
40739 8
40740 8
40741 9
40742 7
40743 1
40744 3
40745 5
40746 6
40747 9
40748 5
40749 3
40750 11
40751 7
40752 4
40753 5
40754 11
40755 10
40756 3
40757 1
40758 3
40759 4
40760 3
40761 8
40762 7
40763 8
40764 2
40765 1
40766 0
40767 3
40768 7
40769 5
40770 9
40771 10
40772 3
40773 2
40774 11
40775 7
40776 7
40777 11
40778 4
40779 6
40780 0
40781 9
40782 10
40783 4
40784 0
40785 9
40786 6
40787 7
40788 10
40789 8
40790 6
40791 6
40792 1
40793 8
40794 10
40795 10
40796 6
40797 9
40798 7
40799 5
40800 8
40801 7
40802 4
40803 0
40804 3
40805 6
40806 7
40807 3
40808 7
40809 8
40810 10
40811 8
40812 10
40813 9
40814 8
40815 6
40816 9
40817 5
40818 10
40819 5
40820 1
40821 9
40822 1
40823 5
40824 8
40825 7
40826 8
40827 7
40828 5
40829 2
40830 9
40831 12
40832 4
40833 5
40834 9
40835 2
40836 2
40837 4
40838 6
40839 7
40840 7
40841 7
40842 8
40843 9
40844 3
40845 7
40846 1
40847 3
40848 8
40849 6
40850 5
40851 2
40852 2
40853 10
40854 3
40855 7
40856 10
40857 1
40858 8
40859 4
40860 4
40861 10
40862 6
40863 7
40864 5
40865 6
40866 7
40867 8
40868 10
40869 9
40870 9
40871 6
40872 7
40873 10
40874 3
40875 5
40876 8
40877 3
40878 7
40879 9
40880 9
40881 0
40882 2
40883 1
40884 7
40885 10
40886 7
40887 10
40888 0
40889 3
40890 8
40891 9
40892 5
40893 11
40894 9
40895 2
40896 10
40897 4
40898 9
40899 4
40900 7
40901 5
40902 10
40903 11
40904 9
40905 10
40906 6
40907 6
40908 3
40909 9
40910 6
40911 7
40912 5
40913 5
40914 4
40915 2
40916 10
40917 5
40918 5
40919 0
40920 6
40921 0
40922 8
40923 0
40924 6
40925 5
40926 7
40927 6
40928 8
40929 8
40930 7
40931 4
40932 1
40933 9
40934 9
40935 11
40936 8
40937 0
40938 8
40939 2
40940 10
40941 9
40942 2
40943 8
40944 8
40945 3
40946 8
40947 8
40948 3
40949 6
40950 7
40951 8
40952 0
40953 1
40954 5
40955 10
40956 6
40957 8
40958 0
40959 2
40960 9
40961 5
40962 10
40963 5
40964 8
40965 4
40966 11
40967 7
40968 2
40969 8
40970 11
40971 10
40972 3
40973 6
40974 9
40975 8
40976 7
40977 7
40978 1
40979 6
40980 5
40981 4
40982 7
40983 8
40984 6
40985 8
40986 9
40987 10
40988 5
40989 8
40990 12
40991 10
40992 10
40993 7
40994 5
40995 5
40996 11
40997 10
40998 1
40999 1
41000 9
41001 10
41002 9
41003 3
41004 6
41005 8
41006 0
41007 5
41008 4
41009 11
41010 11
41011 1
41012 6
41013 8
41014 0
41015 7
41016 8
41017 6
41018 6
41019 6
41020 8
41021 1
41022 11
41023 2
41024 1
41025 9
41026 4
41027 6
41028 6
41029 1
41030 3
41031 9
41032 10
41033 8
41034 7
41035 4
41036 3
41037 5
41038 9
41039 9
41040 9
41041 4
41042 8
41043 9
41044 10
41045 7
41046 2
41047 9
41048 1
41049 6
41050 8
41051 5
41052 7
41053 5
41054 1
41055 4
41056 11
41057 11
41058 2
41059 7
41060 9
41061 9
41062 7
41063 4
41064 7
41065 5
41066 7
41067 11
41068 1
41069 3
41070 1
41071 9
41072 8
41073 3
41074 0
41075 0
41076 4
41077 10
41078 8
41079 7
41080 11
41081 10
41082 7
41083 12
41084 2
41085 5
41086 3
41087 6
41088 8
41089 5
41090 6
41091 3
41092 7
41093 5
41094 10
41095 10
41096 7
41097 5
41098 4
41099 1
41100 8
41101 6
41102 10
41103 7
41104 8
41105 0
41106 8
41107 2
41108 8
41109 8
41110 6
41111 11
41112 10
41113 3
41114 9
41115 11
41116 3
41117 8
41118 3
41119 5
41120 10
41121 5
41122 1
41123 10
41124 9
41125 9
41126 4
41127 11
41128 6
41129 10
41130 11
41131 2
41132 10
41133 4
41134 10
41135 10
41136 10
41137 11
41138 2
41139 5
41140 10
41141 6
41142 5
41143 6
41144 7
41145 2
41146 8
41147 2
41148 0
41149 7
41150 5
41151 9
41152 1
41153 6
41154 7
41155 6
41156 10
41157 10
41158 10
41159 9
41160 5
41161 9
41162 4
41163 3
41164 2
41165 7
41166 8
41167 5
41168 9
41169 9
41170 9
41171 2
41172 10
41173 5
41174 7
41175 6
41176 8
41177 2
41178 10
41179 7
41180 3
41181 6
41182 11
41183 2
41184 10
41185 0
41186 1
41187 11
41188 6
41189 10
41190 1
41191 8
41192 7
41193 3
41194 4
41195 7
41196 2
41197 10
41198 3
41199 11
41200 7
41201 3
41202 6
41203 8
41204 7
41205 4
41206 8
41207 9
41208 6
41209 10
41210 6
41211 6
41212 4
41213 2
41214 8
41215 3
41216 10
41217 4
41218 9
41219 6
41220 3
41221 9
41222 7
41223 8
41224 6
41225 9
41226 7
41227 7
41228 9
41229 8
41230 11
41231 9
41232 8
41233 8
41234 9
41235 10
41236 10
41237 6
41238 7
41239 8
41240 6
41241 10
41242 10
41243 7
41244 9
41245 10
41246 9
41247 9
41248 1
41249 5
41250 8
41251 6
41252 9
41253 9
41254 10
41255 7
41256 8
41257 9
41258 9
41259 9
41260 5
41261 3
41262 1
41263 9
41264 5
41265 11
41266 9
41267 9
41268 4
41269 0
41270 2
41271 4
41272 6
41273 10
41274 0
41275 9
41276 6
41277 6
41278 10
41279 1
41280 1
41281 10
41282 2
41283 8
41284 0
41285 0
41286 8
41287 6
41288 7
41289 10
41290 7
41291 10
41292 10
41293 7
41294 9
41295 9
41296 3
41297 11
41298 8
41299 1
41300 8
41301 8
41302 2
41303 8
41304 9
41305 2
41306 8
41307 8
41308 8
41309 7
41310 5
41311 11
41312 8
41313 11
41314 6
41315 0
41316 6
41317 5
41318 2
41319 5
41320 9
41321 10
41322 9
41323 9
41324 10
41325 3
41326 6
41327 7
41328 1
41329 5
41330 7
41331 9
41332 8
41333 6
41334 8
41335 7
41336 10
41337 10
41338 9
41339 9
41340 8
41341 11
41342 6
41343 8
41344 8
41345 5
41346 4
41347 3
41348 5
41349 3
41350 3
41351 4
41352 9
41353 6
41354 7
41355 10
41356 4
41357 3
41358 10
41359 6
41360 0
41361 3
41362 7
41363 9
41364 7
41365 11
41366 10
41367 9
41368 7
41369 8
41370 11
41371 7
41372 11
41373 3
41374 2
41375 8
41376 7
41377 0
41378 3
41379 8
41380 9
41381 11
41382 0
41383 9
41384 7
41385 9
41386 5
41387 11
41388 9
41389 8
41390 9
41391 6
41392 11
41393 9
41394 2
41395 4
41396 6
41397 4
41398 5
41399 3
41400 2
41401 9
41402 10
41403 2
41404 4
41405 10
41406 10
41407 8
41408 9
41409 2
41410 8
41411 6
41412 10
41413 9
41414 9
41415 8
41416 3
41417 11
41418 5
41419 10
41420 2
41421 9
41422 8
41423 0
41424 6
41425 2
41426 8
41427 6
41428 7
41429 0
41430 1
41431 3
41432 9
41433 3
41434 0
41435 3
41436 5
41437 9
41438 6
41439 2
41440 9
41441 5
41442 7
41443 10
41444 0
41445 5
41446 7
41447 9
41448 4
41449 1
41450 9
41451 8
41452 3
41453 7
41454 10
41455 6
41456 9
41457 10
41458 6
41459 2
41460 8
41461 6
41462 10
41463 7
41464 5
41465 8
41466 10
41467 9
41468 6
41469 9
41470 7
41471 5
41472 9
41473 5
41474 8
41475 7
41476 9
41477 10
41478 9
41479 0
41480 8
41481 3
41482 6
41483 9
41484 4
41485 2
41486 0
41487 8
41488 3
41489 1
41490 9
41491 8
41492 8
41493 8
41494 2
41495 4
41496 4
41497 11
41498 10
41499 10
41500 9
41501 0
41502 4
41503 7
41504 2
41505 6
41506 8
41507 9
41508 8
41509 1
41510 8
41511 9
41512 9
41513 0
41514 10
41515 9
41516 8
41517 9
41518 8
41519 8
41520 4
41521 6
41522 10
41523 10
41524 10
41525 4
41526 9
41527 8
41528 6
41529 3
41530 6
41531 10
41532 9
41533 6
41534 10
41535 7
41536 2
41537 6
41538 10
41539 2
41540 5
41541 9
41542 9
41543 0
41544 9
41545 8
41546 2
41547 10
41548 2
41549 6
41550 9
41551 4
41552 6
41553 9
41554 9
41555 8
41556 10
41557 10
41558 0
41559 2
41560 9
41561 2
41562 5
41563 4
41564 5
41565 2
41566 5
41567 9
41568 9
41569 7
41570 9
41571 10
41572 0
41573 9
41574 7
41575 10
41576 5
41577 8
41578 10
41579 11
41580 8
41581 1
41582 11
41583 4
41584 9
41585 5
41586 10
41587 1
41588 10
41589 7
41590 9
41591 9
41592 6
41593 6
41594 2
41595 6
41596 6
41597 8
41598 7
41599 2
41600 5
41601 9
41602 1
41603 0
41604 9
41605 11
41606 7
41607 1
41608 7
41609 4
41610 10
41611 4
41612 6
41613 8
41614 6
41615 2
41616 10
41617 10
41618 4
41619 1
41620 9
41621 10
41622 11
41623 2
41624 0
41625 1
41626 10
41627 5
41628 5
41629 8
41630 7
41631 10
41632 4
41633 1
41634 9
41635 4
41636 0
41637 9
41638 9
41639 1
41640 9
41641 9
41642 5
41643 6
41644 11
41645 9
41646 0
41647 9
41648 7
41649 9
41650 9
41651 12
41652 9
41653 3
41654 6
41655 6
41656 9
41657 10
41658 10
41659 5
41660 7
41661 6
41662 11
41663 5
41664 5
41665 9
41666 8
41667 11
41668 8
41669 6
41670 10
41671 7
41672 8
41673 5
41674 0
41675 5
41676 10
41677 12
41678 11
41679 2
41680 3
41681 9
41682 6
41683 2
41684 9
41685 8
41686 2
41687 9
41688 2
41689 10
41690 2
41691 9
41692 7
41693 12
41694 11
41695 7
41696 3
41697 8
41698 6
41699 1
41700 8
41701 8
41702 8
41703 10
41704 7
41705 10
41706 8
41707 11
41708 0
41709 10
41710 6
41711 9
41712 8
41713 7
41714 8
41715 8
41716 6
41717 10
41718 9
41719 7
41720 4
41721 11
41722 10
41723 9
41724 1
41725 5
41726 10
41727 9
41728 3
41729 5
41730 3
41731 10
41732 3
41733 8
41734 7
41735 8
41736 9
41737 9
41738 5
41739 6
41740 8
41741 4
41742 10
41743 7
41744 4
41745 6
41746 8
41747 10
41748 11
41749 0
41750 7
41751 6
41752 3
41753 8
41754 9
41755 12
41756 12
41757 1
41758 7
41759 2
41760 7
41761 8
41762 3
41763 9
41764 1
41765 8
41766 6
41767 9
41768 8
41769 0
41770 10
41771 9
41772 8
41773 10
41774 8
41775 8
41776 9
41777 1
41778 8
41779 7
41780 10
41781 7
41782 8
41783 5
41784 5
41785 4
41786 0
41787 10
41788 5
41789 9
41790 2
41791 10
41792 7
41793 7
41794 2
41795 7
41796 4
41797 2
41798 8
41799 1
41800 5
41801 8
41802 9
41803 5
41804 7
41805 10
41806 5
41807 10
41808 4
41809 10
41810 5
41811 9
41812 5
41813 10
41814 3
41815 8
41816 11
41817 7
41818 9
41819 9
41820 7
41821 2
41822 7
41823 9
41824 11
41825 10
41826 8
41827 8
41828 10
41829 1
41830 8
41831 9
41832 7
41833 2
41834 6
41835 7
41836 10
41837 5
41838 4
41839 3
41840 1
41841 3
41842 4
41843 7
41844 5
41845 9
41846 9
41847 8
41848 4
41849 9
41850 2
41851 0
41852 10
41853 8
41854 10
41855 6
41856 6
41857 8
41858 9
41859 11
41860 3
41861 5
41862 3
41863 6
41864 4
41865 3
41866 6
41867 7
41868 3
41869 2
41870 3
41871 5
41872 5
41873 5
41874 6
41875 10
41876 5
41877 5
41878 8
41879 3
41880 7
41881 9
41882 3
41883 11
41884 1
41885 10
41886 9
41887 1
41888 1
41889 0
41890 9
41891 7
41892 3
41893 9
41894 3
41895 9
41896 8
41897 10
41898 4
41899 9
41900 5
41901 11
41902 11
41903 8
41904 10
41905 5
41906 7
41907 9
41908 7
41909 2
41910 5
41911 6
41912 3
41913 8
41914 10
41915 4
41916 8
41917 10
41918 3
41919 2
41920 3
41921 10
41922 2
41923 6
41924 4
41925 10
41926 11
41927 3
41928 10
41929 6
41930 11
41931 5
41932 2
41933 10
41934 3
41935 10
41936 8
41937 5
41938 9
41939 9
41940 4
41941 10
41942 10
41943 3
41944 9
41945 3
41946 5
41947 10
41948 1
41949 8
41950 8
41951 9
41952 10
41953 5
41954 6
41955 5
41956 4
41957 9
41958 9
41959 7
41960 7
41961 0
41962 10
41963 10
41964 9
41965 10
41966 1
41967 7
41968 9
41969 10
41970 10
41971 6
41972 8
41973 3
41974 4
41975 11
41976 3
41977 8
41978 8
41979 11
41980 8
41981 9
41982 0
41983 8
41984 9
41985 2
41986 2
41987 5
41988 6
41989 7
41990 5
41991 9
41992 7
41993 9
41994 11
41995 6
41996 7
41997 10
41998 10
41999 2
42000 9
42001 11
42002 7
42003 7
42004 5
42005 10
42006 4
42007 9
42008 10
42009 6
42010 5
42011 6
42012 4
42013 8
42014 8
42015 6
42016 8
42017 3
42018 3
42019 0
42020 8
42021 3
42022 10
42023 11
42024 7
42025 9
42026 7
42027 9
42028 11
42029 5
42030 9
42031 3
42032 8
42033 7
42034 7
42035 2
42036 10
42037 1
42038 5
42039 8
42040 10
42041 9
42042 11
42043 9
42044 7
42045 9
42046 10
42047 3
42048 7
42049 4
42050 9
42051 10
42052 1
42053 9
42054 11
42055 7
42056 10
42057 8
42058 5
42059 5
42060 9
42061 5
42062 8
42063 8
42064 11
42065 8
42066 7
42067 3
42068 8
42069 10
42070 5
42071 10
42072 7
42073 6
42074 3
42075 9
42076 7
42077 8
42078 8
42079 10
42080 4
42081 10
42082 10
42083 5
42084 10
42085 2
42086 3
42087 4
42088 10
42089 11
42090 2
42091 7
42092 1
42093 2
42094 4
42095 4
42096 8
42097 10
42098 4
42099 4
42100 10
42101 6
42102 3
42103 7
42104 8
42105 1
42106 4
42107 9
42108 5
42109 8
42110 10
42111 1
42112 8
42113 9
42114 5
42115 10
42116 2
42117 6
42118 4
42119 10
42120 9
42121 11
42122 9
42123 9
42124 10
42125 10
42126 9
42127 9
42128 5
42129 4
42130 5
42131 0
42132 10
42133 6
42134 3
42135 9
42136 7
42137 10
42138 5
42139 8
42140 5
42141 3
42142 6
42143 11
42144 9
42145 1
42146 10
42147 7
42148 8
42149 2
42150 5
42151 3
42152 7
42153 8
42154 2
42155 5
42156 9
42157 7
42158 6
42159 1
42160 3
42161 11
42162 11
42163 8
42164 4
42165 10
42166 9
42167 8
42168 10
42169 3
42170 10
42171 8
42172 5
42173 2
42174 7
42175 5
42176 0
42177 2
42178 11
42179 3
42180 4
42181 10
42182 1
42183 9
42184 2
42185 1
42186 7
42187 10
42188 9
42189 7
42190 10
42191 6
42192 2
42193 10
42194 1
42195 10
42196 7
42197 1
42198 10
42199 9
42200 9
42201 8
42202 3
42203 0
42204 10
42205 7
42206 10
42207 4
42208 9
42209 8
42210 7
42211 11
42212 0
42213 2
42214 5
42215 8
42216 6
42217 7
42218 9
42219 11
42220 8
42221 11
42222 9
42223 6
42224 9
42225 3
42226 11
42227 8
42228 4
42229 10
42230 10
42231 3
42232 9
42233 3
42234 5
42235 6
42236 5
42237 4
42238 4
42239 8
42240 11
42241 4
42242 10
42243 7
42244 8
42245 8
42246 2
42247 7
42248 1
42249 8
42250 2
42251 1
42252 11
42253 9
42254 8
42255 9
42256 6
42257 10
42258 3
42259 0
42260 10
42261 5
42262 2
42263 5
42264 8
42265 8
42266 0
42267 5
42268 5
42269 0
42270 10
42271 5
42272 4
42273 4
42274 10
42275 10
42276 2
42277 2
42278 7
42279 3
42280 9
42281 7
42282 3
42283 4
42284 10
42285 10
42286 11
42287 7
42288 6
42289 1
42290 0
42291 11
42292 3
42293 9
42294 1
42295 4
42296 3
42297 8
42298 10
42299 7
42300 0
42301 5
42302 9
42303 8
42304 0
42305 1
42306 11
42307 11
42308 7
42309 6
42310 4
42311 9
42312 9
42313 7
42314 10
42315 9
42316 11
42317 5
42318 2
42319 7
42320 10
42321 5
42322 5
42323 9
42324 7
42325 7
42326 2
42327 0
42328 11
42329 11
42330 10
42331 7
42332 9
42333 10
42334 5
42335 0
42336 3
42337 10
42338 3
42339 5
42340 9
42341 7
42342 4
42343 2
42344 8
42345 10
42346 2
42347 10
42348 8
42349 10
42350 8
42351 10
42352 9
42353 3
42354 5
42355 8
42356 9
42357 4
42358 12
42359 10
42360 11
42361 3
42362 11
42363 10
42364 11
42365 4
42366 0
42367 1
42368 7
42369 5
42370 6
42371 7
42372 8
42373 8
42374 1
42375 4
42376 11
42377 8
42378 3
42379 6
42380 5
42381 9
42382 3
42383 2
42384 1
42385 7
42386 11
42387 7
42388 8
42389 5
42390 9
42391 4
42392 4
42393 6
42394 8
42395 3
42396 1
42397 9
42398 9
42399 8
42400 10
42401 5
42402 8
42403 4
42404 2
42405 1
42406 8
42407 4
42408 10
42409 3
42410 10
42411 7
42412 3
42413 8
42414 10
42415 6
42416 9
42417 6
42418 8
42419 8
42420 4
42421 8
42422 8
42423 7
42424 8
42425 6
42426 11
42427 11
42428 11
42429 4
42430 2
42431 10
42432 3
42433 7
42434 6
42435 7
42436 10
42437 3
42438 9
42439 8
42440 7
42441 10
42442 7
42443 3
42444 7
42445 7
42446 8
42447 0
42448 8
42449 8
42450 1
42451 6
42452 5
42453 9
42454 11
42455 2
42456 6
42457 8
42458 9
42459 2
42460 9
42461 8
42462 2
42463 9
42464 8
42465 10
42466 9
42467 7
42468 9
42469 9
42470 2
42471 8
42472 10
42473 9
42474 10
42475 7
42476 11
42477 10
42478 8
42479 8
42480 7
42481 2
42482 8
42483 2
42484 9
42485 10
42486 10
42487 8
42488 10
42489 9
42490 3
42491 10
42492 11
42493 11
42494 1
42495 4
42496 8
42497 6
42498 11
42499 8
42500 3
42501 5
42502 3
42503 0
42504 6
42505 0
42506 6
42507 4
42508 10
42509 0
42510 8
42511 6
42512 6
42513 3
42514 1
42515 11
42516 3
42517 7
42518 2
42519 6
42520 2
42521 7
42522 7
42523 8
42524 9
42525 7
42526 6
42527 11
42528 10
42529 6
42530 5
42531 7
42532 5
42533 1
42534 6
42535 7
42536 8
42537 7
42538 7
42539 6
42540 10
42541 11
42542 4
42543 2
42544 6
42545 7
42546 10
42547 6
42548 10
42549 10
42550 9
42551 10
42552 8
42553 11
42554 9
42555 7
42556 11
42557 6
42558 7
42559 7
42560 6
42561 8
42562 10
42563 11
42564 9
42565 9
42566 2
42567 10
42568 1
42569 5
42570 10
42571 8
42572 8
42573 7
42574 3
42575 10
42576 6
42577 10
42578 0
42579 9
42580 6
42581 11
42582 8
42583 10
42584 8
42585 9
42586 9
42587 2
42588 3
42589 7
42590 8
42591 11
42592 9
42593 6
42594 0
42595 8
42596 2
42597 11
42598 11
42599 2
42600 5
42601 4
42602 9
42603 8
42604 3
42605 5
42606 7
42607 10
42608 8
42609 10
42610 3
42611 10
42612 6
42613 1
42614 9
42615 8
42616 4
42617 8
42618 7
42619 9
42620 6
42621 10
42622 8
42623 1
42624 5
42625 9
42626 10
42627 11
42628 10
42629 6
42630 5
42631 6
42632 5
42633 10
42634 1
42635 1
42636 3
42637 9
42638 8
42639 8
42640 9
42641 5
42642 5
42643 10
42644 1
42645 10
42646 10
42647 0
42648 2
42649 11
42650 8
42651 8
42652 8
42653 9
42654 10
42655 4
42656 12
42657 9
42658 7
42659 1
42660 10
42661 7
42662 2
42663 3
42664 2
42665 2
42666 9
42667 7
42668 10
42669 9
42670 7
42671 8
42672 11
42673 6
42674 7
42675 5
42676 2
42677 5
42678 10
42679 4
42680 8
42681 11
42682 4
42683 5
42684 9
42685 9
42686 8
42687 5
42688 9
42689 5
42690 0
42691 10
42692 10
42693 10
42694 12
42695 9
42696 10
42697 6
42698 10
42699 8
42700 11
42701 11
42702 8
42703 1
42704 1
42705 7
42706 8
42707 9
42708 0
42709 5
42710 4
42711 5
42712 6
42713 7
42714 1
42715 12
42716 10
42717 0
42718 2
42719 9
42720 11
42721 0
42722 10
42723 5
42724 5
42725 11
42726 0
42727 11
42728 9
42729 4
42730 9
42731 10
42732 0
42733 9
42734 1
42735 9
42736 7
42737 11
42738 5
42739 7
42740 7
42741 9
42742 8
42743 8
42744 9
42745 6
42746 8
42747 6
42748 4
42749 7
42750 3
42751 10
42752 0
42753 11
42754 8
42755 11
42756 5
42757 8
42758 7
42759 4
42760 6
42761 2
42762 10
42763 10
42764 2
42765 9
42766 1
42767 4
42768 6
42769 6
42770 3
42771 10
42772 8
42773 11
42774 6
42775 11
42776 5
42777 5
42778 4
42779 5
42780 11
42781 9
42782 10
42783 7
42784 0
42785 0
42786 5
42787 10
42788 11
42789 0
42790 11
42791 3
42792 1
42793 10
42794 10
42795 2
42796 9
42797 8
42798 4
42799 8
42800 9
42801 8
42802 9
42803 10
42804 9
42805 7
42806 9
42807 10
42808 2
42809 7
42810 9
42811 7
42812 5
42813 2
42814 10
42815 8
42816 11
42817 10
42818 4
42819 4
42820 11
42821 1
42822 1
42823 7
42824 3
42825 8
42826 6
42827 7
42828 3
42829 10
42830 8
42831 9
42832 8
42833 12
42834 10
42835 4
42836 2
42837 3
42838 11
42839 3
42840 2
42841 8
42842 4
42843 7
42844 7
42845 8
42846 2
42847 4
42848 4
42849 12
42850 9
42851 11
42852 3
42853 4
42854 10
42855 10
42856 4
42857 6
42858 9
42859 4
42860 7
42861 5
42862 8
42863 4
42864 4
42865 1
42866 10
42867 9
42868 7
42869 12
42870 10
42871 9
42872 3
42873 8
42874 9
42875 2
42876 6
42877 11
42878 7
42879 9
42880 3
42881 10
42882 9
42883 1
42884 2
42885 2
42886 10
42887 1
42888 7
42889 2
42890 10
42891 2
42892 2
42893 8
42894 12
42895 4
42896 11
42897 6
42898 9
42899 5
42900 7
42901 8
42902 10
42903 11
42904 4
42905 8
42906 9
42907 10
42908 11
42909 8
42910 9
42911 3
42912 9
42913 2
42914 5
42915 9
42916 10
42917 11
42918 3
42919 7
42920 3
42921 3
42922 4
42923 7
42924 9
42925 6
42926 9
42927 11
42928 8
42929 8
42930 3
42931 9
42932 4
42933 7
42934 5
42935 7
42936 5
42937 9
42938 11
42939 1
42940 6
42941 8
42942 2
42943 9
42944 1
42945 6
42946 10
42947 5
42948 2
42949 3
42950 5
42951 6
42952 8
42953 9
42954 9
42955 8
42956 10
42957 9
42958 7
42959 10
42960 2
42961 3
42962 11
42963 5
42964 3
42965 4
42966 7
42967 9
42968 8
42969 9
42970 8
42971 9
42972 8
42973 7
42974 8
42975 0
42976 6
42977 9
42978 4
42979 4
42980 4
42981 10
42982 9
42983 7
42984 8
42985 9
42986 8
42987 7
42988 8
42989 0
42990 3
42991 8
42992 11
42993 10
42994 11
42995 4
42996 10
42997 11
42998 6
42999 10
43000 9
43001 1
43002 11
43003 10
43004 7
43005 6
43006 6
43007 6
43008 5
43009 10
43010 1
43011 10
43012 10
43013 9
43014 2
43015 6
43016 7
43017 7
43018 3
43019 9
43020 6
43021 8
43022 8
43023 9
43024 4
43025 9
43026 8
43027 7
43028 1
43029 7
43030 2
43031 10
43032 9
43033 6
43034 9
43035 3
43036 9
43037 6
43038 8
43039 7
43040 11
43041 5
43042 4
43043 0
43044 0
43045 1
43046 7
43047 12
43048 11
43049 1
43050 3
43051 7
43052 10
43053 9
43054 8
43055 1
43056 9
43057 8
43058 8
43059 4
43060 4
43061 1
43062 9
43063 3
43064 9
43065 10
43066 9
43067 8
43068 3
43069 9
43070 10
43071 8
43072 7
43073 8
43074 5
43075 9
43076 7
43077 8
43078 9
43079 5
43080 7
43081 7
43082 10
43083 3
43084 10
43085 9
43086 11
43087 1
43088 12
43089 8
43090 0
43091 10
43092 11
43093 5
43094 9
43095 9
43096 5
43097 9
43098 3
43099 11
43100 8
43101 10
43102 6
43103 4
43104 9
43105 6
43106 8
43107 11
43108 10
43109 10
43110 7
43111 0
43112 9
43113 5
43114 8
43115 6
43116 11
43117 7
43118 0
43119 10
43120 10
43121 9
43122 7
43123 11
43124 10
43125 0
43126 7
43127 3
43128 11
43129 9
43130 3
43131 7
43132 10
43133 10
43134 8
43135 10
43136 9
43137 8
43138 10
43139 3
43140 4
43141 5
43142 8
43143 9
43144 8
43145 10
43146 1
43147 9
43148 8
43149 11
43150 7
43151 0
43152 9
43153 9
43154 2
43155 9
43156 7
43157 5
43158 9
43159 2
43160 9
43161 6
43162 3
43163 11
43164 10
43165 8
43166 9
43167 6
43168 7
43169 10
43170 6
43171 10
43172 3
43173 8
43174 9
43175 5
43176 3
43177 3
43178 7
43179 4
43180 10
43181 7
43182 8
43183 10
43184 8
43185 11
43186 1
43187 2
43188 9
43189 10
43190 10
43191 10
43192 7
43193 9
43194 10
43195 10
43196 11
43197 9
43198 10
43199 0
43200 9
43201 2
43202 9
43203 10
43204 9
43205 7
43206 8
43207 8
43208 9
43209 6
43210 2
43211 12
43212 6
43213 7
43214 3
43215 9
43216 3
43217 4
43218 2
43219 8
43220 8
43221 9
43222 8
43223 11
43224 3
43225 11
43226 9
43227 7
43228 11
43229 9
43230 9
43231 4
43232 8
43233 8
43234 0
43235 10
43236 6
43237 10
43238 9
43239 9
43240 9
43241 4
43242 6
43243 2
43244 11
43245 6
43246 10
43247 5
43248 9
43249 9
43250 8
43251 3
43252 1
43253 5
43254 10
43255 9
43256 7
43257 10
43258 12
43259 8
43260 1
43261 8
43262 11
43263 7
43264 10
43265 1
43266 9
43267 1
43268 8
43269 8
43270 4
43271 10
43272 6
43273 3
43274 0
43275 9
43276 10
43277 8
43278 9
43279 10
43280 11
43281 6
43282 3
43283 10
43284 5
43285 8
43286 7
43287 5
43288 0
43289 4
43290 10
43291 8
43292 8
43293 10
43294 5
43295 9
43296 6
43297 8
43298 7
43299 3
43300 10
43301 1
43302 7
43303 9
43304 9
43305 1
43306 8
43307 8
43308 7
43309 11
43310 2
43311 11
43312 9
43313 6
43314 11
43315 11
43316 10
43317 10
43318 10
43319 4
43320 7
43321 10
43322 10
43323 1
43324 9
43325 11
43326 10
43327 8
43328 11
43329 9
43330 10
43331 10
43332 1
43333 8
43334 11
43335 4
43336 5
43337 1
43338 7
43339 11
43340 11
43341 9
43342 6
43343 7
43344 1
43345 4
43346 11
43347 8
43348 5
43349 0
43350 8
43351 1
43352 3
43353 10
43354 4
43355 0
43356 11
43357 6
43358 8
43359 11
43360 8
43361 12
43362 5
43363 10
43364 0
43365 9
43366 10
43367 8
43368 6
43369 10
43370 4
43371 5
43372 9
43373 5
43374 5
43375 8
43376 4
43377 6
43378 7
43379 10
43380 7
43381 3
43382 3
43383 0
43384 9
43385 6
43386 9
43387 6
43388 5
43389 3
43390 0
43391 6
43392 11
43393 11
43394 3
43395 5
43396 3
43397 11
43398 10
43399 8
43400 8
43401 3
43402 10
43403 5
43404 8
43405 2
43406 7
43407 6
43408 6
43409 9
43410 5
43411 3
43412 11
43413 7
43414 9
43415 11
43416 11
43417 8
43418 9
43419 2
43420 10
43421 8
43422 11
43423 11
43424 7
43425 3
43426 7
43427 11
43428 4
43429 8
43430 8
43431 11
43432 6
43433 9
43434 11
43435 9
43436 4
43437 8
43438 1
43439 10
43440 2
43441 4
43442 8
43443 1
43444 7
43445 8
43446 6
43447 8
43448 9
43449 11
43450 9
43451 11
43452 2
43453 1
43454 3
43455 9
43456 0
43457 1
43458 6
43459 9
43460 10
43461 11
43462 10
43463 3
43464 7
43465 9
43466 10
43467 10
43468 11
43469 7
43470 3
43471 10
43472 2
43473 5
43474 1
43475 9
43476 11
43477 12
43478 7
43479 12
43480 0
43481 5
43482 9
43483 8
43484 10
43485 3
43486 7
43487 5
43488 11
43489 9
43490 5
43491 0
43492 10
43493 1
43494 2
43495 10
43496 11
43497 2
43498 3
43499 9
43500 10
43501 7
43502 10
43503 10
43504 6
43505 3
43506 4
43507 7
43508 3
43509 8
43510 4
43511 8
43512 9
43513 11
43514 6
43515 9
43516 5
43517 11
43518 7
43519 7
43520 7
43521 3
43522 10
43523 9
43524 8
43525 9
43526 5
43527 9
43528 9
43529 8
43530 8
43531 11
43532 3
43533 8
43534 8
43535 7
43536 9
43537 7
43538 10
43539 9
43540 9
43541 12
43542 8
43543 2
43544 3
43545 10
43546 11
43547 7
43548 9
43549 10
43550 11
43551 7
43552 9
43553 12
43554 7
43555 8
43556 1
43557 9
43558 12
43559 5
43560 7
43561 9
43562 0
43563 3
43564 10
43565 1
43566 3
43567 8
43568 3
43569 9
43570 7
43571 8
43572 11
43573 6
43574 5
43575 3
43576 10
43577 8
43578 8
43579 0
43580 8
43581 9
43582 6
43583 6
43584 10
43585 1
43586 1
43587 4
43588 8
43589 8
43590 7
43591 12
43592 6
43593 5
43594 7
43595 10
43596 8
43597 0
43598 1
43599 7
43600 5
43601 6
43602 2
43603 8
43604 8
43605 6
43606 10
43607 5
43608 2
43609 11
43610 11
43611 9
43612 9
43613 2
43614 3
43615 9
43616 7
43617 6
43618 9
43619 4
43620 10
43621 6
43622 10
43623 10
43624 4
43625 3
43626 9
43627 2
43628 10
43629 11
43630 7
43631 11
43632 5
43633 0
43634 8
43635 6
43636 5
43637 2
43638 9
43639 6
43640 8
43641 7
43642 6
43643 8
43644 10
43645 1
43646 9
43647 6
43648 1
43649 9
43650 9
43651 10
43652 11
43653 3
43654 7
43655 0
43656 2
43657 5
43658 9
43659 8
43660 10
43661 4
43662 8
43663 8
43664 8
43665 7
43666 4
43667 8
43668 9
43669 0
43670 9
43671 8
43672 6
43673 4
43674 12
43675 12
43676 1
43677 7
43678 6
43679 8
43680 7
43681 4
43682 10
43683 4
43684 9
43685 10
43686 6
43687 11
43688 10
43689 10
43690 7
43691 11
43692 5
43693 7
43694 6
43695 5
43696 0
43697 0
43698 5
43699 8
43700 8
43701 9
43702 5
43703 2
43704 11
43705 7
43706 4
43707 10
43708 10
43709 0
43710 3
43711 8
43712 11
43713 7
43714 10
43715 9
43716 10
43717 5
43718 9
43719 9
43720 7
43721 7
43722 10
43723 11
43724 10
43725 6
43726 3
43727 8
43728 11
43729 8
43730 6
43731 1
43732 9
43733 9
43734 9
43735 11
43736 4
43737 3
43738 7
43739 6
43740 8
43741 8
43742 10
43743 9
43744 9
43745 9
43746 11
43747 8
43748 9
43749 1
43750 9
43751 6
43752 10
43753 11
43754 11
43755 10
43756 10
43757 3
43758 10
43759 9
43760 2
43761 10
43762 5
43763 4
43764 4
43765 8
43766 4
43767 10
43768 3
43769 2
43770 4
43771 5
43772 8
43773 10
43774 8
43775 10
43776 8
43777 9
43778 6
43779 0
43780 5
43781 5
43782 5
43783 3
43784 10
43785 8
43786 6
43787 0
43788 7
43789 5
43790 6
43791 10
43792 5
43793 7
43794 5
43795 9
43796 10
43797 5
43798 8
43799 6
43800 8
43801 4
43802 11
43803 11
43804 9
43805 4
43806 5
43807 4
43808 11
43809 11
43810 4
43811 10
43812 9
43813 8
43814 2
43815 1
43816 6
43817 8
43818 9
43819 8
43820 7
43821 0
43822 5
43823 8
43824 10
43825 5
43826 9
43827 5
43828 8
43829 9
43830 6
43831 5
43832 11
43833 10
43834 2
43835 11
43836 4
43837 5
43838 4
43839 10
43840 8
43841 2
43842 2
43843 4
43844 9
43845 10
43846 7
43847 4
43848 8
43849 11
43850 3
43851 11
43852 11
43853 5
43854 5
43855 6
43856 3
43857 3
43858 8
43859 10
43860 8
43861 10
43862 1
43863 9
43864 1
43865 8
43866 1
43867 9
43868 3
43869 9
43870 9
43871 9
43872 9
43873 9
43874 5
43875 6
43876 7
43877 10
43878 9
43879 9
43880 10
43881 6
43882 8
43883 10
43884 6
43885 9
43886 10
43887 8
43888 5
43889 9
43890 10
43891 8
43892 7
43893 7
43894 2
43895 2
43896 10
43897 9
43898 3
43899 9
43900 8
43901 10
43902 10
43903 9
43904 11
43905 11
43906 3
43907 6
43908 1
43909 9
43910 10
43911 9
43912 4
43913 10
43914 7
43915 7
43916 11
43917 6
43918 6
43919 11
43920 10
43921 8
43922 7
43923 9
43924 9
43925 10
43926 3
43927 10
43928 1
43929 11
43930 8
43931 3
43932 6
43933 6
43934 4
43935 9
43936 9
43937 10
43938 1
43939 9
43940 11
43941 3
43942 8
43943 5
43944 10
43945 2
43946 7
43947 6
43948 3
43949 7
43950 8
43951 7
43952 10
43953 3
43954 3
43955 1
43956 2
43957 8
43958 2
43959 7
43960 8
43961 8
43962 2
43963 1
43964 9
43965 7
43966 7
43967 9
43968 10
43969 9
43970 8
43971 0
43972 11
43973 5
43974 5
43975 4
43976 8
43977 9
43978 11
43979 9
43980 7
43981 9
43982 6
43983 9
43984 6
43985 11
43986 7
43987 5
43988 1
43989 0
43990 4
43991 0
43992 9
43993 0
43994 7
43995 10
43996 12
43997 5
43998 2
43999 7
44000 9
44001 1
44002 2
44003 6
44004 10
44005 2
44006 8
44007 3
44008 11
44009 7
44010 5
44011 4
44012 2
44013 10
44014 10
44015 6
44016 10
44017 4
44018 1
44019 0
44020 7
44021 9
44022 0
44023 9
44024 12
44025 10
44026 10
44027 7
44028 9
44029 1
44030 1
44031 3
44032 7
44033 3
44034 9
44035 11
44036 1
44037 10
44038 11
44039 2
44040 2
44041 2
44042 7
44043 10
44044 5
44045 1
44046 3
44047 10
44048 8
44049 9
44050 9
44051 7
44052 9
44053 5
44054 5
44055 10
44056 7
44057 11
44058 8
44059 11
44060 8
44061 5
44062 9
44063 2
44064 5
44065 0
44066 6
44067 3
44068 11
44069 3
44070 4
44071 8
44072 9
44073 4
44074 7
44075 4
44076 11
44077 11
44078 10
44079 1
44080 11
44081 7
44082 6
44083 9
44084 3
44085 10
44086 1
44087 3
44088 9
44089 4
44090 2
44091 8
44092 5
44093 10
44094 6
44095 8
44096 10
44097 7
44098 7
44099 0
44100 8
44101 5
44102 10
44103 6
44104 6
44105 3
44106 7
44107 10
44108 9
44109 2
44110 9
44111 7
44112 10
44113 1
44114 3
44115 1
44116 10
44117 5
44118 10
44119 8
44120 9
44121 10
44122 9
44123 1
44124 2
44125 9
44126 9
44127 8
44128 3
44129 4
44130 5
44131 9
44132 5
44133 7
44134 8
44135 12
44136 10
44137 11
44138 4
44139 5
44140 4
44141 11
44142 10
44143 1
44144 10
44145 9
44146 11
44147 6
44148 10
44149 9
44150 3
44151 9
44152 3
44153 1
44154 11
44155 10
44156 9
44157 5
44158 7
44159 10
44160 6
44161 6
44162 8
44163 9
44164 7
44165 0
44166 7
44167 4
44168 5
44169 8
44170 10
44171 8
44172 10
44173 1
44174 11
44175 9
44176 9
44177 7
44178 3
44179 6
44180 8
44181 8
44182 4
44183 3
44184 8
44185 2
44186 9
44187 6
44188 9
44189 10
44190 11
44191 5
44192 10
44193 7
44194 10
44195 4
44196 5
44197 11
44198 11
44199 6
44200 9
44201 3
44202 0
44203 0
44204 10
44205 8
44206 8
44207 8
44208 4
44209 8
44210 4
44211 5
44212 9
44213 5
44214 7
44215 8
44216 10
44217 12
44218 6
44219 11
44220 10
44221 9
44222 8
44223 3
44224 3
44225 2
44226 9
44227 10
44228 11
44229 11
44230 10
44231 9
44232 8
44233 7
44234 11
44235 10
44236 6
44237 9
44238 3
44239 5
44240 6
44241 4
44242 6
44243 0
44244 8
44245 10
44246 11
44247 7
44248 7
44249 6
44250 3
44251 7
44252 10
44253 6
44254 7
44255 9
44256 10
44257 9
44258 6
44259 5
44260 8
44261 8
44262 3
44263 11
44264 10
44265 7
44266 1
44267 6
44268 10
44269 8
44270 7
44271 5
44272 0
44273 6
44274 0
44275 3
44276 9
44277 4
44278 8
44279 1
44280 11
44281 11
44282 7
44283 10
44284 10
44285 10
44286 11
44287 11
44288 10
44289 8
44290 6
44291 2
44292 7
44293 10
44294 11
44295 5
44296 8
44297 10
44298 9
44299 6
44300 3
44301 10
44302 9
44303 3
44304 8
44305 6
44306 11
44307 7
44308 11
44309 7
44310 7
44311 10
44312 9
44313 10
44314 10
44315 9
44316 8
44317 5
44318 6
44319 5
44320 10
44321 11
44322 8
44323 4
44324 3
44325 9
44326 8
44327 9
44328 11
44329 11
44330 10
44331 11
44332 3
44333 1
44334 2
44335 11
44336 8
44337 11
44338 8
44339 9
44340 12
44341 10
44342 4
44343 2
44344 10
44345 10
44346 7
44347 12
44348 11
44349 3
44350 9
44351 11
44352 5
44353 8
44354 3
44355 9
44356 4
44357 11
44358 12
44359 7
44360 7
44361 1
44362 10
44363 2
44364 7
44365 9
44366 0
44367 8
44368 8
44369 7
44370 10
44371 3
44372 10
44373 4
44374 11
44375 6
44376 8
44377 11
44378 0
44379 1
44380 12
44381 3
44382 7
44383 2
44384 5
44385 9
44386 2
44387 11
44388 10
44389 5
44390 8
44391 7
44392 10
44393 10
44394 6
44395 3
44396 9
44397 10
44398 7
44399 7
44400 5
44401 9
44402 8
44403 9
44404 10
44405 8
44406 1
44407 10
44408 6
44409 3
44410 1
44411 8
44412 12
44413 6
44414 4
44415 7
44416 9
44417 11
44418 10
44419 0
44420 9
44421 10
44422 11
44423 8
44424 3
44425 2
44426 2
44427 11
44428 1
44429 9
44430 4
44431 7
44432 6
44433 11
44434 2
44435 9
44436 2
44437 3
44438 4
44439 3
44440 11
44441 11
44442 0
44443 5
44444 5
44445 6
44446 9
44447 9
44448 10
44449 10
44450 5
44451 8
44452 11
44453 4
44454 9
44455 10
44456 8
44457 0
44458 9
44459 9
44460 8
44461 9
44462 9
44463 0
44464 3
44465 8
44466 8
44467 11
44468 9
44469 8
44470 1
44471 11
44472 9
44473 7
44474 7
44475 11
44476 7
44477 9
44478 5
44479 6
44480 10
44481 7
44482 7
44483 5
44484 10
44485 7
44486 8
44487 5
44488 9
44489 2
44490 10
44491 8
44492 8
44493 6
44494 1
44495 8
44496 0
44497 10
44498 6
44499 10
44500 12
44501 10
44502 5
44503 5
44504 8
44505 6
44506 9
44507 5
44508 6
44509 11
44510 10
44511 6
44512 7
44513 5
44514 9
44515 3
44516 3
44517 6
44518 3
44519 6
44520 8
44521 9
44522 5
44523 6
44524 9
44525 7
44526 5
44527 10
44528 6
44529 5
44530 5
44531 3
44532 9
44533 8
44534 2
44535 9
44536 11
44537 11
44538 3
44539 6
44540 9
44541 0
44542 11
44543 0
44544 4
44545 0
44546 8
44547 9
44548 11
44549 7
44550 9
44551 11
44552 3
44553 0
44554 9
44555 5
44556 7
44557 7
44558 5
44559 6
44560 11
44561 11
44562 7
44563 4
44564 9
44565 4
44566 6
44567 10
44568 8
44569 5
44570 7
44571 10
44572 6
44573 9
44574 6
44575 11
44576 10
44577 2
44578 10
44579 1
44580 5
44581 1
44582 9
44583 9
44584 4
44585 4
44586 2
44587 11
44588 10
44589 11
44590 11
44591 8
44592 9
44593 9
44594 6
44595 9
44596 10
44597 10
44598 1
44599 10
44600 7
44601 7
44602 1
44603 4
44604 8
44605 9
44606 3
44607 8
44608 8
44609 7
44610 8
44611 1
44612 8
44613 10
44614 6
44615 5
44616 7
44617 2
44618 8
44619 9
44620 7
44621 10
44622 6
44623 9
44624 6
44625 3
44626 11
44627 1
44628 9
44629 3
44630 10
44631 11
44632 1
44633 7
44634 7
44635 1
44636 10
44637 8
44638 6
44639 6
44640 11
44641 9
44642 4
44643 11
44644 8
44645 5
44646 9
44647 12
44648 8
44649 4
44650 7
44651 4
44652 8
44653 9
44654 10
44655 10
44656 11
44657 4
44658 10
44659 0
44660 6
44661 3
44662 9
44663 9
44664 7
44665 10
44666 9
44667 11
44668 10
44669 8
44670 10
44671 1
44672 10
44673 9
44674 4
44675 10
44676 10
44677 4
44678 9
44679 11
44680 9
44681 5
44682 11
44683 5
44684 6
44685 6
44686 8
44687 7
44688 6
44689 0
44690 7
44691 7
44692 7
44693 8
44694 4
44695 1
44696 10
44697 8
44698 10
44699 6
44700 3
44701 11
44702 11
44703 3
44704 3
44705 10
44706 4
44707 11
44708 2
44709 10
44710 10
44711 11
44712 6
44713 2
44714 9
44715 7
44716 7
44717 8
44718 8
44719 7
44720 8
44721 12
44722 6
44723 5
44724 6
44725 8
44726 11
44727 0
44728 4
44729 8
44730 5
44731 5
44732 8
44733 9
44734 10
44735 11
44736 3
44737 5
44738 8
44739 9
44740 10
44741 7
44742 3
44743 8
44744 9
44745 5
44746 5
44747 9
44748 2
44749 5
44750 10
44751 9
44752 11
44753 9
44754 2
44755 8
44756 10
44757 5
44758 6
44759 7
44760 0
44761 6
44762 1
44763 10
44764 10
44765 9
44766 10
44767 6
44768 8
44769 7
44770 6
44771 5
44772 11
44773 9
44774 4
44775 6
44776 11
44777 9
44778 6
44779 10
44780 10
44781 8
44782 9
44783 11
44784 0
44785 5
44786 11
44787 9
44788 9
44789 7
44790 10
44791 4
44792 7
44793 11
44794 10
44795 9
44796 4
44797 7
44798 5
44799 1
44800 8
44801 9
44802 3
44803 9
44804 11
44805 8
44806 10
44807 8
44808 11
44809 1
44810 7
44811 1
44812 4
44813 9
44814 12
44815 8
44816 10
44817 9
44818 7
44819 9
44820 3
44821 10
44822 9
44823 4
44824 8
44825 11
44826 3
44827 10
44828 9
44829 8
44830 11
44831 7
44832 2
44833 9
44834 0
44835 6
44836 1
44837 4
44838 11
44839 11
44840 0
44841 11
44842 11
44843 10
44844 5
44845 9
44846 10
44847 1
44848 12
44849 12
44850 6
44851 9
44852 11
44853 3
44854 8
44855 3
44856 8
44857 9
44858 10
44859 3
44860 9
44861 7
44862 4
44863 7
44864 10
44865 6
44866 9
44867 9
44868 2
44869 0
44870 7
44871 5
44872 11
44873 6
44874 10
44875 0
44876 1
44877 9
44878 11
44879 4
44880 10
44881 8
44882 9
44883 10
44884 11
44885 6
44886 4
44887 11
44888 1
44889 0
44890 10
44891 10
44892 8
44893 10
44894 10
44895 7
44896 8
44897 10
44898 11
44899 7
44900 6
44901 0
44902 11
44903 9
44904 5
44905 11
44906 8
44907 9
44908 4
44909 8
44910 11
44911 9
44912 10
44913 8
44914 10
44915 9
44916 10
44917 11
44918 11
44919 7
44920 7
44921 10
44922 7
44923 4
44924 10
44925 0
44926 8
44927 6
44928 11
44929 1
44930 11
44931 8
44932 8
44933 10
44934 7
44935 11
44936 3
44937 5
44938 1
44939 3
44940 1
44941 6
44942 10
44943 7
44944 5
44945 10
44946 9
44947 0
44948 10
44949 2
44950 8
44951 10
44952 7
44953 8
44954 1
44955 6
44956 4
44957 8
44958 5
44959 7
44960 2
44961 11
44962 9
44963 5
44964 8
44965 9
44966 10
44967 9
44968 3
44969 4
44970 9
44971 11
44972 9
44973 9
44974 6
44975 8
44976 10
44977 10
44978 3
44979 10
44980 2
44981 1
44982 4
44983 9
44984 11
44985 9
44986 5
44987 10
44988 9
44989 12
44990 7
44991 9
44992 9
44993 7
44994 10
44995 2
44996 0
44997 2
44998 9
44999 5
45000 9
45001 9
45002 8
45003 4
45004 11
45005 4
45006 6
45007 9
45008 11
45009 10
45010 0
45011 10
45012 5
45013 8
45014 8
45015 9
45016 10
45017 4
45018 1
45019 11
45020 6
45021 11
45022 7
45023 5
45024 4
45025 5
45026 5
45027 10
45028 7
45029 4
45030 9
45031 3
45032 7
45033 0
45034 5
45035 10
45036 4
45037 5
45038 3
45039 9
45040 8
45041 4
45042 11
45043 8
45044 11
45045 8
45046 7
45047 9
45048 7
45049 8
45050 1
45051 10
45052 3
45053 8
45054 2
45055 11
45056 11
45057 3
45058 7
45059 3
45060 10
45061 8
45062 7
45063 9
45064 8
45065 10
45066 7
45067 5
45068 11
45069 10
45070 7
45071 4
45072 11
45073 1
45074 5
45075 9
45076 10
45077 4
45078 9
45079 11
45080 2
45081 7
45082 6
45083 11
45084 8
45085 9
45086 3
45087 3
45088 10
45089 9
45090 2
45091 10
45092 6
45093 2
45094 12
45095 6
45096 7
45097 5
45098 9
45099 5
45100 0
45101 11
45102 5
45103 8
45104 5
45105 9
45106 9
45107 6
45108 4
45109 10
45110 9
45111 3
45112 9
45113 3
45114 4
45115 3
45116 11
45117 6
45118 8
45119 11
45120 9
45121 8
45122 12
45123 7
45124 6
45125 8
45126 6
45127 10
45128 10
45129 3
45130 8
45131 9
45132 4
45133 6
45134 11
45135 10
45136 3
45137 1
45138 3
45139 5
45140 11
45141 5
45142 3
45143 9
45144 9
45145 5
45146 10
45147 9
45148 4
45149 6
45150 6
45151 10
45152 9
45153 5
45154 10
45155 11
45156 11
45157 8
45158 9
45159 9
45160 10
45161 6
45162 9
45163 9
45164 12
45165 6
45166 6
45167 6
45168 10
45169 3
45170 8
45171 7
45172 9
45173 1
45174 12
45175 7
45176 8
45177 2
45178 9
45179 8
45180 5
45181 0
45182 2
45183 7
45184 5
45185 4
45186 7
45187 9
45188 7
45189 10
45190 7
45191 5
45192 8
45193 11
45194 7
45195 8
45196 6
45197 9
45198 6
45199 10
45200 0
45201 0
45202 9
45203 4
45204 3
45205 10
45206 9
45207 5
45208 10
45209 10
45210 2
45211 8
45212 11
45213 2
45214 3
45215 5
45216 10
45217 1
45218 11
45219 12
45220 11
45221 11
45222 6
45223 6
45224 6
45225 6
45226 7
45227 9
45228 7
45229 7
45230 5
45231 11
45232 3
45233 5
45234 5
45235 8
45236 8
45237 6
45238 10
45239 5
45240 3
45241 0
45242 10
45243 6
45244 2
45245 9
45246 10
45247 7
45248 10
45249 11
45250 5
45251 10
45252 5
45253 8
45254 8
45255 9
45256 7
45257 11
45258 7
45259 7
45260 10
45261 10
45262 11
45263 6
45264 2
45265 8
45266 9
45267 11
45268 2
45269 7
45270 6
45271 9
45272 11
45273 2
45274 8
45275 10
45276 1
45277 12
45278 7
45279 8
45280 8
45281 2
45282 1
45283 0
45284 6
45285 11
45286 10
45287 5
45288 9
45289 9
45290 7
45291 10
45292 11
45293 8
45294 9
45295 5
45296 7
45297 8
45298 9
45299 10
45300 4
45301 7
45302 7
45303 8
45304 10
45305 3
45306 5
45307 0
45308 9
45309 10
45310 8
45311 11
45312 8
45313 10
45314 8
45315 9
45316 8
45317 7
45318 4
45319 11
45320 9
45321 12
45322 11
45323 2
45324 10
45325 3
45326 7
45327 6
45328 1
45329 9
45330 6
45331 1
45332 8
45333 1
45334 3
45335 8
45336 10
45337 8
45338 8
45339 8
45340 11
45341 0
45342 5
45343 11
45344 9
45345 10
45346 12
45347 11
45348 11
45349 1
45350 1
45351 10
45352 11
45353 5
45354 11
45355 11
45356 6
45357 1
45358 10
45359 7
45360 9
45361 10
45362 9
45363 8
45364 6
45365 5
45366 7
45367 1
45368 6
45369 6
45370 5
45371 9
45372 6
45373 8
45374 7
45375 9
45376 6
45377 10
45378 9
45379 5
45380 10
45381 6
45382 8
45383 9
45384 10
45385 9
45386 11
45387 8
45388 4
45389 9
45390 3
45391 11
45392 6
45393 6
45394 8
45395 9
45396 11
45397 2
45398 7
45399 12
45400 9
45401 10
45402 8
45403 10
45404 5
45405 8
45406 4
45407 6
45408 7
45409 5
45410 10
45411 11
45412 4
45413 4
45414 10
45415 9
45416 10
45417 8
45418 8
45419 1
45420 0
45421 8
45422 11
45423 10
45424 4
45425 10
45426 0
45427 8
45428 11
45429 4
45430 4
45431 6
45432 12
45433 4
45434 9
45435 11
45436 8
45437 9
45438 3
45439 6
45440 8
45441 9
45442 11
45443 10
45444 4
45445 10
45446 8
45447 2
45448 11
45449 8
45450 7
45451 0
45452 4
45453 11
45454 2
45455 9
45456 7
45457 11
45458 9
45459 10
45460 3
45461 8
45462 1
45463 8
45464 6
45465 7
45466 10
45467 5
45468 10
45469 6
45470 10
45471 3
45472 6
45473 8
45474 6
45475 2
45476 8
45477 10
45478 8
45479 7
45480 9
45481 10
45482 9
45483 9
45484 4
45485 10
45486 7
45487 11
45488 10
45489 10
45490 1
45491 6
45492 9
45493 9
45494 0
45495 11
45496 4
45497 10
45498 10
45499 11
45500 12
45501 1
45502 9
45503 7
45504 4
45505 9
45506 10
45507 7
45508 7
45509 10
45510 10
45511 10
45512 1
45513 11
45514 6
45515 10
45516 10
45517 7
45518 9
45519 5
45520 3
45521 11
45522 1
45523 1
45524 8
45525 0
45526 7
45527 2
45528 9
45529 6
45530 11
45531 10
45532 6
45533 12
45534 10
45535 4
45536 6
45537 9
45538 4
45539 10
45540 5
45541 8
45542 10
45543 11
45544 1
45545 10
45546 5
45547 8
45548 6
45549 10
45550 2
45551 8
45552 6
45553 9
45554 8
45555 6
45556 5
45557 4
45558 12
45559 0
45560 8
45561 5
45562 7
45563 10
45564 4
45565 11
45566 9
45567 0
45568 5
45569 4
45570 11
45571 3
45572 2
45573 10
45574 11
45575 11
45576 9
45577 4
45578 1
45579 9
45580 6
45581 6
45582 10
45583 9
45584 12
45585 9
45586 10
45587 7
45588 8
45589 1
45590 4
45591 0
45592 7
45593 10
45594 9
45595 9
45596 5
45597 10
45598 9
45599 1
45600 9
45601 6
45602 12
45603 11
45604 1
45605 9
45606 8
45607 3
45608 1
45609 5
45610 7
45611 2
45612 9
45613 6
45614 9
45615 10
45616 2
45617 9
45618 11
45619 1
45620 10
45621 11
45622 0
45623 12
45624 9
45625 6
45626 11
45627 9
45628 10
45629 7
45630 1
45631 1
45632 2
45633 11
45634 3
45635 10
45636 3
45637 8
45638 0
45639 9
45640 11
45641 6
45642 10
45643 6
45644 11
45645 4
45646 8
45647 11
45648 9
45649 10
45650 5
45651 8
45652 7
45653 2
45654 9
45655 5
45656 11
45657 10
45658 8
45659 8
45660 9
45661 9
45662 5
45663 11
45664 11
45665 10
45666 11
45667 6
45668 3
45669 11
45670 12
45671 11
45672 9
45673 5
45674 13
45675 10
45676 9
45677 3
45678 12
45679 9
45680 9
45681 6
45682 6
45683 9
45684 10
45685 9
45686 10
45687 5
45688 6
45689 8
45690 4
45691 8
45692 10
45693 11
45694 10
45695 5
45696 8
45697 10
45698 7
45699 0
45700 2
45701 3
45702 8
45703 10
45704 12
45705 10
45706 8
45707 9
45708 2
45709 4
45710 9
45711 8
45712 9
45713 3
45714 11
45715 10
45716 10
45717 9
45718 10
45719 4
45720 11
45721 1
45722 3
45723 9
45724 10
45725 9
45726 10
45727 8
45728 4
45729 4
45730 0
45731 9
45732 3
45733 9
45734 5
45735 7
45736 9
45737 10
45738 4
45739 8
45740 2
45741 5
45742 9
45743 10
45744 8
45745 9
45746 6
45747 6
45748 12
45749 9
45750 11
45751 9
45752 4
45753 11
45754 9
45755 7
45756 5
45757 8
45758 4
45759 11
45760 4
45761 9
45762 8
45763 2
45764 9
45765 11
45766 11
45767 11
45768 10
45769 11
45770 9
45771 8
45772 5
45773 10
45774 12
45775 10
45776 0
45777 4
45778 6
45779 9
45780 11
45781 4
45782 1
45783 3
45784 7
45785 5
45786 9
45787 3
45788 5
45789 7
45790 11
45791 0
45792 10
45793 1
45794 8
45795 9
45796 10
45797 10
45798 8
45799 10
45800 4
45801 7
45802 8
45803 8
45804 4
45805 8
45806 0
45807 10
45808 10
45809 7
45810 10
45811 9
45812 11
45813 11
45814 11
45815 8
45816 8
45817 1
45818 11
45819 8
45820 7
45821 9
45822 10
45823 11
45824 11
45825 2
45826 9
45827 3
45828 5
45829 3
45830 8
45831 7
45832 10
45833 9
45834 3
45835 6
45836 10
45837 9
45838 6
45839 12
45840 2
45841 1
45842 10
45843 11
45844 0
45845 8
45846 11
45847 5
45848 12
45849 8
45850 10
45851 2
45852 11
45853 7
45854 0
45855 6
45856 7
45857 4
45858 8
45859 0
45860 3
45861 1
45862 9
45863 10
45864 5
45865 11
45866 11
45867 3
45868 0
45869 11
45870 10
45871 10
45872 1
45873 10
45874 8
45875 8
45876 11
45877 10
45878 4
45879 0
45880 1
45881 10
45882 5
45883 9
45884 10
45885 8
45886 2
45887 4
45888 9
45889 10
45890 10
45891 8
45892 2
45893 12
45894 1
45895 12
45896 11
45897 8
45898 6
45899 11
45900 9
45901 7
45902 1
45903 9
45904 4
45905 1
45906 6
45907 5
45908 11
45909 8
45910 10
45911 10
45912 0
45913 9
45914 7
45915 0
45916 8
45917 9
45918 12
45919 9
45920 7
45921 9
45922 11
45923 5
45924 7
45925 11
45926 9
45927 4
45928 9
45929 7
45930 10
45931 11
45932 6
45933 0
45934 7
45935 10
45936 11
45937 10
45938 10
45939 10
45940 9
45941 8
45942 10
45943 3
45944 9
45945 9
45946 10
45947 11
45948 9
45949 10
45950 5
45951 12
45952 4
45953 7
45954 10
45955 10
45956 5
45957 3
45958 8
45959 6
45960 5
45961 5
45962 5
45963 11
45964 4
45965 11
45966 12
45967 11
45968 0
45969 1
45970 7
45971 11
45972 7
45973 5
45974 1
45975 1
45976 8
45977 9
45978 5
45979 11
45980 0
45981 6
45982 9
45983 10
45984 6
45985 10
45986 0
45987 7
45988 10
45989 7
45990 11
45991 9
45992 9
45993 12
45994 5
45995 5
45996 0
45997 10
45998 12
45999 9
46000 9
46001 9
46002 7
46003 10
46004 9
46005 11
46006 11
46007 7
46008 11
46009 10
46010 3
46011 8
46012 2
46013 11
46014 5
46015 11
46016 5
46017 10
46018 9
46019 9
46020 6
46021 10
46022 1
46023 9
46024 3
46025 11
46026 11
46027 11
46028 10
46029 2
46030 6
46031 6
46032 7
46033 7
46034 9
46035 9
46036 9
46037 10
46038 8
46039 9
46040 7
46041 4
46042 10
46043 11
46044 8
46045 9
46046 9
46047 8
46048 10
46049 8
46050 10
46051 10
46052 10
46053 9
46054 5
46055 8
46056 6
46057 4
46058 9
46059 12
46060 12
46061 0
46062 9
46063 10
46064 10
46065 9
46066 11
46067 6
46068 10
46069 12
46070 6
46071 3
46072 9
46073 7
46074 6
46075 5
46076 12
46077 6
46078 7
46079 11
46080 1
46081 3
46082 11
46083 12
46084 7
46085 6
46086 5
46087 7
46088 8
46089 5
46090 10
46091 9
46092 7
46093 0
46094 2
46095 8
46096 5
46097 3
46098 7
46099 11
46100 4
46101 10
46102 9
46103 7
46104 6
46105 9
46106 8
46107 10
46108 10
46109 1
46110 8
46111 7
46112 12
46113 0
46114 6
46115 8
46116 8
46117 5
46118 7
46119 10
46120 7
46121 10
46122 1
46123 6
46124 9
46125 6
46126 2
46127 9
46128 6
46129 11
46130 4
46131 8
46132 7
46133 10
46134 8
46135 8
46136 9
46137 8
46138 1
46139 11
46140 11
46141 11
46142 10
46143 0
46144 12
46145 10
46146 4
46147 11
46148 12
46149 8
46150 9
46151 11
46152 7
46153 1
46154 9
46155 3
46156 9
46157 10
46158 1
46159 7
46160 11
46161 9
46162 7
46163 8
46164 7
46165 4
46166 2
46167 3
46168 1
46169 10
46170 10
46171 9
46172 8
46173 1
46174 6
46175 12
46176 3
46177 7
46178 9
46179 11
46180 9
46181 9
46182 0
46183 7
46184 2
46185 10
46186 5
46187 9
46188 2
46189 6
46190 2
46191 10
46192 0
46193 5
46194 10
46195 8
46196 3
46197 9
46198 6
46199 9
46200 8
46201 5
46202 4
46203 10
46204 12
46205 6
46206 0
46207 11
46208 4
46209 11
46210 6
46211 2
46212 1
46213 7
46214 9
46215 10
46216 1
46217 1
46218 10
46219 8
46220 1
46221 11
46222 8
46223 9
46224 1
46225 5
46226 8
46227 1
46228 1
46229 4
46230 5
46231 10
46232 8
46233 8
46234 2
46235 6
46236 11
46237 10
46238 8
46239 10
46240 9
46241 11
46242 6
46243 10
46244 8
46245 8
46246 9
46247 4
46248 12
46249 8
46250 0
46251 7
46252 7
46253 13
46254 6
46255 9
46256 8
46257 6
46258 3
46259 8
46260 10
46261 7
46262 12
46263 7
46264 8
46265 0
46266 1
46267 2
46268 8
46269 5
46270 12
46271 6
46272 5
46273 5
46274 5
46275 1
46276 3
46277 9
46278 8
46279 9
46280 4
46281 0
46282 7
46283 8
46284 12
46285 7
46286 7
46287 10
46288 2
46289 1
46290 10
46291 9
46292 12
46293 10
46294 12
46295 4
46296 12
46297 9
46298 8
46299 11
46300 7
46301 11
46302 10
46303 9
46304 13
46305 10
46306 6
46307 10
46308 12
46309 11
46310 12
46311 9
46312 12
46313 4
46314 10
46315 11
46316 7
46317 11
46318 0
46319 9
46320 5
46321 10
46322 10
46323 4
46324 1
46325 2
46326 8
46327 8
46328 10
46329 11
46330 6
46331 12
46332 8
46333 9
46334 2
46335 11
46336 5
46337 7
46338 3
46339 7
46340 10
46341 8
46342 7
46343 6
46344 2
46345 2
46346 5
46347 3
46348 9
46349 12
46350 6
46351 9
46352 8
46353 10
46354 7
46355 11
46356 6
46357 11
46358 11
46359 7
46360 10
46361 3
46362 5
46363 6
46364 8
46365 11
46366 12
46367 3
46368 12
46369 10
46370 6
46371 4
46372 3
46373 3
46374 10
46375 6
46376 8
46377 2
46378 1
46379 11
46380 8
46381 10
46382 0
46383 7
46384 10
46385 12
46386 8
46387 1
46388 2
46389 10
46390 10
46391 7
46392 11
46393 1
46394 10
46395 1
46396 9
46397 10
46398 4
46399 11
46400 11
46401 2
46402 6
46403 7
46404 5
46405 6
46406 11
46407 4
46408 8
46409 10
46410 5
46411 11
46412 9
46413 5
46414 11
46415 10
46416 11
46417 11
46418 10
46419 10
46420 1
46421 2
46422 10
46423 1
46424 9
46425 9
46426 3
46427 11
46428 11
46429 5
46430 10
46431 8
46432 6
46433 10
46434 0
46435 10
46436 11
46437 8
46438 6
46439 1
46440 6
46441 8
46442 11
46443 4
46444 11
46445 10
46446 9
46447 9
46448 6
46449 5
46450 8
46451 8
46452 12
46453 11
46454 2
46455 9
46456 7
46457 6
46458 10
46459 10
46460 8
46461 8
46462 3
46463 6
46464 6
46465 4
46466 6
46467 6
46468 8
46469 9
46470 7
46471 11
46472 11
46473 10
46474 9
46475 5
46476 9
46477 7
46478 10
46479 8
46480 10
46481 10
46482 5
46483 7
46484 8
46485 12
46486 6
46487 8
46488 7
46489 9
46490 6
46491 6
46492 5
46493 11
46494 4
46495 8
46496 6
46497 0
46498 4
46499 7
46500 8
46501 11
46502 11
46503 1
46504 3
46505 9
46506 7
46507 5
46508 9
46509 7
46510 10
46511 10
46512 10
46513 9
46514 2
46515 7
46516 9
46517 4
46518 10
46519 11
46520 1
46521 10
46522 11
46523 6
46524 10
46525 10
46526 3
46527 9
46528 11
46529 11
46530 2
46531 10
46532 4
46533 8
46534 11
46535 11
46536 6
46537 10
46538 11
46539 10
46540 10
46541 1
46542 1
46543 4
46544 6
46545 7
46546 9
46547 10
46548 0
46549 7
46550 11
46551 11
46552 9
46553 9
46554 9
46555 9
46556 12
46557 11
46558 2
46559 11
46560 8
46561 4
46562 7
46563 9
46564 11
46565 9
46566 4
46567 9
46568 5
46569 9
46570 10
46571 6
46572 11
46573 7
46574 3
46575 10
46576 6
46577 12
46578 12
46579 1
46580 9
46581 12
46582 11
46583 5
46584 12
46585 5
46586 8
46587 3
46588 7
46589 8
46590 7
46591 7
46592 12
46593 4
46594 8
46595 6
46596 8
46597 8
46598 8
46599 10
46600 10
46601 3
46602 11
46603 10
46604 3
46605 6
46606 10
46607 0
46608 4
46609 5
46610 10
46611 9
46612 9
46613 11
46614 9
46615 10
46616 2
46617 2
46618 10
46619 6
46620 1
46621 10
46622 12
46623 9
46624 12
46625 7
46626 11
46627 7
46628 6
46629 0
46630 9
46631 8
46632 4
46633 10
46634 7
46635 10
46636 9
46637 4
46638 6
46639 10
46640 5
46641 1
46642 9
46643 6
46644 10
46645 10
46646 0
46647 9
46648 12
46649 10
46650 5
46651 9
46652 11
46653 5
46654 11
46655 11
46656 9
46657 5
46658 5
46659 6
46660 11
46661 3
46662 8
46663 12
46664 8
46665 8
46666 7
46667 6
46668 2
46669 7
46670 9
46671 10
46672 9
46673 5
46674 8
46675 10
46676 2
46677 4
46678 10
46679 6
46680 11
46681 9
46682 7
46683 11
46684 11
46685 3
46686 9
46687 9
46688 7
46689 9
46690 11
46691 12
46692 11
46693 5
46694 12
46695 2
46696 8
46697 8
46698 10
46699 8
46700 7
46701 11
46702 10
46703 11
46704 9
46705 10
46706 3
46707 11
46708 6
46709 8
46710 4
46711 11
46712 11
46713 0
46714 9
46715 7
46716 10
46717 5
46718 6
46719 7
46720 11
46721 9
46722 4
46723 1
46724 11
46725 9
46726 10
46727 12
46728 5
46729 10
46730 11
46731 6
46732 6
46733 12
46734 13
46735 8
46736 7
46737 4
46738 2
46739 12
46740 4
46741 2
46742 11
46743 12
46744 11
46745 3
46746 7
46747 12
46748 4
46749 1
46750 4
46751 10
46752 6
46753 8
46754 10
46755 8
46756 7
46757 4
46758 10
46759 11
46760 7
46761 9
46762 9
46763 8
46764 4
46765 4
46766 2
46767 0
46768 4
46769 5
46770 2
46771 11
46772 8
46773 10
46774 5
46775 6
46776 12
46777 10
46778 10
46779 0
46780 2
46781 8
46782 11
46783 5
46784 6
46785 7
46786 4
46787 0
46788 8
46789 7
46790 0
46791 8
46792 4
46793 7
46794 10
46795 0
46796 12
46797 8
46798 3
46799 2
46800 0
46801 6
46802 4
46803 6
46804 9
46805 8
46806 4
46807 8
46808 9
46809 10
46810 9
46811 10
46812 1
46813 2
46814 0
46815 8
46816 7
46817 10
46818 7
46819 8
46820 11
46821 4
46822 9
46823 11
46824 9
46825 7
46826 0
46827 5
46828 11
46829 11
46830 12
46831 10
46832 11
46833 10
46834 9
46835 4
46836 0
46837 7
46838 10
46839 10
46840 10
46841 11
46842 11
46843 0
46844 9
46845 10
46846 10
46847 2
46848 12
46849 2
46850 12
46851 10
46852 11
46853 8
46854 11
46855 7
46856 11
46857 7
46858 1
46859 11
46860 3
46861 11
46862 10
46863 8
46864 9
46865 5
46866 10
46867 11
46868 11
46869 0
46870 10
46871 4
46872 8
46873 1
46874 10
46875 10
46876 11
46877 10
46878 10
46879 7
46880 10
46881 11
46882 9
46883 7
46884 11
46885 11
46886 5
46887 10
46888 5
46889 9
46890 11
46891 9
46892 10
46893 11
46894 9
46895 7
46896 10
46897 3
46898 11
46899 3
46900 5
46901 0
46902 8
46903 8
46904 7
46905 12
46906 4
46907 9
46908 9
46909 5
46910 0
46911 9
46912 10
46913 6
46914 6
46915 11
46916 9
46917 7
46918 10
46919 12
46920 7
46921 4
46922 10
46923 10
46924 12
46925 8
46926 9
46927 5
46928 5
46929 11
46930 10
46931 9
46932 11
46933 1
46934 8
46935 9
46936 11
46937 5
46938 6
46939 10
46940 10
46941 8
46942 10
46943 8
46944 10
46945 8
46946 7
46947 10
46948 7
46949 3
46950 7
46951 10
46952 9
46953 3
46954 7
46955 10
46956 7
46957 4
46958 8
46959 11
46960 4
46961 5
46962 5
46963 10
46964 11
46965 11
46966 8
46967 11
46968 6
46969 11
46970 0
46971 3
46972 10
46973 7
46974 5
46975 1
46976 5
46977 9
46978 10
46979 3
46980 7
46981 10
46982 10
46983 5
46984 11
46985 9
46986 8
46987 7
46988 5
46989 10
46990 7
46991 11
46992 0
46993 5
46994 11
46995 6
46996 10
46997 11
46998 11
46999 6
47000 8
47001 10
47002 8
47003 8
47004 8
47005 8
47006 3
47007 10
47008 8
47009 11
47010 5
47011 11
47012 6
47013 8
47014 3
47015 4
47016 0
47017 4
47018 9
47019 10
47020 3
47021 0
47022 11
47023 10
47024 12
47025 10
47026 12
47027 2
47028 0
47029 11
47030 9
47031 5
47032 2
47033 11
47034 8
47035 8
47036 11
47037 7
47038 9
47039 10
47040 6
47041 7
47042 11
47043 7
47044 10
47045 6
47046 4
47047 11
47048 10
47049 10
47050 8
47051 9
47052 2
47053 8
47054 6
47055 0
47056 6
47057 8
47058 3
47059 8
47060 7
47061 9
47062 10
47063 3
47064 7
47065 0
47066 8
47067 5
47068 11
47069 9
47070 11
47071 4
47072 0
47073 10
47074 8
47075 8
47076 8
47077 9
47078 11
47079 10
47080 8
47081 9
47082 1
47083 11
47084 11
47085 3
47086 11
47087 7
47088 10
47089 6
47090 6
47091 11
47092 10
47093 2
47094 12
47095 1
47096 7
47097 5
47098 2
47099 10
47100 12
47101 9
47102 7
47103 11
47104 9
47105 9
47106 10
47107 11
47108 6
47109 6
47110 10
47111 11
47112 2
47113 10
47114 6
47115 9
47116 3
47117 11
47118 8
47119 3
47120 10
47121 9
47122 10
47123 11
47124 10
47125 9
47126 8
47127 9
47128 11
47129 5
47130 6
47131 7
47132 9
47133 8
47134 5
47135 7
47136 8
47137 7
47138 8
47139 2
47140 11
47141 10
47142 8
47143 10
47144 7
47145 5
47146 8
47147 11
47148 8
47149 7
47150 6
47151 6
47152 4
47153 10
47154 8
47155 10
47156 9
47157 5
47158 8
47159 3
47160 1
47161 11
47162 12
47163 11
47164 8
47165 3
47166 11
47167 2
47168 9
47169 9
47170 2
47171 8
47172 11
47173 8
47174 6
47175 8
47176 6
47177 11
47178 6
47179 7
47180 4
47181 10
47182 8
47183 11
47184 4
47185 10
47186 12
47187 2
47188 2
47189 1
47190 9
47191 8
47192 6
47193 13
47194 6
47195 8
47196 9
47197 2
47198 12
47199 7
47200 10
47201 4
47202 12
47203 2
47204 5
47205 2
47206 11
47207 3
47208 6
47209 0
47210 8
47211 6
47212 1
47213 4
47214 0
47215 9
47216 10
47217 5
47218 11
47219 10
47220 12
47221 8
47222 8
47223 10
47224 10
47225 10
47226 7
47227 8
47228 10
47229 5
47230 6
47231 8
47232 7
47233 3
47234 12
47235 0
47236 5
47237 12
47238 12
47239 1
47240 1
47241 11
47242 12
47243 5
47244 10
47245 7
47246 4
47247 7
47248 8
47249 1
47250 9
47251 8
47252 2
47253 6
47254 6
47255 8
47256 9
47257 11
47258 3
47259 8
47260 4
47261 0
47262 6
47263 5
47264 6
47265 9
47266 12
47267 2
47268 0
47269 12
47270 4
47271 11
47272 6
47273 9
47274 8
47275 5
47276 6
47277 0
47278 5
47279 6
47280 12
47281 1
47282 10
47283 8
47284 11
47285 8
47286 5
47287 9
47288 10
47289 11
47290 9
47291 5
47292 9
47293 9
47294 10
47295 10
47296 0
47297 11
47298 13
47299 11
47300 10
47301 5
47302 7
47303 7
47304 11
47305 12
47306 12
47307 7
47308 11
47309 4
47310 8
47311 7
47312 9
47313 4
47314 11
47315 10
47316 1
47317 1
47318 2
47319 3
47320 11
47321 6
47322 11
47323 8
47324 11
47325 5
47326 12
47327 12
47328 9
47329 7
47330 5
47331 6
47332 8
47333 12
47334 4
47335 10
47336 10
47337 8
47338 5
47339 9
47340 12
47341 8
47342 2
47343 7
47344 12
47345 10
47346 5
47347 11
47348 12
47349 12
47350 8
47351 4
47352 11
47353 10
47354 7
47355 6
47356 11
47357 11
47358 1
47359 11
47360 11
47361 8
47362 11
47363 10
47364 10
47365 5
47366 6
47367 3
47368 7
47369 9
47370 8
47371 8
47372 8
47373 9
47374 9
47375 4
47376 10
47377 2
47378 9
47379 12
47380 4
47381 8
47382 8
47383 9
47384 1
47385 10
47386 9
47387 5
47388 11
47389 10
47390 9
47391 6
47392 8
47393 3
47394 7
47395 3
47396 11
47397 3
47398 0
47399 11
47400 10
47401 7
47402 12
47403 3
47404 9
47405 3
47406 0
47407 2
47408 4
47409 9
47410 11
47411 7
47412 2
47413 4
47414 5
47415 2
47416 2
47417 7
47418 9
47419 9
47420 9
47421 8
47422 9
47423 3
47424 12
47425 9
47426 9
47427 9
47428 8
47429 8
47430 7
47431 7
47432 7
47433 3
47434 11
47435 10
47436 5
47437 6
47438 9
47439 9
47440 8
47441 7
47442 8
47443 6
47444 6
47445 9
47446 7
47447 0
47448 8
47449 11
47450 8
47451 0
47452 7
47453 6
47454 5
47455 0
47456 4
47457 1
47458 13
47459 9
47460 0
47461 1
47462 6
47463 10
47464 1
47465 9
47466 8
47467 1
47468 2
47469 9
47470 7
47471 8
47472 8
47473 6
47474 2
47475 7
47476 11
47477 11
47478 9
47479 11
47480 7
47481 11
47482 8
47483 0
47484 1
47485 6
47486 10
47487 8
47488 4
47489 3
47490 9
47491 12
47492 11
47493 11
47494 9
47495 12
47496 8
47497 5
47498 9
47499 10
47500 1
47501 6
47502 2
47503 12
47504 8
47505 9
47506 1
47507 9
47508 7
47509 8
47510 9
47511 6
47512 6
47513 9
47514 7
47515 1
47516 10
47517 11
47518 4
47519 9
47520 11
47521 10
47522 12
47523 6
47524 10
47525 10
47526 7
47527 7
47528 7
47529 9
47530 10
47531 11
47532 9
47533 10
47534 8
47535 6
47536 12
47537 12
47538 4
47539 5
47540 4
47541 12
47542 9
47543 11
47544 9
47545 10
47546 9
47547 10
47548 12
47549 9
47550 1
47551 8
47552 10
47553 6
47554 12
47555 10
47556 11
47557 5
47558 1
47559 7
47560 10
47561 9
47562 5
47563 2
47564 5
47565 6
47566 9
47567 9
47568 5
47569 11
47570 7
47571 0
47572 6
47573 8
47574 8
47575 7
47576 9
47577 4
47578 11
47579 4
47580 9
47581 2
47582 8
47583 1
47584 11
47585 9
47586 7
47587 9
47588 10
47589 11
47590 5
47591 2
47592 8
47593 4
47594 1
47595 8
47596 6
47597 10
47598 1
47599 9
47600 5
47601 8
47602 10
47603 6
47604 10
47605 4
47606 10
47607 3
47608 9
47609 11
47610 10
47611 6
47612 10
47613 8
47614 10
47615 10
47616 9
47617 9
47618 12
47619 3
47620 1
47621 11
47622 11
47623 6
47624 8
47625 11
47626 9
47627 8
47628 5
47629 13
47630 11
47631 10
47632 7
47633 8
47634 12
47635 12
47636 10
47637 4
47638 9
47639 8
47640 1
47641 10
47642 9
47643 12
47644 8
47645 9
47646 9
47647 8
47648 0
47649 11
47650 10
47651 3
47652 7
47653 9
47654 12
47655 9
47656 0
47657 4
47658 6
47659 8
47660 5
47661 9
47662 1
47663 9
47664 11
47665 10
47666 11
47667 6
47668 6
47669 10
47670 11
47671 10
47672 1
47673 4
47674 2
47675 11
47676 9
47677 7
47678 9
47679 11
47680 11
47681 11
47682 7
47683 8
47684 6
47685 1
47686 1
47687 4
47688 3
47689 8
47690 4
47691 6
47692 4
47693 0
47694 10
47695 7
47696 11
47697 4
47698 10
47699 11
47700 6
47701 9
47702 7
47703 5
47704 6
47705 6
47706 11
47707 4
47708 7
47709 8
47710 1
47711 8
47712 8
47713 8
47714 11
47715 10
47716 4
47717 11
47718 11
47719 1
47720 11
47721 7
47722 8
47723 10
47724 8
47725 3
47726 7
47727 4
47728 10
47729 7
47730 4
47731 3
47732 5
47733 6
47734 8
47735 10
47736 12
47737 8
47738 11
47739 8
47740 11
47741 8
47742 9
47743 11
47744 7
47745 9
47746 10
47747 9
47748 6
47749 10
47750 5
47751 11
47752 8
47753 8
47754 7
47755 10
47756 8
47757 7
47758 8
47759 11
47760 7
47761 8
47762 4
47763 10
47764 10
47765 9
47766 4
47767 9
47768 9
47769 7
47770 11
47771 9
47772 12
47773 11
47774 9
47775 12
47776 11
47777 5
47778 6
47779 10
47780 3
47781 11
47782 0
47783 10
47784 10
47785 11
47786 10
47787 11
47788 4
47789 9
47790 1
47791 4
47792 4
47793 10
47794 4
47795 10
47796 11
47797 10
47798 8
47799 6
47800 11
47801 6
47802 8
47803 4
47804 0
47805 5
47806 9
47807 8
47808 12
47809 4
47810 4
47811 12
47812 2
47813 2
47814 8
47815 11
47816 2
47817 11
47818 0
47819 4
47820 10
47821 9
47822 9
47823 10
47824 11
47825 12
47826 8
47827 4
47828 12
47829 10
47830 6
47831 9
47832 1
47833 0
47834 8
47835 8
47836 9
47837 12
47838 2
47839 9
47840 11
47841 9
47842 9
47843 10
47844 9
47845 11
47846 8
47847 4
47848 8
47849 7
47850 4
47851 2
47852 2
47853 11
47854 11
47855 11
47856 9
47857 10
47858 8
47859 2
47860 10
47861 7
47862 3
47863 2
47864 12
47865 8
47866 11
47867 5
47868 3
47869 9
47870 1
47871 9
47872 9
47873 5
47874 11
47875 0
47876 8
47877 11
47878 4
47879 10
47880 11
47881 4
47882 1
47883 10
47884 10
47885 4
47886 3
47887 1
47888 1
47889 4
47890 6
47891 7
47892 9
47893 10
47894 10
47895 9
47896 10
47897 10
47898 11
47899 4
47900 11
47901 5
47902 11
47903 11
47904 9
47905 0
47906 8
47907 7
47908 8
47909 9
47910 1
47911 12
47912 10
47913 3
47914 0
47915 13
47916 0
47917 4
47918 2
47919 10
47920 9
47921 3
47922 3
47923 2
47924 6
47925 9
47926 6
47927 9
47928 7
47929 11
47930 7
47931 7
47932 0
47933 10
47934 11
47935 11
47936 7
47937 12
47938 11
47939 7
47940 9
47941 8
47942 3
47943 11
47944 9
47945 5
47946 5
47947 7
47948 1
47949 6
47950 10
47951 11
47952 12
47953 5
47954 9
47955 9
47956 9
47957 11
47958 11
47959 11
47960 12
47961 10
47962 5
47963 8
47964 7
47965 8
47966 1
47967 7
47968 10
47969 11
47970 11
47971 9
47972 1
47973 3
47974 12
47975 11
47976 6
47977 2
47978 9
47979 10
47980 9
47981 9
47982 10
47983 7
47984 11
47985 7
47986 9
47987 3
47988 10
47989 10
47990 9
47991 1
47992 8
47993 7
47994 7
47995 11
47996 8
47997 9
47998 8
47999 0
48000 12
48001 5
48002 4
48003 3
48004 2
48005 10
48006 9
48007 7
48008 9
48009 9
48010 7
48011 9
48012 9
48013 8
48014 11
48015 5
48016 10
48017 9
48018 9
48019 9
48020 8
48021 9
48022 7
48023 11
48024 10
48025 3
48026 10
48027 8
48028 9
48029 8
48030 6
48031 6
48032 0
48033 10
48034 9
48035 9
48036 5
48037 8
48038 10
48039 11
48040 4
48041 11
48042 9
48043 11
48044 9
48045 5
48046 11
48047 7
48048 9
48049 3
48050 9
48051 8
48052 11
48053 5
48054 9
48055 4
48056 4
48057 3
48058 4
48059 12
48060 10
48061 5
48062 9
48063 12
48064 9
48065 10
48066 10
48067 9
48068 10
48069 4
48070 10
48071 11
48072 9
48073 2
48074 9
48075 11
48076 11
48077 6
48078 7
48079 9
48080 6
48081 9
48082 9
48083 7
48084 11
48085 9
48086 9
48087 10
48088 9
48089 10
48090 8
48091 11
48092 3
48093 8
48094 0
48095 2
48096 4
48097 8
48098 9
48099 6
48100 7
48101 9
48102 9
48103 10
48104 8
48105 10
48106 8
48107 12
48108 9
48109 9
48110 6
48111 0
48112 12
48113 2
48114 11
48115 11
48116 11
48117 2
48118 11
48119 11
48120 9
48121 11
48122 10
48123 0
48124 4
48125 9
48126 10
48127 2
48128 7
48129 5
48130 10
48131 3
48132 11
48133 11
48134 4
48135 11
48136 11
48137 11
48138 11
48139 10
48140 5
48141 7
48142 1
48143 7
48144 0
48145 3
48146 0
48147 4
48148 10
48149 10
48150 1
48151 2
48152 7
48153 10
48154 2
48155 10
48156 6
48157 9
48158 9
48159 10
48160 7
48161 8
48162 10
48163 11
48164 12
48165 5
48166 12
48167 10
48168 11
48169 0
48170 11
48171 11
48172 2
48173 5
48174 6
48175 7
48176 0
48177 9
48178 10
48179 10
48180 10
48181 8
48182 11
48183 4
48184 12
48185 11
48186 4
48187 6
48188 8
48189 10
48190 5
48191 11
48192 11
48193 10
48194 1
48195 6
48196 12
48197 9
48198 8
48199 8
48200 9
48201 7
48202 12
48203 6
48204 11
48205 11
48206 10
48207 6
48208 9
48209 11
48210 10
48211 6
48212 5
48213 9
48214 11
48215 7
48216 10
48217 6
48218 8
48219 7
48220 9
48221 2
48222 11
48223 11
48224 6
48225 4
48226 2
48227 4
48228 10
48229 12
48230 11
48231 12
48232 11
48233 9
48234 10
48235 8
48236 3
48237 9
48238 0
48239 8
48240 1
48241 11
48242 6
48243 12
48244 12
48245 12
48246 10
48247 3
48248 5
48249 5
48250 7
48251 8
48252 9
48253 4
48254 8
48255 12
48256 10
48257 11
48258 1
48259 2
48260 7
48261 10
48262 9
48263 9
48264 12
48265 5
48266 9
48267 7
48268 7
48269 2
48270 9
48271 2
48272 5
48273 7
48274 1
48275 4
48276 6
48277 11
48278 0
48279 11
48280 11
48281 7
48282 1
48283 8
48284 10
48285 11
48286 7
48287 11
48288 3
48289 0
48290 11
48291 1
48292 11
48293 10
48294 0
48295 2
48296 10
48297 10
48298 8
48299 11
48300 5
48301 12
48302 5
48303 9
48304 10
48305 10
48306 8
48307 9
48308 12
48309 11
48310 11
48311 8
48312 2
48313 5
48314 3
48315 9
48316 9
48317 12
48318 11
48319 4
48320 0
48321 4
48322 8
48323 6
48324 12
48325 3
48326 7
48327 10
48328 3
48329 7
48330 0
48331 12
48332 8
48333 5
48334 1
48335 9
48336 2
48337 12
48338 6
48339 6
48340 7
48341 7
48342 7
48343 8
48344 9
48345 10
48346 2
48347 12
48348 11
48349 2
48350 10
48351 11
48352 10
48353 8
48354 8
48355 9
48356 9
48357 11
48358 1
48359 9
48360 8
48361 11
48362 7
48363 7
48364 11
48365 3
48366 10
48367 11
48368 11
48369 9
48370 3
48371 2
48372 9
48373 5
48374 8
48375 4
48376 11
48377 10
48378 12
48379 8
48380 5
48381 11
48382 7
48383 9
48384 5
48385 7
48386 2
48387 11
48388 8
48389 8
48390 11
48391 9
48392 1
48393 4
48394 5
48395 11
48396 2
48397 3
48398 10
48399 9
48400 8
48401 6
48402 12
48403 11
48404 1
48405 7
48406 12
48407 8
48408 3
48409 6
48410 7
48411 10
48412 10
48413 10
48414 7
48415 5
48416 7
48417 9
48418 4
48419 11
48420 4
48421 3
48422 11
48423 9
48424 8
48425 12
48426 11
48427 7
48428 1
48429 12
48430 10
48431 8
48432 12
48433 1
48434 1
48435 10
48436 6
48437 9
48438 1
48439 5
48440 9
48441 3
48442 5
48443 11
48444 9
48445 12
48446 11
48447 10
48448 2
48449 9
48450 7
48451 11
48452 8
48453 10
48454 0
48455 12
48456 9
48457 5
48458 2
48459 11
48460 11
48461 9
48462 6
48463 9
48464 10
48465 7
48466 3
48467 9
48468 9
48469 12
48470 6
48471 9
48472 10
48473 10
48474 7
48475 12
48476 4
48477 10
48478 12
48479 11
48480 8
48481 7
48482 12
48483 8
48484 9
48485 7
48486 7
48487 1
48488 10
48489 3
48490 8
48491 5
48492 4
48493 10
48494 10
48495 10
48496 8
48497 11
48498 6
48499 2
48500 4
48501 8
48502 1
48503 10
48504 10
48505 8
48506 11
48507 11
48508 8
48509 10
48510 3
48511 9
48512 3
48513 11
48514 9
48515 9
48516 8
48517 8
48518 7
48519 11
48520 4
48521 1
48522 7
48523 12
48524 5
48525 8
48526 8
48527 8
48528 10
48529 12
48530 2
48531 5
48532 6
48533 3
48534 10
48535 4
48536 10
48537 13
48538 11
48539 11
48540 10
48541 8
48542 12
48543 9
48544 2
48545 10
48546 11
48547 10
48548 12
48549 9
48550 10
48551 6
48552 0
48553 7
48554 8
48555 2
48556 10
48557 7
48558 0
48559 7
48560 7
48561 3
48562 11
48563 10
48564 9
48565 8
48566 5
48567 6
48568 8
48569 11
48570 12
48571 5
48572 12
48573 9
48574 5
48575 11
48576 9
48577 12
48578 7
48579 8
48580 7
48581 9
48582 11
48583 8
48584 10
48585 2
48586 8
48587 9
48588 5
48589 4
48590 0
48591 6
48592 2
48593 11
48594 4
48595 9
48596 11
48597 3
48598 9
48599 8
48600 5
48601 5
48602 13
48603 7
48604 11
48605 8
48606 10
48607 5
48608 8
48609 8
48610 7
48611 8
48612 10
48613 9
48614 3
48615 11
48616 10
48617 11
48618 12
48619 13
48620 4
48621 10
48622 10
48623 9
48624 11
48625 6
48626 12
48627 3
48628 8
48629 10
48630 9
48631 12
48632 11
48633 9
48634 6
48635 4
48636 10
48637 11
48638 7
48639 11
48640 8
48641 4
48642 8
48643 9
48644 8
48645 12
48646 1
48647 9
48648 12
48649 10
48650 9
48651 4
48652 12
48653 11
48654 9
48655 9
48656 4
48657 3
48658 11
48659 8
48660 11
48661 3
48662 4
48663 10
48664 8
48665 9
48666 11
48667 8
48668 11
48669 1
48670 6
48671 9
48672 7
48673 12
48674 11
48675 12
48676 2
48677 4
48678 5
48679 7
48680 10
48681 11
48682 0
48683 3
48684 11
48685 11
48686 3
48687 7
48688 5
48689 8
48690 10
48691 0
48692 8
48693 3
48694 5
48695 11
48696 8
48697 7
48698 4
48699 0
48700 8
48701 9
48702 11
48703 2
48704 9
48705 12
48706 2
48707 12
48708 12
48709 4
48710 4
48711 6
48712 6
48713 10
48714 9
48715 8
48716 9
48717 10
48718 1
48719 8
48720 12
48721 11
48722 8
48723 2
48724 8
48725 6
48726 11
48727 3
48728 10
48729 9
48730 11
48731 1
48732 9
48733 8
48734 10
48735 2
48736 7
48737 9
48738 9
48739 10
48740 7
48741 10
48742 8
48743 11
48744 11
48745 11
48746 7
48747 1
48748 4
48749 7
48750 11
48751 9
48752 10
48753 11
48754 5
48755 11
48756 2
48757 6
48758 1
48759 7
48760 7
48761 3
48762 11
48763 6
48764 10
48765 8
48766 10
48767 9
48768 8
48769 13
48770 12
48771 11
48772 6
48773 9
48774 9
48775 8
48776 5
48777 3
48778 8
48779 8
48780 0
48781 5
48782 10
48783 11
48784 7
48785 13
48786 11
48787 8
48788 11
48789 8
48790 12
48791 10
48792 1
48793 6
48794 11
48795 2
48796 11
48797 9
48798 5
48799 8
48800 3
48801 12
48802 10
48803 8
48804 2
48805 1
48806 12
48807 8
48808 10
48809 11
48810 11
48811 9
48812 1
48813 12
48814 11
48815 11
48816 6
48817 10
48818 9
48819 9
48820 10
48821 12
48822 0
48823 4
48824 11
48825 5
48826 11
48827 3
48828 2
48829 11
48830 5
48831 7
48832 12
48833 11
48834 10
48835 0
48836 12
48837 5
48838 11
48839 12
48840 10
48841 11
48842 8
48843 10
48844 7
48845 2
48846 1
48847 11
48848 7
48849 7
48850 6
48851 8
48852 7
48853 8
48854 12
48855 12
48856 8
48857 12
48858 2
48859 10
48860 9
48861 6
48862 7
48863 5
48864 0
48865 10
48866 11
48867 10
48868 9
48869 6
48870 8
48871 10
48872 8
48873 13
48874 10
48875 4
48876 11
48877 8
48878 5
48879 1
48880 5
48881 11
48882 10
48883 9
48884 10
48885 11
48886 9
48887 5
48888 4
48889 7
48890 1
48891 1
48892 10
48893 11
48894 9
48895 5
48896 5
48897 9
48898 5
48899 8
48900 9
48901 11
48902 5
48903 8
48904 3
48905 11
48906 5
48907 12
48908 11
48909 9
48910 7
48911 10
48912 9
48913 9
48914 6
48915 10
48916 8
48917 6
48918 8
48919 11
48920 7
48921 12
48922 6
48923 3
48924 8
48925 9
48926 5
48927 1
48928 7
48929 8
48930 7
48931 4
48932 10
48933 1
48934 8
48935 9
48936 10
48937 3
48938 10
48939 11
48940 11
48941 6
48942 11
48943 3
48944 11
48945 9
48946 10
48947 6
48948 11
48949 11
48950 11
48951 10
48952 10
48953 12
48954 12
48955 6
48956 12
48957 4
48958 8
48959 10
48960 9
48961 8
48962 11
48963 11
48964 9
48965 3
48966 11
48967 8
48968 10
48969 12
48970 7
48971 10
48972 8
48973 11
48974 2
48975 9
48976 8
48977 10
48978 6
48979 12
48980 10
48981 9
48982 7
48983 11
48984 4
48985 9
48986 5
48987 12
48988 10
48989 3
48990 10
48991 2
48992 6
48993 10
48994 7
48995 8
48996 8
48997 1
48998 5
48999 4
49000 8
49001 11
49002 10
49003 12
49004 6
49005 12
49006 0
49007 10
49008 11
49009 5
49010 10
49011 11
49012 12
49013 11
49014 7
49015 6
49016 2
49017 6
49018 11
49019 10
49020 10
49021 4
49022 9
49023 10
49024 9
49025 8
49026 8
49027 3
49028 11
49029 5
49030 6
49031 10
49032 8
49033 5
49034 12
49035 3
49036 12
49037 6
49038 11
49039 12
49040 3
49041 4
49042 10
49043 5
49044 9
49045 10
49046 12
49047 2
49048 8
49049 12
49050 9
49051 4
49052 10
49053 8
49054 1
49055 0
49056 11
49057 1
49058 9
49059 8
49060 9
49061 7
49062 12
49063 8
49064 7
49065 13
49066 10
49067 9
49068 10
49069 8
49070 10
49071 8
49072 8
49073 11
49074 11
49075 9
49076 4
49077 10
49078 10
49079 11
49080 3
49081 2
49082 5
49083 7
49084 11
49085 7
49086 2
49087 9
49088 8
49089 5
49090 8
49091 1
49092 10
49093 7
49094 3
49095 12
49096 10
49097 11
49098 9
49099 11
49100 11
49101 1
49102 4
49103 10
49104 7
49105 1
49106 8
49107 12
49108 11
49109 0
49110 4
49111 0
49112 3
49113 10
49114 6
49115 9
49116 12
49117 4
49118 4
49119 7
49120 10
49121 9
49122 12
49123 10
49124 9
49125 8
49126 5
49127 5
49128 7
49129 7
49130 8
49131 11
49132 11
49133 9
49134 10
49135 9
49136 9
49137 9
49138 0
49139 0
49140 9
49141 4
49142 7
49143 9
49144 11
49145 10
49146 0
49147 4
49148 12
49149 0
49150 12
49151 9
49152 6
49153 11
49154 7
49155 9
49156 2
49157 11
49158 12
49159 5
49160 4
49161 9
49162 3
49163 9
49164 7
49165 2
49166 9
49167 8
49168 0
49169 5
49170 3
49171 13
49172 3
49173 11
49174 7
49175 8
49176 8
49177 7
49178 13
49179 5
49180 9
49181 12
49182 8
49183 5
49184 10
49185 6
49186 9
49187 12
49188 11
49189 12
49190 3
49191 0
49192 11
49193 2
49194 13
49195 12
49196 11
49197 10
49198 10
49199 9
49200 0
49201 10
49202 3
49203 2
49204 12
49205 12
49206 11
49207 6
49208 8
49209 1
49210 7
49211 3
49212 8
49213 7
49214 9
49215 6
49216 8
49217 11
49218 9
49219 8
49220 8
49221 13
49222 12
49223 7
49224 11
49225 8
49226 3
49227 13
49228 7
49229 7
49230 10
49231 10
49232 9
49233 10
49234 7
49235 5
49236 3
49237 9
49238 6
49239 12
49240 9
49241 7
49242 7
49243 9
49244 10
49245 0
49246 11
49247 10
49248 9
49249 1
49250 10
49251 11
49252 11
49253 9
49254 2
49255 11
49256 10
49257 3
49258 11
49259 10
49260 10
49261 8
49262 5
49263 10
49264 7
49265 12
49266 7
49267 8
49268 1
49269 9
49270 11
49271 6
49272 9
49273 9
49274 1
49275 3
49276 11
49277 1
49278 11
49279 10
49280 13
49281 10
49282 11
49283 11
49284 8
49285 3
49286 3
49287 9
49288 3
49289 8
49290 0
49291 4
49292 9
49293 6
49294 8
49295 8
49296 0
49297 10
49298 4
49299 7
49300 1
49301 3
49302 0
49303 7
49304 5
49305 7
49306 5
49307 6
49308 10
49309 8
49310 12
49311 2
49312 9
49313 11
49314 10
49315 12
49316 11
49317 10
49318 2
49319 12
49320 4
49321 9
49322 8
49323 9
49324 5
49325 1
49326 1
49327 10
49328 11
49329 11
49330 8
49331 11
49332 1
49333 9
49334 5
49335 11
49336 3
49337 11
49338 4
49339 3
49340 10
49341 10
49342 8
49343 4
49344 10
49345 5
49346 10
49347 11
49348 1
49349 11
49350 12
49351 10
49352 9
49353 10
49354 10
49355 2
49356 9
49357 10
49358 6
49359 9
49360 12
49361 10
49362 10
49363 7
49364 10
49365 11
49366 12
49367 12
49368 4
49369 1
49370 10
49371 2
49372 11
49373 8
49374 11
49375 13
49376 7
49377 3
49378 10
49379 9
49380 3
49381 10
49382 8
49383 5
49384 2
49385 10
49386 5
49387 11
49388 6
49389 0
49390 11
49391 5
49392 5
49393 10
49394 6
49395 12
49396 12
49397 9
49398 12
49399 6
49400 10
49401 9
49402 9
49403 8
49404 9
49405 3
49406 6
49407 1
49408 10
49409 9
49410 8
49411 5
49412 11
49413 8
49414 5
49415 8
49416 12
49417 11
49418 10
49419 8
49420 7
49421 11
49422 11
49423 0
49424 10
49425 9
49426 5
49427 10
49428 12
49429 5
49430 8
49431 6
49432 12
49433 8
49434 3
49435 6
49436 7
49437 7
49438 3
49439 5
49440 9
49441 9
49442 11
49443 5
49444 11
49445 9
49446 11
49447 6
49448 12
49449 11
49450 9
49451 12
49452 0
49453 5
49454 11
49455 10
49456 7
49457 10
49458 12
49459 9
49460 3
49461 6
49462 11
49463 6
49464 4
49465 2
49466 10
49467 9
49468 8
49469 2
49470 5
49471 11
49472 12
49473 7
49474 7
49475 10
49476 11
49477 5
49478 9
49479 12
49480 10
49481 10
49482 1
49483 2
49484 9
49485 11
49486 10
49487 8
49488 3
49489 10
49490 11
49491 6
49492 11
49493 8
49494 12
49495 2
49496 12
49497 10
49498 10
49499 3
49500 9
49501 5
49502 7
49503 6
49504 6
49505 8
49506 6
49507 9
49508 9
49509 10
49510 5
49511 8
49512 6
49513 11
49514 10
49515 7
49516 12
49517 3
49518 10
49519 11
49520 0
49521 9
49522 11
49523 5
49524 8
49525 10
49526 5
49527 11
49528 8
49529 9
49530 9
49531 8
49532 7
49533 11
49534 7
49535 8
49536 2
49537 9
49538 9
49539 5
49540 11
49541 12
49542 1
49543 3
49544 3
49545 8
49546 10
49547 10
49548 11
49549 11
49550 10
49551 7
49552 0
49553 12
49554 3
49555 5
49556 12
49557 11
49558 6
49559 7
49560 8
49561 8
49562 5
49563 11
49564 12
49565 9
49566 11
49567 7
49568 5
49569 12
49570 8
49571 6
49572 11
49573 6
49574 12
49575 9
49576 4
49577 9
49578 10
49579 8
49580 9
49581 10
49582 12
49583 5
49584 7
49585 12
49586 9
49587 11
49588 9
49589 6
49590 8
49591 12
49592 12
49593 8
49594 7
49595 12
49596 8
49597 0
49598 5
49599 8
49600 13
49601 4
49602 11
49603 10
49604 7
49605 11
49606 6
49607 2
49608 11
49609 6
49610 5
49611 9
49612 11
49613 1
49614 11
49615 12
49616 11
49617 11
49618 2
49619 12
49620 0
49621 0
49622 9
49623 12
49624 9
49625 9
49626 10
49627 0
49628 9
49629 8
49630 7
49631 12
49632 11
49633 11
49634 6
49635 11
49636 12
49637 11
49638 8
49639 7
49640 6
49641 0
49642 13
49643 12
49644 0
49645 11
49646 11
49647 11
49648 11
49649 7
49650 10
49651 10
49652 10
49653 9
49654 8
49655 6
49656 9
49657 12
49658 10
49659 7
49660 1
49661 9
49662 9
49663 11
49664 0
49665 10
49666 4
49667 12
49668 4
49669 7
49670 12
49671 3
49672 6
49673 9
49674 7
49675 10
49676 6
49677 8
49678 8
49679 10
49680 10
49681 10
49682 9
49683 8
49684 10
49685 9
49686 12
49687 5
49688 11
49689 6
49690 12
49691 10
49692 3
49693 10
49694 7
49695 9
49696 9
49697 10
49698 11
49699 13
49700 9
49701 11
49702 2
49703 3
49704 12
49705 1
49706 8
49707 12
49708 13
49709 11
49710 7
49711 5
49712 7
49713 12
49714 1
49715 6
49716 12
49717 3
49718 9
49719 7
49720 9
49721 1
49722 9
49723 11
49724 8
49725 10
49726 1
49727 1
49728 6
49729 12
49730 11
49731 9
49732 12
49733 4
49734 13
49735 9
49736 11
49737 12
49738 8
49739 3
49740 7
49741 8
49742 0
49743 11
49744 11
49745 1
49746 11
49747 9
49748 2
49749 1
49750 3
49751 4
49752 8
49753 6
49754 6
49755 10
49756 1
49757 10
49758 6
49759 5
49760 10
49761 7
49762 9
49763 10
49764 4
49765 8
49766 10
49767 6
49768 4
49769 10
49770 5
49771 8
49772 5
49773 10
49774 11
49775 9
49776 10
49777 0
49778 9
49779 13
49780 11
49781 0
49782 10
49783 2
49784 10
49785 11
49786 9
49787 9
49788 11
49789 10
49790 3
49791 13
49792 7
49793 4
49794 12
49795 12
49796 11
49797 10
49798 2
49799 4
49800 5
49801 7
49802 12
49803 11
49804 12
49805 7
49806 10
49807 9
49808 10
49809 7
49810 10
49811 10
49812 2
49813 5
49814 5
49815 0
49816 3
49817 11
49818 12
49819 6
49820 13
49821 10
49822 1
49823 2
49824 11
49825 8
49826 2
49827 7
49828 12
49829 5
49830 8
49831 10
49832 6
49833 3
49834 3
49835 12
49836 9
49837 8
49838 0
49839 8
49840 11
49841 7
49842 1
49843 9
49844 13
49845 0
49846 10
49847 10
49848 8
49849 1
49850 13
49851 6
49852 7
49853 5
49854 7
49855 10
49856 6
49857 10
49858 5
49859 11
49860 10
49861 3
49862 12
49863 4
49864 6
49865 10
49866 10
49867 11
49868 11
49869 6
49870 8
49871 4
49872 12
49873 2
49874 10
49875 9
49876 1
49877 8
49878 3
49879 6
49880 7
49881 10
49882 1
49883 5
49884 4
49885 2
49886 4
49887 12
49888 10
49889 3
49890 12
49891 7
49892 4
49893 2
49894 9
49895 12
49896 7
49897 3
49898 1
49899 7
49900 8
49901 12
49902 8
49903 11
49904 12
49905 8
49906 11
49907 11
49908 10
49909 10
49910 3
49911 4
49912 8
49913 8
49914 10
49915 11
49916 9
49917 9
49918 11
49919 10
49920 11
49921 10
49922 6
49923 5
49924 9
49925 9
49926 5
49927 11
49928 10
49929 4
49930 11
49931 9
49932 3
49933 5
49934 10
49935 3
49936 7
49937 8
49938 6
49939 7
49940 8
49941 12
49942 10
49943 12
49944 8
49945 8
49946 7
49947 10
49948 4
49949 10
49950 9
49951 6
49952 11
49953 10
49954 5
49955 4
49956 5
49957 5
49958 11
49959 9
49960 3
49961 11
49962 12
49963 1
49964 6
49965 8
49966 10
49967 10
49968 0
49969 10
49970 11
49971 10
49972 8
49973 10
49974 5
49975 3
49976 2
49977 7
49978 11
49979 7
49980 6
49981 6
49982 10
49983 12
49984 11
49985 5
49986 4
49987 10
49988 10
49989 4
49990 8
49991 7
49992 10
49993 11
49994 9
49995 4
49996 4
49997 12
49998 12
49999 9
Colors used: 14
Execution time: 32.4575 ms
