Algorithm: Greedy Vertex Coloring
Vertex colors:
0 0
1 0
2 0
3 0
4 0
5 0
6 0
7 0
8 0
9 0
10 0
11 0
12 0
13 0
14 0
15 0
16 0
17 0
18 0
19 0
20 0
21 0
22 0
23 0
24 0
25 0
26 0
27 0
28 0
29 0
30 0
31 0
32 0
33 0
34 0
35 0
36 0
37 0
38 0
39 0
40 0
41 0
42 0
43 0
44 0
45 0
46 0
47 0
48 0
49 0
50 0
51 0
52 0
53 0
54 0
55 0
56 0
57 0
58 0
59 0
60 0
61 0
62 0
63 0
64 0
65 0
66 0
67 0
68 0
69 0
70 0
71 0
72 0
73 0
74 0
75 0
76 0
77 0
78 0
79 0
80 0
81 0
82 0
83 0
84 0
85 0
86 0
87 0
88 0
89 0
90 0
91 0
92 0
93 0
94 0
95 0
96 0
97 0
98 0
99 0
100 0
101 0
102 0
103 0
104 0
105 0
106 0
107 0
108 0
109 0
110 0
111 0
112 0
113 0
114 0
115 0
116 0
117 0
118 0
119 0
120 0
121 0
122 0
123 0
124 0
125 0
126 0
127 0
128 0
129 0
130 0
131 0
132 0
133 0
134 0
135 0
136 0
137 0
138 0
139 0
140 0
141 0
142 0
143 0
144 0
145 0
146 0
147 0
148 0
149 0
150 0
151 0
152 0
153 0
154 0
155 0
156 0
157 0
158 0
159 0
160 0
161 0
162 0
163 0
164 0
165 0
166 0
167 0
168 0
169 0
170 0
171 0
172 0
173 0
174 0
175 0
176 0
177 0
178 0
179 0
180 0
181 0
182 0
183 0
184 0
185 0
186 0
187 0
188 0
189 0
190 0
191 0
192 0
193 0
194 0
195 0
196 0
197 0
198 0
199 0
200 0
201 0
202 0
203 0
204 0
205 0
206 0
207 0
208 0
209 0
210 0
211 0
212 0
213 0
214 0
215 0
216 0
217 0
218 0
219 0
220 0
221 0
222 0
223 0
224 0
225 0
226 0
227 0
228 0
229 0
230 0
231 0
232 0
233 0
234 0
235 0
236 0
237 0
238 0
239 0
240 0
241 0
242 0
243 0
244 0
245 0
246 0
247 0
248 0
249 0
250 0
251 0
252 0
253 0
254 0
255 0
256 0
257 0
258 0
259 0
260 0
261 0
262 0
263 0
264 0
265 0
266 0
267 0
268 0
269 0
270 0
271 0
272 0
273 0
274 0
275 0
276 0
277 0
278 0
279 0
280 0
281 0
282 0
283 0
284 0
285 0
286 0
287 0
288 0
289 0
290 0
291 0
292 0
293 0
294 0
295 0
296 0
297 0
298 0
299 0
300 0
301 0
302 0
303 0
304 0
305 0
306 0
307 0
308 0
309 0
310 0
311 0
312 0
313 0
314 0
315 0
316 0
317 0
318 0
319 0
320 0
321 0
322 0
323 0
324 0
325 0
326 0
327 0
328 0
329 0
330 0
331 0
332 0
333 0
334 0
335 0
336 0
337 0
338 0
339 0
340 0
341 0
342 0
343 0
344 0
345 0
346 0
347 0
348 0
349 0
350 0
351 0
352 0
353 0
354 0
355 0
356 0
357 0
358 0
359 0
360 0
361 0
362 0
363 0
364 0
365 0
366 0
367 0
368 0
369 0
370 0
371 0
372 0
373 0
374 0
375 0
376 0
377 0
378 0
379 0
380 0
381 0
382 0
383 0
384 0
385 0
386 0
387 0
388 0
389 0
390 0
391 0
392 0
393 0
394 0
395 0
396 0
397 0
398 0
399 0
400 0
401 0
402 0
403 0
404 0
405 0
406 0
407 0
408 0
409 0
410 0
411 0
412 0
413 0
414 0
415 0
416 0
417 0
418 0
419 0
420 0
421 0
422 0
423 0
424 0
425 0
426 0
427 0
428 0
429 0
430 0
431 0
432 0
433 0
434 0
435 0
436 0
437 0
438 0
439 0
440 0
441 0
442 0
443 0
444 0
445 0
446 0
447 0
448 0
449 0
450 0
451 0
452 0
453 0
454 0
455 0
456 0
457 0
458 0
459 0
460 1
461 0
462 0
463 0
464 0
465 0
466 1
467 0
468 0
469 0
470 0
471 0
472 0
473 0
474 0
475 0
476 0
477 0
478 0
479 0
480 0
481 0
482 0
483 0
484 0
485 0
486 0
487 0
488 0
489 0
490 0
491 0
492 0
493 0
494 0
495 0
496 0
497 0
498 0
499 0
500 0
501 0
502 0
503 0
504 0
505 0
506 0
507 0
508 0
509 0
510 0
511 0
512 0
513 0
514 0
515 0
516 0
517 0
518 0
519 0
520 0
521 0
522 0
523 0
524 0
525 0
526 0
527 0
528 0
529 0
530 0
531 0
532 0
533 0
534 0
535 0
536 0
537 0
538 0
539 0
540 0
541 0
542 0
543 0
544 0
545 0
546 0
547 0
548 0
549 0
550 0
551 0
552 0
553 0
554 0
555 0
556 1
557 0
558 0
559 0
560 0
561 0
562 0
563 0
564 0
565 0
566 0
567 0
568 0
569 0
570 0
571 0
572 0
573 0
574 0
575 0
576 0
577 0
578 0
579 0
580 0
581 0
582 0
583 0
584 0
585 0
586 0
587 0
588 0
589 0
590 0
591 0
592 0
593 0
594 1
595 0
596 0
597 0
598 0
599 0
600 0
601 0
602 0
603 0
604 0
605 0
606 0
607 0
608 0
609 0
610 0
611 0
612 0
613 0
614 0
615 0
616 0
617 0
618 0
619 1
620 0
621 0
622 0
623 0
624 0
625 0
626 0
627 0
628 0
629 0
630 0
631 0
632 0
633 0
634 0
635 0
636 0
637 0
638 0
639 0
640 0
641 0
642 0
643 0
644 0
645 0
646 0
647 0
648 0
649 0
650 0
651 0
652 0
653 0
654 0
655 0
656 0
657 0
658 0
659 0
660 0
661 0
662 0
663 0
664 0
665 0
666 0
667 0
668 0
669 0
670 0
671 0
672 0
673 0
674 0
675 0
676 0
677 0
678 0
679 0
680 0
681 0
682 0
683 0
684 0
685 0
686 0
687 0
688 0
689 0
690 0
691 0
692 0
693 0
694 0
695 0
696 0
697 0
698 0
699 0
700 0
701 0
702 0
703 0
704 0
705 0
706 0
707 0
708 0
709 0
710 0
711 0
712 0
713 0
714 0
715 0
716 0
717 0
718 0
719 0
720 0
721 0
722 0
723 0
724 1
725 0
726 0
727 0
728 0
729 0
730 0
731 0
732 0
733 0
734 0
735 0
736 0
737 0
738 0
739 0
740 1
741 0
742 0
743 0
744 0
745 0
746 0
747 0
748 0
749 0
750 0
751 0
752 0
753 0
754 0
755 0
756 0
757 0
758 0
759 0
760 0
761 0
762 0
763 0
764 0
765 0
766 0
767 0
768 0
769 0
770 0
771 0
772 0
773 0
774 0
775 0
776 0
777 0
778 0
779 0
780 0
781 0
782 0
783 0
784 0
785 0
786 0
787 0
788 0
789 0
790 0
791 0
792 0
793 0
794 0
795 0
796 0
797 0
798 0
799 0
800 0
801 0
802 0
803 0
804 1
805 0
806 0
807 0
808 0
809 0
810 0
811 0
812 0
813 0
814 0
815 0
816 0
817 0
818 0
819 0
820 0
821 0
822 0
823 0
824 0
825 0
826 0
827 0
828 0
829 0
830 0
831 0
832 0
833 0
834 0
835 1
836 0
837 0
838 0
839 0
840 0
841 0
842 0
843 0
844 0
845 0
846 0
847 0
848 0
849 0
850 0
851 0
852 0
853 0
854 0
855 1
856 0
857 0
858 0
859 0
860 1
861 0
862 0
863 0
864 0
865 0
866 0
867 0
868 0
869 0
870 0
871 0
872 0
873 0
874 1
875 0
876 0
877 0
878 0
879 0
880 0
881 0
882 0
883 0
884 0
885 0
886 0
887 0
888 0
889 0
890 0
891 0
892 0
893 0
894 0
895 0
896 0
897 0
898 0
899 0
900 0
901 0
902 0
903 0
904 0
905 0
906 0
907 0
908 0
909 0
910 0
911 0
912 0
913 0
914 0
915 1
916 1
917 0
918 0
919 0
920 0
921 0
922 0
923 0
924 0
925 0
926 0
927 0
928 0
929 0
930 0
931 0
932 0
933 0
934 0
935 0
936 0
937 0
938 0
939 0
940 0
941 0
942 0
943 0
944 0
945 0
946 0
947 0
948 0
949 0
950 0
951 0
952 0
953 0
954 0
955 0
956 0
957 0
958 0
959 0
960 0
961 0
962 0
963 0
964 0
965 0
966 0
967 0
968 0
969 0
970 0
971 0
972 0
973 0
974 0
975 0
976 0
977 0
978 0
979 0
980 0
981 0
982 0
983 0
984 0
985 0
986 0
987 0
988 0
989 0
990 0
991 0
992 0
993 0
994 0
995 0
996 0
997 0
998 0
999 0
1000 0
1001 0
1002 0
1003 0
1004 0
1005 0
1006 0
1007 0
1008 0
1009 0
1010 0
1011 0
1012 0
1013 0
1014 0
1015 0
1016 0
1017 0
1018 0
1019 0
1020 0
1021 0
1022 0
1023 0
1024 0
1025 0
1026 0
1027 0
1028 0
1029 0
1030 0
1031 0
1032 0
1033 0
1034 0
1035 0
1036 0
1037 0
1038 0
1039 0
1040 0
1041 0
1042 0
1043 0
1044 0
1045 0
1046 0
1047 0
1048 0
1049 0
1050 0
1051 0
1052 0
1053 0
1054 0
1055 0
1056 0
1057 0
1058 0
1059 0
1060 0
1061 0
1062 0
1063 0
1064 0
1065 0
1066 0
1067 0
1068 0
1069 0
1070 0
1071 0
1072 1
1073 0
1074 0
1075 0
1076 0
1077 0
1078 0
1079 0
1080 0
1081 0
1082 0
1083 0
1084 0
1085 0
1086 0
1087 0
1088 0
1089 0
1090 0
1091 0
1092 0
1093 0
1094 0
1095 0
1096 0
1097 0
1098 0
1099 0
1100 0
1101 0
1102 0
1103 0
1104 0
1105 0
1106 0
1107 0
1108 0
1109 1
1110 0
1111 0
1112 0
1113 1
1114 0
1115 1
1116 0
1117 0
1118 1
1119 0
1120 0
1121 0
1122 0
1123 0
1124 0
1125 0
1126 0
1127 0
1128 0
1129 0
1130 0
1131 0
1132 0
1133 0
1134 0
1135 0
1136 0
1137 0
1138 0
1139 0
1140 0
1141 0
1142 0
1143 0
1144 0
1145 1
1146 0
1147 0
1148 0
1149 0
1150 0
1151 0
1152 0
1153 0
1154 0
1155 0
1156 0
1157 0
1158 0
1159 0
1160 0
1161 0
1162 0
1163 0
1164 0
1165 0
1166 0
1167 0
1168 0
1169 0
1170 0
1171 0
1172 0
1173 0
1174 0
1175 1
1176 0
1177 0
1178 0
1179 0
1180 0
1181 0
1182 0
1183 0
1184 0
1185 0
1186 0
1187 0
1188 0
1189 0
1190 0
1191 0
1192 0
1193 0
1194 0
1195 0
1196 0
1197 0
1198 0
1199 0
1200 0
1201 0
1202 0
1203 0
1204 1
1205 0
1206 0
1207 0
1208 0
1209 0
1210 0
1211 0
1212 1
1213 0
1214 0
1215 0
1216 0
1217 0
1218 1
1219 0
1220 0
1221 0
1222 0
1223 0
1224 0
1225 0
1226 0
1227 0
1228 0
1229 0
1230 0
1231 0
1232 0
1233 0
1234 0
1235 0
1236 0
1237 0
1238 0
1239 0
1240 0
1241 0
1242 0
1243 0
1244 1
1245 0
1246 0
1247 0
1248 0
1249 0
1250 0
1251 0
1252 0
1253 0
1254 0
1255 0
1256 0
1257 1
1258 0
1259 0
1260 0
1261 0
1262 0
1263 0
1264 0
1265 0
1266 0
1267 0
1268 0
1269 0
1270 0
1271 0
1272 0
1273 0
1274 0
1275 0
1276 0
1277 0
1278 0
1279 0
1280 0
1281 0
1282 0
1283 0
1284 1
1285 1
1286 0
1287 0
1288 0
1289 0
1290 0
1291 0
1292 0
1293 0
1294 0
1295 1
1296 0
1297 0
1298 0
1299 0
1300 0
1301 0
1302 0
1303 0
1304 0
1305 0
1306 0
1307 0
1308 0
1309 0
1310 0
1311 0
1312 0
1313 0
1314 0
1315 0
1316 0
1317 0
1318 0
1319 0
1320 0
1321 0
1322 0
1323 0
1324 0
1325 0
1326 0
1327 0
1328 0
1329 1
1330 0
1331 0
1332 0
1333 1
1334 0
1335 0
1336 0
1337 0
1338 0
1339 0
1340 0
1341 0
1342 0
1343 0
1344 1
1345 0
1346 0
1347 0
1348 0
1349 0
1350 0
1351 0
1352 0
1353 0
1354 0
1355 0
1356 0
1357 0
1358 0
1359 0
1360 0
1361 0
1362 0
1363 0
1364 0
1365 0
1366 0
1367 0
1368 0
1369 0
1370 0
1371 0
1372 0
1373 0
1374 0
1375 0
1376 0
1377 0
1378 0
1379 0
1380 0
1381 0
1382 0
1383 0
1384 0
1385 0
1386 0
1387 0
1388 0
1389 0
1390 0
1391 0
1392 0
1393 0
1394 0
1395 0
1396 0
1397 0
1398 0
1399 0
1400 1
1401 0
1402 0
1403 0
1404 0
1405 0
1406 0
1407 0
1408 0
1409 0
1410 0
1411 0
1412 0
1413 0
1414 0
1415 0
1416 0
1417 0
1418 0
1419 1
1420 0
1421 0
1422 0
1423 0
1424 0
1425 0
1426 0
1427 0
1428 0
1429 0
1430 0
1431 0
1432 0
1433 0
1434 0
1435 0
1436 1
1437 0
1438 0
1439 0
1440 0
1441 0
1442 0
1443 0
1444 0
1445 0
1446 0
1447 0
1448 0
1449 0
1450 0
1451 0
1452 0
1453 0
1454 0
1455 0
1456 0
1457 0
1458 0
1459 0
1460 0
1461 0
1462 0
1463 0
1464 0
1465 0
1466 0
1467 0
1468 0
1469 0
1470 0
1471 0
1472 0
1473 0
1474 0
1475 0
1476 0
1477 0
1478 0
1479 0
1480 0
1481 0
1482 0
1483 0
1484 0
1485 0
1486 0
1487 0
1488 0
1489 0
1490 1
1491 0
1492 0
1493 0
1494 0
1495 0
1496 1
1497 0
1498 0
1499 0
1500 0
1501 0
1502 0
1503 0
1504 0
1505 0
1506 0
1507 0
1508 0
1509 0
1510 0
1511 0
1512 0
1513 1
1514 0
1515 0
1516 0
1517 0
1518 0
1519 0
1520 0
1521 0
1522 0
1523 0
1524 0
1525 1
1526 0
1527 1
1528 0
1529 0
1530 0
1531 0
1532 0
1533 0
1534 0
1535 0
1536 0
1537 0
1538 1
1539 0
1540 0
1541 0
1542 0
1543 0
1544 0
1545 0
1546 0
1547 0
1548 1
1549 0
1550 0
1551 0
1552 0
1553 0
1554 1
1555 0
1556 0
1557 0
1558 0
1559 0
1560 0
1561 0
1562 0
1563 0
1564 1
1565 0
1566 0
1567 1
1568 0
1569 0
1570 0
1571 0
1572 1
1573 0
1574 0
1575 0
1576 1
1577 0
1578 0
1579 0
1580 0
1581 0
1582 0
1583 0
1584 0
1585 0
1586 0
1587 0
1588 0
1589 0
1590 0
1591 0
1592 0
1593 1
1594 0
1595 0
1596 0
1597 0
1598 0
1599 0
1600 0
1601 0
1602 0
1603 0
1604 0
1605 0
1606 0
1607 0
1608 0
1609 0
1610 0
1611 1
1612 1
1613 0
1614 0
1615 0
1616 0
1617 1
1618 0
1619 0
1620 0
1621 0
1622 0
1623 0
1624 0
1625 0
1626 0
1627 0
1628 1
1629 0
1630 0
1631 0
1632 0
1633 0
1634 0
1635 0
1636 1
1637 0
1638 0
1639 0
1640 0
1641 0
1642 0
1643 0
1644 0
1645 0
1646 1
1647 0
1648 0
1649 0
1650 0
1651 0
1652 0
1653 0
1654 0
1655 0
1656 0
1657 1
1658 0
1659 0
1660 1
1661 0
1662 1
1663 0
1664 0
1665 0
1666 0
1667 0
1668 1
1669 0
1670 1
1671 1
1672 0
1673 0
1674 0
1675 0
1676 1
1677 0
1678 0
1679 1
1680 0
1681 0
1682 0
1683 0
1684 0
1685 0
1686 0
1687 0
1688 0
1689 1
1690 0
1691 0
1692 0
1693 0
1694 0
1695 1
1696 0
1697 0
1698 0
1699 0
1700 0
1701 0
1702 0
1703 0
1704 0
1705 0
1706 0
1707 0
1708 0
1709 0
1710 0
1711 0
1712 0
1713 0
1714 0
1715 0
1716 0
1717 1
1718 0
1719 0
1720 0
1721 0
1722 0
1723 0
1724 0
1725 0
1726 0
1727 0
1728 0
1729 0
1730 0
1731 0
1732 0
1733 0
1734 0
1735 1
1736 1
1737 0
1738 0
1739 0
1740 0
1741 0
1742 0
1743 1
1744 0
1745 1
1746 0
1747 1
1748 0
1749 0
1750 0
1751 1
1752 0
1753 0
1754 0
1755 0
1756 0
1757 0
1758 0
1759 0
1760 0
1761 0
1762 1
1763 0
1764 0
1765 0
1766 0
1767 0
1768 0
1769 0
1770 1
1771 0
1772 0
1773 0
1774 0
1775 0
1776 0
1777 0
1778 0
1779 1
1780 0
1781 0
1782 0
1783 0
1784 1
1785 0
1786 0
1787 0
1788 0
1789 0
1790 1
1791 0
1792 0
1793 0
1794 0
1795 0
1796 0
1797 0
1798 1
1799 0
1800 0
1801 0
1802 1
1803 0
1804 0
1805 0
1806 0
1807 0
1808 0
1809 0
1810 0
1811 0
1812 0
1813 0
1814 0
1815 0
1816 0
1817 0
1818 0
1819 0
1820 1
1821 0
1822 0
1823 0
1824 0
1825 0
1826 0
1827 0
1828 0
1829 0
1830 0
1831 0
1832 0
1833 0
1834 0
1835 0
1836 0
1837 0
1838 1
1839 1
1840 0
1841 0
1842 0
1843 0
1844 0
1845 0
1846 0
1847 0
1848 0
1849 0
1850 0
1851 0
1852 0
1853 0
1854 1
1855 0
1856 1
1857 0
1858 0
1859 0
1860 0
1861 0
1862 0
1863 0
1864 0
1865 0
1866 0
1867 0
1868 0
1869 0
1870 0
1871 0
1872 0
1873 0
1874 0
1875 0
1876 0
1877 0
1878 0
1879 0
1880 0
1881 0
1882 0
1883 1
1884 1
1885 1
1886 0
1887 1
1888 0
1889 0
1890 0
1891 0
1892 0
1893 1
1894 1
1895 0
1896 0
1897 1
1898 0
1899 0
1900 0
1901 0
1902 0
1903 0
1904 0
1905 0
1906 0
1907 0
1908 0
1909 0
1910 0
1911 0
1912 0
1913 0
1914 0
1915 0
1916 0
1917 0
1918 0
1919 0
1920 1
1921 0
1922 0
1923 0
1924 0
1925 0
1926 0
1927 0
1928 0
1929 0
1930 0
1931 0
1932 0
1933 0
1934 0
1935 1
1936 0
1937 0
1938 0
1939 0
1940 0
1941 0
1942 0
1943 0
1944 0
1945 1
1946 0
1947 0
1948 0
1949 1
1950 0
1951 0
1952 0
1953 0
1954 0
1955 0
1956 1
1957 0
1958 0
1959 0
1960 1
1961 0
1962 0
1963 0
1964 0
1965 0
1966 0
1967 0
1968 0
1969 0
1970 0
1971 0
1972 0
1973 0
1974 0
1975 0
1976 0
1977 1
1978 0
1979 0
1980 0
1981 0
1982 0
1983 0
1984 0
1985 0
1986 0
1987 0
1988 0
1989 0
1990 0
1991 0
1992 0
1993 0
1994 0
1995 1
1996 0
1997 0
1998 0
1999 0
2000 0
2001 0
2002 0
2003 0
2004 0
2005 0
2006 0
2007 0
2008 0
2009 0
2010 0
2011 1
2012 0
2013 0
2014 0
2015 0
2016 1
2017 0
2018 0
2019 0
2020 0
2021 1
2022 0
2023 0
2024 0
2025 0
2026 0
2027 0
2028 0
2029 0
2030 1
2031 0
2032 0
2033 0
2034 0
2035 0
2036 0
2037 0
2038 0
2039 0
2040 1
2041 0
2042 0
2043 0
2044 0
2045 0
2046 0
2047 0
2048 0
2049 0
2050 0
2051 0
2052 0
2053 0
2054 1
2055 0
2056 0
2057 0
2058 0
2059 0
2060 0
2061 0
2062 0
2063 0
2064 0
2065 0
2066 0
2067 0
2068 0
2069 0
2070 1
2071 0
2072 0
2073 1
2074 1
2075 0
2076 0
2077 0
2078 0
2079 0
2080 0
2081 0
2082 0
2083 0
2084 0
2085 1
2086 1
2087 0
2088 0
2089 0
2090 0
2091 0
2092 0
2093 0
2094 1
2095 0
2096 0
2097 0
2098 0
2099 0
2100 0
2101 0
2102 0
2103 0
2104 0
2105 1
2106 0
2107 0
2108 0
2109 0
2110 0
2111 0
2112 0
2113 1
2114 0
2115 0
2116 1
2117 0
2118 0
2119 0
2120 0
2121 0
2122 0
2123 0
2124 0
2125 0
2126 0
2127 0
2128 0
2129 0
2130 1
2131 0
2132 0
2133 0
2134 0
2135 0
2136 0
2137 0
2138 0
2139 0
2140 0
2141 0
2142 0
2143 0
2144 0
2145 0
2146 1
2147 0
2148 0
2149 0
2150 0
2151 1
2152 0
2153 0
2154 1
2155 0
2156 0
2157 0
2158 0
2159 0
2160 0
2161 0
2162 0
2163 0
2164 0
2165 2
2166 0
2167 0
2168 0
2169 0
2170 0
2171 1
2172 0
2173 0
2174 0
2175 0
2176 0
2177 0
2178 1
2179 0
2180 1
2181 0
2182 0
2183 0
2184 0
2185 0
2186 0
2187 0
2188 0
2189 0
2190 0
2191 0
2192 0
2193 0
2194 0
2195 0
2196 0
2197 0
2198 0
2199 0
2200 0
2201 0
2202 0
2203 0
2204 0
2205 0
2206 0
2207 0
2208 1
2209 0
2210 0
2211 0
2212 1
2213 0
2214 0
2215 0
2216 0
2217 0
2218 0
2219 0
2220 0
2221 0
2222 0
2223 0
2224 0
2225 0
2226 0
2227 0
2228 0
2229 0
2230 0
2231 0
2232 0
2233 0
2234 0
2235 0
2236 0
2237 0
2238 0
2239 0
2240 0
2241 0
2242 0
2243 0
2244 0
2245 0
2246 0
2247 0
2248 0
2249 1
2250 0
2251 0
2252 0
2253 0
2254 0
2255 0
2256 0
2257 0
2258 0
2259 0
2260 0
2261 0
2262 0
2263 0
2264 0
2265 0
2266 0
2267 0
2268 0
2269 0
2270 0
2271 0
2272 0
2273 0
2274 1
2275 0
2276 0
2277 0
2278 0
2279 0
2280 0
2281 0
2282 0
2283 0
2284 0
2285 0
2286 0
2287 0
2288 0
2289 0
2290 0
2291 0
2292 0
2293 0
2294 0
2295 0
2296 1
2297 0
2298 0
2299 0
2300 0
2301 0
2302 0
2303 0
2304 0
2305 0
2306 0
2307 0
2308 0
2309 0
2310 1
2311 0
2312 0
2313 0
2314 0
2315 0
2316 0
2317 0
2318 0
2319 0
2320 0
2321 0
2322 0
2323 0
2324 0
2325 0
2326 0
2327 0
2328 0
2329 0
2330 0
2331 0
2332 0
2333 0
2334 0
2335 0
2336 0
2337 0
2338 0
2339 0
2340 0
2341 0
2342 0
2343 0
2344 0
2345 0
2346 0
2347 0
2348 0
2349 1
2350 0
2351 0
2352 0
2353 0
2354 0
2355 0
2356 0
2357 0
2358 0
2359 0
2360 0
2361 0
2362 0
2363 0
2364 0
2365 0
2366 0
2367 0
2368 0
2369 0
2370 0
2371 0
2372 0
2373 0
2374 1
2375 0
2376 0
2377 0
2378 0
2379 1
2380 0
2381 0
2382 0
2383 0
2384 0
2385 0
2386 1
2387 0
2388 0
2389 0
2390 0
2391 0
2392 0
2393 0
2394 0
2395 1
2396 0
2397 0
2398 1
2399 0
2400 0
2401 0
2402 0
2403 0
2404 0
2405 0
2406 0
2407 1
2408 0
2409 0
2410 0
2411 1
2412 0
2413 0
2414 0
2415 0
2416 0
2417 0
2418 0
2419 1
2420 0
2421 0
2422 0
2423 0
2424 0
2425 0
2426 1
2427 0
2428 0
2429 0
2430 0
2431 0
2432 1
2433 0
2434 0
2435 0
2436 0
2437 0
2438 1
2439 0
2440 0
2441 0
2442 0
2443 0
2444 0
2445 0
2446 0
2447 0
2448 0
2449 0
2450 0
2451 0
2452 0
2453 0
2454 0
2455 0
2456 0
2457 0
2458 1
2459 0
2460 0
2461 0
2462 0
2463 0
2464 0
2465 1
2466 0
2467 0
2468 0
2469 1
2470 0
2471 0
2472 0
2473 0
2474 0
2475 0
2476 0
2477 0
2478 0
2479 1
2480 1
2481 0
2482 0
2483 1
2484 0
2485 0
2486 0
2487 0
2488 0
2489 0
2490 1
2491 0
2492 0
2493 1
2494 0
2495 1
2496 0
2497 0
2498 0
2499 0
2500 0
2501 0
2502 0
2503 0
2504 0
2505 0
2506 0
2507 0
2508 0
2509 0
2510 0
2511 0
2512 0
2513 0
2514 0
2515 0
2516 1
2517 0
2518 2
2519 1
2520 0
2521 0
2522 0
2523 0
2524 0
2525 0
2526 0
2527 0
2528 0
2529 0
2530 0
2531 0
2532 0
2533 0
2534 0
2535 0
2536 1
2537 0
2538 1
2539 0
2540 1
2541 0
2542 0
2543 0
2544 0
2545 0
2546 0
2547 0
2548 1
2549 0
2550 0
2551 0
2552 0
2553 0
2554 1
2555 0
2556 0
2557 0
2558 0
2559 0
2560 0
2561 0
2562 0
2563 0
2564 0
2565 0
2566 0
2567 1
2568 0
2569 0
2570 0
2571 0
2572 0
2573 0
2574 0
2575 0
2576 0
2577 0
2578 0
2579 0
2580 0
2581 0
2582 0
2583 0
2584 0
2585 1
2586 0
2587 0
2588 1
2589 0
2590 0
2591 0
2592 0
2593 0
2594 0
2595 1
2596 1
2597 0
2598 0
2599 0
2600 1
2601 0
2602 1
2603 1
2604 1
2605 0
2606 0
2607 0
2608 0
2609 0
2610 0
2611 0
2612 0
2613 0
2614 1
2615 0
2616 0
2617 0
2618 0
2619 0
2620 1
2621 0
2622 0
2623 1
2624 0
2625 0
2626 0
2627 0
2628 2
2629 0
2630 0
2631 0
2632 0
2633 1
2634 0
2635 0
2636 1
2637 1
2638 1
2639 0
2640 0
2641 1
2642 0
2643 1
2644 0
2645 1
2646 0
2647 0
2648 0
2649 0
2650 0
2651 0
2652 0
2653 0
2654 1
2655 0
2656 0
2657 0
2658 1
2659 0
2660 0
2661 0
2662 0
2663 0
2664 0
2665 0
2666 0
2667 1
2668 1
2669 0
2670 0
2671 0
2672 0
2673 0
2674 0
2675 0
2676 0
2677 0
2678 0
2679 1
2680 0
2681 1
2682 0
2683 1
2684 0
2685 0
2686 0
2687 0
2688 0
2689 0
2690 0
2691 0
2692 0
2693 0
2694 0
2695 0
2696 1
2697 0
2698 0
2699 0
2700 0
2701 1
2702 0
2703 0
2704 1
2705 0
2706 0
2707 0
2708 0
2709 0
2710 0
2711 0
2712 0
2713 0
2714 0
2715 0
2716 0
2717 0
2718 0
2719 0
2720 0
2721 0
2722 0
2723 0
2724 0
2725 1
2726 0
2727 0
2728 0
2729 0
2730 1
2731 0
2732 0
2733 0
2734 1
2735 0
2736 0
2737 0
2738 1
2739 0
2740 0
2741 0
2742 1
2743 0
2744 2
2745 0
2746 0
2747 0
2748 0
2749 1
2750 0
2751 0
2752 1
2753 0
2754 0
2755 0
2756 0
2757 1
2758 0
2759 0
2760 0
2761 1
2762 0
2763 0
2764 1
2765 1
2766 0
2767 0
2768 1
2769 0
2770 0
2771 0
2772 1
2773 0
2774 0
2775 0
2776 0
2777 0
2778 0
2779 0
2780 0
2781 0
2782 0
2783 0
2784 0
2785 0
2786 0
2787 0
2788 1
2789 0
2790 0
2791 0
2792 0
2793 0
2794 0
2795 0
2796 0
2797 1
2798 1
2799 0
2800 0
2801 0
2802 0
2803 0
2804 0
2805 0
2806 0
2807 0
2808 0
2809 0
2810 0
2811 1
2812 0
2813 0
2814 1
2815 0
2816 0
2817 0
2818 1
2819 1
2820 0
2821 0
2822 0
2823 0
2824 0
2825 1
2826 0
2827 0
2828 0
2829 0
2830 1
2831 0
2832 0
2833 0
2834 0
2835 0
2836 0
2837 0
2838 0
2839 1
2840 0
2841 0
2842 0
2843 0
2844 0
2845 0
2846 0
2847 0
2848 0
2849 0
2850 1
2851 0
2852 1
2853 1
2854 0
2855 0
2856 1
2857 0
2858 0
2859 1
2860 0
2861 0
2862 0
2863 0
2864 0
2865 1
2866 0
2867 0
2868 0
2869 0
2870 0
2871 0
2872 0
2873 0
2874 0
2875 1
2876 0
2877 1
2878 0
2879 0
2880 0
2881 1
2882 0
2883 0
2884 0
2885 0
2886 0
2887 1
2888 0
2889 0
2890 0
2891 1
2892 0
2893 0
2894 0
2895 2
2896 0
2897 1
2898 0
2899 0
2900 0
2901 0
2902 0
2903 2
2904 0
2905 0
2906 0
2907 1
2908 1
2909 0
2910 0
2911 0
2912 0
2913 0
2914 0
2915 1
2916 1
2917 0
2918 0
2919 0
2920 0
2921 0
2922 0
2923 0
2924 0
2925 1
2926 0
2927 0
2928 0
2929 0
2930 0
2931 1
2932 1
2933 0
2934 2
2935 0
2936 0
2937 0
2938 0
2939 0
2940 0
2941 0
2942 1
2943 0
2944 0
2945 0
2946 0
2947 0
2948 0
2949 0
2950 0
2951 0
2952 0
2953 0
2954 0
2955 1
2956 0
2957 0
2958 0
2959 0
2960 0
2961 1
2962 0
2963 0
2964 0
2965 0
2966 1
2967 0
2968 0
2969 0
2970 0
2971 0
2972 0
2973 0
2974 0
2975 0
2976 1
2977 0
2978 1
2979 0
2980 1
2981 1
2982 0
2983 0
2984 0
2985 0
2986 0
2987 0
2988 1
2989 0
2990 0
2991 1
2992 0
2993 0
2994 0
2995 0
2996 0
2997 0
2998 0
2999 0
3000 0
3001 0
3002 0
3003 0
3004 0
3005 0
3006 0
3007 0
3008 0
3009 0
3010 0
3011 0
3012 0
3013 0
3014 0
3015 0
3016 0
3017 0
3018 0
3019 1
3020 0
3021 0
3022 0
3023 0
3024 0
3025 0
3026 0
3027 1
3028 0
3029 0
3030 0
3031 0
3032 0
3033 0
3034 2
3035 1
3036 0
3037 0
3038 0
3039 0
3040 1
3041 0
3042 0
3043 0
3044 0
3045 0
3046 0
3047 0
3048 0
3049 1
3050 0
3051 1
3052 1
3053 0
3054 0
3055 0
3056 0
3057 0
3058 0
3059 0
3060 0
3061 0
3062 1
3063 0
3064 0
3065 0
3066 1
3067 0
3068 0
3069 0
3070 0
3071 1
3072 0
3073 0
3074 0
3075 1
3076 0
3077 0
3078 0
3079 0
3080 1
3081 1
3082 0
3083 0
3084 0
3085 0
3086 2
3087 0
3088 0
3089 0
3090 1
3091 1
3092 0
3093 0
3094 0
3095 0
3096 0
3097 0
3098 0
3099 0
3100 0
3101 0
3102 0
3103 1
3104 0
3105 0
3106 0
3107 0
3108 0
3109 0
3110 1
3111 1
3112 1
3113 0
3114 0
3115 0
3116 0
3117 1
3118 0
3119 0
3120 0
3121 1
3122 0
3123 0
3124 0
3125 0
3126 1
3127 0
3128 0
3129 0
3130 0
3131 1
3132 1
3133 0
3134 2
3135 0
3136 0
3137 1
3138 0
3139 0
3140 0
3141 0
3142 0
3143 0
3144 0
3145 0
3146 0
3147 2
3148 0
3149 0
3150 0
3151 0
3152 2
3153 0
3154 0
3155 0
3156 0
3157 0
3158 0
3159 0
3160 1
3161 0
3162 0
3163 0
3164 0
3165 0
3166 0
3167 1
3168 0
3169 0
3170 0
3171 0
3172 0
3173 0
3174 0
3175 0
3176 0
3177 0
3178 0
3179 1
3180 2
3181 0
3182 0
3183 0
3184 1
3185 1
3186 0
3187 1
3188 1
3189 0
3190 0
3191 1
3192 0
3193 1
3194 0
3195 0
3196 0
3197 0
3198 0
3199 0
3200 0
3201 1
3202 0
3203 0
3204 0
3205 0
3206 0
3207 0
3208 0
3209 0
3210 0
3211 0
3212 0
3213 0
3214 0
3215 0
3216 0
3217 0
3218 0
3219 0
3220 0
3221 0
3222 0
3223 0
3224 0
3225 0
3226 0
3227 0
3228 1
3229 0
3230 0
3231 0
3232 0
3233 0
3234 0
3235 0
3236 0
3237 1
3238 0
3239 0
3240 0
3241 0
3242 0
3243 1
3244 0
3245 0
3246 1
3247 0
3248 0
3249 0
3250 0
3251 1
3252 1
3253 0
3254 0
3255 0
3256 0
3257 1
3258 0
3259 0
3260 0
3261 0
3262 0
3263 0
3264 1
3265 0
3266 0
3267 0
3268 0
3269 1
3270 0
3271 0
3272 1
3273 0
3274 1
3275 1
3276 0
3277 1
3278 1
3279 0
3280 0
3281 0
3282 0
3283 0
3284 0
3285 0
3286 1
3287 0
3288 0
3289 1
3290 0
3291 0
3292 0
3293 0
3294 1
3295 0
3296 0
3297 0
3298 1
3299 0
3300 1
3301 2
3302 0
3303 0
3304 0
3305 2
3306 1
3307 0
3308 0
3309 0
3310 0
3311 0
3312 0
3313 1
3314 0
3315 1
3316 0
3317 0
3318 1
3319 0
3320 0
3321 0
3322 0
3323 0
3324 1
3325 0
3326 0
3327 0
3328 1
3329 1
3330 0
3331 0
3332 1
3333 0
3334 0
3335 0
3336 0
3337 0
3338 1
3339 0
3340 0
3341 0
3342 0
3343 1
3344 0
3345 1
3346 0
3347 0
3348 0
3349 0
3350 0
3351 0
3352 1
3353 0
3354 0
3355 1
3356 1
3357 0
3358 0
3359 1
3360 0
3361 1
3362 0
3363 0
3364 1
3365 0
3366 1
3367 1
3368 0
3369 0
3370 1
3371 0
3372 1
3373 0
3374 0
3375 0
3376 0
3377 0
3378 0
3379 1
3380 0
3381 1
3382 0
3383 0
3384 0
3385 0
3386 0
3387 1
3388 0
3389 0
3390 0
3391 0
3392 0
3393 2
3394 0
3395 2
3396 0
3397 2
3398 1
3399 0
3400 0
3401 0
3402 1
3403 0
3404 0
3405 0
3406 1
3407 0
3408 0
3409 0
3410 0
3411 0
3412 0
3413 0
3414 1
3415 1
3416 2
3417 1
3418 2
3419 0
3420 1
3421 0
3422 0
3423 0
3424 1
3425 0
3426 0
3427 1
3428 0
3429 1
3430 0
3431 0
3432 0
3433 0
3434 1
3435 0
3436 0
3437 0
3438 1
3439 0
3440 0
3441 1
3442 0
3443 0
3444 0
3445 0
3446 0
3447 0
3448 1
3449 0
3450 0
3451 0
3452 0
3453 0
3454 0
3455 1
3456 1
3457 0
3458 0
3459 0
3460 1
3461 0
3462 0
3463 0
3464 0
3465 0
3466 1
3467 0
3468 0
3469 0
3470 0
3471 0
3472 0
3473 0
3474 1
3475 0
3476 0
3477 0
3478 1
3479 0
3480 0
3481 0
3482 0
3483 0
3484 0
3485 1
3486 2
3487 0
3488 0
3489 0
3490 1
3491 0
3492 0
3493 0
3494 0
3495 0
3496 1
3497 0
3498 0
3499 0
3500 0
3501 0
3502 0
3503 0
3504 0
3505 1
3506 0
3507 0
3508 0
3509 1
3510 0
3511 0
3512 0
3513 0
3514 0
3515 0
3516 0
3517 1
3518 0
3519 0
3520 0
3521 0
3522 0
3523 1
3524 0
3525 0
3526 0
3527 0
3528 0
3529 1
3530 1
3531 1
3532 0
3533 0
3534 0
3535 0
3536 0
3537 0
3538 1
3539 1
3540 0
3541 0
3542 0
3543 0
3544 0
3545 0
3546 1
3547 0
3548 0
3549 0
3550 0
3551 2
3552 0
3553 1
3554 0
3555 1
3556 0
3557 0
3558 0
3559 0
3560 0
3561 0
3562 1
3563 0
3564 0
3565 0
3566 0
3567 1
3568 0
3569 1
3570 0
3571 0
3572 0
3573 0
3574 0
3575 0
3576 0
3577 0
3578 0
3579 0
3580 0
3581 0
3582 0
3583 0
3584 0
3585 1
3586 0
3587 0
3588 0
3589 0
3590 0
3591 0
3592 1
3593 0
3594 0
3595 1
3596 0
3597 0
3598 0
3599 0
3600 0
3601 1
3602 0
3603 2
3604 1
3605 0
3606 0
3607 1
3608 0
3609 0
3610 0
3611 1
3612 0
3613 0
3614 0
3615 0
3616 0
3617 0
3618 1
3619 0
3620 0
3621 0
3622 0
3623 0
3624 1
3625 0
3626 1
3627 0
3628 2
3629 0
3630 0
3631 0
3632 0
3633 0
3634 0
3635 0
3636 0
3637 0
3638 2
3639 0
3640 0
3641 1
3642 0
3643 0
3644 2
3645 0
3646 0
3647 0
3648 1
3649 0
3650 0
3651 0
3652 0
3653 2
3654 0
3655 0
3656 0
3657 1
3658 2
3659 0
3660 1
3661 0
3662 1
3663 1
3664 0
3665 0
3666 1
3667 0
3668 0
3669 0
3670 1
3671 0
3672 2
3673 0
3674 0
3675 0
3676 0
3677 0
3678 0
3679 0
3680 0
3681 0
3682 0
3683 1
3684 0
3685 0
3686 0
3687 1
3688 1
3689 1
3690 0
3691 0
3692 1
3693 1
3694 0
3695 0
3696 1
3697 1
3698 0
3699 0
3700 0
3701 0
3702 0
3703 0
3704 1
3705 0
3706 0
3707 0
3708 1
3709 0
3710 0
3711 0
3712 1
3713 2
3714 0
3715 1
3716 0
3717 0
3718 0
3719 0
3720 0
3721 0
3722 0
3723 1
3724 0
3725 2
3726 1
3727 0
3728 0
3729 0
3730 0
3731 0
3732 0
3733 1
3734 2
3735 0
3736 1
3737 1
3738 0
3739 1
3740 0
3741 1
3742 0
3743 0
3744 0
3745 0
3746 0
3747 1
3748 0
3749 1
3750 0
3751 0
3752 0
3753 1
3754 0
3755 0
3756 0
3757 1
3758 0
3759 0
3760 1
3761 0
3762 1
3763 0
3764 1
3765 1
3766 1
3767 0
3768 0
3769 1
3770 0
3771 0
3772 1
3773 0
3774 0
3775 2
3776 0
3777 0
3778 0
3779 1
3780 1
3781 1
3782 0
3783 0
3784 0
3785 0
3786 1
3787 1
3788 0
3789 1
3790 1
3791 0
3792 0
3793 0
3794 1
3795 0
3796 1
3797 0
3798 0
3799 1
3800 1
3801 2
3802 0
3803 1
3804 0
3805 0
3806 0
3807 0
3808 1
3809 1
3810 0
3811 0
3812 0
3813 0
3814 1
3815 0
3816 1
3817 0
3818 0
3819 0
3820 1
3821 0
3822 0
3823 0
3824 0
3825 0
3826 0
3827 0
3828 0
3829 0
3830 1
3831 2
3832 0
3833 0
3834 1
3835 0
3836 0
3837 0
3838 1
3839 0
3840 0
3841 0
3842 1
3843 0
3844 0
3845 0
3846 0
3847 1
3848 0
3849 0
3850 1
3851 0
3852 0
3853 0
3854 1
3855 0
3856 0
3857 0
3858 0
3859 1
3860 0
3861 1
3862 0
3863 0
3864 0
3865 0
3866 0
3867 0
3868 0
3869 1
3870 0
3871 0
3872 0
3873 2
3874 1
3875 0
3876 0
3877 0
3878 1
3879 0
3880 0
3881 1
3882 0
3883 0
3884 0
3885 0
3886 0
3887 0
3888 0
3889 0
3890 0
3891 0
3892 1
3893 1
3894 0
3895 0
3896 0
3897 0
3898 1
3899 0
3900 1
3901 0
3902 1
3903 1
3904 0
3905 2
3906 1
3907 0
3908 0
3909 0
3910 0
3911 0
3912 0
3913 1
3914 0
3915 0
3916 0
3917 0
3918 1
3919 1
3920 0
3921 1
3922 0
3923 0
3924 0
3925 0
3926 0
3927 1
3928 0
3929 1
3930 0
3931 0
3932 0
3933 0
3934 0
3935 1
3936 0
3937 0
3938 0
3939 0
3940 0
3941 0
3942 1
3943 0
3944 0
3945 0
3946 0
3947 1
3948 0
3949 0
3950 1
3951 1
3952 0
3953 0
3954 0
3955 0
3956 0
3957 0
3958 0
3959 0
3960 0
3961 1
3962 2
3963 0
3964 0
3965 0
3966 0
3967 1
3968 0
3969 0
3970 0
3971 0
3972 2
3973 1
3974 0
3975 0
3976 1
3977 0
3978 0
3979 0
3980 0
3981 1
3982 0
3983 0
3984 0
3985 0
3986 0
3987 1
3988 0
3989 0
3990 0
3991 0
3992 0
3993 0
3994 0
3995 0
3996 1
3997 0
3998 0
3999 0
4000 1
4001 0
4002 0
4003 0
4004 0
4005 0
4006 0
4007 0
4008 0
4009 0
4010 0
4011 1
4012 0
4013 1
4014 0
4015 1
4016 0
4017 0
4018 0
4019 0
4020 2
4021 0
4022 0
4023 0
4024 0
4025 1
4026 1
4027 0
4028 0
4029 1
4030 1
4031 0
4032 2
4033 2
4034 1
4035 0
4036 0
4037 2
4038 0
4039 0
4040 0
4041 0
4042 0
4043 0
4044 0
4045 0
4046 1
4047 0
4048 0
4049 0
4050 1
4051 0
4052 0
4053 0
4054 0
4055 0
4056 0
4057 0
4058 0
4059 0
4060 0
4061 0
4062 0
4063 0
4064 1
4065 0
4066 0
4067 1
4068 0
4069 0
4070 0
4071 0
4072 0
4073 0
4074 0
4075 1
4076 0
4077 0
4078 0
4079 0
4080 1
4081 0
4082 0
4083 1
4084 0
4085 0
4086 0
4087 1
4088 0
4089 0
4090 1
4091 2
4092 0
4093 0
4094 0
4095 0
4096 0
4097 0
4098 0
4099 1
4100 1
4101 0
4102 2
4103 0
4104 0
4105 1
4106 0
4107 1
4108 0
4109 0
4110 0
4111 0
4112 0
4113 0
4114 1
4115 0
4116 0
4117 1
4118 0
4119 1
4120 1
4121 0
4122 1
4123 0
4124 0
4125 0
4126 1
4127 0
4128 1
4129 0
4130 0
4131 1
4132 1
4133 0
4134 1
4135 1
4136 0
4137 0
4138 0
4139 1
4140 2
4141 0
4142 0
4143 1
4144 0
4145 0
4146 0
4147 0
4148 0
4149 0
4150 0
4151 0
4152 0
4153 2
4154 1
4155 0
4156 0
4157 0
4158 0
4159 0
4160 1
4161 0
4162 0
4163 0
4164 0
4165 2
4166 0
4167 0
4168 0
4169 0
4170 0
4171 1
4172 0
4173 1
4174 1
4175 0
4176 1
4177 0
4178 1
4179 0
4180 0
4181 0
4182 0
4183 1
4184 1
4185 0
4186 0
4187 0
4188 0
4189 0
4190 0
4191 0
4192 0
4193 1
4194 0
4195 1
4196 0
4197 0
4198 0
4199 0
4200 1
4201 0
4202 0
4203 1
4204 1
4205 1
4206 0
4207 0
4208 0
4209 0
4210 0
4211 0
4212 0
4213 0
4214 0
4215 0
4216 0
4217 1
4218 0
4219 0
4220 0
4221 0
4222 0
4223 0
4224 0
4225 1
4226 0
4227 0
4228 0
4229 0
4230 1
4231 0
4232 0
4233 0
4234 0
4235 0
4236 0
4237 0
4238 0
4239 0
4240 0
4241 0
4242 0
4243 0
4244 0
4245 0
4246 0
4247 0
4248 0
4249 0
4250 0
4251 0
4252 0
4253 1
4254 1
4255 0
4256 1
4257 0
4258 0
4259 1
4260 0
4261 0
4262 1
4263 0
4264 0
4265 1
4266 0
4267 1
4268 0
4269 0
4270 1
4271 0
4272 0
4273 0
4274 0
4275 0
4276 0
4277 0
4278 1
4279 1
4280 0
4281 0
4282 1
4283 2
4284 1
4285 0
4286 2
4287 0
4288 1
4289 0
4290 0
4291 0
4292 0
4293 0
4294 0
4295 0
4296 1
4297 0
4298 2
4299 0
4300 1
4301 0
4302 0
4303 0
4304 1
4305 1
4306 0
4307 0
4308 2
4309 1
4310 1
4311 1
4312 0
4313 0
4314 0
4315 0
4316 0
4317 1
4318 0
4319 1
4320 1
4321 0
4322 0
4323 0
4324 1
4325 0
4326 0
4327 1
4328 0
4329 0
4330 0
4331 1
4332 0
4333 0
4334 1
4335 0
4336 0
4337 0
4338 0
4339 0
4340 2
4341 0
4342 0
4343 0
4344 0
4345 0
4346 0
4347 1
4348 1
4349 0
4350 0
4351 0
4352 0
4353 0
4354 0
4355 0
4356 1
4357 0
4358 0
4359 0
4360 0
4361 0
4362 0
4363 0
4364 0
4365 0
4366 0
4367 2
4368 1
4369 0
4370 0
4371 0
4372 1
4373 0
4374 0
4375 1
4376 0
4377 0
4378 0
4379 1
4380 1
4381 0
4382 1
4383 0
4384 0
4385 0
4386 0
4387 0
4388 0
4389 1
4390 0
4391 0
4392 1
4393 0
4394 1
4395 0
4396 1
4397 0
4398 0
4399 0
4400 0
4401 0
4402 1
4403 0
4404 0
4405 0
4406 1
4407 0
4408 0
4409 0
4410 0
4411 0
4412 1
4413 1
4414 0
4415 2
4416 0
4417 0
4418 1
4419 1
4420 1
4421 0
4422 0
4423 0
4424 1
4425 1
4426 0
4427 0
4428 1
4429 1
4430 0
4431 0
4432 0
4433 0
4434 1
4435 1
4436 0
4437 2
4438 0
4439 0
4440 1
4441 0
4442 0
4443 0
4444 1
4445 0
4446 0
4447 0
4448 0
4449 0
4450 0
4451 1
4452 0
4453 0
4454 1
4455 0
4456 0
4457 0
4458 2
4459 0
4460 1
4461 1
4462 1
4463 0
4464 0
4465 0
4466 1
4467 0
4468 1
4469 0
4470 0
4471 2
4472 0
4473 0
4474 0
4475 0
4476 1
4477 1
4478 0
4479 0
4480 0
4481 1
4482 2
4483 0
4484 0
4485 0
4486 1
4487 0
4488 0
4489 0
4490 1
4491 0
4492 0
4493 0
4494 0
4495 0
4496 1
4497 0
4498 0
4499 1
4500 0
4501 0
4502 1
4503 0
4504 0
4505 1
4506 0
4507 0
4508 0
4509 0
4510 1
4511 0
4512 0
4513 0
4514 0
4515 0
4516 1
4517 0
4518 0
4519 1
4520 0
4521 0
4522 1
4523 0
4524 0
4525 0
4526 0
4527 0
4528 1
4529 1
4530 1
4531 0
4532 0
4533 0
4534 0
4535 1
4536 1
4537 1
4538 0
4539 1
4540 1
4541 0
4542 0
4543 0
4544 0
4545 0
4546 1
4547 0
4548 0
4549 0
4550 0
4551 0
4552 1
4553 1
4554 1
4555 1
4556 1
4557 1
4558 0
4559 1
4560 0
4561 1
4562 0
4563 0
4564 0
4565 0
4566 1
4567 0
4568 1
4569 1
4570 0
4571 1
4572 1
4573 1
4574 0
4575 1
4576 0
4577 0
4578 0
4579 1
4580 1
4581 0
4582 0
4583 0
4584 0
4585 0
4586 0
4587 0
4588 1
4589 1
4590 0
4591 0
4592 1
4593 0
4594 0
4595 1
4596 1
4597 0
4598 0
4599 1
4600 1
4601 0
4602 1
4603 1
4604 1
4605 1
4606 0
4607 0
4608 0
4609 0
4610 0
4611 0
4612 0
4613 0
4614 0
4615 1
4616 0
4617 0
4618 0
4619 0
4620 0
4621 0
4622 1
4623 0
4624 1
4625 1
4626 0
4627 1
4628 0
4629 0
4630 0
4631 0
4632 1
4633 0
4634 0
4635 0
4636 1
4637 0
4638 1
4639 0
4640 0
4641 0
4642 1
4643 2
4644 0
4645 0
4646 1
4647 0
4648 2
4649 0
4650 0
4651 1
4652 0
4653 2
4654 1
4655 1
4656 0
4657 0
4658 0
4659 0
4660 0
4661 2
4662 0
4663 0
4664 2
4665 0
4666 0
4667 1
4668 0
4669 0
4670 0
4671 1
4672 0
4673 0
4674 2
4675 1
4676 2
4677 0
4678 0
4679 0
4680 0
4681 0
4682 1
4683 1
4684 1
4685 0
4686 0
4687 0
4688 0
4689 0
4690 1
4691 0
4692 0
4693 0
4694 1
4695 1
4696 0
4697 1
4698 0
4699 0
4700 0
4701 0
4702 0
4703 1
4704 0
4705 1
4706 0
4707 1
4708 1
4709 0
4710 0
4711 2
4712 2
4713 0
4714 0
4715 0
4716 0
4717 1
4718 0
4719 0
4720 0
4721 0
4722 2
4723 1
4724 0
4725 0
4726 1
4727 2
4728 0
4729 0
4730 0
4731 0
4732 0
4733 0
4734 1
4735 0
4736 0
4737 0
4738 0
4739 1
4740 0
4741 1
4742 1
4743 0
4744 1
4745 0
4746 0
4747 1
4748 1
4749 0
4750 0
4751 0
4752 1
4753 0
4754 0
4755 0
4756 1
4757 0
4758 0
4759 1
4760 1
4761 1
4762 1
4763 0
4764 0
4765 0
4766 1
4767 0
4768 0
4769 0
4770 0
4771 1
4772 0
4773 1
4774 2
4775 0
4776 0
4777 1
4778 1
4779 1
4780 0
4781 0
4782 1
4783 1
4784 0
4785 0
4786 1
4787 0
4788 0
4789 0
4790 1
4791 1
4792 2
4793 1
4794 0
4795 0
4796 1
4797 0
4798 0
4799 1
4800 0
4801 1
4802 1
4803 0
4804 0
4805 0
4806 1
4807 0
4808 0
4809 1
4810 0
4811 0
4812 0
4813 0
4814 0
4815 0
4816 1
4817 1
4818 0
4819 0
4820 0
4821 0
4822 0
4823 1
4824 2
4825 1
4826 2
4827 1
4828 0
4829 0
4830 0
4831 0
4832 1
4833 2
4834 0
4835 0
4836 0
4837 0
4838 1
4839 2
4840 0
4841 0
4842 0
4843 0
4844 1
4845 0
4846 0
4847 0
4848 0
4849 1
4850 1
4851 2
4852 0
4853 2
4854 0
4855 2
4856 0
4857 1
4858 0
4859 0
4860 1
4861 0
4862 1
4863 0
4864 1
4865 1
4866 1
4867 0
4868 1
4869 0
4870 0
4871 1
4872 0
4873 0
4874 1
4875 1
4876 0
4877 1
4878 0
4879 0
4880 0
4881 1
4882 0
4883 0
4884 0
4885 0
4886 1
4887 2
4888 0
4889 0
4890 0
4891 0
4892 0
4893 0
4894 0
4895 0
4896 0
4897 0
4898 0
4899 1
4900 0
4901 0
4902 0
4903 1
4904 0
4905 0
4906 0
4907 1
4908 0
4909 1
4910 0
4911 0
4912 0
4913 0
4914 1
4915 0
4916 0
4917 0
4918 0
4919 0
4920 0
4921 0
4922 0
4923 0
4924 0
4925 0
4926 0
4927 1
4928 1
4929 0
4930 1
4931 1
4932 1
4933 1
4934 0
4935 1
4936 2
4937 2
4938 1
4939 0
4940 1
4941 0
4942 2
4943 1
4944 0
4945 1
4946 1
4947 1
4948 0
4949 0
4950 0
4951 1
4952 0
4953 0
4954 0
4955 1
4956 0
4957 0
4958 2
4959 1
4960 2
4961 0
4962 1
4963 0
4964 0
4965 1
4966 1
4967 0
4968 2
4969 1
4970 0
4971 0
4972 0
4973 1
4974 0
4975 1
4976 1
4977 0
4978 0
4979 0
4980 0
4981 1
4982 0
4983 1
4984 1
4985 1
4986 2
4987 0
4988 1
4989 1
4990 2
4991 0
4992 0
4993 2
4994 0
4995 0
4996 0
4997 1
4998 0
4999 0
5000 1
5001 1
5002 0
5003 0
5004 0
5005 0
5006 1
5007 2
5008 0
5009 0
5010 1
5011 0
5012 0
5013 0
5014 1
5015 0
5016 0
5017 1
5018 0
5019 1
5020 0
5021 1
5022 2
5023 0
5024 1
5025 1
5026 0
5027 0
5028 0
5029 0
5030 1
5031 1
5032 1
5033 2
5034 0
5035 0
5036 1
5037 0
5038 0
5039 0
5040 1
5041 1
5042 1
5043 1
5044 1
5045 0
5046 0
5047 1
5048 1
5049 0
5050 1
5051 0
5052 0
5053 1
5054 0
5055 2
5056 0
5057 1
5058 1
5059 0
5060 0
5061 1
5062 0
5063 0
5064 0
5065 0
5066 0
5067 1
5068 1
5069 0
5070 0
5071 0
5072 1
5073 0
5074 2
5075 0
5076 1
5077 0
5078 0
5079 0
5080 2
5081 1
5082 0
5083 1
5084 0
5085 0
5086 1
5087 0
5088 0
5089 0
5090 1
5091 0
5092 0
5093 0
5094 0
5095 0
5096 0
5097 1
5098 0
5099 0
5100 1
5101 0
5102 2
5103 1
5104 0
5105 1
5106 1
5107 0
5108 1
5109 0
5110 0
5111 0
5112 0
5113 1
5114 0
5115 1
5116 0
5117 0
5118 0
5119 0
5120 0
5121 0
5122 0
5123 1
5124 1
5125 1
5126 1
5127 1
5128 0
5129 1
5130 1
5131 1
5132 0
5133 0
5134 0
5135 0
5136 0
5137 0
5138 0
5139 1
5140 1
5141 1
5142 1
5143 0
5144 2
5145 1
5146 1
5147 0
5148 1
5149 2
5150 1
5151 1
5152 0
5153 1
5154 0
5155 0
5156 1
5157 0
5158 1
5159 0
5160 0
5161 0
5162 0
5163 1
5164 1
5165 0
5166 0
5167 1
5168 1
5169 0
5170 1
5171 0
5172 0
5173 1
5174 0
5175 1
5176 1
5177 0
5178 0
5179 0
5180 1
5181 0
5182 0
5183 0
5184 2
5185 1
5186 1
5187 1
5188 1
5189 0
5190 0
5191 1
5192 0
5193 0
5194 1
5195 0
5196 0
5197 1
5198 0
5199 0
5200 0
5201 0
5202 2
5203 0
5204 0
5205 0
5206 0
5207 1
5208 0
5209 2
5210 0
5211 0
5212 0
5213 0
5214 0
5215 0
5216 0
5217 2
5218 0
5219 0
5220 0
5221 0
5222 0
5223 1
5224 1
5225 1
5226 1
5227 0
5228 0
5229 0
5230 0
5231 2
5232 0
5233 0
5234 1
5235 0
5236 0
5237 0
5238 1
5239 0
5240 1
5241 1
5242 0
5243 0
5244 0
5245 0
5246 0
5247 1
5248 2
5249 0
5250 0
5251 0
5252 0
5253 1
5254 1
5255 1
5256 0
5257 0
5258 0
5259 1
5260 0
5261 0
5262 1
5263 0
5264 0
5265 1
5266 0
5267 0
5268 0
5269 1
5270 2
5271 0
5272 1
5273 0
5274 0
5275 1
5276 0
5277 0
5278 0
5279 0
5280 0
5281 0
5282 0
5283 0
5284 1
5285 0
5286 0
5287 0
5288 0
5289 0
5290 0
5291 1
5292 0
5293 1
5294 1
5295 1
5296 2
5297 0
5298 0
5299 0
5300 0
5301 1
5302 0
5303 0
5304 0
5305 1
5306 0
5307 1
5308 0
5309 0
5310 0
5311 0
5312 1
5313 0
5314 0
5315 0
5316 1
5317 0
5318 0
5319 0
5320 0
5321 1
5322 0
5323 0
5324 0
5325 0
5326 1
5327 0
5328 1
5329 0
5330 1
5331 0
5332 1
5333 1
5334 0
5335 0
5336 0
5337 1
5338 0
5339 0
5340 0
5341 0
5342 0
5343 0
5344 1
5345 1
5346 1
5347 0
5348 0
5349 1
5350 0
5351 0
5352 0
5353 1
5354 0
5355 1
5356 0
5357 0
5358 0
5359 0
5360 0
5361 0
5362 0
5363 1
5364 0
5365 1
5366 0
5367 0
5368 1
5369 1
5370 0
5371 0
5372 0
5373 0
5374 0
5375 0
5376 0
5377 0
5378 0
5379 1
5380 0
5381 1
5382 1
5383 1
5384 1
5385 2
5386 1
5387 0
5388 0
5389 1
5390 0
5391 0
5392 0
5393 0
5394 1
5395 0
5396 1
5397 1
5398 0
5399 0
5400 0
5401 0
5402 2
5403 1
5404 1
5405 0
5406 0
5407 0
5408 2
5409 0
5410 0
5411 1
5412 0
5413 0
5414 0
5415 0
5416 0
5417 0
5418 2
5419 0
5420 0
5421 2
5422 1
5423 0
5424 0
5425 0
5426 0
5427 0
5428 0
5429 0
5430 0
5431 0
5432 0
5433 0
5434 0
5435 0
5436 0
5437 0
5438 0
5439 1
5440 1
5441 1
5442 0
5443 2
5444 0
5445 0
5446 1
5447 0
5448 0
5449 1
5450 0
5451 0
5452 0
5453 1
5454 0
5455 0
5456 0
5457 0
5458 0
5459 1
5460 0
5461 2
5462 0
5463 0
5464 0
5465 0
5466 0
5467 2
5468 1
5469 0
5470 1
5471 0
5472 0
5473 1
5474 0
5475 0
5476 1
5477 1
5478 1
5479 0
5480 0
5481 1
5482 0
5483 0
5484 0
5485 0
5486 1
5487 1
5488 0
5489 1
5490 0
5491 0
5492 1
5493 1
5494 0
5495 0
5496 2
5497 0
5498 0
5499 0
5500 0
5501 1
5502 0
5503 2
5504 0
5505 0
5506 0
5507 1
5508 2
5509 1
5510 0
5511 1
5512 0
5513 0
5514 1
5515 0
5516 0
5517 0
5518 1
5519 0
5520 1
5521 0
5522 1
5523 0
5524 0
5525 0
5526 0
5527 1
5528 0
5529 0
5530 0
5531 1
5532 1
5533 0
5534 0
5535 2
5536 1
5537 0
5538 2
5539 0
5540 0
5541 1
5542 1
5543 0
5544 2
5545 1
5546 0
5547 0
5548 1
5549 0
5550 0
5551 1
5552 0
5553 0
5554 1
5555 0
5556 0
5557 1
5558 0
5559 1
5560 0
5561 0
5562 0
5563 1
5564 0
5565 1
5566 0
5567 0
5568 0
5569 2
5570 0
5571 0
5572 1
5573 0
5574 0
5575 0
5576 0
5577 0
5578 0
5579 0
5580 1
5581 1
5582 0
5583 0
5584 0
5585 0
5586 0
5587 1
5588 1
5589 1
5590 0
5591 1
5592 1
5593 0
5594 0
5595 1
5596 0
5597 1
5598 1
5599 0
5600 0
5601 1
5602 0
5603 1
5604 0
5605 0
5606 2
5607 0
5608 0
5609 0
5610 1
5611 0
5612 2
5613 0
5614 1
5615 0
5616 0
5617 1
5618 0
5619 0
5620 0
5621 0
5622 0
5623 1
5624 0
5625 0
5626 0
5627 0
5628 1
5629 1
5630 0
5631 0
5632 2
5633 0
5634 1
5635 1
5636 1
5637 0
5638 0
5639 0
5640 0
5641 2
5642 0
5643 1
5644 0
5645 1
5646 1
5647 0
5648 2
5649 0
5650 0
5651 0
5652 2
5653 0
5654 0
5655 1
5656 0
5657 1
5658 0
5659 2
5660 1
5661 1
5662 1
5663 0
5664 0
5665 0
5666 0
5667 1
5668 1
5669 1
5670 1
5671 0
5672 1
5673 1
5674 0
5675 1
5676 0
5677 0
5678 1
5679 0
5680 0
5681 0
5682 1
5683 0
5684 0
5685 1
5686 0
5687 0
5688 0
5689 1
5690 0
5691 0
5692 1
5693 0
5694 0
5695 0
5696 1
5697 0
5698 0
5699 0
5700 1
5701 1
5702 1
5703 0
5704 2
5705 1
5706 0
5707 1
5708 1
5709 0
5710 0
5711 3
5712 1
5713 0
5714 1
5715 1
5716 0
5717 2
5718 0
5719 0
5720 0
5721 0
5722 1
5723 0
5724 1
5725 0
5726 0
5727 0
5728 0
5729 1
5730 0
5731 0
5732 1
5733 0
5734 1
5735 0
5736 1
5737 0
5738 2
5739 0
5740 0
5741 1
5742 0
5743 0
5744 0
5745 1
5746 1
5747 0
5748 0
5749 1
5750 1
5751 0
5752 1
5753 1
5754 1
5755 1
5756 0
5757 0
5758 0
5759 0
5760 1
5761 0
5762 1
5763 0
5764 0
5765 0
5766 0
5767 0
5768 2
5769 1
5770 0
5771 0
5772 0
5773 0
5774 1
5775 1
5776 0
5777 0
5778 1
5779 1
5780 0
5781 1
5782 1
5783 0
5784 0
5785 0
5786 1
5787 0
5788 0
5789 2
5790 1
5791 0
5792 2
5793 2
5794 0
5795 0
5796 1
5797 2
5798 0
5799 0
5800 0
5801 2
5802 1
5803 0
5804 1
5805 2
5806 0
5807 1
5808 0
5809 0
5810 0
5811 0
5812 0
5813 1
5814 2
5815 2
5816 0
5817 0
5818 2
5819 0
5820 1
5821 0
5822 2
5823 3
5824 2
5825 0
5826 2
5827 1
5828 1
5829 0
5830 2
5831 1
5832 1
5833 1
5834 0
5835 2
5836 1
5837 1
5838 1
5839 1
5840 0
5841 0
5842 0
5843 0
5844 0
5845 0
5846 0
5847 0
5848 1
5849 0
5850 0
5851 0
5852 0
5853 1
5854 0
5855 0
5856 0
5857 0
5858 2
5859 0
5860 0
5861 0
5862 1
5863 1
5864 1
5865 0
5866 0
5867 0
5868 0
5869 1
5870 0
5871 2
5872 0
5873 0
5874 1
5875 0
5876 1
5877 0
5878 0
5879 1
5880 2
5881 2
5882 1
5883 0
5884 0
5885 1
5886 0
5887 0
5888 1
5889 0
5890 0
5891 1
5892 1
5893 1
5894 0
5895 0
5896 0
5897 0
5898 0
5899 2
5900 0
5901 0
5902 0
5903 0
5904 0
5905 1
5906 1
5907 1
5908 1
5909 0
5910 0
5911 0
5912 0
5913 0
5914 1
5915 2
5916 1
5917 0
5918 0
5919 0
5920 0
5921 0
5922 1
5923 0
5924 1
5925 1
5926 1
5927 0
5928 0
5929 1
5930 2
5931 0
5932 1
5933 2
5934 2
5935 0
5936 1
5937 0
5938 0
5939 1
5940 0
5941 1
5942 0
5943 0
5944 1
5945 0
5946 1
5947 0
5948 1
5949 1
5950 0
5951 0
5952 1
5953 2
5954 1
5955 1
5956 0
5957 1
5958 1
5959 0
5960 1
5961 0
5962 0
5963 0
5964 1
5965 1
5966 0
5967 0
5968 0
5969 2
5970 1
5971 1
5972 0
5973 0
5974 1
5975 0
5976 0
5977 0
5978 1
5979 1
5980 1
5981 1
5982 1
5983 0
5984 1
5985 0
5986 1
5987 0
5988 0
5989 0
5990 1
5991 0
5992 0
5993 3
5994 2
5995 2
5996 0
5997 0
5998 1
5999 0
6000 0
6001 0
6002 1
6003 0
6004 1
6005 1
6006 2
6007 1
6008 0
6009 0
6010 0
6011 0
6012 1
6013 1
6014 1
6015 1
6016 1
6017 0
6018 0
6019 0
6020 0
6021 0
6022 0
6023 0
6024 1
6025 1
6026 0
6027 1
6028 0
6029 1
6030 0
6031 0
6032 0
6033 1
6034 0
6035 1
6036 1
6037 0
6038 1
6039 0
6040 0
6041 0
6042 0
6043 1
6044 1
6045 0
6046 1
6047 0
6048 0
6049 0
6050 1
6051 0
6052 0
6053 0
6054 1
6055 1
6056 0
6057 0
6058 1
6059 0
6060 0
6061 1
6062 0
6063 0
6064 0
6065 1
6066 1
6067 1
6068 0
6069 0
6070 0
6071 1
6072 1
6073 1
6074 1
6075 0
6076 1
6077 0
6078 1
6079 0
6080 0
6081 0
6082 0
6083 0
6084 0
6085 0
6086 0
6087 1
6088 2
6089 0
6090 0
6091 0
6092 1
6093 0
6094 1
6095 1
6096 0
6097 0
6098 1
6099 0
6100 1
6101 0
6102 1
6103 2
6104 0
6105 1
6106 0
6107 0
6108 2
6109 1
6110 2
6111 2
6112 1
6113 0
6114 2
6115 0
6116 1
6117 0
6118 0
6119 0
6120 1
6121 0
6122 1
6123 0
6124 1
6125 0
6126 0
6127 0
6128 1
6129 0
6130 1
6131 1
6132 1
6133 2
6134 0
6135 0
6136 1
6137 0
6138 2
6139 0
6140 1
6141 0
6142 1
6143 2
6144 1
6145 0
6146 1
6147 2
6148 0
6149 0
6150 0
6151 1
6152 2
6153 0
6154 0
6155 0
6156 1
6157 2
6158 1
6159 0
6160 0
6161 0
6162 0
6163 0
6164 1
6165 0
6166 0
6167 0
6168 0
6169 1
6170 1
6171 1
6172 0
6173 0
6174 2
6175 0
6176 0
6177 0
6178 1
6179 1
6180 0
6181 1
6182 0
6183 2
6184 0
6185 0
6186 0
6187 1
6188 0
6189 2
6190 0
6191 0
6192 0
6193 0
6194 1
6195 1
6196 1
6197 1
6198 0
6199 1
6200 2
6201 1
6202 2
6203 0
6204 0
6205 1
6206 1
6207 0
6208 0
6209 0
6210 2
6211 1
6212 2
6213 0
6214 0
6215 0
6216 0
6217 1
6218 0
6219 1
6220 0
6221 1
6222 1
6223 0
6224 2
6225 0
6226 1
6227 0
6228 1
6229 1
6230 0
6231 1
6232 1
6233 1
6234 0
6235 0
6236 0
6237 0
6238 0
6239 2
6240 1
6241 1
6242 0
6243 0
6244 0
6245 1
6246 0
6247 0
6248 0
6249 1
6250 0
6251 0
6252 1
6253 0
6254 2
6255 0
6256 0
6257 1
6258 0
6259 1
6260 0
6261 2
6262 1
6263 2
6264 1
6265 2
6266 0
6267 0
6268 2
6269 1
6270 0
6271 0
6272 1
6273 0
6274 2
6275 1
6276 0
6277 0
6278 0
6279 0
6280 0
6281 0
6282 0
6283 1
6284 2
6285 0
6286 2
6287 0
6288 0
6289 0
6290 1
6291 0
6292 0
6293 0
6294 1
6295 1
6296 1
6297 0
6298 0
6299 1
6300 0
6301 0
6302 0
6303 1
6304 0
6305 2
6306 0
6307 2
6308 0
6309 0
6310 0
6311 0
6312 0
6313 0
6314 1
6315 0
6316 0
6317 0
6318 1
6319 0
6320 1
6321 0
6322 1
6323 0
6324 0
6325 2
6326 2
6327 0
6328 2
6329 0
6330 1
6331 0
6332 0
6333 0
6334 1
6335 0
6336 1
6337 0
6338 0
6339 1
6340 0
6341 1
6342 0
6343 1
6344 2
6345 1
6346 0
6347 1
6348 2
6349 0
6350 0
6351 0
6352 0
6353 0
6354 2
6355 2
6356 0
6357 1
6358 0
6359 0
6360 0
6361 0
6362 0
6363 0
6364 0
6365 1
6366 0
6367 1
6368 0
6369 1
6370 1
6371 0
6372 0
6373 1
6374 1
6375 0
6376 1
6377 0
6378 0
6379 1
6380 0
6381 0
6382 1
6383 1
6384 0
6385 0
6386 0
6387 0
6388 2
6389 0
6390 0
6391 1
6392 0
6393 0
6394 0
6395 0
6396 0
6397 0
6398 1
6399 0
6400 0
6401 0
6402 0
6403 0
6404 1
6405 0
6406 1
6407 1
6408 1
6409 1
6410 0
6411 0
6412 1
6413 1
6414 1
6415 0
6416 0
6417 0
6418 1
6419 0
6420 0
6421 0
6422 2
6423 0
6424 0
6425 1
6426 0
6427 0
6428 0
6429 2
6430 1
6431 0
6432 1
6433 0
6434 1
6435 0
6436 0
6437 0
6438 2
6439 0
6440 0
6441 0
6442 1
6443 0
6444 0
6445 0
6446 2
6447 0
6448 1
6449 2
6450 2
6451 1
6452 1
6453 1
6454 1
6455 0
6456 0
6457 1
6458 0
6459 0
6460 1
6461 0
6462 0
6463 1
6464 1
6465 2
6466 2
6467 1
6468 1
6469 0
6470 1
6471 0
6472 1
6473 0
6474 2
6475 2
6476 0
6477 0
6478 1
6479 0
6480 1
6481 0
6482 0
6483 1
6484 0
6485 0
6486 0
6487 0
6488 1
6489 0
6490 0
6491 0
6492 2
6493 1
6494 0
6495 1
6496 0
6497 0
6498 0
6499 2
6500 1
6501 1
6502 0
6503 0
6504 2
6505 2
6506 0
6507 0
6508 2
6509 1
6510 1
6511 0
6512 0
6513 0
6514 1
6515 0
6516 0
6517 1
6518 0
6519 0
6520 0
6521 0
6522 1
6523 1
6524 1
6525 2
6526 0
6527 0
6528 0
6529 0
6530 0
6531 1
6532 2
6533 0
6534 0
6535 0
6536 2
6537 1
6538 1
6539 1
6540 0
6541 0
6542 0
6543 2
6544 0
6545 0
6546 0
6547 0
6548 0
6549 1
6550 2
6551 1
6552 2
6553 1
6554 0
6555 1
6556 1
6557 0
6558 1
6559 1
6560 2
6561 0
6562 0
6563 0
6564 0
6565 2
6566 1
6567 3
6568 0
6569 1
6570 0
6571 1
6572 0
6573 1
6574 0
6575 2
6576 1
6577 0
6578 0
6579 2
6580 0
6581 2
6582 0
6583 0
6584 1
6585 0
6586 0
6587 1
6588 1
6589 0
6590 1
6591 0
6592 1
6593 1
6594 0
6595 0
6596 1
6597 1
6598 1
6599 1
6600 1
6601 0
6602 0
6603 0
6604 1
6605 2
6606 1
6607 2
6608 0
6609 0
6610 1
6611 0
6612 2
6613 1
6614 0
6615 0
6616 0
6617 0
6618 0
6619 0
6620 1
6621 0
6622 2
6623 0
6624 0
6625 0
6626 1
6627 0
6628 0
6629 1
6630 0
6631 2
6632 0
6633 1
6634 0
6635 2
6636 0
6637 0
6638 0
6639 2
6640 1
6641 0
6642 0
6643 2
6644 0
6645 0
6646 0
6647 0
6648 0
6649 3
6650 2
6651 1
6652 0
6653 0
6654 0
6655 1
6656 2
6657 2
6658 1
6659 0
6660 1
6661 1
6662 0
6663 2
6664 2
6665 2
6666 3
6667 1
6668 0
6669 2
6670 0
6671 0
6672 0
6673 0
6674 0
6675 1
6676 2
6677 0
6678 1
6679 0
6680 0
6681 0
6682 0
6683 1
6684 0
6685 1
6686 1
6687 2
6688 2
6689 0
6690 0
6691 0
6692 0
6693 1
6694 2
6695 2
6696 1
6697 1
6698 0
6699 2
6700 0
6701 0
6702 1
6703 0
6704 0
6705 0
6706 1
6707 1
6708 0
6709 0
6710 0
6711 1
6712 1
6713 1
6714 1
6715 1
6716 0
6717 2
6718 0
6719 0
6720 0
6721 1
6722 0
6723 0
6724 1
6725 1
6726 0
6727 2
6728 2
6729 1
6730 0
6731 0
6732 0
6733 1
6734 1
6735 0
6736 1
6737 0
6738 1
6739 2
6740 0
6741 1
6742 2
6743 2
6744 0
6745 1
6746 0
6747 1
6748 1
6749 0
6750 1
6751 2
6752 0
6753 2
6754 0
6755 1
6756 2
6757 0
6758 0
6759 1
6760 1
6761 1
6762 2
6763 1
6764 1
6765 0
6766 1
6767 0
6768 1
6769 0
6770 0
6771 1
6772 0
6773 0
6774 1
6775 0
6776 1
6777 2
6778 0
6779 1
6780 0
6781 0
6782 1
6783 0
6784 0
6785 0
6786 0
6787 1
6788 0
6789 2
6790 0
6791 1
6792 1
6793 1
6794 1
6795 0
6796 0
6797 2
6798 0
6799 0
6800 1
6801 1
6802 1
6803 1
6804 2
6805 1
6806 1
6807 0
6808 0
6809 1
6810 2
6811 0
6812 0
6813 0
6814 1
6815 0
6816 1
6817 0
6818 1
6819 1
6820 1
6821 1
6822 1
6823 2
6824 1
6825 1
6826 1
6827 0
6828 0
6829 1
6830 1
6831 1
6832 0
6833 0
6834 0
6835 1
6836 1
6837 1
6838 2
6839 0
6840 0
6841 0
6842 1
6843 2
6844 0
6845 1
6846 3
6847 2
6848 0
6849 0
6850 0
6851 0
6852 1
6853 0
6854 1
6855 0
6856 1
6857 1
6858 1
6859 1
6860 1
6861 0
6862 0
6863 0
6864 0
6865 1
6866 0
6867 1
6868 1
6869 0
6870 0
6871 0
6872 0
6873 0
6874 2
6875 0
6876 2
6877 2
6878 0
6879 1
6880 1
6881 0
6882 1
6883 0
6884 0
6885 0
6886 0
6887 2
6888 0
6889 0
6890 0
6891 2
6892 0
6893 0
6894 1
6895 1
6896 0
6897 0
6898 1
6899 0
6900 1
6901 2
6902 1
6903 0
6904 0
6905 2
6906 0
6907 0
6908 0
6909 0
6910 0
6911 2
6912 0
6913 2
6914 1
6915 1
6916 0
6917 0
6918 2
6919 2
6920 0
6921 0
6922 1
6923 0
6924 0
6925 0
6926 1
6927 1
6928 1
6929 2
6930 1
6931 2
6932 0
6933 1
6934 1
6935 0
6936 0
6937 1
6938 0
6939 0
6940 2
6941 1
6942 2
6943 0
6944 2
6945 0
6946 1
6947 0
6948 0
6949 0
6950 1
6951 1
6952 0
6953 0
6954 1
6955 0
6956 0
6957 2
6958 0
6959 0
6960 1
6961 0
6962 0
6963 0
6964 0
6965 1
6966 0
6967 0
6968 0
6969 0
6970 0
6971 2
6972 1
6973 1
6974 0
6975 1
6976 1
6977 1
6978 0
6979 0
6980 0
6981 1
6982 0
6983 0
6984 1
6985 0
6986 0
6987 1
6988 2
6989 1
6990 0
6991 0
6992 2
6993 1
6994 1
6995 0
6996 0
6997 0
6998 1
6999 1
7000 0
7001 2
7002 0
7003 1
7004 1
7005 1
7006 0
7007 1
7008 1
7009 1
7010 0
7011 0
7012 2
7013 0
7014 0
7015 0
7016 1
7017 0
7018 0
7019 2
7020 2
7021 0
7022 0
7023 0
7024 0
7025 0
7026 0
7027 0
7028 0
7029 1
7030 2
7031 0
7032 0
7033 0
7034 0
7035 0
7036 0
7037 0
7038 0
7039 0
7040 0
7041 0
7042 2
7043 1
7044 0
7045 0
7046 0
7047 0
7048 1
7049 1
7050 0
7051 1
7052 0
7053 1
7054 1
7055 0
7056 0
7057 0
7058 0
7059 0
7060 0
7061 1
7062 1
7063 0
7064 1
7065 1
7066 0
7067 2
7068 0
7069 0
7070 0
7071 0
7072 1
7073 0
7074 2
7075 1
7076 0
7077 1
7078 1
7079 0
7080 0
7081 2
7082 0
7083 2
7084 2
7085 1
7086 0
7087 1
7088 1
7089 0
7090 2
7091 0
7092 0
7093 0
7094 0
7095 1
7096 1
7097 2
7098 0
7099 0
7100 0
7101 1
7102 2
7103 0
7104 0
7105 0
7106 0
7107 1
7108 1
7109 1
7110 1
7111 1
7112 1
7113 1
7114 0
7115 2
7116 0
7117 0
7118 1
7119 1
7120 3
7121 0
7122 1
7123 0
7124 0
7125 2
7126 0
7127 0
7128 1
7129 0
7130 0
7131 1
7132 2
7133 1
7134 2
7135 0
7136 2
7137 0
7138 0
7139 0
7140 1
7141 1
7142 1
7143 0
7144 1
7145 0
7146 0
7147 1
7148 2
7149 0
7150 0
7151 0
7152 0
7153 0
7154 0
7155 0
7156 0
7157 0
7158 2
7159 2
7160 0
7161 2
7162 1
7163 2
7164 0
7165 1
7166 1
7167 0
7168 0
7169 0
7170 0
7171 1
7172 1
7173 1
7174 0
7175 0
7176 1
7177 0
7178 0
7179 2
7180 0
7181 1
7182 0
7183 1
7184 0
7185 1
7186 0
7187 1
7188 2
7189 0
7190 0
7191 0
7192 0
7193 0
7194 2
7195 0
7196 0
7197 0
7198 0
7199 1
7200 2
7201 3
7202 1
7203 1
7204 2
7205 2
7206 1
7207 2
7208 0
7209 0
7210 0
7211 0
7212 0
7213 1
7214 1
7215 0
7216 1
7217 2
7218 1
7219 1
7220 0
7221 1
7222 0
7223 1
7224 0
7225 1
7226 1
7227 2
7228 1
7229 0
7230 0
7231 1
7232 1
7233 0
7234 1
7235 0
7236 1
7237 1
7238 1
7239 1
7240 0
7241 1
7242 0
7243 0
7244 0
7245 0
7246 1
7247 1
7248 0
7249 1
7250 1
7251 1
7252 0
7253 1
7254 1
7255 0
7256 0
7257 1
7258 1
7259 0
7260 0
7261 1
7262 1
7263 2
7264 1
7265 2
7266 1
7267 1
7268 3
7269 1
7270 1
7271 2
7272 1
7273 2
7274 1
7275 2
7276 3
7277 0
7278 0
7279 1
7280 0
7281 1
7282 0
7283 0
7284 0
7285 1
7286 2
7287 1
7288 0
7289 1
7290 1
7291 1
7292 0
7293 1
7294 0
7295 0
7296 0
7297 0
7298 1
7299 2
7300 1
7301 0
7302 0
7303 1
7304 1
7305 0
7306 2
7307 1
7308 0
7309 2
7310 1
7311 1
7312 1
7313 0
7314 1
7315 1
7316 2
7317 0
7318 1
7319 2
7320 0
7321 2
7322 1
7323 0
7324 0
7325 0
7326 1
7327 2
7328 1
7329 0
7330 0
7331 1
7332 1
7333 1
7334 1
7335 0
7336 1
7337 1
7338 1
7339 1
7340 0
7341 1
7342 0
7343 0
7344 1
7345 0
7346 0
7347 2
7348 2
7349 1
7350 2
7351 0
7352 0
7353 0
7354 1
7355 0
7356 1
7357 0
7358 1
7359 0
7360 0
7361 2
7362 1
7363 1
7364 1
7365 0
7366 1
7367 1
7368 1
7369 1
7370 1
7371 0
7372 1
7373 1
7374 0
7375 2
7376 0
7377 1
7378 0
7379 0
7380 1
7381 1
7382 0
7383 1
7384 1
7385 2
7386 0
7387 0
7388 3
7389 2
7390 2
7391 1
7392 1
7393 0
7394 1
7395 0
7396 1
7397 0
7398 0
7399 1
7400 0
7401 0
7402 2
7403 0
7404 2
7405 0
7406 2
7407 0
7408 1
7409 0
7410 0
7411 0
7412 0
7413 1
7414 1
7415 2
7416 1
7417 0
7418 1
7419 1
7420 1
7421 0
7422 1
7423 0
7424 1
7425 0
7426 1
7427 2
7428 1
7429 2
7430 0
7431 1
7432 1
7433 0
7434 2
7435 0
7436 0
7437 1
7438 0
7439 0
7440 0
7441 0
7442 0
7443 0
7444 0
7445 0
7446 1
7447 0
7448 0
7449 1
7450 0
7451 0
7452 0
7453 1
7454 0
7455 1
7456 0
7457 2
7458 2
7459 0
7460 0
7461 0
7462 0
7463 0
7464 0
7465 1
7466 1
7467 1
7468 0
7469 1
7470 0
7471 2
7472 0
7473 0
7474 1
7475 0
7476 1
7477 1
7478 0
7479 0
7480 1
7481 1
7482 1
7483 1
7484 0
7485 1
7486 0
7487 0
7488 1
7489 0
7490 1
7491 1
7492 2
7493 0
7494 0
7495 0
7496 0
7497 0
7498 2
7499 0
7500 0
7501 0
7502 1
7503 1
7504 1
7505 0
7506 0
7507 1
7508 0
7509 0
7510 1
7511 1
7512 2
7513 1
7514 0
7515 1
7516 0
7517 1
7518 2
7519 0
7520 1
7521 0
7522 2
7523 1
7524 1
7525 1
7526 1
7527 1
7528 1
7529 0
7530 0
7531 0
7532 0
7533 0
7534 2
7535 0
7536 1
7537 2
7538 0
7539 1
7540 1
7541 0
7542 0
7543 0
7544 2
7545 2
7546 0
7547 3
7548 0
7549 1
7550 0
7551 0
7552 2
7553 0
7554 2
7555 0
7556 1
7557 0
7558 2
7559 0
7560 1
7561 2
7562 1
7563 0
7564 0
7565 1
7566 0
7567 0
7568 1
7569 1
7570 0
7571 2
7572 1
7573 0
7574 1
7575 1
7576 2
7577 1
7578 0
7579 1
7580 1
7581 0
7582 0
7583 0
7584 2
7585 1
7586 1
7587 0
7588 2
7589 0
7590 0
7591 1
7592 0
7593 2
7594 0
7595 0
7596 2
7597 2
7598 1
7599 1
7600 0
7601 0
7602 1
7603 0
7604 0
7605 2
7606 0
7607 0
7608 1
7609 1
7610 2
7611 1
7612 1
7613 2
7614 0
7615 1
7616 0
7617 1
7618 0
7619 0
7620 1
7621 1
7622 1
7623 0
7624 1
7625 0
7626 0
7627 2
7628 0
7629 0
7630 1
7631 0
7632 2
7633 0
7634 0
7635 1
7636 1
7637 1
7638 1
7639 2
7640 0
7641 0
7642 1
7643 0
7644 1
7645 0
7646 1
7647 0
7648 0
7649 0
7650 0
7651 1
7652 0
7653 0
7654 0
7655 0
7656 2
7657 0
7658 0
7659 2
7660 0
7661 2
7662 1
7663 0
7664 0
7665 0
7666 1
7667 1
7668 0
7669 0
7670 2
7671 0
7672 0
7673 1
7674 0
7675 0
7676 2
7677 1
7678 1
7679 2
7680 1
7681 0
7682 2
7683 1
7684 2
7685 0
7686 1
7687 1
7688 0
7689 0
7690 1
7691 0
7692 0
7693 1
7694 1
7695 2
7696 0
7697 1
7698 0
7699 1
7700 2
7701 0
7702 1
7703 3
7704 2
7705 1
7706 0
7707 0
7708 1
7709 2
7710 0
7711 0
7712 2
7713 1
7714 1
7715 1
7716 1
7717 0
7718 2
7719 0
7720 2
7721 2
7722 2
7723 0
7724 0
7725 1
7726 0
7727 1
7728 0
7729 2
7730 2
7731 0
7732 1
7733 0
7734 2
7735 1
7736 0
7737 1
7738 0
7739 1
7740 0
7741 0
7742 2
7743 1
7744 1
7745 0
7746 3
7747 0
7748 1
7749 1
7750 0
7751 1
7752 1
7753 0
7754 0
7755 0
7756 0
7757 0
7758 3
7759 1
7760 1
7761 0
7762 2
7763 0
7764 1
7765 1
7766 0
7767 1
7768 1
7769 1
7770 1
7771 1
7772 0
7773 2
7774 0
7775 3
7776 0
7777 1
7778 0
7779 0
7780 1
7781 1
7782 2
7783 0
7784 0
7785 1
7786 1
7787 0
7788 1
7789 2
7790 0
7791 0
7792 1
7793 0
7794 0
7795 1
7796 0
7797 3
7798 1
7799 0
7800 0
7801 1
7802 1
7803 0
7804 0
7805 0
7806 1
7807 1
7808 2
7809 2
7810 0
7811 2
7812 0
7813 0
7814 0
7815 0
7816 1
7817 0
7818 0
7819 0
7820 0
7821 1
7822 0
7823 1
7824 1
7825 2
7826 0
7827 0
7828 1
7829 1
7830 1
7831 0
7832 0
7833 0
7834 0
7835 2
7836 0
7837 0
7838 0
7839 1
7840 0
7841 2
7842 1
7843 0
7844 2
7845 0
7846 2
7847 2
7848 0
7849 0
7850 2
7851 1
7852 2
7853 1
7854 1
7855 2
7856 1
7857 1
7858 0
7859 0
7860 0
7861 2
7862 1
7863 0
7864 0
7865 1
7866 2
7867 0
7868 1
7869 0
7870 0
7871 1
7872 2
7873 2
7874 0
7875 1
7876 2
7877 1
7878 1
7879 1
7880 0
7881 0
7882 2
7883 1
7884 0
7885 0
7886 0
7887 1
7888 0
7889 0
7890 1
7891 1
7892 1
7893 1
7894 2
7895 0
7896 1
7897 1
7898 1
7899 1
7900 2
7901 1
7902 0
7903 2
7904 1
7905 1
7906 0
7907 0
7908 1
7909 1
7910 0
7911 1
7912 0
7913 0
7914 0
7915 2
7916 0
7917 1
7918 2
7919 1
7920 1
7921 0
7922 2
7923 1
7924 1
7925 1
7926 0
7927 0
7928 2
7929 1
7930 1
7931 0
7932 2
7933 1
7934 0
7935 0
7936 2
7937 1
7938 0
7939 1
7940 2
7941 0
7942 0
7943 1
7944 1
7945 0
7946 2
7947 0
7948 0
7949 0
7950 2
7951 1
7952 0
7953 2
7954 1
7955 0
7956 0
7957 0
7958 1
7959 0
7960 0
7961 1
7962 0
7963 3
7964 1
7965 0
7966 2
7967 1
7968 0
7969 0
7970 1
7971 2
7972 1
7973 1
7974 1
7975 1
7976 3
7977 2
7978 2
7979 0
7980 0
7981 0
7982 0
7983 0
7984 2
7985 1
7986 0
7987 1
7988 1
7989 2
7990 0
7991 0
7992 0
7993 1
7994 0
7995 1
7996 3
7997 0
7998 1
7999 0
8000 1
8001 1
8002 1
8003 0
8004 0
8005 2
8006 0
8007 0
8008 0
8009 1
8010 1
8011 2
8012 1
8013 0
8014 0
8015 2
8016 2
8017 3
8018 1
8019 0
8020 1
8021 1
8022 1
8023 0
8024 0
8025 0
8026 1
8027 0
8028 1
8029 1
8030 0
8031 2
8032 1
8033 0
8034 0
8035 2
8036 0
8037 2
8038 0
8039 2
8040 1
8041 0
8042 3
8043 0
8044 0
8045 2
8046 2
8047 1
8048 1
8049 0
8050 0
8051 2
8052 2
8053 0
8054 0
8055 2
8056 0
8057 0
8058 2
8059 1
8060 0
8061 2
8062 1
8063 0
8064 0
8065 1
8066 0
8067 0
8068 0
8069 1
8070 2
8071 0
8072 0
8073 2
8074 0
8075 1
8076 1
8077 1
8078 1
8079 0
8080 0
8081 0
8082 1
8083 1
8084 1
8085 1
8086 1
8087 0
8088 0
8089 1
8090 0
8091 0
8092 0
8093 0
8094 0
8095 1
8096 0
8097 0
8098 1
8099 3
8100 0
8101 0
8102 0
8103 0
8104 2
8105 0
8106 2
8107 0
8108 0
8109 2
8110 0
8111 1
8112 2
8113 1
8114 0
8115 0
8116 1
8117 0
8118 1
8119 2
8120 0
8121 0
8122 1
8123 0
8124 2
8125 1
8126 0
8127 1
8128 2
8129 0
8130 2
8131 2
8132 0
8133 3
8134 0
8135 0
8136 0
8137 1
8138 0
8139 0
8140 2
8141 1
8142 0
8143 0
8144 2
8145 0
8146 2
8147 2
8148 0
8149 0
8150 0
8151 2
8152 0
8153 0
8154 0
8155 3
8156 2
8157 0
8158 0
8159 0
8160 0
8161 1
8162 3
8163 2
8164 1
8165 2
8166 1
8167 2
8168 2
8169 1
8170 2
8171 0
8172 1
8173 3
8174 1
8175 0
8176 1
8177 0
8178 1
8179 3
8180 1
8181 0
8182 0
8183 1
8184 1
8185 2
8186 1
8187 0
8188 1
8189 0
8190 0
8191 0
8192 0
8193 2
8194 2
8195 1
8196 2
8197 1
8198 0
8199 0
8200 2
8201 3
8202 1
8203 0
8204 0
8205 1
8206 1
8207 0
8208 1
8209 0
8210 0
8211 0
8212 2
8213 0
8214 1
8215 0
8216 1
8217 1
8218 1
8219 0
8220 0
8221 1
8222 1
8223 1
8224 1
8225 1
8226 0
8227 0
8228 0
8229 2
8230 1
8231 2
8232 0
8233 0
8234 2
8235 1
8236 1
8237 0
8238 1
8239 0
8240 0
8241 2
8242 1
8243 0
8244 0
8245 2
8246 0
8247 0
8248 0
8249 0
8250 0
8251 1
8252 2
8253 1
8254 1
8255 0
8256 1
8257 0
8258 1
8259 2
8260 1
8261 0
8262 2
8263 1
8264 1
8265 2
8266 0
8267 2
8268 0
8269 0
8270 0
8271 0
8272 2
8273 0
8274 0
8275 0
8276 2
8277 1
8278 2
8279 0
8280 1
8281 2
8282 0
8283 1
8284 2
8285 1
8286 2
8287 1
8288 1
8289 1
8290 1
8291 1
8292 0
8293 0
8294 1
8295 1
8296 2
8297 1
8298 2
8299 0
8300 1
8301 1
8302 2
8303 0
8304 0
8305 1
8306 0
8307 2
8308 0
8309 2
8310 0
8311 2
8312 0
8313 1
8314 2
8315 0
8316 1
8317 0
8318 0
8319 0
8320 0
8321 1
8322 0
8323 2
8324 0
8325 2
8326 1
8327 0
8328 0
8329 1
8330 1
8331 1
8332 0
8333 1
8334 0
8335 0
8336 0
8337 1
8338 0
8339 1
8340 1
8341 0
8342 2
8343 1
8344 2
8345 0
8346 0
8347 0
8348 0
8349 1
8350 2
8351 0
8352 1
8353 0
8354 1
8355 1
8356 0
8357 0
8358 3
8359 0
8360 1
8361 2
8362 0
8363 0
8364 0
8365 0
8366 1
8367 0
8368 0
8369 0
8370 0
8371 0
8372 2
8373 1
8374 0
8375 3
8376 0
8377 1
8378 3
8379 0
8380 0
8381 0
8382 1
8383 0
8384 1
8385 1
8386 0
8387 0
8388 0
8389 1
8390 0
8391 1
8392 0
8393 2
8394 0
8395 2
8396 0
8397 0
8398 1
8399 1
8400 1
8401 1
8402 1
8403 0
8404 0
8405 2
8406 2
8407 0
8408 0
8409 1
8410 0
8411 0
8412 0
8413 0
8414 0
8415 1
8416 1
8417 0
8418 0
8419 1
8420 1
8421 0
8422 2
8423 2
8424 1
8425 1
8426 0
8427 0
8428 1
8429 0
8430 1
8431 1
8432 0
8433 0
8434 1
8435 0
8436 2
8437 0
8438 1
8439 0
8440 0
8441 0
8442 1
8443 2
8444 0
8445 0
8446 0
8447 2
8448 1
8449 2
8450 0
8451 0
8452 0
8453 0
8454 1
8455 0
8456 1
8457 0
8458 1
8459 2
8460 0
8461 2
8462 2
8463 2
8464 1
8465 1
8466 0
8467 0
8468 1
8469 2
8470 0
8471 0
8472 1
8473 3
8474 0
8475 0
8476 3
8477 1
8478 3
8479 1
8480 3
8481 1
8482 2
8483 2
8484 0
8485 1
8486 1
8487 1
8488 1
8489 2
8490 0
8491 0
8492 1
8493 0
8494 0
8495 1
8496 2
8497 0
8498 0
8499 1
8500 1
8501 1
8502 2
8503 0
8504 0
8505 1
8506 0
8507 0
8508 3
8509 0
8510 1
8511 0
8512 1
8513 2
8514 0
8515 1
8516 0
8517 1
8518 2
8519 1
8520 1
8521 0
8522 1
8523 0
8524 1
8525 1
8526 1
8527 1
8528 2
8529 2
8530 3
8531 0
8532 1
8533 0
8534 0
8535 0
8536 1
8537 0
8538 3
8539 0
8540 1
8541 1
8542 0
8543 1
8544 2
8545 0
8546 2
8547 1
8548 2
8549 2
8550 0
8551 0
8552 0
8553 1
8554 1
8555 1
8556 1
8557 0
8558 0
8559 2
8560 0
8561 0
8562 1
8563 0
8564 0
8565 2
8566 0
8567 1
8568 1
8569 0
8570 1
8571 0
8572 0
8573 0
8574 0
8575 0
8576 0
8577 0
8578 0
8579 2
8580 1
8581 1
8582 1
8583 0
8584 0
8585 1
8586 0
8587 1
8588 0
8589 2
8590 2
8591 0
8592 0
8593 1
8594 0
8595 0
8596 2
8597 2
8598 1
8599 2
8600 1
8601 2
8602 1
8603 2
8604 0
8605 1
8606 0
8607 0
8608 0
8609 0
8610 1
8611 0
8612 2
8613 1
8614 2
8615 1
8616 2
8617 0
8618 0
8619 1
8620 0
8621 0
8622 0
8623 1
8624 1
8625 1
8626 1
8627 1
8628 0
8629 0
8630 1
8631 0
8632 2
8633 2
8634 1
8635 0
8636 1
8637 1
8638 0
8639 1
8640 0
8641 0
8642 0
8643 0
8644 2
8645 1
8646 1
8647 0
8648 1
8649 0
8650 2
8651 1
8652 0
8653 0
8654 2
8655 1
8656 1
8657 0
8658 0
8659 0
8660 0
8661 1
8662 3
8663 2
8664 1
8665 0
8666 1
8667 0
8668 0
8669 1
8670 2
8671 1
8672 1
8673 1
8674 0
8675 2
8676 0
8677 0
8678 1
8679 0
8680 2
8681 0
8682 2
8683 2
8684 0
8685 2
8686 1
8687 3
8688 1
8689 1
8690 1
8691 2
8692 0
8693 0
8694 1
8695 0
8696 1
8697 1
8698 1
8699 2
8700 0
8701 0
8702 2
8703 0
8704 1
8705 2
8706 1
8707 1
8708 0
8709 3
8710 1
8711 2
8712 0
8713 1
8714 0
8715 0
8716 1
8717 2
8718 2
8719 1
8720 1
8721 0
8722 1
8723 0
8724 2
8725 3
8726 1
8727 0
8728 1
8729 0
8730 0
8731 1
8732 0
8733 1
8734 1
8735 1
8736 0
8737 0
8738 2
8739 0
8740 1
8741 2
8742 1
8743 1
8744 1
8745 1
8746 0
8747 0
8748 0
8749 0
8750 0
8751 2
8752 2
8753 1
8754 2
8755 2
8756 0
8757 0
8758 0
8759 2
8760 3
8761 2
8762 2
8763 2
8764 0
8765 1
8766 1
8767 0
8768 0
8769 0
8770 0
8771 2
8772 1
8773 0
8774 2
8775 0
8776 0
8777 1
8778 1
8779 1
8780 1
8781 1
8782 1
8783 1
8784 1
8785 0
8786 0
8787 0
8788 2
8789 0
8790 1
8791 0
8792 2
8793 0
8794 0
8795 0
8796 2
8797 2
8798 0
8799 0
8800 0
8801 1
8802 1
8803 0
8804 1
8805 1
8806 1
8807 0
8808 0
8809 0
8810 1
8811 2
8812 1
8813 1
8814 2
8815 0
8816 1
8817 1
8818 2
8819 1
8820 0
8821 0
8822 1
8823 0
8824 0
8825 0
8826 0
8827 0
8828 2
8829 0
8830 2
8831 0
8832 1
8833 1
8834 1
8835 2
8836 1
8837 1
8838 3
8839 1
8840 2
8841 1
8842 2
8843 2
8844 2
8845 2
8846 0
8847 2
8848 1
8849 0
8850 0
8851 1
8852 2
8853 2
8854 0
8855 1
8856 2
8857 0
8858 0
8859 2
8860 0
8861 0
8862 2
8863 1
8864 1
8865 0
8866 3
8867 1
8868 2
8869 0
8870 0
8871 0
8872 0
8873 0
8874 0
8875 0
8876 1
8877 1
8878 0
8879 1
8880 0
8881 3
8882 0
8883 0
8884 2
8885 0
8886 0
8887 2
8888 2
8889 2
8890 0
8891 2
8892 0
8893 1
8894 2
8895 1
8896 0
8897 2
8898 0
8899 1
8900 1
8901 1
8902 2
8903 0
8904 3
8905 0
8906 0
8907 1
8908 1
8909 1
8910 0
8911 1
8912 1
8913 2
8914 1
8915 0
8916 1
8917 0
8918 0
8919 3
8920 1
8921 1
8922 1
8923 2
8924 0
8925 0
8926 0
8927 0
8928 0
8929 1
8930 2
8931 1
8932 1
8933 0
8934 1
8935 1
8936 0
8937 0
8938 1
8939 2
8940 1
8941 3
8942 1
8943 0
8944 1
8945 1
8946 1
8947 1
8948 0
8949 2
8950 0
8951 2
8952 2
8953 2
8954 1
8955 1
8956 2
8957 2
8958 1
8959 1
8960 1
8961 2
8962 3
8963 0
8964 2
8965 1
8966 0
8967 2
8968 0
8969 2
8970 2
8971 1
8972 1
8973 1
8974 2
8975 1
8976 0
8977 0
8978 1
8979 1
8980 0
8981 0
8982 2
8983 0
8984 1
8985 0
8986 2
8987 2
8988 0
8989 1
8990 1
8991 0
8992 0
8993 0
8994 1
8995 0
8996 1
8997 2
8998 0
8999 0
9000 1
9001 0
9002 1
9003 2
9004 0
9005 1
9006 0
9007 0
9008 0
9009 0
9010 1
9011 1
9012 1
9013 0
9014 1
9015 1
9016 1
9017 0
9018 1
9019 1
9020 0
9021 0
9022 2
9023 0
9024 2
9025 0
9026 0
9027 0
9028 1
9029 2
9030 0
9031 1
9032 0
9033 0
9034 1
9035 0
9036 0
9037 0
9038 1
9039 2
9040 1
9041 1
9042 0
9043 1
9044 0
9045 2
9046 0
9047 1
9048 0
9049 0
9050 0
9051 0
9052 3
9053 0
9054 1
9055 2
9056 0
9057 0
9058 0
9059 2
9060 3
9061 0
9062 0
9063 0
9064 0
9065 2
9066 0
9067 1
9068 1
9069 1
9070 2
9071 0
9072 0
9073 2
9074 2
9075 0
9076 1
9077 1
9078 0
9079 1
9080 2
9081 0
9082 1
9083 2
9084 1
9085 0
9086 1
9087 0
9088 0
9089 3
9090 1
9091 0
9092 1
9093 1
9094 0
9095 1
9096 2
9097 1
9098 0
9099 0
9100 0
9101 0
9102 1
9103 0
9104 0
9105 1
9106 0
9107 1
9108 1
9109 2
9110 2
9111 1
9112 0
9113 2
9114 1
9115 0
9116 0
9117 0
9118 0
9119 2
9120 0
9121 2
9122 1
9123 1
9124 2
9125 1
9126 0
9127 1
9128 0
9129 1
9130 1
9131 0
9132 2
9133 2
9134 2
9135 0
9136 0
9137 0
9138 0
9139 2
9140 1
9141 1
9142 1
9143 0
9144 2
9145 0
9146 0
9147 2
9148 0
9149 0
9150 1
9151 0
9152 0
9153 0
9154 0
9155 3
9156 1
9157 1
9158 2
9159 1
9160 3
9161 2
9162 1
9163 0
9164 0
9165 0
9166 1
9167 1
9168 0
9169 1
9170 1
9171 2
9172 1
9173 2
9174 0
9175 0
9176 3
9177 0
9178 1
9179 2
9180 0
9181 3
9182 0
9183 1
9184 2
9185 0
9186 1
9187 2
9188 1
9189 2
9190 1
9191 1
9192 0
9193 1
9194 0
9195 0
9196 2
9197 1
9198 1
9199 1
9200 0
9201 2
9202 1
9203 2
9204 1
9205 1
9206 1
9207 2
9208 0
9209 2
9210 1
9211 2
9212 1
9213 1
9214 0
9215 0
9216 1
9217 1
9218 1
9219 2
9220 2
9221 1
9222 2
9223 0
9224 0
9225 0
9226 1
9227 2
9228 2
9229 0
9230 0
9231 1
9232 1
9233 1
9234 3
9235 2
9236 2
9237 2
9238 1
9239 2
9240 1
9241 0
9242 3
9243 0
9244 0
9245 1
9246 1
9247 0
9248 1
9249 1
9250 2
9251 2
9252 0
9253 0
9254 1
9255 2
9256 1
9257 1
9258 0
9259 0
9260 0
9261 2
9262 1
9263 1
9264 0
9265 0
9266 1
9267 0
9268 0
9269 1
9270 1
9271 0
9272 1
9273 1
9274 0
9275 1
9276 0
9277 3
9278 0
9279 1
9280 1
9281 0
9282 2
9283 2
9284 3
9285 0
9286 1
9287 2
9288 0
9289 0
9290 0
9291 0
9292 3
9293 0
9294 0
9295 1
9296 1
9297 1
9298 1
9299 0
9300 0
9301 0
9302 0
9303 1
9304 1
9305 0
9306 1
9307 1
9308 1
9309 0
9310 2
9311 3
9312 0
9313 2
9314 1
9315 0
9316 1
9317 2
9318 0
9319 2
9320 1
9321 0
9322 1
9323 0
9324 0
9325 0
9326 2
9327 0
9328 1
9329 2
9330 1
9331 1
9332 2
9333 1
9334 2
9335 0
9336 2
9337 1
9338 2
9339 2
9340 1
9341 2
9342 1
9343 2
9344 0
9345 0
9346 0
9347 1
9348 0
9349 0
9350 0
9351 0
9352 0
9353 1
9354 1
9355 0
9356 1
9357 1
9358 1
9359 1
9360 1
9361 2
9362 3
9363 1
9364 2
9365 1
9366 0
9367 2
9368 0
9369 1
9370 0
9371 0
9372 0
9373 1
9374 1
9375 0
9376 0
9377 2
9378 0
9379 0
9380 2
9381 1
9382 1
9383 1
9384 1
9385 2
9386 0
9387 0
9388 0
9389 0
9390 1
9391 0
9392 0
9393 0
9394 2
9395 3
9396 0
9397 1
9398 3
9399 2
9400 1
9401 1
9402 2
9403 0
9404 0
9405 1
9406 0
9407 1
9408 1
9409 1
9410 3
9411 0
9412 0
9413 2
9414 2
9415 3
9416 1
9417 2
9418 1
9419 0
9420 0
9421 2
9422 0
9423 0
9424 1
9425 3
9426 0
9427 0
9428 2
9429 0
9430 2
9431 1
9432 0
9433 2
9434 0
9435 0
9436 1
9437 0
9438 0
9439 2
9440 3
9441 1
9442 2
9443 1
9444 1
9445 0
9446 1
9447 1
9448 2
9449 2
9450 1
9451 0
9452 0
9453 2
9454 0
9455 1
9456 1
9457 2
9458 2
9459 1
9460 1
9461 1
9462 0
9463 1
9464 1
9465 0
9466 0
9467 1
9468 0
9469 2
9470 3
9471 2
9472 2
9473 0
9474 1
9475 0
9476 1
9477 1
9478 1
9479 0
9480 3
9481 1
9482 1
9483 1
9484 1
9485 0
9486 1
9487 2
9488 2
9489 2
9490 2
9491 0
9492 0
9493 0
9494 1
9495 2
9496 0
9497 1
9498 0
9499 3
9500 0
9501 1
9502 0
9503 2
9504 0
9505 1
9506 1
9507 2
9508 1
9509 1
9510 1
9511 0
9512 0
9513 1
9514 1
9515 1
9516 1
9517 1
9518 1
9519 2
9520 3
9521 1
9522 3
9523 1
9524 1
9525 0
9526 1
9527 0
9528 1
9529 0
9530 0
9531 1
9532 2
9533 0
9534 1
9535 1
9536 0
9537 1
9538 0
9539 1
9540 2
9541 0
9542 1
9543 1
9544 0
9545 0
9546 0
9547 1
9548 2
9549 1
9550 0
9551 0
9552 1
9553 0
9554 0
9555 2
9556 0
9557 2
9558 1
9559 0
9560 0
9561 2
9562 1
9563 2
9564 0
9565 2
9566 0
9567 1
9568 1
9569 1
9570 2
9571 1
9572 0
9573 1
9574 1
9575 0
9576 0
9577 0
9578 0
9579 0
9580 1
9581 2
9582 0
9583 1
9584 0
9585 0
9586 3
9587 3
9588 1
9589 0
9590 0
9591 1
9592 1
9593 2
9594 1
9595 3
9596 2
9597 2
9598 0
9599 2
9600 0
9601 0
9602 2
9603 1
9604 2
9605 2
9606 2
9607 1
9608 0
9609 1
9610 2
9611 2
9612 1
9613 3
9614 2
9615 1
9616 0
9617 2
9618 1
9619 1
9620 1
9621 0
9622 2
9623 0
9624 0
9625 1
9626 0
9627 1
9628 0
9629 0
9630 0
9631 1
9632 0
9633 2
9634 3
9635 1
9636 2
9637 0
9638 0
9639 1
9640 3
9641 1
9642 2
9643 1
9644 3
9645 2
9646 2
9647 0
9648 0
9649 2
9650 0
9651 1
9652 1
9653 0
9654 0
9655 2
9656 0
9657 1
9658 1
9659 1
9660 2
9661 2
9662 2
9663 0
9664 0
9665 0
9666 1
9667 0
9668 2
9669 2
9670 0
9671 0
9672 1
9673 0
9674 1
9675 3
9676 2
9677 1
9678 1
9679 2
9680 1
9681 1
9682 2
9683 0
9684 1
9685 2
9686 3
9687 0
9688 0
9689 0
9690 0
9691 0
9692 2
9693 0
9694 0
9695 0
9696 1
9697 0
9698 0
9699 0
9700 1
9701 0
9702 2
9703 0
9704 1
9705 2
9706 1
9707 0
9708 1
9709 0
9710 1
9711 1
9712 1
9713 0
9714 2
9715 1
9716 2
9717 2
9718 2
9719 0
9720 1
9721 1
9722 3
9723 2
9724 1
9725 1
9726 1
9727 2
9728 2
9729 0
9730 1
9731 2
9732 2
9733 0
9734 1
9735 0
9736 2
9737 1
9738 0
9739 0
9740 2
9741 3
9742 3
9743 2
9744 2
9745 3
9746 0
9747 0
9748 0
9749 2
9750 1
9751 3
9752 1
9753 1
9754 1
9755 2
9756 2
9757 2
9758 2
9759 2
9760 0
9761 0
9762 2
9763 1
9764 1
9765 0
9766 1
9767 0
9768 2
9769 1
9770 0
9771 1
9772 0
9773 0
9774 1
9775 0
9776 0
9777 2
9778 2
9779 1
9780 2
9781 0
9782 2
9783 1
9784 0
9785 0
9786 1
9787 0
9788 1
9789 1
9790 2
9791 0
9792 1
9793 2
9794 0
9795 2
9796 1
9797 1
9798 2
9799 1
9800 1
9801 0
9802 1
9803 0
9804 0
9805 2
9806 0
9807 1
9808 1
9809 0
9810 0
9811 1
9812 0
9813 1
9814 1
9815 1
9816 3
9817 1
9818 1
9819 1
9820 0
9821 3
9822 0
9823 1
9824 0
9825 1
9826 0
9827 0
9828 2
9829 1
9830 0
9831 0
9832 2
9833 0
9834 2
9835 2
9836 0
9837 1
9838 1
9839 1
9840 1
9841 1
9842 0
9843 2
9844 1
9845 1
9846 1
9847 0
9848 3
9849 1
9850 2
9851 0
9852 2
9853 1
9854 0
9855 1
9856 1
9857 3
9858 2
9859 1
9860 0
9861 0
9862 1
9863 1
9864 2
9865 0
9866 0
9867 2
9868 2
9869 1
9870 1
9871 0
9872 0
9873 1
9874 1
9875 1
9876 1
9877 2
9878 2
9879 0
9880 0
9881 2
9882 2
9883 0
9884 0
9885 2
9886 0
9887 2
9888 1
9889 0
9890 2
9891 2
9892 0
9893 1
9894 2
9895 2
9896 2
9897 0
9898 0
9899 1
9900 1
9901 1
9902 1
9903 0
9904 0
9905 1
9906 2
9907 1
9908 0
9909 1
9910 2
9911 2
9912 2
9913 0
9914 2
9915 0
9916 1
9917 1
9918 0
9919 0
9920 0
9921 0
9922 0
9923 0
9924 0
9925 3
9926 2
9927 1
9928 2
9929 1
9930 1
9931 0
9932 1
9933 0
9934 1
9935 0
9936 0
9937 0
9938 3
9939 0
9940 0
9941 0
9942 4
9943 1
9944 3
9945 1
9946 0
9947 1
9948 2
9949 0
9950 2
9951 0
9952 0
9953 0
9954 0
9955 0
9956 0
9957 0
9958 3
9959 1
9960 0
9961 1
9962 0
9963 0
9964 2
9965 1
9966 3
9967 1
9968 0
9969 2
9970 0
9971 1
9972 0
9973 0
9974 0
9975 0
9976 2
9977 1
9978 1
9979 1
9980 0
9981 1
9982 0
9983 0
9984 1
9985 2
9986 2
9987 3
9988 2
9989 1
9990 1
9991 1
9992 0
9993 2
9994 0
9995 1
9996 0
9997 1
9998 1
9999 2
10000 3
10001 1
10002 2
10003 0
10004 0
10005 1
10006 1
10007 1
10008 1
10009 0
10010 1
10011 0
10012 1
10013 0
10014 0
10015 1
10016 3
10017 1
10018 1
10019 1
10020 2
10021 1
10022 0
10023 1
10024 0
10025 2
10026 2
10027 2
10028 1
10029 1
10030 0
10031 0
10032 1
10033 1
10034 0
10035 0
10036 1
10037 0
10038 1
10039 1
10040 1
10041 2
10042 2
10043 2
10044 2
10045 0
10046 0
10047 2
10048 0
10049 0
10050 1
10051 1
10052 1
10053 3
10054 1
10055 1
10056 0
10057 1
10058 2
10059 3
10060 0
10061 0
10062 2
10063 0
10064 0
10065 1
10066 2
10067 1
10068 1
10069 0
10070 0
10071 3
10072 1
10073 1
10074 2
10075 2
10076 0
10077 1
10078 0
10079 1
10080 1
10081 1
10082 2
10083 0
10084 1
10085 3
10086 0
10087 2
10088 3
10089 1
10090 2
10091 1
10092 1
10093 1
10094 0
10095 2
10096 1
10097 0
10098 1
10099 3
10100 1
10101 1
10102 3
10103 0
10104 2
10105 1
10106 2
10107 0
10108 0
10109 0
10110 2
10111 2
10112 0
10113 0
10114 0
10115 2
10116 1
10117 1
10118 2
10119 1
10120 0
10121 1
10122 1
10123 2
10124 0
10125 0
10126 1
10127 3
10128 2
10129 3
10130 2
10131 1
10132 1
10133 0
10134 2
10135 1
10136 3
10137 1
10138 0
10139 0
10140 1
10141 0
10142 1
10143 1
10144 1
10145 3
10146 0
10147 1
10148 2
10149 2
10150 0
10151 0
10152 0
10153 0
10154 2
10155 0
10156 0
10157 1
10158 2
10159 1
10160 3
10161 1
10162 1
10163 1
10164 2
10165 2
10166 0
10167 2
10168 1
10169 1
10170 2
10171 1
10172 3
10173 1
10174 0
10175 1
10176 0
10177 0
10178 0
10179 3
10180 0
10181 2
10182 0
10183 0
10184 0
10185 0
10186 0
10187 2
10188 2
10189 2
10190 1
10191 1
10192 1
10193 0
10194 0
10195 2
10196 2
10197 3
10198 1
10199 1
10200 0
10201 1
10202 0
10203 0
10204 2
10205 2
10206 0
10207 3
10208 0
10209 0
10210 3
10211 2
10212 0
10213 1
10214 0
10215 2
10216 1
10217 1
10218 2
10219 2
10220 1
10221 1
10222 1
10223 0
10224 3
10225 0
10226 0
10227 2
10228 1
10229 0
10230 0
10231 0
10232 0
10233 1
10234 0
10235 2
10236 3
10237 0
10238 0
10239 0
10240 2
10241 0
10242 0
10243 2
10244 2
10245 1
10246 1
10247 0
10248 1
10249 1
10250 2
10251 2
10252 0
10253 3
10254 1
10255 3
10256 3
10257 1
10258 1
10259 1
10260 1
10261 2
10262 2
10263 1
10264 0
10265 1
10266 1
10267 0
10268 0
10269 2
10270 2
10271 1
10272 0
10273 3
10274 2
10275 1
10276 2
10277 1
10278 0
10279 2
10280 0
10281 2
10282 0
10283 3
10284 0
10285 2
10286 0
10287 0
10288 3
10289 0
10290 1
10291 2
10292 1
10293 1
10294 2
10295 1
10296 2
10297 0
10298 0
10299 2
10300 0
10301 0
10302 2
10303 0
10304 2
10305 0
10306 0
10307 1
10308 1
10309 0
10310 1
10311 2
10312 2
10313 0
10314 0
10315 1
10316 0
10317 1
10318 0
10319 0
10320 1
10321 0
10322 2
10323 0
10324 1
10325 0
10326 2
10327 0
10328 0
10329 2
10330 0
10331 2
10332 0
10333 2
10334 2
10335 2
10336 1
10337 1
10338 0
10339 2
10340 1
10341 1
10342 0
10343 0
10344 2
10345 0
10346 0
10347 2
10348 2
10349 1
10350 0
10351 1
10352 0
10353 1
10354 0
10355 0
10356 0
10357 0
10358 0
10359 1
10360 3
10361 1
10362 0
10363 0
10364 0
10365 0
10366 1
10367 2
10368 1
10369 0
10370 0
10371 0
10372 1
10373 3
10374 0
10375 2
10376 0
10377 3
10378 3
10379 2
10380 1
10381 0
10382 2
10383 2
10384 2
10385 0
10386 1
10387 1
10388 2
10389 2
10390 2
10391 2
10392 3
10393 2
10394 2
10395 0
10396 2
10397 0
10398 1
10399 2
10400 0
10401 3
10402 1
10403 2
10404 0
10405 2
10406 0
10407 1
10408 0
10409 2
10410 1
10411 1
10412 2
10413 1
10414 0
10415 2
10416 2
10417 0
10418 1
10419 1
10420 0
10421 2
10422 2
10423 0
10424 1
10425 0
10426 1
10427 1
10428 0
10429 1
10430 1
10431 0
10432 1
10433 1
10434 1
10435 0
10436 0
10437 0
10438 0
10439 1
10440 0
10441 0
10442 1
10443 0
10444 2
10445 2
10446 2
10447 1
10448 1
10449 0
10450 2
10451 0
10452 0
10453 1
10454 1
10455 2
10456 2
10457 3
10458 0
10459 2
10460 0
10461 0
10462 1
10463 1
10464 3
10465 2
10466 0
10467 3
10468 1
10469 2
10470 1
10471 0
10472 2
10473 2
10474 0
10475 3
10476 1
10477 1
10478 3
10479 1
10480 0
10481 0
10482 1
10483 0
10484 0
10485 1
10486 0
10487 2
10488 0
10489 1
10490 1
10491 2
10492 1
10493 3
10494 2
10495 1
10496 1
10497 2
10498 2
10499 1
10500 0
10501 2
10502 0
10503 0
10504 2
10505 1
10506 3
10507 2
10508 1
10509 0
10510 1
10511 0
10512 1
10513 0
10514 2
10515 1
10516 0
10517 1
10518 1
10519 0
10520 0
10521 2
10522 3
10523 2
10524 0
10525 2
10526 0
10527 2
10528 0
10529 1
10530 2
10531 1
10532 0
10533 0
10534 0
10535 0
10536 0
10537 1
10538 2
10539 0
10540 4
10541 3
10542 1
10543 2
10544 1
10545 3
10546 1
10547 2
10548 3
10549 1
10550 3
10551 2
10552 0
10553 2
10554 3
10555 1
10556 0
10557 3
10558 0
10559 1
10560 1
10561 0
10562 1
10563 3
10564 0
10565 1
10566 1
10567 2
10568 2
10569 2
10570 1
10571 2
10572 1
10573 1
10574 0
10575 2
10576 0
10577 2
10578 0
10579 3
10580 3
10581 0
10582 2
10583 1
10584 2
10585 2
10586 2
10587 1
10588 1
10589 0
10590 0
10591 2
10592 2
10593 1
10594 0
10595 2
10596 2
10597 2
10598 2
10599 1
10600 2
10601 1
10602 1
10603 1
10604 0
10605 1
10606 2
10607 1
10608 2
10609 0
10610 0
10611 2
10612 0
10613 1
10614 2
10615 2
10616 1
10617 3
10618 1
10619 2
10620 2
10621 0
10622 1
10623 1
10624 1
10625 2
10626 1
10627 1
10628 0
10629 1
10630 1
10631 0
10632 1
10633 2
10634 0
10635 0
10636 3
10637 0
10638 2
10639 0
10640 1
10641 1
10642 1
10643 2
10644 1
10645 3
10646 1
10647 0
10648 0
10649 0
10650 1
10651 0
10652 0
10653 2
10654 1
10655 1
10656 0
10657 1
10658 0
10659 0
10660 0
10661 2
10662 2
10663 1
10664 1
10665 0
10666 2
10667 1
10668 1
10669 0
10670 0
10671 1
10672 2
10673 0
10674 3
10675 2
10676 1
10677 1
10678 0
10679 1
10680 1
10681 0
10682 1
10683 3
10684 1
10685 2
10686 0
10687 0
10688 0
10689 1
10690 1
10691 0
10692 3
10693 0
10694 0
10695 0
10696 1
10697 3
10698 0
10699 1
10700 1
10701 0
10702 2
10703 1
10704 2
10705 2
10706 1
10707 2
10708 3
10709 1
10710 2
10711 1
10712 2
10713 0
10714 1
10715 0
10716 0
10717 0
10718 1
10719 0
10720 3
10721 0
10722 0
10723 1
10724 1
10725 0
10726 2
10727 3
10728 0
10729 2
10730 1
10731 2
10732 0
10733 0
10734 2
10735 1
10736 1
10737 2
10738 0
10739 1
10740 0
10741 1
10742 1
10743 1
10744 1
10745 2
10746 3
10747 1
10748 0
10749 1
10750 0
10751 1
10752 0
10753 1
10754 1
10755 2
10756 1
10757 2
10758 0
10759 0
10760 2
10761 1
10762 1
10763 0
10764 1
10765 1
10766 2
10767 2
10768 1
10769 0
10770 1
10771 2
10772 0
10773 1
10774 0
10775 1
10776 0
10777 0
10778 2
10779 2
10780 2
10781 0
10782 0
10783 0
10784 1
10785 2
10786 0
10787 1
10788 2
10789 0
10790 3
10791 1
10792 1
10793 3
10794 2
10795 2
10796 1
10797 1
10798 2
10799 1
10800 2
10801 1
10802 1
10803 0
10804 1
10805 3
10806 3
10807 3
10808 1
10809 3
10810 1
10811 2
10812 1
10813 0
10814 1
10815 0
10816 1
10817 1
10818 2
10819 0
10820 1
10821 1
10822 0
10823 1
10824 0
10825 1
10826 0
10827 1
10828 0
10829 1
10830 2
10831 0
10832 0
10833 1
10834 1
10835 0
10836 1
10837 1
10838 1
10839 1
10840 1
10841 2
10842 2
10843 1
10844 0
10845 2
10846 0
10847 2
10848 4
10849 1
10850 1
10851 2
10852 1
10853 2
10854 1
10855 0
10856 1
10857 0
10858 2
10859 3
10860 0
10861 1
10862 2
10863 0
10864 2
10865 2
10866 0
10867 2
10868 2
10869 2
10870 3
10871 1
10872 2
10873 1
10874 0
10875 2
10876 2
10877 1
10878 2
10879 0
10880 0
10881 0
10882 2
10883 3
10884 0
10885 0
10886 2
10887 2
10888 3
10889 3
10890 2
10891 2
10892 0
10893 2
10894 1
10895 1
10896 0
10897 1
10898 0
10899 0
10900 2
10901 1
10902 2
10903 2
10904 3
10905 3
10906 2
10907 0
10908 0
10909 0
10910 1
10911 2
10912 1
10913 3
10914 3
10915 2
10916 1
10917 2
10918 0
10919 2
10920 0
10921 1
10922 1
10923 3
10924 2
10925 1
10926 1
10927 0
10928 1
10929 2
10930 2
10931 3
10932 1
10933 1
10934 1
10935 2
10936 1
10937 0
10938 3
10939 0
10940 1
10941 1
10942 2
10943 2
10944 3
10945 2
10946 1
10947 1
10948 0
10949 1
10950 2
10951 1
10952 0
10953 2
10954 2
10955 2
10956 1
10957 1
10958 3
10959 1
10960 2
10961 3
10962 0
10963 0
10964 1
10965 0
10966 1
10967 0
10968 1
10969 0
10970 2
10971 1
10972 1
10973 1
10974 1
10975 1
10976 0
10977 2
10978 2
10979 1
10980 0
10981 0
10982 2
10983 0
10984 1
10985 1
10986 1
10987 1
10988 0
10989 2
10990 2
10991 1
10992 1
10993 0
10994 0
10995 0
10996 0
10997 2
10998 0
10999 1
11000 1
11001 2
11002 0
11003 0
11004 1
11005 0
11006 2
11007 0
11008 0
11009 0
11010 1
11011 2
11012 2
11013 1
11014 0
11015 0
11016 1
11017 0
11018 1
11019 1
11020 0
11021 1
11022 1
11023 1
11024 0
11025 0
11026 3
11027 0
11028 1
11029 1
11030 0
11031 1
11032 1
11033 0
11034 0
11035 2
11036 1
11037 1
11038 2
11039 2
11040 2
11041 2
11042 1
11043 2
11044 1
11045 1
11046 0
11047 1
11048 0
11049 3
11050 3
11051 1
11052 1
11053 0
11054 1
11055 1
11056 3
11057 2
11058 1
11059 0
11060 1
11061 0
11062 1
11063 2
11064 1
11065 1
11066 2
11067 1
11068 3
11069 2
11070 2
11071 0
11072 2
11073 0
11074 2
11075 2
11076 0
11077 1
11078 0
11079 0
11080 2
11081 1
11082 2
11083 0
11084 3
11085 1
11086 1
11087 1
11088 3
11089 2
11090 2
11091 2
11092 2
11093 2
11094 1
11095 1
11096 2
11097 2
11098 2
11099 1
11100 1
11101 0
11102 2
11103 1
11104 2
11105 2
11106 2
11107 0
11108 2
11109 1
11110 0
11111 2
11112 1
11113 1
11114 1
11115 0
11116 2
11117 0
11118 0
11119 0
11120 0
11121 1
11122 2
11123 0
11124 2
11125 2
11126 0
11127 1
11128 0
11129 1
11130 0
11131 2
11132 0
11133 2
11134 1
11135 2
11136 1
11137 0
11138 2
11139 0
11140 0
11141 2
11142 1
11143 1
11144 1
11145 0
11146 3
11147 2
11148 0
11149 0
11150 1
11151 1
11152 2
11153 0
11154 1
11155 1
11156 0
11157 2
11158 2
11159 0
11160 1
11161 0
11162 0
11163 3
11164 2
11165 2
11166 1
11167 1
11168 2
11169 1
11170 0
11171 0
11172 3
11173 2
11174 0
11175 0
11176 2
11177 3
11178 1
11179 2
11180 1
11181 0
11182 1
11183 1
11184 1
11185 2
11186 2
11187 1
11188 0
11189 2
11190 2
11191 2
11192 1
11193 0
11194 2
11195 2
11196 2
11197 0
11198 1
11199 0
11200 0
11201 1
11202 0
11203 1
11204 3
11205 0
11206 2
11207 0
11208 2
11209 3
11210 0
11211 3
11212 4
11213 1
11214 0
11215 1
11216 1
11217 1
11218 1
11219 3
11220 1
11221 1
11222 0
11223 3
11224 1
11225 0
11226 3
11227 0
11228 2
11229 0
11230 2
11231 0
11232 4
11233 0
11234 0
11235 0
11236 1
11237 0
11238 2
11239 0
11240 2
11241 1
11242 2
11243 2
11244 1
11245 1
11246 0
11247 0
11248 2
11249 0
11250 2
11251 2
11252 2
11253 1
11254 0
11255 3
11256 1
11257 0
11258 1
11259 1
11260 1
11261 0
11262 2
11263 0
11264 1
11265 1
11266 1
11267 1
11268 2
11269 0
11270 2
11271 0
11272 2
11273 3
11274 2
11275 2
11276 0
11277 0
11278 0
11279 1
11280 1
11281 0
11282 2
11283 1
11284 0
11285 2
11286 1
11287 3
11288 1
11289 0
11290 1
11291 2
11292 3
11293 1
11294 1
11295 3
11296 1
11297 2
11298 0
11299 1
11300 0
11301 0
11302 2
11303 2
11304 3
11305 0
11306 3
11307 2
11308 0
11309 1
11310 2
11311 1
11312 0
11313 0
11314 2
11315 0
11316 0
11317 2
11318 0
11319 2
11320 1
11321 0
11322 1
11323 1
11324 0
11325 1
11326 0
11327 2
11328 3
11329 2
11330 1
11331 2
11332 0
11333 2
11334 3
11335 0
11336 3
11337 0
11338 2
11339 0
11340 2
11341 3
11342 3
11343 0
11344 1
11345 0
11346 1
11347 0
11348 1
11349 1
11350 1
11351 0
11352 0
11353 3
11354 0
11355 3
11356 1
11357 0
11358 0
11359 4
11360 1
11361 0
11362 0
11363 1
11364 1
11365 3
11366 0
11367 0
11368 2
11369 1
11370 1
11371 1
11372 0
11373 0
11374 0
11375 0
11376 0
11377 1
11378 2
11379 2
11380 2
11381 1
11382 0
11383 2
11384 0
11385 2
11386 2
11387 2
11388 2
11389 2
11390 0
11391 0
11392 1
11393 1
11394 3
11395 1
11396 3
11397 1
11398 1
11399 2
11400 1
11401 3
11402 1
11403 0
11404 1
11405 0
11406 3
11407 1
11408 0
11409 1
11410 1
11411 3
11412 0
11413 2
11414 2
11415 2
11416 0
11417 2
11418 2
11419 2
11420 3
11421 1
11422 2
11423 0
11424 1
11425 0
11426 1
11427 0
11428 1
11429 2
11430 0
11431 1
11432 0
11433 2
11434 1
11435 0
11436 3
11437 1
11438 0
11439 3
11440 0
11441 2
11442 3
11443 0
11444 0
11445 0
11446 0
11447 2
11448 1
11449 3
11450 2
11451 0
11452 1
11453 0
11454 2
11455 2
11456 0
11457 0
11458 3
11459 1
11460 0
11461 0
11462 3
11463 1
11464 1
11465 0
11466 2
11467 3
11468 0
11469 0
11470 3
11471 0
11472 1
11473 0
11474 0
11475 1
11476 1
11477 1
11478 2
11479 2
11480 0
11481 0
11482 1
11483 2
11484 3
11485 1
11486 2
11487 2
11488 2
11489 2
11490 1
11491 2
11492 1
11493 2
11494 2
11495 1
11496 1
11497 2
11498 1
11499 0
11500 2
11501 2
11502 2
11503 3
11504 1
11505 0
11506 3
11507 2
11508 0
11509 1
11510 1
11511 1
11512 1
11513 1
11514 3
11515 2
11516 2
11517 2
11518 1
11519 1
11520 1
11521 0
11522 2
11523 1
11524 1
11525 0
11526 1
11527 1
11528 0
11529 0
11530 2
11531 2
11532 2
11533 0
11534 1
11535 1
11536 0
11537 3
11538 0
11539 0
11540 2
11541 2
11542 3
11543 1
11544 2
11545 1
11546 3
11547 3
11548 2
11549 0
11550 1
11551 1
11552 2
11553 1
11554 0
11555 1
11556 0
11557 0
11558 2
11559 1
11560 2
11561 2
11562 1
11563 2
11564 1
11565 0
11566 2
11567 0
11568 1
11569 1
11570 0
11571 0
11572 2
11573 1
11574 2
11575 2
11576 2
11577 0
11578 0
11579 1
11580 2
11581 0
11582 2
11583 1
11584 1
11585 0
11586 1
11587 0
11588 3
11589 1
11590 0
11591 1
11592 3
11593 2
11594 2
11595 2
11596 1
11597 2
11598 0
11599 0
11600 3
11601 2
11602 1
11603 0
11604 1
11605 0
11606 1
11607 1
11608 3
11609 2
11610 1
11611 1
11612 3
11613 3
11614 1
11615 2
11616 2
11617 0
11618 1
11619 2
11620 0
11621 3
11622 0
11623 2
11624 1
11625 4
11626 2
11627 1
11628 0
11629 2
11630 1
11631 2
11632 0
11633 3
11634 0
11635 1
11636 1
11637 1
11638 2
11639 0
11640 1
11641 3
11642 3
11643 0
11644 0
11645 2
11646 0
11647 0
11648 1
11649 3
11650 1
11651 2
11652 0
11653 1
11654 1
11655 1
11656 1
11657 1
11658 1
11659 1
11660 1
11661 2
11662 2
11663 0
11664 0
11665 1
11666 1
11667 0
11668 2
11669 2
11670 0
11671 0
11672 2
11673 1
11674 3
11675 0
11676 3
11677 0
11678 0
11679 0
11680 1
11681 2
11682 0
11683 1
11684 1
11685 2
11686 0
11687 1
11688 1
11689 1
11690 1
11691 2
11692 1
11693 2
11694 0
11695 2
11696 1
11697 2
11698 1
11699 0
11700 1
11701 2
11702 0
11703 0
11704 2
11705 2
11706 2
11707 0
11708 1
11709 0
11710 0
11711 0
11712 0
11713 2
11714 1
11715 3
11716 1
11717 0
11718 1
11719 2
11720 0
11721 1
11722 1
11723 2
11724 0
11725 3
11726 2
11727 1
11728 0
11729 2
11730 3
11731 0
11732 2
11733 2
11734 1
11735 1
11736 1
11737 0
11738 1
11739 2
11740 3
11741 0
11742 1
11743 0
11744 0
11745 2
11746 1
11747 1
11748 2
11749 2
11750 0
11751 2
11752 1
11753 2
11754 3
11755 2
11756 0
11757 3
11758 2
11759 0
11760 1
11761 3
11762 1
11763 3
11764 3
11765 2
11766 0
11767 1
11768 2
11769 2
11770 2
11771 2
11772 3
11773 0
11774 1
11775 0
11776 1
11777 2
11778 2
11779 2
11780 2
11781 1
11782 0
11783 1
11784 0
11785 2
11786 2
11787 2
11788 0
11789 2
11790 2
11791 2
11792 2
11793 0
11794 2
11795 1
11796 1
11797 0
11798 2
11799 3
11800 1
11801 2
11802 1
11803 0
11804 0
11805 2
11806 1
11807 0
11808 1
11809 1
11810 2
11811 3
11812 3
11813 1
11814 2
11815 2
11816 1
11817 0
11818 2
11819 3
11820 1
11821 1
11822 1
11823 0
11824 2
11825 1
11826 2
11827 1
11828 2
11829 0
11830 1
11831 0
11832 2
11833 0
11834 1
11835 0
11836 2
11837 0
11838 4
11839 1
11840 1
11841 0
11842 0
11843 2
11844 0
11845 2
11846 1
11847 0
11848 0
11849 2
11850 2
11851 1
11852 0
11853 0
11854 2
11855 1
11856 2
11857 2
11858 1
11859 0
11860 0
11861 2
11862 1
11863 1
11864 1
11865 1
11866 3
11867 0
11868 1
11869 0
11870 0
11871 2
11872 1
11873 1
11874 1
11875 2
11876 2
11877 0
11878 0
11879 3
11880 1
11881 2
11882 2
11883 0
11884 1
11885 2
11886 1
11887 0
11888 2
11889 2
11890 0
11891 0
11892 0
11893 1
11894 2
11895 0
11896 0
11897 2
11898 1
11899 0
11900 2
11901 0
11902 0
11903 2
11904 0
11905 2
11906 2
11907 0
11908 3
11909 0
11910 2
11911 2
11912 3
11913 0
11914 3
11915 0
11916 1
11917 1
11918 2
11919 1
11920 3
11921 2
11922 2
11923 0
11924 0
11925 2
11926 2
11927 0
11928 1
11929 1
11930 0
11931 3
11932 0
11933 3
11934 2
11935 2
11936 2
11937 0
11938 0
11939 0
11940 2
11941 1
11942 1
11943 3
11944 0
11945 2
11946 0
11947 1
11948 1
11949 0
11950 1
11951 2
11952 0
11953 1
11954 1
11955 3
11956 3
11957 1
11958 2
11959 2
11960 1
11961 2
11962 1
11963 1
11964 2
11965 1
11966 1
11967 0
11968 0
11969 1
11970 0
11971 1
11972 1
11973 0
11974 0
11975 1
11976 1
11977 0
11978 2
11979 0
11980 0
11981 0
11982 0
11983 1
11984 0
11985 2
11986 1
11987 1
11988 0
11989 3
11990 1
11991 3
11992 1
11993 3
11994 0
11995 0
11996 2
11997 2
11998 3
11999 1
12000 0
12001 0
12002 2
12003 2
12004 1
12005 1
12006 0
12007 1
12008 0
12009 2
12010 0
12011 0
12012 1
12013 1
12014 1
12015 3
12016 2
12017 1
12018 1
12019 1
12020 0
12021 1
12022 2
12023 2
12024 2
12025 2
12026 1
12027 1
12028 0
12029 0
12030 1
12031 2
12032 2
12033 0
12034 1
12035 3
12036 2
12037 1
12038 1
12039 1
12040 1
12041 0
12042 0
12043 1
12044 2
12045 2
12046 0
12047 1
12048 2
12049 0
12050 0
12051 0
12052 2
12053 0
12054 0
12055 2
12056 1
12057 0
12058 1
12059 2
12060 2
12061 0
12062 1
12063 2
12064 0
12065 0
12066 0
12067 1
12068 0
12069 0
12070 0
12071 1
12072 1
12073 1
12074 0
12075 0
12076 2
12077 2
12078 1
12079 0
12080 2
12081 0
12082 0
12083 0
12084 1
12085 1
12086 0
12087 0
12088 2
12089 1
12090 0
12091 1
12092 0
12093 0
12094 0
12095 0
12096 2
12097 1
12098 1
12099 2
12100 2
12101 3
12102 1
12103 0
12104 3
12105 1
12106 1
12107 0
12108 2
12109 0
12110 0
12111 2
12112 3
12113 4
12114 0
12115 1
12116 0
12117 0
12118 0
12119 0
12120 0
12121 1
12122 0
12123 1
12124 0
12125 2
12126 2
12127 0
12128 0
12129 3
12130 0
12131 2
12132 1
12133 1
12134 2
12135 1
12136 3
12137 3
12138 1
12139 0
12140 2
12141 1
12142 1
12143 2
12144 2
12145 1
12146 0
12147 2
12148 1
12149 2
12150 2
12151 2
12152 2
12153 2
12154 0
12155 0
12156 1
12157 3
12158 0
12159 0
12160 1
12161 2
12162 2
12163 2
12164 1
12165 2
12166 2
12167 4
12168 1
12169 4
12170 3
12171 0
12172 1
12173 2
12174 0
12175 0
12176 1
12177 2
12178 1
12179 1
12180 1
12181 1
12182 3
12183 3
12184 2
12185 1
12186 0
12187 2
12188 1
12189 1
12190 1
12191 1
12192 3
12193 1
12194 1
12195 3
12196 0
12197 0
12198 2
12199 2
12200 0
12201 1
12202 1
12203 3
12204 1
12205 1
12206 2
12207 2
12208 2
12209 0
12210 2
12211 1
12212 1
12213 2
12214 0
12215 0
12216 2
12217 1
12218 2
12219 1
12220 2
12221 1
12222 0
12223 3
12224 1
12225 2
12226 2
12227 2
12228 2
12229 1
12230 1
12231 1
12232 1
12233 2
12234 1
12235 2
12236 3
12237 0
12238 2
12239 3
12240 1
12241 0
12242 3
12243 2
12244 1
12245 3
12246 0
12247 0
12248 2
12249 2
12250 1
12251 0
12252 0
12253 1
12254 0
12255 1
12256 1
12257 2
12258 1
12259 0
12260 2
12261 2
12262 1
12263 0
12264 1
12265 2
12266 1
12267 3
12268 0
12269 3
12270 1
12271 0
12272 1
12273 2
12274 3
12275 1
12276 3
12277 2
12278 1
12279 1
12280 1
12281 0
12282 0
12283 0
12284 1
12285 2
12286 2
12287 1
12288 3
12289 0
12290 0
12291 1
12292 0
12293 1
12294 2
12295 0
12296 1
12297 0
12298 0
12299 2
12300 0
12301 2
12302 0
12303 4
12304 0
12305 1
12306 0
12307 3
12308 1
12309 0
12310 2
12311 2
12312 2
12313 3
12314 1
12315 1
12316 2
12317 0
12318 3
12319 1
12320 3
12321 1
12322 0
12323 1
12324 1
12325 0
12326 3
12327 3
12328 2
12329 1
12330 0
12331 3
12332 1
12333 2
12334 2
12335 1
12336 2
12337 1
12338 1
12339 0
12340 2
12341 0
12342 1
12343 1
12344 0
12345 2
12346 0
12347 1
12348 3
12349 3
12350 3
12351 2
12352 0
12353 1
12354 1
12355 0
12356 2
12357 1
12358 2
12359 1
12360 0
12361 3
12362 0
12363 1
12364 2
12365 2
12366 2
12367 0
12368 0
12369 1
12370 2
12371 1
12372 3
12373 0
12374 2
12375 2
12376 1
12377 3
12378 4
12379 2
12380 1
12381 2
12382 2
12383 0
12384 1
12385 1
12386 0
12387 1
12388 1
12389 1
12390 2
12391 0
12392 1
12393 3
12394 0
12395 2
12396 1
12397 3
12398 2
12399 0
12400 2
12401 3
12402 0
12403 2
12404 4
12405 1
12406 2
12407 1
12408 2
12409 1
12410 2
12411 1
12412 1
12413 2
12414 0
12415 0
12416 0
12417 2
12418 3
12419 0
12420 1
12421 0
12422 2
12423 2
12424 2
12425 0
12426 0
12427 2
12428 1
12429 2
12430 2
12431 0
12432 1
12433 2
12434 2
12435 1
12436 1
12437 1
12438 2
12439 2
12440 2
12441 1
12442 0
12443 2
12444 1
12445 1
12446 0
12447 1
12448 3
12449 2
12450 1
12451 2
12452 0
12453 1
12454 0
12455 0
12456 0
12457 1
12458 2
12459 0
12460 3
12461 1
12462 0
12463 0
12464 0
12465 1
12466 0
12467 1
12468 2
12469 3
12470 2
12471 2
12472 3
12473 3
12474 0
12475 2
12476 1
12477 2
12478 1
12479 1
12480 2
12481 2
12482 1
12483 0
12484 1
12485 1
12486 0
12487 1
12488 0
12489 0
12490 0
12491 2
12492 2
12493 2
12494 2
12495 3
12496 1
12497 2
12498 1
12499 2
12500 1
12501 1
12502 3
12503 3
12504 1
12505 2
12506 3
12507 2
12508 1
12509 3
12510 3
12511 1
12512 2
12513 0
12514 1
12515 2
12516 3
12517 2
12518 2
12519 0
12520 3
12521 0
12522 1
12523 0
12524 0
12525 0
12526 0
12527 2
12528 0
12529 2
12530 3
12531 2
12532 1
12533 1
12534 0
12535 2
12536 2
12537 3
12538 1
12539 1
12540 1
12541 0
12542 2
12543 3
12544 1
12545 2
12546 2
12547 1
12548 4
12549 1
12550 2
12551 2
12552 3
12553 2
12554 1
12555 3
12556 2
12557 1
12558 2
12559 1
12560 4
12561 2
12562 1
12563 1
12564 3
12565 1
12566 0
12567 0
12568 1
12569 1
12570 2
12571 2
12572 1
12573 0
12574 1
12575 1
12576 2
12577 1
12578 0
12579 1
12580 2
12581 0
12582 1
12583 0
12584 0
12585 2
12586 1
12587 3
12588 1
12589 0
12590 0
12591 1
12592 2
12593 3
12594 0
12595 0
12596 3
12597 0
12598 0
12599 2
12600 3
12601 1
12602 0
12603 2
12604 0
12605 2
12606 3
12607 0
12608 1
12609 2
12610 2
12611 0
12612 2
12613 2
12614 2
12615 0
12616 0
12617 3
12618 1
12619 1
12620 2
12621 2
12622 1
12623 0
12624 0
12625 1
12626 0
12627 0
12628 0
12629 2
12630 1
12631 0
12632 0
12633 2
12634 2
12635 2
12636 0
12637 1
12638 3
12639 3
12640 1
12641 1
12642 1
12643 3
12644 1
12645 2
12646 3
12647 0
12648 0
12649 1
12650 3
12651 2
12652 1
12653 1
12654 0
12655 1
12656 1
12657 1
12658 0
12659 2
12660 0
12661 2
12662 3
12663 2
12664 2
12665 1
12666 2
12667 3
12668 2
12669 1
12670 1
12671 2
12672 0
12673 1
12674 2
12675 0
12676 0
12677 2
12678 1
12679 2
12680 0
12681 2
12682 1
12683 1
12684 3
12685 0
12686 2
12687 0
12688 2
12689 1
12690 4
12691 2
12692 1
12693 0
12694 1
12695 1
12696 0
12697 2
12698 0
12699 1
12700 2
12701 1
12702 4
12703 0
12704 3
12705 2
12706 0
12707 1
12708 0
12709 0
12710 3
12711 1
12712 1
12713 1
12714 0
12715 2
12716 1
12717 3
12718 3
12719 3
12720 2
12721 1
12722 3
12723 1
12724 1
12725 1
12726 2
12727 1
12728 2
12729 0
12730 1
12731 0
12732 1
12733 0
12734 1
12735 1
12736 0
12737 0
12738 0
12739 1
12740 1
12741 0
12742 0
12743 2
12744 0
12745 2
12746 1
12747 0
12748 0
12749 2
12750 2
12751 1
12752 1
12753 1
12754 1
12755 1
12756 1
12757 2
12758 3
12759 1
12760 1
12761 1
12762 3
12763 0
12764 2
12765 2
12766 1
12767 2
12768 1
12769 2
12770 2
12771 3
12772 1
12773 1
12774 4
12775 0
12776 0
12777 2
12778 2
12779 0
12780 2
12781 1
12782 3
12783 2
12784 1
12785 3
12786 1
12787 1
12788 0
12789 0
12790 2
12791 2
12792 0
12793 1
12794 1
12795 2
12796 1
12797 0
12798 0
12799 0
12800 3
12801 0
12802 1
12803 2
12804 2
12805 1
12806 0
12807 1
12808 0
12809 0
12810 0
12811 2
12812 1
12813 3
12814 1
12815 2
12816 1
12817 0
12818 2
12819 0
12820 0
12821 3
12822 2
12823 2
12824 1
12825 1
12826 1
12827 2
12828 4
12829 3
12830 2
12831 2
12832 1
12833 3
12834 0
12835 2
12836 2
12837 0
12838 3
12839 0
12840 0
12841 0
12842 1
12843 1
12844 1
12845 2
12846 1
12847 2
12848 1
12849 1
12850 0
12851 0
12852 2
12853 0
12854 3
12855 1
12856 1
12857 1
12858 1
12859 0
12860 2
12861 3
12862 1
12863 3
12864 0
12865 1
12866 4
12867 2
12868 1
12869 0
12870 2
12871 1
12872 2
12873 1
12874 1
12875 1
12876 1
12877 2
12878 0
12879 0
12880 1
12881 0
12882 0
12883 1
12884 0
12885 0
12886 1
12887 2
12888 2
12889 1
12890 1
12891 1
12892 0
12893 3
12894 1
12895 2
12896 0
12897 2
12898 2
12899 1
12900 0
12901 1
12902 1
12903 2
12904 1
12905 1
12906 0
12907 0
12908 2
12909 1
12910 0
12911 2
12912 3
12913 2
12914 0
12915 1
12916 0
12917 2
12918 3
12919 2
12920 0
12921 1
12922 2
12923 3
12924 2
12925 2
12926 0
12927 2
12928 2
12929 3
12930 1
12931 0
12932 1
12933 2
12934 2
12935 0
12936 2
12937 3
12938 2
12939 0
12940 1
12941 1
12942 1
12943 0
12944 0
12945 1
12946 2
12947 2
12948 0
12949 1
12950 2
12951 1
12952 0
12953 0
12954 2
12955 0
12956 2
12957 1
12958 0
12959 1
12960 3
12961 1
12962 1
12963 1
12964 1
12965 1
12966 1
12967 2
12968 3
12969 0
12970 3
12971 3
12972 3
12973 3
12974 1
12975 0
12976 0
12977 1
12978 2
12979 0
12980 3
12981 1
12982 0
12983 1
12984 2
12985 2
12986 0
12987 1
12988 3
12989 1
12990 3
12991 2
12992 0
12993 0
12994 1
12995 2
12996 1
12997 1
12998 3
12999 2
13000 3
13001 0
13002 3
13003 3
13004 1
13005 1
13006 1
13007 2
13008 1
13009 1
13010 1
13011 2
13012 0
13013 1
13014 2
13015 2
13016 2
13017 2
13018 1
13019 2
13020 0
13021 0
13022 3
13023 1
13024 1
13025 0
13026 0
13027 1
13028 2
13029 2
13030 2
13031 2
13032 1
13033 2
13034 3
13035 2
13036 2
13037 2
13038 0
13039 2
13040 1
13041 3
13042 0
13043 0
13044 0
13045 1
13046 0
13047 3
13048 2
13049 0
13050 1
13051 1
13052 2
13053 1
13054 0
13055 0
13056 0
13057 1
13058 2
13059 3
13060 3
13061 1
13062 2
13063 0
13064 1
13065 0
13066 3
13067 2
13068 1
13069 1
13070 1
13071 1
13072 0
13073 0
13074 0
13075 1
13076 0
13077 2
13078 1
13079 2
13080 2
13081 1
13082 2
13083 2
13084 2
13085 2
13086 0
13087 2
13088 0
13089 2
13090 3
13091 3
13092 0
13093 2
13094 0
13095 0
13096 1
13097 0
13098 2
13099 2
13100 1
13101 2
13102 0
13103 2
13104 1
13105 3
13106 2
13107 2
13108 2
13109 1
13110 2
13111 0
13112 3
13113 1
13114 3
13115 2
13116 0
13117 1
13118 2
13119 3
13120 2
13121 2
13122 0
13123 3
13124 2
13125 0
13126 0
13127 2
13128 1
13129 2
13130 2
13131 1
13132 1
13133 1
13134 2
13135 0
13136 3
13137 1
13138 2
13139 1
13140 1
13141 0
13142 1
13143 0
13144 1
13145 2
13146 0
13147 1
13148 0
13149 0
13150 4
13151 2
13152 2
13153 0
13154 2
13155 1
13156 1
13157 3
13158 3
13159 0
13160 1
13161 3
13162 0
13163 1
13164 0
13165 3
13166 1
13167 1
13168 2
13169 0
13170 3
13171 2
13172 0
13173 1
13174 0
13175 1
13176 2
13177 1
13178 1
13179 1
13180 0
13181 1
13182 3
13183 1
13184 2
13185 1
13186 2
13187 0
13188 1
13189 2
13190 0
13191 3
13192 1
13193 0
13194 0
13195 1
13196 1
13197 2
13198 0
13199 3
13200 2
13201 1
13202 1
13203 1
13204 1
13205 2
13206 0
13207 1
13208 0
13209 0
13210 3
13211 2
13212 1
13213 1
13214 1
13215 2
13216 3
13217 1
13218 2
13219 0
13220 2
13221 1
13222 0
13223 1
13224 0
13225 0
13226 1
13227 1
13228 1
13229 0
13230 1
13231 2
13232 0
13233 1
13234 2
13235 1
13236 0
13237 0
13238 1
13239 2
13240 1
13241 3
13242 0
13243 2
13244 2
13245 1
13246 2
13247 2
13248 3
13249 3
13250 2
13251 3
13252 0
13253 3
13254 2
13255 0
13256 0
13257 1
13258 1
13259 4
13260 2
13261 1
13262 1
13263 2
13264 2
13265 0
13266 2
13267 2
13268 1
13269 0
13270 2
13271 1
13272 3
13273 1
13274 1
13275 2
13276 0
13277 2
13278 1
13279 1
13280 0
13281 3
13282 1
13283 0
13284 3
13285 1
13286 3
13287 3
13288 0
13289 1
13290 2
13291 1
13292 0
13293 3
13294 0
13295 0
13296 1
13297 0
13298 1
13299 2
13300 2
13301 3
13302 0
13303 2
13304 0
13305 3
13306 0
13307 0
13308 0
13309 1
13310 3
13311 1
13312 1
13313 1
13314 0
13315 3
13316 2
13317 3
13318 3
13319 0
13320 3
13321 1
13322 1
13323 0
13324 2
13325 0
13326 2
13327 0
13328 0
13329 2
13330 0
13331 1
13332 0
13333 1
13334 0
13335 0
13336 0
13337 0
13338 0
13339 0
13340 0
13341 2
13342 1
13343 1
13344 1
13345 2
13346 0
13347 1
13348 0
13349 3
13350 2
13351 1
13352 2
13353 3
13354 1
13355 1
13356 0
13357 2
13358 2
13359 3
13360 2
13361 2
13362 2
13363 1
13364 1
13365 1
13366 3
13367 2
13368 0
13369 0
13370 2
13371 2
13372 4
13373 1
13374 3
13375 2
13376 1
13377 0
13378 0
13379 3
13380 0
13381 0
13382 3
13383 1
13384 2
13385 2
13386 1
13387 0
13388 0
13389 2
13390 3
13391 1
13392 0
13393 2
13394 2
13395 3
13396 1
13397 3
13398 3
13399 2
13400 2
13401 1
13402 0
13403 4
13404 0
13405 0
13406 2
13407 0
13408 1
13409 3
13410 2
13411 0
13412 1
13413 3
13414 2
13415 3
13416 0
13417 0
13418 0
13419 0
13420 2
13421 0
13422 2
13423 2
13424 2
13425 1
13426 1
13427 1
13428 1
13429 2
13430 2
13431 0
13432 0
13433 2
13434 1
13435 0
13436 1
13437 2
13438 0
13439 0
13440 0
13441 1
13442 1
13443 0
13444 0
13445 0
13446 2
13447 0
13448 0
13449 2
13450 2
13451 0
13452 1
13453 0
13454 3
13455 1
13456 3
13457 1
13458 3
13459 1
13460 0
13461 1
13462 2
13463 1
13464 2
13465 1
13466 0
13467 0
13468 3
13469 2
13470 1
13471 2
13472 0
13473 1
13474 0
13475 3
13476 0
13477 1
13478 1
13479 0
13480 2
13481 2
13482 1
13483 1
13484 2
13485 1
13486 0
13487 4
13488 1
13489 1
13490 2
13491 2
13492 1
13493 3
13494 1
13495 1
13496 2
13497 2
13498 3
13499 2
13500 2
13501 4
13502 1
13503 2
13504 2
13505 0
13506 4
13507 1
13508 3
13509 0
13510 0
13511 0
13512 0
13513 2
13514 3
13515 0
13516 3
13517 3
13518 1
13519 1
13520 2
13521 0
13522 1
13523 3
13524 1
13525 3
13526 1
13527 0
13528 3
13529 2
13530 1
13531 3
13532 0
13533 0
13534 0
13535 0
13536 0
13537 1
13538 1
13539 1
13540 0
13541 2
13542 2
13543 0
13544 4
13545 2
13546 1
13547 0
13548 2
13549 1
13550 1
13551 2
13552 1
13553 2
13554 3
13555 2
13556 2
13557 2
13558 2
13559 2
13560 2
13561 2
13562 2
13563 2
13564 3
13565 4
13566 1
13567 1
13568 3
13569 3
13570 1
13571 1
13572 2
13573 0
13574 1
13575 1
13576 2
13577 3
13578 1
13579 1
13580 3
13581 2
13582 0
13583 1
13584 0
13585 1
13586 2
13587 1
13588 2
13589 1
13590 2
13591 0
13592 3
13593 0
13594 3
13595 1
13596 1
13597 1
13598 2
13599 0
13600 3
13601 2
13602 0
13603 1
13604 2
13605 1
13606 0
13607 2
13608 1
13609 2
13610 2
13611 3
13612 2
13613 3
13614 2
13615 1
13616 0
13617 2
13618 1
13619 3
13620 1
13621 0
13622 0
13623 2
13624 0
13625 2
13626 3
13627 1
13628 1
13629 1
13630 0
13631 4
13632 1
13633 2
13634 1
13635 2
13636 0
13637 3
13638 1
13639 0
13640 0
13641 0
13642 0
13643 0
13644 1
13645 1
13646 0
13647 2
13648 0
13649 0
13650 2
13651 0
13652 2
13653 2
13654 1
13655 2
13656 1
13657 1
13658 0
13659 4
13660 2
13661 0
13662 3
13663 4
13664 1
13665 0
13666 1
13667 4
13668 1
13669 1
13670 2
13671 2
13672 0
13673 0
13674 2
13675 3
13676 0
13677 1
13678 1
13679 2
13680 1
13681 4
13682 1
13683 0
13684 2
13685 1
13686 1
13687 0
13688 2
13689 3
13690 0
13691 0
13692 2
13693 2
13694 0
13695 1
13696 0
13697 3
13698 1
13699 1
13700 3
13701 0
13702 1
13703 2
13704 2
13705 2
13706 1
13707 2
13708 2
13709 0
13710 1
13711 1
13712 2
13713 1
13714 2
13715 0
13716 0
13717 1
13718 0
13719 2
13720 0
13721 3
13722 1
13723 1
13724 4
13725 0
13726 3
13727 0
13728 1
13729 2
13730 2
13731 2
13732 4
13733 0
13734 0
13735 0
13736 1
13737 2
13738 2
13739 3
13740 2
13741 1
13742 0
13743 1
13744 4
13745 1
13746 2
13747 2
13748 0
13749 0
13750 1
13751 3
13752 1
13753 3
13754 0
13755 2
13756 1
13757 1
13758 2
13759 1
13760 1
13761 3
13762 3
13763 1
13764 0
13765 2
13766 0
13767 1
13768 1
13769 2
13770 2
13771 1
13772 1
13773 2
13774 1
13775 3
13776 2
13777 2
13778 1
13779 1
13780 1
13781 0
13782 1
13783 1
13784 1
13785 2
13786 1
13787 3
13788 0
13789 1
13790 4
13791 1
13792 0
13793 1
13794 4
13795 1
13796 4
13797 3
13798 1
13799 2
13800 0
13801 3
13802 2
13803 3
13804 4
13805 2
13806 0
13807 0
13808 1
13809 2
13810 2
13811 1
13812 1
13813 1
13814 3
13815 1
13816 3
13817 1
13818 2
13819 1
13820 0
13821 2
13822 0
13823 3
13824 0
13825 2
13826 0
13827 2
13828 0
13829 2
13830 1
13831 0
13832 2
13833 2
13834 1
13835 1
13836 1
13837 3
13838 3
13839 1
13840 1
13841 0
13842 2
13843 1
13844 0
13845 4
13846 1
13847 1
13848 0
13849 1
13850 2
13851 2
13852 0
13853 1
13854 2
13855 0
13856 1
13857 0
13858 0
13859 0
13860 2
13861 2
13862 1
13863 2
13864 2
13865 3
13866 1
13867 1
13868 2
13869 0
13870 0
13871 3
13872 3
13873 2
13874 2
13875 0
13876 4
13877 2
13878 3
13879 2
13880 0
13881 0
13882 0
13883 0
13884 1
13885 0
13886 2
13887 0
13888 1
13889 1
13890 3
13891 0
13892 2
13893 1
13894 0
13895 1
13896 0
13897 2
13898 0
13899 2
13900 2
13901 1
13902 2
13903 0
13904 3
13905 2
13906 2
13907 1
13908 3
13909 0
13910 2
13911 0
13912 1
13913 2
13914 1
13915 5
13916 2
13917 0
13918 1
13919 1
13920 2
13921 3
13922 1
13923 2
13924 1
13925 1
13926 2
13927 4
13928 3
13929 2
13930 1
13931 1
13932 0
13933 1
13934 3
13935 1
13936 0
13937 3
13938 3
13939 0
13940 0
13941 1
13942 1
13943 0
13944 2
13945 0
13946 0
13947 2
13948 0
13949 1
13950 1
13951 1
13952 1
13953 2
13954 0
13955 1
13956 0
13957 0
13958 3
13959 1
13960 0
13961 2
13962 2
13963 2
13964 2
13965 0
13966 3
13967 1
13968 3
13969 1
13970 0
13971 1
13972 0
13973 1
13974 0
13975 3
13976 3
13977 2
13978 2
13979 1
13980 0
13981 1
13982 0
13983 0
13984 3
13985 2
13986 3
13987 1
13988 0
13989 2
13990 1
13991 1
13992 2
13993 3
13994 1
13995 1
13996 0
13997 2
13998 3
13999 1
14000 1
14001 0
14002 0
14003 3
14004 3
14005 0
14006 3
14007 0
14008 2
14009 1
14010 0
14011 2
14012 1
14013 1
14014 3
14015 0
14016 3
14017 0
14018 0
14019 0
14020 0
14021 1
14022 3
14023 2
14024 2
14025 1
14026 3
14027 3
14028 1
14029 0
14030 4
14031 2
14032 1
14033 3
14034 0
14035 0
14036 1
14037 1
14038 0
14039 2
14040 1
14041 2
14042 2
14043 0
14044 2
14045 0
14046 0
14047 0
14048 1
14049 1
14050 2
14051 2
14052 1
14053 1
14054 0
14055 0
14056 2
14057 2
14058 0
14059 2
14060 3
14061 3
14062 0
14063 0
14064 1
14065 1
14066 1
14067 1
14068 0
14069 1
14070 1
14071 1
14072 1
14073 1
14074 3
14075 1
14076 1
14077 3
14078 1
14079 2
14080 0
14081 1
14082 0
14083 1
14084 2
14085 1
14086 1
14087 0
14088 1
14089 0
14090 3
14091 3
14092 1
14093 4
14094 1
14095 0
14096 3
14097 1
14098 1
14099 2
14100 0
14101 1
14102 2
14103 1
14104 3
14105 0
14106 3
14107 2
14108 1
14109 3
14110 0
14111 0
14112 1
14113 1
14114 0
14115 2
14116 1
14117 4
14118 2
14119 2
14120 2
14121 0
14122 2
14123 0
14124 2
14125 1
14126 0
14127 0
14128 2
14129 2
14130 1
14131 3
14132 3
14133 0
14134 2
14135 0
14136 0
14137 2
14138 0
14139 2
14140 1
14141 1
14142 0
14143 1
14144 1
14145 0
14146 0
14147 1
14148 0
14149 3
14150 0
14151 0
14152 0
14153 1
14154 0
14155 2
14156 1
14157 2
14158 2
14159 0
14160 2
14161 2
14162 1
14163 1
14164 3
14165 0
14166 3
14167 2
14168 1
14169 3
14170 1
14171 0
14172 1
14173 4
14174 3
14175 3
14176 0
14177 0
14178 0
14179 0
14180 0
14181 0
14182 2
14183 0
14184 2
14185 0
14186 0
14187 1
14188 3
14189 3
14190 1
14191 4
14192 0
14193 2
14194 3
14195 1
14196 1
14197 3
14198 1
14199 0
14200 1
14201 2
14202 2
14203 2
14204 1
14205 0
14206 1
14207 3
14208 0
14209 0
14210 3
14211 0
14212 1
14213 2
14214 0
14215 2
14216 1
14217 2
14218 1
14219 1
14220 2
14221 0
14222 1
14223 1
14224 0
14225 1
14226 2
14227 1
14228 2
14229 1
14230 2
14231 0
14232 2
14233 0
14234 0
14235 3
14236 0
14237 3
14238 0
14239 0
14240 0
14241 2
14242 1
14243 3
14244 1
14245 2
14246 2
14247 0
14248 0
14249 2
14250 2
14251 0
14252 2
14253 1
14254 2
14255 1
14256 3
14257 1
14258 2
14259 3
14260 1
14261 2
14262 1
14263 3
14264 2
14265 2
14266 4
14267 0
14268 2
14269 3
14270 0
14271 1
14272 2
14273 3
14274 1
14275 3
14276 0
14277 0
14278 2
14279 0
14280 3
14281 2
14282 1
14283 3
14284 3
14285 3
14286 2
14287 0
14288 2
14289 1
14290 2
14291 0
14292 1
14293 2
14294 1
14295 3
14296 1
14297 1
14298 0
14299 0
14300 3
14301 0
14302 0
14303 3
14304 0
14305 1
14306 2
14307 3
14308 0
14309 0
14310 2
14311 0
14312 3
14313 1
14314 1
14315 0
14316 0
14317 2
14318 0
14319 2
14320 1
14321 0
14322 1
14323 0
14324 2
14325 0
14326 0
14327 0
14328 3
14329 3
14330 0
14331 1
14332 1
14333 0
14334 3
14335 1
14336 2
14337 3
14338 2
14339 1
14340 1
14341 0
14342 1
14343 3
14344 1
14345 3
14346 0
14347 0
14348 4
14349 2
14350 0
14351 2
14352 2
14353 3
14354 2
14355 0
14356 2
14357 3
14358 2
14359 2
14360 1
14361 1
14362 0
14363 1
14364 2
14365 1
14366 2
14367 3
14368 0
14369 2
14370 1
14371 4
14372 1
14373 1
14374 1
14375 2
14376 1
14377 2
14378 2
14379 1
14380 2
14381 3
14382 0
14383 4
14384 3
14385 1
14386 1
14387 0
14388 2
14389 0
14390 3
14391 0
14392 2
14393 4
14394 1
14395 2
14396 1
14397 3
14398 1
14399 0
14400 2
14401 1
14402 2
14403 0
14404 1
14405 2
14406 1
14407 2
14408 1
14409 3
14410 0
14411 0
14412 0
14413 1
14414 0
14415 2
14416 0
14417 2
14418 3
14419 2
14420 1
14421 2
14422 0
14423 0
14424 2
14425 2
14426 3
14427 1
14428 4
14429 1
14430 0
14431 0
14432 2
14433 2
14434 1
14435 0
14436 2
14437 1
14438 1
14439 2
14440 0
14441 0
14442 1
14443 2
14444 3
14445 2
14446 0
14447 2
14448 3
14449 1
14450 0
14451 4
14452 2
14453 2
14454 3
14455 3
14456 2
14457 3
14458 0
14459 4
14460 1
14461 2
14462 2
14463 2
14464 2
14465 1
14466 2
14467 3
14468 4
14469 3
14470 0
14471 2
14472 0
14473 1
14474 1
14475 2
14476 3
14477 3
14478 1
14479 1
14480 2
14481 4
14482 2
14483 1
14484 3
14485 3
14486 1
14487 3
14488 1
14489 4
14490 2
14491 2
14492 3
14493 1
14494 3
14495 3
14496 2
14497 1
14498 2
14499 3
14500 1
14501 1
14502 4
14503 0
14504 4
14505 1
14506 0
14507 3
14508 0
14509 0
14510 3
14511 3
14512 0
14513 0
14514 2
14515 2
14516 4
14517 1
14518 1
14519 2
14520 4
14521 2
14522 0
14523 2
14524 2
14525 0
14526 0
14527 0
14528 0
14529 3
14530 1
14531 0
14532 1
14533 2
14534 0
14535 0
14536 2
14537 2
14538 0
14539 1
14540 1
14541 0
14542 1
14543 0
14544 2
14545 1
14546 4
14547 2
14548 1
14549 0
14550 3
14551 1
14552 1
14553 0
14554 0
14555 1
14556 2
14557 2
14558 3
14559 0
14560 1
14561 3
14562 3
14563 2
14564 0
14565 1
14566 0
14567 0
14568 1
14569 0
14570 3
14571 2
14572 3
14573 3
14574 1
14575 2
14576 2
14577 1
14578 0
14579 0
14580 1
14581 2
14582 2
14583 0
14584 2
14585 2
14586 0
14587 2
14588 3
14589 1
14590 0
14591 2
14592 2
14593 2
14594 2
14595 2
14596 3
14597 0
14598 3
14599 1
14600 2
14601 2
14602 1
14603 0
14604 4
14605 2
14606 1
14607 2
14608 2
14609 2
14610 2
14611 3
14612 1
14613 0
14614 2
14615 2
14616 3
14617 0
14618 3
14619 0
14620 1
14621 0
14622 2
14623 1
14624 0
14625 3
14626 0
14627 1
14628 3
14629 0
14630 4
14631 3
14632 2
14633 1
14634 2
14635 2
14636 0
14637 1
14638 3
14639 0
14640 2
14641 2
14642 0
14643 2
14644 0
14645 1
14646 1
14647 2
14648 2
14649 0
14650 2
14651 0
14652 1
14653 2
14654 0
14655 0
14656 0
14657 0
14658 2
14659 0
14660 1
14661 3
14662 1
14663 1
14664 2
14665 1
14666 1
14667 2
14668 0
14669 0
14670 0
14671 0
14672 0
14673 1
14674 2
14675 3
14676 0
14677 1
14678 3
14679 0
14680 3
14681 2
14682 3
14683 2
14684 0
14685 4
14686 2
14687 2
14688 1
14689 0
14690 1
14691 0
14692 0
14693 1
14694 0
14695 0
14696 1
14697 0
14698 0
14699 4
14700 2
14701 0
14702 1
14703 2
14704 3
14705 0
14706 3
14707 1
14708 3
14709 2
14710 2
14711 0
14712 0
14713 0
14714 1
14715 2
14716 1
14717 1
14718 1
14719 2
14720 2
14721 1
14722 3
14723 2
14724 0
14725 2
14726 2
14727 2
14728 2
14729 0
14730 3
14731 2
14732 2
14733 3
14734 2
14735 0
14736 1
14737 3
14738 2
14739 1
14740 2
14741 3
14742 2
14743 1
14744 1
14745 2
14746 0
14747 0
14748 3
14749 1
14750 2
14751 1
14752 1
14753 0
14754 3
14755 3
14756 0
14757 1
14758 2
14759 3
14760 4
14761 1
14762 0
14763 3
14764 2
14765 1
14766 1
14767 2
14768 1
14769 3
14770 0
14771 3
14772 3
14773 0
14774 1
14775 1
14776 0
14777 0
14778 1
14779 3
14780 0
14781 2
14782 1
14783 0
14784 1
14785 0
14786 1
14787 0
14788 1
14789 1
14790 2
14791 3
14792 0
14793 1
14794 3
14795 1
14796 3
14797 0
14798 0
14799 2
14800 1
14801 0
14802 4
14803 3
14804 0
14805 0
14806 0
14807 3
14808 4
14809 0
14810 1
14811 2
14812 2
14813 1
14814 3
14815 3
14816 1
14817 1
14818 3
14819 3
14820 1
14821 0
14822 3
14823 1
14824 2
14825 1
14826 3
14827 2
14828 2
14829 1
14830 2
14831 2
14832 0
14833 3
14834 2
14835 0
14836 0
14837 1
14838 2
14839 1
14840 2
14841 4
14842 0
14843 1
14844 0
14845 1
14846 1
14847 3
14848 3
14849 3
14850 0
14851 2
14852 1
14853 0
14854 3
14855 1
14856 1
14857 2
14858 1
14859 0
14860 1
14861 3
14862 4
14863 2
14864 0
14865 0
14866 1
14867 2
14868 2
14869 0
14870 0
14871 0
14872 1
14873 1
14874 2
14875 2
14876 2
14877 2
14878 2
14879 2
14880 1
14881 0
14882 0
14883 0
14884 0
14885 1
14886 0
14887 3
14888 3
14889 3
14890 0
14891 0
14892 1
14893 1
14894 3
14895 0
14896 4
14897 2
14898 1
14899 0
14900 1
14901 2
14902 0
14903 4
14904 0
14905 2
14906 2
14907 3
14908 3
14909 3
14910 2
14911 0
14912 0
14913 2
14914 1
14915 1
14916 3
14917 2
14918 0
14919 2
14920 1
14921 1
14922 0
14923 1
14924 2
14925 1
14926 1
14927 0
14928 2
14929 2
14930 1
14931 2
14932 3
14933 3
14934 2
14935 1
14936 3
14937 0
14938 3
14939 2
14940 3
14941 3
14942 3
14943 1
14944 0
14945 0
14946 1
14947 0
14948 0
14949 2
14950 2
14951 1
14952 3
14953 1
14954 0
14955 2
14956 2
14957 3
14958 3
14959 3
14960 0
14961 2
14962 0
14963 2
14964 0
14965 3
14966 3
14967 2
14968 0
14969 2
14970 2
14971 0
14972 0
14973 0
14974 1
14975 0
14976 0
14977 1
14978 3
14979 3
14980 2
14981 2
14982 3
14983 0
14984 2
14985 2
14986 0
14987 0
14988 3
14989 1
14990 4
14991 1
14992 1
14993 1
14994 1
14995 1
14996 2
14997 0
14998 0
14999 2
15000 3
15001 3
15002 1
15003 1
15004 0
15005 4
15006 0
15007 2
15008 0
15009 3
15010 3
15011 2
15012 1
15013 2
15014 0
15015 3
15016 3
15017 3
15018 1
15019 4
15020 1
15021 3
15022 1
15023 0
15024 4
15025 1
15026 1
15027 1
15028 1
15029 1
15030 2
15031 2
15032 1
15033 3
15034 2
15035 2
15036 1
15037 1
15038 1
15039 2
15040 3
15041 2
15042 0
15043 3
15044 1
15045 2
15046 0
15047 3
15048 0
15049 0
15050 2
15051 0
15052 0
15053 1
15054 2
15055 2
15056 2
15057 4
15058 0
15059 1
15060 4
15061 4
15062 1
15063 2
15064 2
15065 0
15066 1
15067 1
15068 2
15069 0
15070 3
15071 2
15072 2
15073 2
15074 3
15075 1
15076 0
15077 3
15078 0
15079 2
15080 3
15081 2
15082 3
15083 0
15084 0
15085 1
15086 3
15087 1
15088 2
15089 1
15090 2
15091 2
15092 3
15093 2
15094 2
15095 4
15096 2
15097 3
15098 1
15099 2
15100 1
15101 2
15102 2
15103 0
15104 1
15105 1
15106 0
15107 0
15108 3
15109 0
15110 1
15111 2
15112 4
15113 3
15114 1
15115 3
15116 0
15117 2
15118 2
15119 1
15120 0
15121 2
15122 2
15123 3
15124 3
15125 2
15126 1
15127 2
15128 1
15129 2
15130 3
15131 3
15132 4
15133 2
15134 3
15135 2
15136 0
15137 1
15138 2
15139 3
15140 3
15141 1
15142 2
15143 2
15144 2
15145 0
15146 0
15147 1
15148 0
15149 2
15150 2
15151 1
15152 2
15153 3
15154 2
15155 2
15156 4
15157 1
15158 0
15159 0
15160 1
15161 0
15162 3
15163 2
15164 2
15165 1
15166 2
15167 3
15168 3
15169 0
15170 2
15171 3
15172 0
15173 0
15174 2
15175 1
15176 2
15177 1
15178 1
15179 1
15180 1
15181 2
15182 2
15183 3
15184 4
15185 0
15186 3
15187 0
15188 1
15189 3
15190 3
15191 0
15192 1
15193 0
15194 3
15195 2
15196 2
15197 2
15198 2
15199 1
15200 2
15201 1
15202 2
15203 1
15204 0
15205 3
15206 2
15207 2
15208 3
15209 2
15210 1
15211 1
15212 1
15213 2
15214 2
15215 0
15216 0
15217 0
15218 3
15219 0
15220 2
15221 1
15222 0
15223 3
15224 0
15225 1
15226 2
15227 2
15228 3
15229 3
15230 0
15231 1
15232 3
15233 1
15234 3
15235 0
15236 0
15237 0
15238 1
15239 1
15240 1
15241 1
15242 4
15243 2
15244 3
15245 1
15246 0
15247 3
15248 2
15249 3
15250 1
15251 1
15252 1
15253 3
15254 2
15255 3
15256 1
15257 1
15258 2
15259 0
15260 0
15261 1
15262 1
15263 2
15264 3
15265 1
15266 2
15267 1
15268 1
15269 2
15270 1
15271 2
15272 3
15273 3
15274 2
15275 2
15276 1
15277 2
15278 2
15279 0
15280 0
15281 2
15282 2
15283 2
15284 0
15285 0
15286 3
15287 0
15288 1
15289 1
15290 0
15291 0
15292 1
15293 1
15294 1
15295 0
15296 1
15297 3
15298 1
15299 3
15300 0
15301 1
15302 3
15303 2
15304 0
15305 0
15306 0
15307 2
15308 1
15309 3
15310 1
15311 3
15312 2
15313 1
15314 0
15315 3
15316 1
15317 0
15318 0
15319 0
15320 2
15321 2
15322 3
15323 1
15324 2
15325 2
15326 3
15327 2
15328 1
15329 2
15330 0
15331 2
15332 3
15333 3
15334 0
15335 0
15336 0
15337 2
15338 2
15339 0
15340 2
15341 3
15342 3
15343 2
15344 3
15345 2
15346 2
15347 2
15348 2
15349 2
15350 4
15351 3
15352 1
15353 3
15354 0
15355 2
15356 3
15357 1
15358 0
15359 3
15360 2
15361 1
15362 1
15363 0
15364 1
15365 1
15366 2
15367 2
15368 2
15369 1
15370 1
15371 4
15372 0
15373 0
15374 2
15375 2
15376 0
15377 3
15378 1
15379 3
15380 1
15381 1
15382 1
15383 0
15384 0
15385 2
15386 2
15387 3
15388 1
15389 0
15390 2
15391 0
15392 2
15393 3
15394 2
15395 0
15396 2
15397 2
15398 3
15399 4
15400 0
15401 3
15402 4
15403 1
15404 2
15405 2
15406 1
15407 2
15408 0
15409 0
15410 3
15411 0
15412 2
15413 2
15414 3
15415 0
15416 3
15417 3
15418 1
15419 0
15420 2
15421 1
15422 2
15423 0
15424 1
15425 0
15426 3
15427 1
15428 3
15429 2
15430 2
15431 2
15432 3
15433 2
15434 1
15435 0
15436 2
15437 2
15438 2
15439 3
15440 2
15441 1
15442 1
15443 0
15444 0
15445 0
15446 0
15447 2
15448 2
15449 1
15450 1
15451 1
15452 1
15453 0
15454 3
15455 1
15456 3
15457 3
15458 3
15459 0
15460 0
15461 0
15462 1
15463 0
15464 2
15465 3
15466 0
15467 1
15468 2
15469 1
15470 2
15471 0
15472 2
15473 2
15474 1
15475 2
15476 2
15477 2
15478 2
15479 2
15480 3
15481 0
15482 2
15483 1
15484 1
15485 3
15486 1
15487 1
15488 2
15489 2
15490 0
15491 3
15492 3
15493 0
15494 0
15495 4
15496 1
15497 2
15498 1
15499 2
15500 0
15501 0
15502 0
15503 2
15504 2
15505 3
15506 2
15507 2
15508 2
15509 3
15510 0
15511 3
15512 0
15513 1
15514 4
15515 1
15516 4
15517 2
15518 0
15519 2
15520 2
15521 3
15522 4
15523 2
15524 2
15525 1
15526 4
15527 1
15528 2
15529 0
15530 1
15531 2
15532 2
15533 4
15534 2
15535 0
15536 2
15537 1
15538 3
15539 0
15540 1
15541 3
15542 1
15543 4
15544 1
15545 1
15546 2
15547 0
15548 4
15549 1
15550 2
15551 0
15552 0
15553 3
15554 0
15555 1
15556 0
15557 2
15558 0
15559 4
15560 2
15561 3
15562 0
15563 0
15564 2
15565 2
15566 2
15567 3
15568 3
15569 1
15570 2
15571 1
15572 0
15573 3
15574 1
15575 3
15576 1
15577 3
15578 2
15579 3
15580 2
15581 1
15582 2
15583 2
15584 2
15585 2
15586 1
15587 0
15588 3
15589 1
15590 3
15591 2
15592 1
15593 2
15594 4
15595 2
15596 0
15597 1
15598 2
15599 3
15600 0
15601 3
15602 1
15603 3
15604 3
15605 1
15606 1
15607 4
15608 1
15609 0
15610 2
15611 2
15612 1
15613 3
15614 0
15615 2
15616 3
15617 2
15618 3
15619 1
15620 3
15621 3
15622 0
15623 3
15624 1
15625 2
15626 0
15627 0
15628 1
15629 2
15630 3
15631 1
15632 2
15633 3
15634 2
15635 0
15636 1
15637 0
15638 3
15639 1
15640 2
15641 0
15642 3
15643 0
15644 0
15645 3
15646 1
15647 1
15648 3
15649 0
15650 0
15651 1
15652 1
15653 3
15654 2
15655 0
15656 2
15657 2
15658 2
15659 1
15660 3
15661 1
15662 2
15663 0
15664 0
15665 0
15666 2
15667 0
15668 2
15669 2
15670 0
15671 1
15672 3
15673 0
15674 0
15675 1
15676 2
15677 3
15678 3
15679 1
15680 1
15681 1
15682 0
15683 2
15684 3
15685 1
15686 1
15687 0
15688 2
15689 2
15690 2
15691 4
15692 2
15693 0
15694 2
15695 0
15696 4
15697 2
15698 3
15699 1
15700 3
15701 0
15702 2
15703 1
15704 0
15705 1
15706 4
15707 0
15708 0
15709 3
15710 1
15711 1
15712 1
15713 2
15714 2
15715 1
15716 3
15717 3
15718 0
15719 1
15720 2
15721 0
15722 0
15723 0
15724 3
15725 0
15726 1
15727 3
15728 2
15729 1
15730 1
15731 2
15732 3
15733 1
15734 0
15735 2
15736 3
15737 0
15738 1
15739 3
15740 2
15741 0
15742 2
15743 0
15744 2
15745 0
15746 2
15747 1
15748 4
15749 0
15750 0
15751 0
15752 3
15753 1
15754 2
15755 0
15756 1
15757 0
15758 2
15759 3
15760 0
15761 2
15762 2
15763 3
15764 0
15765 1
15766 0
15767 3
15768 2
15769 2
15770 2
15771 2
15772 0
15773 3
15774 1
15775 2
15776 0
15777 2
15778 1
15779 3
15780 3
15781 3
15782 3
15783 1
15784 1
15785 3
15786 2
15787 4
15788 0
15789 1
15790 1
15791 2
15792 3
15793 2
15794 2
15795 0
15796 0
15797 3
15798 2
15799 0
15800 1
15801 3
15802 1
15803 1
15804 1
15805 3
15806 0
15807 1
15808 0
15809 2
15810 2
15811 2
15812 1
15813 3
15814 3
15815 3
15816 1
15817 3
15818 1
15819 1
15820 1
15821 4
15822 3
15823 2
15824 1
15825 3
15826 2
15827 2
15828 2
15829 3
15830 4
15831 1
15832 3
15833 0
15834 1
15835 1
15836 0
15837 0
15838 0
15839 0
15840 3
15841 1
15842 2
15843 4
15844 2
15845 3
15846 2
15847 3
15848 0
15849 2
15850 4
15851 0
15852 1
15853 2
15854 1
15855 3
15856 0
15857 0
15858 0
15859 2
15860 1
15861 1
15862 2
15863 2
15864 1
15865 0
15866 2
15867 4
15868 2
15869 1
15870 0
15871 1
15872 1
15873 3
15874 1
15875 2
15876 3
15877 2
15878 0
15879 2
15880 0
15881 1
15882 0
15883 1
15884 1
15885 0
15886 1
15887 2
15888 0
15889 1
15890 0
15891 1
15892 4
15893 1
15894 3
15895 4
15896 0
15897 1
15898 0
15899 1
15900 1
15901 1
15902 2
15903 3
15904 0
15905 2
15906 2
15907 0
15908 3
15909 2
15910 3
15911 0
15912 3
15913 2
15914 1
15915 1
15916 2
15917 2
15918 1
15919 3
15920 2
15921 1
15922 3
15923 2
15924 3
15925 2
15926 2
15927 2
15928 2
15929 1
15930 2
15931 4
15932 2
15933 0
15934 0
15935 1
15936 1
15937 1
15938 3
15939 2
15940 2
15941 0
15942 3
15943 0
15944 3
15945 1
15946 0
15947 0
15948 1
15949 1
15950 1
15951 0
15952 0
15953 2
15954 0
15955 1
15956 1
15957 2
15958 3
15959 0
15960 2
15961 3
15962 2
15963 3
15964 2
15965 2
15966 1
15967 2
15968 0
15969 2
15970 2
15971 3
15972 1
15973 1
15974 3
15975 2
15976 0
15977 0
15978 1
15979 0
15980 2
15981 2
15982 1
15983 2
15984 2
15985 2
15986 2
15987 1
15988 3
15989 4
15990 1
15991 0
15992 3
15993 2
15994 1
15995 1
15996 0
15997 0
15998 3
15999 0
16000 1
16001 2
16002 1
16003 2
16004 3
16005 0
16006 3
16007 3
16008 1
16009 3
16010 1
16011 2
16012 2
16013 1
16014 2
16015 1
16016 2
16017 1
16018 1
16019 2
16020 0
16021 3
16022 0
16023 0
16024 0
16025 1
16026 5
16027 0
16028 3
16029 3
16030 1
16031 3
16032 1
16033 2
16034 3
16035 2
16036 3
16037 3
16038 0
16039 1
16040 1
16041 0
16042 1
16043 1
16044 0
16045 0
16046 0
16047 2
16048 3
16049 1
16050 2
16051 0
16052 1
16053 3
16054 3
16055 2
16056 0
16057 2
16058 2
16059 1
16060 3
16061 3
16062 1
16063 0
16064 3
16065 2
16066 1
16067 0
16068 3
16069 2
16070 3
16071 0
16072 2
16073 1
16074 3
16075 0
16076 3
16077 1
16078 1
16079 3
16080 2
16081 1
16082 2
16083 2
16084 0
16085 2
16086 0
16087 2
16088 3
16089 3
16090 3
16091 0
16092 1
16093 0
16094 3
16095 3
16096 3
16097 2
16098 3
16099 3
16100 3
16101 1
16102 2
16103 0
16104 0
16105 0
16106 0
16107 3
16108 2
16109 2
16110 0
16111 3
16112 1
16113 2
16114 0
16115 0
16116 1
16117 3
16118 2
16119 3
16120 3
16121 0
16122 2
16123 1
16124 3
16125 3
16126 0
16127 2
16128 4
16129 3
16130 1
16131 2
16132 3
16133 2
16134 0
16135 3
16136 0
16137 0
16138 0
16139 3
16140 0
16141 2
16142 0
16143 0
16144 0
16145 1
16146 0
16147 0
16148 3
16149 3
16150 2
16151 2
16152 2
16153 0
16154 3
16155 3
16156 2
16157 3
16158 1
16159 2
16160 2
16161 2
16162 1
16163 0
16164 2
16165 2
16166 2
16167 4
16168 3
16169 1
16170 1
16171 0
16172 1
16173 0
16174 3
16175 3
16176 1
16177 2
16178 1
16179 0
16180 0
16181 1
16182 3
16183 1
16184 0
16185 3
16186 3
16187 1
16188 0
16189 1
16190 1
16191 3
16192 2
16193 1
16194 0
16195 0
16196 1
16197 1
16198 2
16199 4
16200 3
16201 4
16202 3
16203 2
16204 0
16205 0
16206 1
16207 1
16208 1
16209 2
16210 4
16211 2
16212 1
16213 1
16214 2
16215 2
16216 2
16217 1
16218 2
16219 2
16220 2
16221 1
16222 0
16223 3
16224 1
16225 1
16226 1
16227 3
16228 0
16229 0
16230 1
16231 3
16232 0
16233 3
16234 1
16235 3
16236 1
16237 3
16238 2
16239 0
16240 4
16241 0
16242 0
16243 0
16244 1
16245 2
16246 0
16247 2
16248 1
16249 2
16250 0
16251 0
16252 2
16253 2
16254 2
16255 2
16256 3
16257 2
16258 0
16259 3
16260 3
16261 2
16262 2
16263 0
16264 0
16265 0
16266 0
16267 2
16268 0
16269 2
16270 0
16271 1
16272 2
16273 3
16274 1
16275 2
16276 4
16277 2
16278 2
16279 2
16280 2
16281 1
16282 2
16283 1
16284 1
16285 3
16286 1
16287 2
16288 3
16289 1
16290 2
16291 0
16292 3
16293 1
16294 3
16295 4
16296 1
16297 0
16298 1
16299 3
16300 2
16301 4
16302 2
16303 2
16304 2
16305 2
16306 0
16307 1
16308 0
16309 0
16310 0
16311 1
16312 0
16313 3
16314 3
16315 3
16316 0
16317 3
16318 1
16319 2
16320 3
16321 1
16322 0
16323 3
16324 0
16325 3
16326 3
16327 1
16328 1
16329 3
16330 0
16331 2
16332 3
16333 1
16334 1
16335 2
16336 3
16337 0
16338 2
16339 4
16340 3
16341 2
16342 1
16343 1
16344 1
16345 1
16346 0
16347 3
16348 3
16349 1
16350 0
16351 2
16352 2
16353 0
16354 1
16355 0
16356 3
16357 0
16358 3
16359 0
16360 0
16361 3
16362 3
16363 2
16364 2
16365 2
16366 3
16367 0
16368 3
16369 0
16370 4
16371 4
16372 0
16373 2
16374 1
16375 0
16376 3
16377 0
16378 3
16379 0
16380 3
16381 3
16382 0
16383 2
16384 0
16385 4
16386 3
16387 1
16388 0
16389 2
16390 2
16391 3
16392 2
16393 0
16394 3
16395 2
16396 2
16397 2
16398 2
16399 1
16400 1
16401 2
16402 2
16403 1
16404 3
16405 3
16406 3
16407 1
16408 4
16409 1
16410 2
16411 4
16412 2
16413 0
16414 4
16415 0
16416 2
16417 1
16418 2
16419 2
16420 2
16421 3
16422 3
16423 2
16424 2
16425 3
16426 3
16427 2
16428 0
16429 0
16430 0
16431 1
16432 0
16433 2
16434 1
16435 0
16436 3
16437 0
16438 1
16439 2
16440 2
16441 3
16442 2
16443 3
16444 0
16445 0
16446 3
16447 2
16448 3
16449 4
16450 3
16451 3
16452 3
16453 2
16454 0
16455 2
16456 2
16457 3
16458 3
16459 2
16460 4
16461 1
16462 3
16463 1
16464 2
16465 1
16466 3
16467 2
16468 0
16469 0
16470 1
16471 0
16472 0
16473 2
16474 3
16475 0
16476 1
16477 3
16478 3
16479 1
16480 3
16481 0
16482 0
16483 3
16484 4
16485 0
16486 1
16487 4
16488 1
16489 1
16490 2
16491 1
16492 0
16493 3
16494 3
16495 4
16496 4
16497 0
16498 1
16499 1
16500 3
16501 2
16502 0
16503 2
16504 1
16505 3
16506 3
16507 3
16508 3
16509 0
16510 4
16511 0
16512 1
16513 3
16514 1
16515 2
16516 1
16517 1
16518 0
16519 3
16520 1
16521 3
16522 2
16523 2
16524 2
16525 4
16526 2
16527 3
16528 1
16529 1
16530 2
16531 0
16532 1
16533 1
16534 1
16535 0
16536 0
16537 2
16538 1
16539 1
16540 1
16541 3
16542 2
16543 2
16544 4
16545 1
16546 0
16547 1
16548 1
16549 1
16550 1
16551 3
16552 3
16553 1
16554 0
16555 3
16556 4
16557 2
16558 1
16559 3
16560 2
16561 4
16562 2
16563 3
16564 0
16565 3
16566 0
16567 3
16568 1
16569 1
16570 3
16571 1
16572 3
16573 4
16574 0
16575 3
16576 1
16577 1
16578 1
16579 1
16580 3
16581 0
16582 1
16583 0
16584 2
16585 1
16586 4
16587 1
16588 2
16589 2
16590 0
16591 3
16592 0
16593 2
16594 3
16595 1
16596 1
16597 1
16598 2
16599 1
16600 2
16601 2
16602 4
16603 0
16604 3
16605 1
16606 0
16607 4
16608 1
16609 2
16610 3
16611 0
16612 2
16613 0
16614 0
16615 1
16616 2
16617 3
16618 1
16619 1
16620 3
16621 3
16622 4
16623 2
16624 2
16625 1
16626 0
16627 0
16628 2
16629 3
16630 2
16631 2
16632 2
16633 1
16634 1
16635 2
16636 0
16637 1
16638 2
16639 2
16640 4
16641 1
16642 0
16643 1
16644 1
16645 0
16646 0
16647 1
16648 2
16649 1
16650 1
16651 1
16652 2
16653 3
16654 2
16655 4
16656 2
16657 0
16658 2
16659 3
16660 1
16661 3
16662 2
16663 1
16664 0
16665 3
16666 0
16667 4
16668 3
16669 3
16670 0
16671 1
16672 2
16673 3
16674 1
16675 4
16676 4
16677 0
16678 3
16679 2
16680 1
16681 0
16682 3
16683 1
16684 2
16685 0
16686 2
16687 0
16688 2
16689 1
16690 1
16691 4
16692 1
16693 1
16694 0
16695 2
16696 0
16697 3
16698 3
16699 3
16700 2
16701 1
16702 2
16703 2
16704 3
16705 1
16706 3
16707 3
16708 2
16709 2
16710 2
16711 4
16712 0
16713 1
16714 1
16715 3
16716 0
16717 4
16718 2
16719 3
16720 2
16721 0
16722 0
16723 0
16724 1
16725 0
16726 1
16727 0
16728 1
16729 1
16730 0
16731 4
16732 0
16733 1
16734 3
16735 2
16736 1
16737 0
16738 3
16739 2
16740 1
16741 3
16742 0
16743 1
16744 2
16745 3
16746 0
16747 4
16748 2
16749 3
16750 3
16751 3
16752 2
16753 2
16754 1
16755 0
16756 0
16757 3
16758 1
16759 4
16760 1
16761 1
16762 3
16763 1
16764 4
16765 1
16766 3
16767 2
16768 1
16769 3
16770 3
16771 4
16772 3
16773 3
16774 0
16775 3
16776 2
16777 2
16778 2
16779 3
16780 0
16781 1
16782 0
16783 2
16784 2
16785 1
16786 1
16787 3
16788 2
16789 1
16790 2
16791 2
16792 1
16793 3
16794 1
16795 5
16796 0
16797 1
16798 1
16799 0
16800 0
16801 2
16802 3
16803 0
16804 1
16805 3
16806 2
16807 0
16808 0
16809 2
16810 3
16811 3
16812 4
16813 2
16814 1
16815 1
16816 0
16817 4
16818 1
16819 4
16820 1
16821 3
16822 3
16823 1
16824 1
16825 3
16826 0
16827 2
16828 0
16829 0
16830 2
16831 0
16832 4
16833 2
16834 2
16835 3
16836 3
16837 1
16838 3
16839 1
16840 3
16841 1
16842 2
16843 3
16844 3
16845 0
16846 0
16847 1
16848 2
16849 0
16850 3
16851 2
16852 0
16853 3
16854 0
16855 0
16856 0
16857 2
16858 0
16859 0
16860 2
16861 2
16862 0
16863 4
16864 2
16865 4
16866 0
16867 1
16868 0
16869 4
16870 3
16871 0
16872 1
16873 0
16874 2
16875 1
16876 2
16877 0
16878 0
16879 0
16880 2
16881 2
16882 2
16883 4
16884 1
16885 1
16886 1
16887 1
16888 1
16889 3
16890 0
16891 0
16892 3
16893 0
16894 0
16895 1
16896 0
16897 0
16898 0
16899 1
16900 2
16901 1
16902 1
16903 1
16904 0
16905 2
16906 4
16907 3
16908 4
16909 3
16910 0
16911 4
16912 0
16913 2
16914 3
16915 1
16916 1
16917 2
16918 3
16919 1
16920 3
16921 3
16922 2
16923 3
16924 1
16925 2
16926 0
16927 1
16928 2
16929 3
16930 4
16931 0
16932 3
16933 3
16934 0
16935 2
16936 2
16937 1
16938 2
16939 4
16940 1
16941 3
16942 0
16943 1
16944 0
16945 2
16946 1
16947 2
16948 3
16949 1
16950 2
16951 3
16952 2
16953 4
16954 0
16955 2
16956 4
16957 2
16958 0
16959 1
16960 1
16961 2
16962 3
16963 0
16964 2
16965 0
16966 4
16967 4
16968 4
16969 1
16970 1
16971 1
16972 2
16973 3
16974 3
16975 0
16976 1
16977 2
16978 1
16979 2
16980 2
16981 3
16982 0
16983 0
16984 0
16985 3
16986 1
16987 2
16988 0
16989 2
16990 1
16991 2
16992 3
16993 1
16994 3
16995 3
16996 2
16997 3
16998 4
16999 1
17000 3
17001 1
17002 1
17003 4
17004 0
17005 3
17006 0
17007 3
17008 0
17009 3
17010 4
17011 1
17012 2
17013 1
17014 2
17015 1
17016 0
17017 0
17018 0
17019 0
17020 3
17021 2
17022 3
17023 0
17024 2
17025 1
17026 3
17027 3
17028 0
17029 0
17030 2
17031 2
17032 0
17033 3
17034 2
17035 2
17036 3
17037 0
17038 1
17039 2
17040 3
17041 0
17042 0
17043 1
17044 4
17045 0
17046 0
17047 0
17048 2
17049 0
17050 1
17051 1
17052 2
17053 0
17054 0
17055 3
17056 1
17057 3
17058 3
17059 0
17060 0
17061 2
17062 2
17063 3
17064 4
17065 2
17066 2
17067 1
17068 3
17069 1
17070 4
17071 3
17072 2
17073 2
17074 2
17075 4
17076 3
17077 4
17078 3
17079 3
17080 1
17081 0
17082 2
17083 0
17084 3
17085 2
17086 0
17087 2
17088 3
17089 3
17090 1
17091 1
17092 0
17093 0
17094 2
17095 2
17096 1
17097 0
17098 0
17099 3
17100 0
17101 1
17102 3
17103 2
17104 2
17105 0
17106 1
17107 4
17108 1
17109 4
17110 3
17111 1
17112 1
17113 0
17114 3
17115 3
17116 0
17117 2
17118 0
17119 1
17120 3
17121 2
17122 0
17123 3
17124 3
17125 0
17126 0
17127 1
17128 0
17129 0
17130 1
17131 4
17132 0
17133 1
17134 2
17135 1
17136 2
17137 2
17138 1
17139 1
17140 2
17141 3
17142 3
17143 1
17144 0
17145 2
17146 1
17147 2
17148 1
17149 2
17150 3
17151 0
17152 2
17153 3
17154 1
17155 3
17156 0
17157 2
17158 1
17159 0
17160 4
17161 1
17162 3
17163 2
17164 2
17165 0
17166 2
17167 0
17168 0
17169 3
17170 1
17171 2
17172 1
17173 4
17174 0
17175 2
17176 2
17177 1
17178 3
17179 1
17180 1
17181 1
17182 0
17183 1
17184 0
17185 3
17186 1
17187 3
17188 0
17189 0
17190 3
17191 3
17192 3
17193 3
17194 0
17195 2
17196 0
17197 0
17198 2
17199 1
17200 0
17201 3
17202 3
17203 2
17204 4
17205 3
17206 0
17207 1
17208 0
17209 3
17210 0
17211 2
17212 1
17213 0
17214 3
17215 2
17216 2
17217 3
17218 1
17219 1
17220 0
17221 0
17222 2
17223 1
17224 2
17225 0
17226 3
17227 4
17228 3
17229 0
17230 2
17231 1
17232 2
17233 2
17234 3
17235 1
17236 2
17237 4
17238 1
17239 2
17240 1
17241 0
17242 1
17243 0
17244 3
17245 3
17246 1
17247 2
17248 1
17249 3
17250 0
17251 4
17252 0
17253 0
17254 0
17255 5
17256 3
17257 2
17258 1
17259 3
17260 0
17261 1
17262 1
17263 0
17264 1
17265 3
17266 2
17267 1
17268 0
17269 3
17270 0
17271 1
17272 2
17273 0
17274 1
17275 0
17276 4
17277 2
17278 2
17279 1
17280 3
17281 0
17282 2
17283 0
17284 1
17285 3
17286 3
17287 3
17288 2
17289 4
17290 2
17291 2
17292 1
17293 1
17294 0
17295 2
17296 1
17297 1
17298 1
17299 2
17300 4
17301 1
17302 2
17303 0
17304 0
17305 2
17306 0
17307 4
17308 1
17309 3
17310 3
17311 2
17312 3
17313 0
17314 3
17315 2
17316 0
17317 1
17318 1
17319 2
17320 0
17321 2
17322 1
17323 0
17324 3
17325 0
17326 0
17327 1
17328 1
17329 2
17330 0
17331 3
17332 0
17333 3
17334 1
17335 4
17336 4
17337 2
17338 3
17339 2
17340 2
17341 3
17342 2
17343 3
17344 2
17345 0
17346 1
17347 1
17348 4
17349 2
17350 0
17351 2
17352 0
17353 3
17354 0
17355 3
17356 3
17357 1
17358 1
17359 2
17360 2
17361 2
17362 0
17363 0
17364 3
17365 1
17366 1
17367 1
17368 0
17369 0
17370 1
17371 1
17372 4
17373 2
17374 1
17375 3
17376 1
17377 3
17378 2
17379 4
17380 0
17381 3
17382 3
17383 1
17384 3
17385 2
17386 2
17387 2
17388 0
17389 1
17390 1
17391 3
17392 3
17393 3
17394 1
17395 0
17396 0
17397 3
17398 3
17399 0
17400 0
17401 3
17402 3
17403 2
17404 4
17405 1
17406 0
17407 4
17408 4
17409 3
17410 2
17411 1
17412 0
17413 1
17414 3
17415 2
17416 0
17417 2
17418 1
17419 2
17420 3
17421 4
17422 3
17423 3
17424 1
17425 3
17426 0
17427 2
17428 2
17429 1
17430 1
17431 2
17432 2
17433 0
17434 1
17435 2
17436 3
17437 1
17438 2
17439 1
17440 0
17441 0
17442 0
17443 2
17444 0
17445 3
17446 0
17447 0
17448 2
17449 4
17450 0
17451 2
17452 3
17453 4
17454 1
17455 0
17456 1
17457 3
17458 4
17459 2
17460 2
17461 4
17462 2
17463 1
17464 1
17465 0
17466 3
17467 2
17468 1
17469 1
17470 0
17471 2
17472 4
17473 1
17474 2
17475 1
17476 3
17477 2
17478 1
17479 3
17480 1
17481 2
17482 1
17483 3
17484 3
17485 0
17486 2
17487 1
17488 3
17489 2
17490 1
17491 4
17492 2
17493 2
17494 2
17495 2
17496 0
17497 2
17498 3
17499 2
17500 1
17501 1
17502 2
17503 2
17504 3
17505 0
17506 2
17507 2
17508 0
17509 3
17510 1
17511 3
17512 2
17513 0
17514 0
17515 4
17516 2
17517 0
17518 1
17519 0
17520 2
17521 1
17522 2
17523 2
17524 2
17525 0
17526 3
17527 0
17528 2
17529 2
17530 3
17531 3
17532 0
17533 1
17534 1
17535 1
17536 2
17537 3
17538 3
17539 3
17540 3
17541 2
17542 0
17543 3
17544 1
17545 2
17546 4
17547 3
17548 2
17549 2
17550 0
17551 3
17552 2
17553 1
17554 3
17555 0
17556 2
17557 3
17558 1
17559 1
17560 2
17561 1
17562 1
17563 0
17564 0
17565 1
17566 2
17567 1
17568 3
17569 0
17570 0
17571 0
17572 1
17573 3
17574 1
17575 1
17576 2
17577 2
17578 3
17579 2
17580 1
17581 1
17582 0
17583 0
17584 3
17585 1
17586 1
17587 0
17588 0
17589 2
17590 4
17591 3
17592 3
17593 0
17594 2
17595 1
17596 0
17597 0
17598 2
17599 2
17600 1
17601 0
17602 0
17603 3
17604 2
17605 2
17606 2
17607 1
17608 1
17609 1
17610 1
17611 1
17612 1
17613 1
17614 3
17615 0
17616 3
17617 3
17618 2
17619 2
17620 0
17621 1
17622 3
17623 3
17624 1
17625 2
17626 0
17627 2
17628 2
17629 0
17630 4
17631 1
17632 2
17633 1
17634 1
17635 0
17636 2
17637 3
17638 2
17639 4
17640 0
17641 2
17642 0
17643 2
17644 1
17645 3
17646 3
17647 2
17648 2
17649 3
17650 3
17651 0
17652 3
17653 1
17654 0
17655 1
17656 4
17657 3
17658 1
17659 3
17660 2
17661 3
17662 1
17663 1
17664 1
17665 2
17666 4
17667 3
17668 2
17669 3
17670 1
17671 3
17672 0
17673 3
17674 0
17675 2
17676 2
17677 4
17678 1
17679 1
17680 2
17681 0
17682 2
17683 0
17684 2
17685 5
17686 3
17687 3
17688 2
17689 3
17690 0
17691 1
17692 3
17693 3
17694 1
17695 4
17696 4
17697 0
17698 1
17699 0
17700 0
17701 2
17702 2
17703 4
17704 0
17705 2
17706 0
17707 1
17708 2
17709 0
17710 2
17711 2
17712 3
17713 2
17714 0
17715 1
17716 1
17717 1
17718 2
17719 4
17720 1
17721 1
17722 3
17723 5
17724 2
17725 3
17726 0
17727 1
17728 1
17729 2
17730 1
17731 4
17732 1
17733 2
17734 0
17735 2
17736 1
17737 0
17738 1
17739 2
17740 2
17741 2
17742 3
17743 3
17744 1
17745 0
17746 3
17747 0
17748 1
17749 3
17750 0
17751 0
17752 1
17753 0
17754 2
17755 0
17756 1
17757 4
17758 1
17759 0
17760 3
17761 1
17762 1
17763 0
17764 0
17765 0
17766 1
17767 0
17768 3
17769 1
17770 0
17771 3
17772 4
17773 1
17774 0
17775 1
17776 0
17777 0
17778 2
17779 2
17780 3
17781 3
17782 0
17783 1
17784 0
17785 2
17786 0
17787 2
17788 2
17789 3
17790 4
17791 3
17792 1
17793 3
17794 3
17795 1
17796 4
17797 4
17798 1
17799 4
17800 0
17801 3
17802 0
17803 1
17804 1
17805 0
17806 0
17807 0
17808 4
17809 2
17810 2
17811 1
17812 1
17813 2
17814 2
17815 0
17816 3
17817 0
17818 4
17819 2
17820 2
17821 3
17822 0
17823 3
17824 3
17825 3
17826 4
17827 0
17828 4
17829 4
17830 3
17831 2
17832 1
17833 4
17834 3
17835 2
17836 1
17837 0
17838 1
17839 3
17840 3
17841 1
17842 2
17843 0
17844 2
17845 1
17846 2
17847 3
17848 4
17849 1
17850 0
17851 2
17852 2
17853 4
17854 3
17855 0
17856 1
17857 3
17858 1
17859 2
17860 3
17861 0
17862 0
17863 2
17864 0
17865 2
17866 5
17867 3
17868 2
17869 2
17870 0
17871 2
17872 2
17873 4
17874 0
17875 3
17876 3
17877 2
17878 3
17879 3
17880 2
17881 1
17882 2
17883 2
17884 1
17885 4
17886 3
17887 3
17888 0
17889 0
17890 1
17891 1
17892 3
17893 4
17894 1
17895 3
17896 3
17897 4
17898 2
17899 0
17900 2
17901 0
17902 2
17903 0
17904 3
17905 1
17906 2
17907 2
17908 3
17909 1
17910 0
17911 2
17912 4
17913 4
17914 1
17915 4
17916 2
17917 1
17918 2
17919 4
17920 2
17921 1
17922 1
17923 1
17924 3
17925 2
17926 3
17927 1
17928 2
17929 2
17930 3
17931 3
17932 3
17933 2
17934 5
17935 3
17936 3
17937 1
17938 2
17939 2
17940 1
17941 2
17942 3
17943 1
17944 0
17945 3
17946 1
17947 4
17948 2
17949 2
17950 0
17951 1
17952 0
17953 5
17954 2
17955 3
17956 2
17957 0
17958 2
17959 3
17960 3
17961 0
17962 3
17963 0
17964 1
17965 1
17966 1
17967 2
17968 0
17969 3
17970 3
17971 3
17972 1
17973 2
17974 3
17975 4
17976 4
17977 3
17978 3
17979 0
17980 3
17981 0
17982 0
17983 2
17984 1
17985 3
17986 0
17987 2
17988 0
17989 0
17990 4
17991 2
17992 1
17993 0
17994 0
17995 4
17996 3
17997 0
17998 2
17999 0
18000 0
18001 0
18002 3
18003 0
18004 2
18005 3
18006 3
18007 2
18008 0
18009 3
18010 1
18011 3
18012 2
18013 0
18014 2
18015 1
18016 1
18017 4
18018 3
18019 1
18020 2
18021 1
18022 3
18023 3
18024 1
18025 0
18026 1
18027 2
18028 3
18029 0
18030 3
18031 1
18032 1
18033 4
18034 2
18035 1
18036 1
18037 3
18038 1
18039 1
18040 0
18041 1
18042 1
18043 3
18044 2
18045 0
18046 3
18047 3
18048 3
18049 2
18050 2
18051 3
18052 3
18053 3
18054 2
18055 2
18056 3
18057 0
18058 2
18059 1
18060 3
18061 0
18062 1
18063 2
18064 1
18065 3
18066 2
18067 1
18068 3
18069 2
18070 0
18071 3
18072 1
18073 0
18074 1
18075 1
18076 3
18077 2
18078 0
18079 1
18080 0
18081 1
18082 4
18083 0
18084 0
18085 3
18086 2
18087 3
18088 2
18089 1
18090 0
18091 3
18092 1
18093 1
18094 0
18095 4
18096 1
18097 1
18098 3
18099 2
18100 3
18101 2
18102 0
18103 3
18104 2
18105 1
18106 3
18107 2
18108 1
18109 3
18110 2
18111 3
18112 1
18113 0
18114 2
18115 3
18116 1
18117 0
18118 2
18119 0
18120 1
18121 4
18122 2
18123 0
18124 2
18125 0
18126 3
18127 3
18128 0
18129 2
18130 0
18131 2
18132 0
18133 2
18134 4
18135 2
18136 3
18137 0
18138 2
18139 1
18140 2
18141 3
18142 0
18143 2
18144 4
18145 2
18146 2
18147 0
18148 3
18149 1
18150 0
18151 0
18152 1
18153 1
18154 0
18155 2
18156 2
18157 1
18158 0
18159 3
18160 3
18161 1
18162 1
18163 4
18164 3
18165 3
18166 2
18167 2
18168 3
18169 2
18170 0
18171 2
18172 2
18173 0
18174 3
18175 2
18176 2
18177 4
18178 4
18179 0
18180 1
18181 2
18182 3
18183 3
18184 0
18185 2
18186 1
18187 2
18188 1
18189 3
18190 1
18191 3
18192 2
18193 3
18194 3
18195 3
18196 3
18197 1
18198 2
18199 0
18200 1
18201 2
18202 0
18203 4
18204 0
18205 2
18206 1
18207 3
18208 0
18209 1
18210 2
18211 4
18212 3
18213 0
18214 3
18215 1
18216 2
18217 3
18218 2
18219 3
18220 0
18221 2
18222 0
18223 1
18224 1
18225 1
18226 1
18227 1
18228 0
18229 2
18230 0
18231 2
18232 0
18233 3
18234 0
18235 0
18236 1
18237 2
18238 1
18239 3
18240 0
18241 1
18242 0
18243 3
18244 4
18245 1
18246 4
18247 1
18248 2
18249 0
18250 1
18251 1
18252 1
18253 0
18254 3
18255 4
18256 2
18257 3
18258 4
18259 1
18260 0
18261 1
18262 0
18263 0
18264 1
18265 1
18266 2
18267 2
18268 1
18269 1
18270 2
18271 2
18272 0
18273 1
18274 2
18275 1
18276 2
18277 2
18278 1
18279 1
18280 1
18281 2
18282 0
18283 1
18284 1
18285 2
18286 2
18287 0
18288 3
18289 0
18290 0
18291 2
18292 2
18293 2
18294 1
18295 0
18296 2
18297 3
18298 0
18299 1
18300 2
18301 3
18302 3
18303 3
18304 0
18305 2
18306 1
18307 2
18308 3
18309 0
18310 1
18311 3
18312 0
18313 0
18314 2
18315 5
18316 2
18317 4
18318 3
18319 0
18320 1
18321 3
18322 1
18323 4
18324 3
18325 2
18326 0
18327 2
18328 4
18329 3
18330 3
18331 3
18332 2
18333 1
18334 1
18335 4
18336 3
18337 1
18338 0
18339 3
18340 2
18341 3
18342 0
18343 3
18344 2
18345 2
18346 3
18347 2
18348 3
18349 2
18350 0
18351 2
18352 3
18353 0
18354 1
18355 0
18356 2
18357 2
18358 2
18359 0
18360 2
18361 1
18362 1
18363 3
18364 0
18365 1
18366 2
18367 1
18368 2
18369 2
18370 2
18371 2
18372 1
18373 3
18374 3
18375 4
18376 2
18377 2
18378 2
18379 3
18380 2
18381 4
18382 0
18383 1
18384 2
18385 3
18386 1
18387 1
18388 2
18389 2
18390 1
18391 2
18392 0
18393 2
18394 1
18395 2
18396 3
18397 3
18398 0
18399 2
18400 3
18401 1
18402 4
18403 3
18404 1
18405 3
18406 2
18407 2
18408 1
18409 3
18410 2
18411 0
18412 0
18413 1
18414 2
18415 1
18416 2
18417 1
18418 2
18419 1
18420 4
18421 2
18422 3
18423 2
18424 2
18425 0
18426 2
18427 3
18428 3
18429 1
18430 3
18431 2
18432 1
18433 1
18434 1
18435 4
18436 3
18437 0
18438 1
18439 2
18440 2
18441 2
18442 1
18443 1
18444 0
18445 0
18446 2
18447 1
18448 0
18449 3
18450 4
18451 3
18452 1
18453 1
18454 0
18455 4
18456 3
18457 1
18458 0
18459 3
18460 2
18461 2
18462 0
18463 4
18464 3
18465 3
18466 1
18467 1
18468 1
18469 2
18470 0
18471 0
18472 1
18473 2
18474 2
18475 1
18476 4
18477 1
18478 2
18479 4
18480 3
18481 3
18482 4
18483 4
18484 1
18485 2
18486 2
18487 2
18488 1
18489 4
18490 1
18491 1
18492 3
18493 3
18494 2
18495 2
18496 0
18497 0
18498 5
18499 0
18500 4
18501 2
18502 3
18503 0
18504 1
18505 2
18506 0
18507 2
18508 0
18509 0
18510 0
18511 4
18512 3
18513 1
18514 3
18515 3
18516 2
18517 0
18518 2
18519 3
18520 3
18521 2
18522 3
18523 1
18524 2
18525 0
18526 2
18527 0
18528 3
18529 0
18530 1
18531 4
18532 2
18533 2
18534 0
18535 3
18536 2
18537 0
18538 4
18539 4
18540 1
18541 3
18542 2
18543 4
18544 3
18545 2
18546 3
18547 3
18548 1
18549 2
18550 0
18551 2
18552 1
18553 1
18554 1
18555 0
18556 3
18557 4
18558 1
18559 2
18560 2
18561 1
18562 2
18563 2
18564 3
18565 3
18566 2
18567 0
18568 2
18569 0
18570 2
18571 2
18572 4
18573 5
18574 0
18575 1
18576 3
18577 2
18578 3
18579 0
18580 3
18581 2
18582 2
18583 4
18584 2
18585 1
18586 3
18587 4
18588 0
18589 4
18590 2
18591 3
18592 0
18593 3
18594 3
18595 2
18596 1
18597 3
18598 3
18599 0
18600 0
18601 0
18602 2
18603 1
18604 1
18605 1
18606 3
18607 0
18608 4
18609 2
18610 1
18611 3
18612 3
18613 2
18614 0
18615 1
18616 4
18617 2
18618 3
18619 3
18620 2
18621 1
18622 1
18623 0
18624 3
18625 3
18626 3
18627 0
18628 1
18629 3
18630 1
18631 0
18632 2
18633 3
18634 1
18635 2
18636 2
18637 3
18638 2
18639 3
18640 0
18641 1
18642 1
18643 1
18644 3
18645 0
18646 4
18647 1
18648 2
18649 2
18650 1
18651 3
18652 3
18653 1
18654 2
18655 4
18656 4
18657 1
18658 3
18659 4
18660 3
18661 1
18662 1
18663 0
18664 1
18665 2
18666 1
18667 3
18668 0
18669 2
18670 2
18671 3
18672 3
18673 3
18674 3
18675 0
18676 3
18677 1
18678 0
18679 2
18680 1
18681 2
18682 4
18683 2
18684 3
18685 2
18686 2
18687 0
18688 2
18689 2
18690 0
18691 0
18692 1
18693 1
18694 0
18695 3
18696 0
18697 4
18698 1
18699 2
18700 4
18701 0
18702 0
18703 0
18704 4
18705 5
18706 4
18707 2
18708 1
18709 2
18710 1
18711 3
18712 3
18713 0
18714 3
18715 3
18716 0
18717 3
18718 1
18719 0
18720 2
18721 1
18722 3
18723 1
18724 1
18725 0
18726 1
18727 2
18728 2
18729 1
18730 0
18731 4
18732 0
18733 2
18734 0
18735 3
18736 2
18737 4
18738 4
18739 2
18740 0
18741 2
18742 2
18743 0
18744 2
18745 1
18746 1
18747 3
18748 4
18749 3
18750 0
18751 1
18752 0
18753 2
18754 2
18755 1
18756 1
18757 1
18758 4
18759 1
18760 2
18761 3
18762 4
18763 2
18764 1
18765 0
18766 0
18767 1
18768 0
18769 2
18770 2
18771 1
18772 3
18773 2
18774 4
18775 2
18776 1
18777 1
18778 3
18779 2
18780 2
18781 3
18782 4
18783 2
18784 2
18785 2
18786 4
18787 4
18788 1
18789 1
18790 3
18791 2
18792 2
18793 2
18794 2
18795 1
18796 0
18797 0
18798 0
18799 2
18800 1
18801 2
18802 0
18803 3
18804 0
18805 2
18806 0
18807 0
18808 3
18809 2
18810 0
18811 2
18812 3
18813 1
18814 1
18815 4
18816 2
18817 3
18818 0
18819 2
18820 2
18821 4
18822 1
18823 2
18824 3
18825 1
18826 2
18827 0
18828 3
18829 0
18830 2
18831 3
18832 2
18833 1
18834 3
18835 0
18836 0
18837 1
18838 1
18839 3
18840 3
18841 3
18842 5
18843 2
18844 4
18845 0
18846 1
18847 3
18848 2
18849 1
18850 3
18851 0
18852 1
18853 4
18854 1
18855 0
18856 4
18857 2
18858 2
18859 2
18860 0
18861 1
18862 3
18863 3
18864 1
18865 3
18866 0
18867 4
18868 1
18869 0
18870 0
18871 2
18872 3
18873 0
18874 0
18875 0
18876 1
18877 0
18878 3
18879 0
18880 1
18881 2
18882 0
18883 0
18884 3
18885 3
18886 0
18887 1
18888 3
18889 3
18890 4
18891 2
18892 3
18893 0
18894 1
18895 0
18896 3
18897 2
18898 2
18899 0
18900 1
18901 0
18902 3
18903 0
18904 1
18905 0
18906 0
18907 2
18908 1
18909 4
18910 1
18911 2
18912 1
18913 3
18914 1
18915 3
18916 3
18917 3
18918 2
18919 2
18920 0
18921 2
18922 1
18923 4
18924 4
18925 3
18926 3
18927 4
18928 3
18929 3
18930 3
18931 5
18932 2
18933 1
18934 4
18935 4
18936 0
18937 4
18938 2
18939 4
18940 4
18941 0
18942 2
18943 3
18944 3
18945 2
18946 1
18947 3
18948 1
18949 0
18950 0
18951 0
18952 4
18953 1
18954 2
18955 1
18956 0
18957 2
18958 1
18959 3
18960 3
18961 3
18962 4
18963 1
18964 3
18965 0
18966 3
18967 2
18968 2
18969 0
18970 5
18971 3
18972 0
18973 3
18974 3
18975 0
18976 3
18977 3
18978 3
18979 4
18980 3
18981 2
18982 2
18983 2
18984 0
18985 1
18986 0
18987 3
18988 5
18989 4
18990 4
18991 1
18992 1
18993 1
18994 4
18995 0
18996 1
18997 4
18998 3
18999 0
19000 3
19001 4
19002 1
19003 2
19004 1
19005 2
19006 3
19007 2
19008 1
19009 2
19010 4
19011 2
19012 1
19013 3
19014 3
19015 2
19016 0
19017 0
19018 2
19019 5
19020 2
19021 2
19022 3
19023 1
19024 3
19025 0
19026 0
19027 2
19028 0
19029 1
19030 0
19031 1
19032 4
19033 1
19034 3
19035 0
19036 2
19037 3
19038 3
19039 4
19040 1
19041 3
19042 2
19043 3
19044 1
19045 3
19046 1
19047 1
19048 0
19049 2
19050 2
19051 1
19052 0
19053 3
19054 2
19055 2
19056 1
19057 2
19058 2
19059 2
19060 3
19061 2
19062 3
19063 3
19064 1
19065 2
19066 3
19067 1
19068 1
19069 1
19070 1
19071 3
19072 1
19073 2
19074 0
19075 1
19076 4
19077 3
19078 1
19079 3
19080 0
19081 0
19082 1
19083 0
19084 4
19085 2
19086 0
19087 2
19088 3
19089 0
19090 2
19091 3
19092 0
19093 0
19094 3
19095 2
19096 2
19097 3
19098 1
19099 0
19100 1
19101 0
19102 2
19103 1
19104 2
19105 3
19106 3
19107 0
19108 0
19109 3
19110 2
19111 1
19112 4
19113 3
19114 3
19115 4
19116 3
19117 3
19118 4
19119 1
19120 2
19121 1
19122 4
19123 0
19124 0
19125 4
19126 3
19127 0
19128 0
19129 0
19130 1
19131 1
19132 1
19133 3
19134 2
19135 1
19136 3
19137 4
19138 0
19139 0
19140 2
19141 1
19142 1
19143 1
19144 0
19145 3
19146 1
19147 0
19148 1
19149 2
19150 2
19151 3
19152 1
19153 2
19154 2
19155 3
19156 4
19157 2
19158 2
19159 0
19160 3
19161 2
19162 1
19163 1
19164 0
19165 3
19166 1
19167 2
19168 0
19169 3
19170 0
19171 1
19172 2
19173 1
19174 2
19175 2
19176 4
19177 3
19178 0
19179 3
19180 0
19181 1
19182 1
19183 1
19184 0
19185 4
19186 1
19187 0
19188 0
19189 2
19190 1
19191 1
19192 3
19193 1
19194 2
19195 1
19196 1
19197 1
19198 1
19199 2
19200 3
19201 0
19202 3
19203 3
19204 0
19205 4
19206 0
19207 1
19208 1
19209 2
19210 1
19211 1
19212 0
19213 2
19214 1
19215 3
19216 4
19217 1
19218 3
19219 3
19220 1
19221 1
19222 2
19223 2
19224 3
19225 3
19226 2
19227 0
19228 3
19229 4
19230 1
19231 2
19232 2
19233 3
19234 0
19235 3
19236 0
19237 4
19238 1
19239 3
19240 1
19241 0
19242 4
19243 0
19244 4
19245 3
19246 0
19247 2
19248 2
19249 1
19250 1
19251 2
19252 4
19253 1
19254 3
19255 3
19256 2
19257 1
19258 2
19259 1
19260 3
19261 0
19262 2
19263 3
19264 3
19265 3
19266 3
19267 3
19268 3
19269 3
19270 0
19271 2
19272 2
19273 2
19274 1
19275 3
19276 0
19277 3
19278 3
19279 4
19280 3
19281 1
19282 4
19283 3
19284 3
19285 2
19286 1
19287 2
19288 4
19289 1
19290 0
19291 4
19292 2
19293 4
19294 2
19295 0
19296 4
19297 3
19298 2
19299 3
19300 3
19301 0
19302 4
19303 4
19304 0
19305 4
19306 0
19307 2
19308 4
19309 3
19310 1
19311 0
19312 3
19313 3
19314 0
19315 4
19316 0
19317 3
19318 1
19319 0
19320 0
19321 0
19322 2
19323 0
19324 0
19325 0
19326 0
19327 1
19328 3
19329 3
19330 3
19331 1
19332 5
19333 3
19334 0
19335 2
19336 3
19337 1
19338 0
19339 3
19340 1
19341 2
19342 2
19343 0
19344 0
19345 3
19346 1
19347 3
19348 3
19349 1
19350 1
19351 2
19352 2
19353 2
19354 1
19355 2
19356 3
19357 4
19358 1
19359 2
19360 4
19361 1
19362 3
19363 1
19364 3
19365 4
19366 2
19367 2
19368 2
19369 3
19370 2
19371 1
19372 0
19373 0
19374 2
19375 0
19376 1
19377 1
19378 2
19379 4
19380 2
19381 2
19382 3
19383 1
19384 1
19385 1
19386 5
19387 2
19388 0
19389 3
19390 1
19391 0
19392 4
19393 4
19394 2
19395 4
19396 4
19397 3
19398 1
19399 3
19400 2
19401 2
19402 2
19403 1
19404 4
19405 3
19406 3
19407 2
19408 0
19409 0
19410 3
19411 4
19412 3
19413 0
19414 2
19415 3
19416 2
19417 1
19418 4
19419 2
19420 2
19421 3
19422 1
19423 3
19424 2
19425 1
19426 3
19427 1
19428 0
19429 0
19430 1
19431 2
19432 0
19433 3
19434 2
19435 1
19436 3
19437 2
19438 1
19439 0
19440 1
19441 0
19442 3
19443 2
19444 0
19445 2
19446 2
19447 1
19448 0
19449 0
19450 4
19451 2
19452 3
19453 1
19454 2
19455 2
19456 4
19457 3
19458 3
19459 4
19460 2
19461 0
19462 2
19463 2
19464 1
19465 2
19466 3
19467 3
19468 1
19469 2
19470 1
19471 0
19472 0
19473 3
19474 2
19475 1
19476 1
19477 1
19478 1
19479 2
19480 2
19481 3
19482 3
19483 2
19484 1
19485 4
19486 1
19487 2
19488 3
19489 2
19490 2
19491 1
19492 0
19493 3
19494 3
19495 1
19496 1
19497 3
19498 1
19499 1
19500 4
19501 2
19502 5
19503 2
19504 2
19505 1
19506 2
19507 2
19508 0
19509 3
19510 2
19511 3
19512 3
19513 2
19514 2
19515 0
19516 3
19517 2
19518 1
19519 0
19520 3
19521 1
19522 0
19523 1
19524 4
19525 1
19526 2
19527 2
19528 3
19529 2
19530 4
19531 3
19532 0
19533 3
19534 2
19535 3
19536 1
19537 2
19538 3
19539 4
19540 1
19541 0
19542 1
19543 3
19544 4
19545 3
19546 2
19547 3
19548 3
19549 2
19550 4
19551 4
19552 2
19553 3
19554 3
19555 1
19556 1
19557 1
19558 4
19559 3
19560 0
19561 0
19562 3
19563 1
19564 0
19565 2
19566 2
19567 0
19568 4
19569 2
19570 3
19571 1
19572 4
19573 1
19574 1
19575 4
19576 1
19577 3
19578 0
19579 1
19580 4
19581 0
19582 4
19583 0
19584 4
19585 1
19586 1
19587 3
19588 1
19589 2
19590 1
19591 2
19592 1
19593 1
19594 0
19595 0
19596 1
19597 3
19598 4
19599 1
19600 3
19601 1
19602 0
19603 2
19604 2
19605 0
19606 4
19607 5
19608 0
19609 0
19610 0
19611 2
19612 2
19613 2
19614 0
19615 0
19616 1
19617 1
19618 4
19619 0
19620 0
19621 0
19622 1
19623 3
19624 3
19625 2
19626 0
19627 1
19628 2
19629 2
19630 1
19631 3
19632 2
19633 4
19634 1
19635 1
19636 2
19637 1
19638 4
19639 4
19640 2
19641 2
19642 4
19643 3
19644 3
19645 3
19646 3
19647 3
19648 0
19649 4
19650 1
19651 2
19652 4
19653 0
19654 0
19655 1
19656 2
19657 1
19658 1
19659 3
19660 0
19661 4
19662 0
19663 5
19664 0
19665 3
19666 2
19667 1
19668 3
19669 1
19670 2
19671 4
19672 3
19673 3
19674 3
19675 0
19676 2
19677 3
19678 0
19679 4
19680 0
19681 3
19682 1
19683 2
19684 0
19685 3
19686 1
19687 1
19688 3
19689 1
19690 2
19691 0
19692 4
19693 2
19694 0
19695 3
19696 0
19697 1
19698 1
19699 3
19700 2
19701 0
19702 2
19703 2
19704 3
19705 2
19706 3
19707 0
19708 4
19709 2
19710 4
19711 3
19712 0
19713 3
19714 0
19715 3
19716 0
19717 1
19718 0
19719 1
19720 2
19721 5
19722 2
19723 0
19724 2
19725 0
19726 1
19727 1
19728 1
19729 1
19730 4
19731 1
19732 3
19733 3
19734 1
19735 1
19736 1
19737 3
19738 3
19739 3
19740 2
19741 2
19742 3
19743 0
19744 2
19745 1
19746 1
19747 1
19748 3
19749 3
19750 0
19751 4
19752 2
19753 3
19754 2
19755 3
19756 0
19757 2
19758 0
19759 3
19760 4
19761 0
19762 3
19763 1
19764 5
19765 3
19766 1
19767 3
19768 1
19769 2
19770 2
19771 4
19772 3
19773 4
19774 2
19775 0
19776 3
19777 2
19778 3
19779 1
19780 1
19781 4
19782 1
19783 3
19784 4
19785 1
19786 4
19787 3
19788 1
19789 3
19790 2
19791 3
19792 2
19793 4
19794 3
19795 0
19796 1
19797 1
19798 3
19799 1
19800 3
19801 2
19802 5
19803 4
19804 3
19805 2
19806 3
19807 3
19808 4
19809 3
19810 0
19811 1
19812 4
19813 1
19814 3
19815 0
19816 3
19817 4
19818 2
19819 5
19820 2
19821 3
19822 0
19823 4
19824 4
19825 1
19826 1
19827 3
19828 3
19829 1
19830 3
19831 4
19832 2
19833 2
19834 2
19835 3
19836 1
19837 5
19838 2
19839 0
19840 0
19841 2
19842 0
19843 3
19844 3
19845 4
19846 0
19847 3
19848 0
19849 0
19850 4
19851 4
19852 0
19853 0
19854 0
19855 3
19856 2
19857 1
19858 2
19859 0
19860 0
19861 3
19862 1
19863 0
19864 0
19865 3
19866 2
19867 3
19868 4
19869 0
19870 1
19871 0
19872 1
19873 5
19874 3
19875 2
19876 3
19877 2
19878 4
19879 4
19880 0
19881 3
19882 1
19883 1
19884 2
19885 4
19886 1
19887 2
19888 2
19889 3
19890 3
19891 4
19892 0
19893 1
19894 3
19895 3
19896 0
19897 1
19898 0
19899 2
19900 1
19901 1
19902 0
19903 2
19904 1
19905 2
19906 3
19907 4
19908 2
19909 2
19910 2
19911 5
19912 2
19913 4
19914 2
19915 3
19916 3
19917 0
19918 2
19919 2
19920 1
19921 3
19922 0
19923 3
19924 3
19925 2
19926 0
19927 0
19928 2
19929 2
19930 2
19931 1
19932 4
19933 3
19934 4
19935 2
19936 0
19937 0
19938 2
19939 1
19940 3
19941 1
19942 0
19943 1
19944 1
19945 1
19946 3
19947 3
19948 2
19949 0
19950 2
19951 4
19952 0
19953 0
19954 1
19955 0
19956 1
19957 1
19958 2
19959 2
19960 0
19961 1
19962 0
19963 1
19964 2
19965 1
19966 0
19967 0
19968 3
19969 2
19970 0
19971 3
19972 3
19973 0
19974 3
19975 2
19976 0
19977 2
19978 4
19979 1
19980 0
19981 3
19982 3
19983 4
19984 4
19985 3
19986 2
19987 2
19988 3
19989 4
19990 1
19991 0
19992 3
19993 3
19994 0
19995 0
19996 1
19997 4
19998 3
19999 4
20000 4
20001 3
20002 0
20003 1
20004 2
20005 3
20006 1
20007 1
20008 3
20009 0
20010 2
20011 2
20012 0
20013 3
20014 0
20015 1
20016 1
20017 2
20018 1
20019 4
20020 0
20021 2
20022 0
20023 2
20024 3
20025 0
20026 2
20027 1
20028 4
20029 1
20030 1
20031 0
20032 3
20033 3
20034 1
20035 2
20036 3
20037 2
20038 2
20039 0
20040 3
20041 4
20042 1
20043 0
20044 4
20045 2
20046 1
20047 3
20048 3
20049 0
20050 5
20051 1
20052 2
20053 3
20054 2
20055 3
20056 2
20057 2
20058 0
20059 4
20060 4
20061 4
20062 2
20063 3
20064 4
20065 3
20066 3
20067 0
20068 3
20069 3
20070 3
20071 0
20072 1
20073 3
20074 1
20075 1
20076 0
20077 1
20078 1
20079 4
20080 2
20081 2
20082 1
20083 2
20084 3
20085 1
20086 3
20087 3
20088 3
20089 3
20090 4
20091 1
20092 0
20093 3
20094 3
20095 3
20096 3
20097 0
20098 2
20099 0
20100 3
20101 3
20102 1
20103 2
20104 2
20105 2
20106 2
20107 3
20108 4
20109 2
20110 1
20111 0
20112 1
20113 2
20114 2
20115 2
20116 3
20117 3
20118 2
20119 3
20120 0
20121 2
20122 2
20123 2
20124 2
20125 2
20126 3
20127 2
20128 1
20129 1
20130 2
20131 2
20132 4
20133 3
20134 4
20135 2
20136 0
20137 1
20138 2
20139 1
20140 1
20141 4
20142 1
20143 1
20144 2
20145 1
20146 2
20147 0
20148 2
20149 2
20150 3
20151 2
20152 0
20153 4
20154 0
20155 0
20156 4
20157 3
20158 3
20159 4
20160 1
20161 2
20162 2
20163 1
20164 4
20165 0
20166 1
20167 3
20168 3
20169 2
20170 1
20171 3
20172 0
20173 1
20174 1
20175 0
20176 1
20177 2
20178 1
20179 1
20180 0
20181 2
20182 0
20183 0
20184 3
20185 0
20186 5
20187 3
20188 3
20189 1
20190 0
20191 4
20192 2
20193 3
20194 0
20195 1
20196 1
20197 3
20198 2
20199 2
20200 4
20201 0
20202 3
20203 4
20204 1
20205 0
20206 2
20207 1
20208 2
20209 4
20210 1
20211 0
20212 2
20213 2
20214 4
20215 0
20216 0
20217 0
20218 2
20219 2
20220 3
20221 1
20222 3
20223 4
20224 3
20225 3
20226 4
20227 4
20228 2
20229 5
20230 2
20231 2
20232 2
20233 3
20234 1
20235 4
20236 4
20237 1
20238 4
20239 2
20240 2
20241 1
20242 0
20243 2
20244 3
20245 2
20246 1
20247 4
20248 2
20249 0
20250 1
20251 0
20252 1
20253 2
20254 2
20255 0
20256 2
20257 0
20258 3
20259 3
20260 0
20261 3
20262 0
20263 3
20264 3
20265 0
20266 5
20267 2
20268 3
20269 2
20270 2
20271 3
20272 3
20273 2
20274 2
20275 3
20276 0
20277 0
20278 4
20279 1
20280 3
20281 3
20282 0
20283 0
20284 3
20285 1
20286 1
20287 2
20288 2
20289 3
20290 2
20291 3
20292 4
20293 0
20294 0
20295 4
20296 3
20297 2
20298 3
20299 1
20300 3
20301 2
20302 2
20303 3
20304 2
20305 0
20306 5
20307 1
20308 1
20309 0
20310 3
20311 2
20312 1
20313 3
20314 4
20315 2
20316 2
20317 2
20318 4
20319 3
20320 1
20321 2
20322 4
20323 0
20324 4
20325 5
20326 1
20327 1
20328 0
20329 4
20330 5
20331 0
20332 1
20333 5
20334 2
20335 0
20336 3
20337 2
20338 2
20339 4
20340 3
20341 0
20342 0
20343 0
20344 0
20345 3
20346 1
20347 3
20348 3
20349 2
20350 2
20351 4
20352 0
20353 3
20354 2
20355 4
20356 2
20357 4
20358 1
20359 3
20360 4
20361 2
20362 4
20363 4
20364 2
20365 1
20366 1
20367 2
20368 2
20369 0
20370 2
20371 2
20372 2
20373 0
20374 2
20375 0
20376 2
20377 1
20378 1
20379 3
20380 2
20381 3
20382 3
20383 2
20384 0
20385 4
20386 3
20387 4
20388 3
20389 2
20390 5
20391 1
20392 3
20393 2
20394 2
20395 3
20396 2
20397 2
20398 2
20399 1
20400 0
20401 3
20402 0
20403 4
20404 2
20405 3
20406 3
20407 3
20408 3
20409 3
20410 1
20411 1
20412 3
20413 0
20414 3
20415 1
20416 5
20417 0
20418 0
20419 0
20420 1
20421 1
20422 1
20423 2
20424 4
20425 4
20426 2
20427 4
20428 1
20429 3
20430 4
20431 2
20432 1
20433 4
20434 2
20435 2
20436 2
20437 0
20438 5
20439 2
20440 4
20441 1
20442 3
20443 4
20444 0
20445 2
20446 0
20447 0
20448 2
20449 2
20450 2
20451 1
20452 2
20453 3
20454 2
20455 4
20456 3
20457 2
20458 3
20459 3
20460 3
20461 4
20462 0
20463 0
20464 0
20465 3
20466 5
20467 4
20468 2
20469 0
20470 4
20471 1
20472 3
20473 1
20474 3
20475 4
20476 1
20477 1
20478 4
20479 1
20480 4
20481 1
20482 4
20483 2
20484 3
20485 3
20486 4
20487 0
20488 0
20489 4
20490 4
20491 4
20492 2
20493 2
20494 2
20495 4
20496 2
20497 0
20498 2
20499 0
20500 1
20501 0
20502 4
20503 1
20504 3
20505 0
20506 1
20507 3
20508 2
20509 0
20510 5
20511 4
20512 1
20513 1
20514 0
20515 2
20516 3
20517 1
20518 4
20519 1
20520 0
20521 2
20522 2
20523 0
20524 1
20525 1
20526 2
20527 4
20528 3
20529 0
20530 3
20531 4
20532 1
20533 1
20534 4
20535 2
20536 0
20537 0
20538 3
20539 4
20540 4
20541 1
20542 4
20543 0
20544 1
20545 4
20546 4
20547 0
20548 4
20549 1
20550 2
20551 3
20552 3
20553 2
20554 2
20555 3
20556 3
20557 4
20558 0
20559 4
20560 3
20561 4
20562 3
20563 0
20564 1
20565 2
20566 3
20567 3
20568 2
20569 2
20570 1
20571 2
20572 1
20573 4
20574 1
20575 0
20576 3
20577 3
20578 2
20579 0
20580 3
20581 0
20582 0
20583 1
20584 2
20585 2
20586 5
20587 2
20588 4
20589 2
20590 2
20591 2
20592 1
20593 3
20594 4
20595 5
20596 2
20597 4
20598 0
20599 0
20600 1
20601 3
20602 2
20603 3
20604 3
20605 2
20606 2
20607 4
20608 2
20609 0
20610 2
20611 3
20612 3
20613 1
20614 3
20615 3
20616 3
20617 0
20618 4
20619 1
20620 1
20621 1
20622 3
20623 0
20624 1
20625 3
20626 3
20627 3
20628 1
20629 1
20630 3
20631 1
20632 4
20633 2
20634 0
20635 3
20636 3
20637 0
20638 1
20639 0
20640 2
20641 2
20642 1
20643 0
20644 3
20645 2
20646 4
20647 0
20648 4
20649 0
20650 3
20651 2
20652 2
20653 3
20654 3
20655 2
20656 1
20657 2
20658 0
20659 1
20660 1
20661 2
20662 2
20663 3
20664 2
20665 1
20666 4
20667 3
20668 3
20669 1
20670 5
20671 1
20672 3
20673 4
20674 2
20675 2
20676 5
20677 4
20678 3
20679 2
20680 0
20681 3
20682 2
20683 4
20684 0
20685 1
20686 5
20687 0
20688 3
20689 3
20690 1
20691 3
20692 2
20693 1
20694 2
20695 3
20696 0
20697 2
20698 0
20699 3
20700 2
20701 3
20702 0
20703 2
20704 3
20705 5
20706 4
20707 3
20708 3
20709 0
20710 3
20711 1
20712 3
20713 0
20714 4
20715 4
20716 0
20717 3
20718 2
20719 0
20720 4
20721 0
20722 2
20723 3
20724 3
20725 3
20726 0
20727 2
20728 2
20729 1
20730 3
20731 2
20732 3
20733 4
20734 2
20735 4
20736 1
20737 1
20738 2
20739 3
20740 0
20741 0
20742 1
20743 3
20744 4
20745 3
20746 4
20747 0
20748 4
20749 4
20750 0
20751 2
20752 3
20753 2
20754 3
20755 2
20756 3
20757 1
20758 1
20759 3
20760 2
20761 2
20762 2
20763 4
20764 2
20765 4
20766 3
20767 2
20768 3
20769 4
20770 1
20771 0
20772 3
20773 2
20774 2
20775 3
20776 4
20777 2
20778 5
20779 2
20780 3
20781 3
20782 5
20783 3
20784 3
20785 0
20786 4
20787 3
20788 4
20789 4
20790 1
20791 2
20792 2
20793 1
20794 0
20795 2
20796 0
20797 2
20798 3
20799 0
20800 4
20801 3
20802 3
20803 2
20804 3
20805 2
20806 2
20807 3
20808 4
20809 1
20810 3
20811 3
20812 1
20813 0
20814 4
20815 4
20816 0
20817 0
20818 0
20819 2
20820 3
20821 3
20822 0
20823 2
20824 2
20825 2
20826 0
20827 4
20828 4
20829 1
20830 1
20831 0
20832 2
20833 4
20834 2
20835 4
20836 0
20837 2
20838 1
20839 2
20840 0
20841 4
20842 2
20843 3
20844 1
20845 3
20846 1
20847 1
20848 2
20849 2
20850 2
20851 3
20852 1
20853 1
20854 5
20855 2
20856 2
20857 3
20858 3
20859 4
20860 1
20861 2
20862 2
20863 3
20864 0
20865 4
20866 3
20867 3
20868 2
20869 0
20870 1
20871 2
20872 0
20873 2
20874 2
20875 1
20876 3
20877 2
20878 3
20879 2
20880 3
20881 0
20882 0
20883 1
20884 0
20885 4
20886 1
20887 0
20888 3
20889 0
20890 2
20891 0
20892 1
20893 3
20894 3
20895 1
20896 3
20897 1
20898 3
20899 5
20900 1
20901 4
20902 2
20903 2
20904 3
20905 3
20906 4
20907 2
20908 0
20909 3
20910 2
20911 4
20912 2
20913 0
20914 4
20915 4
20916 3
20917 3
20918 2
20919 4
20920 1
20921 1
20922 1
20923 2
20924 3
20925 2
20926 1
20927 4
20928 2
20929 2
20930 0
20931 1
20932 1
20933 3
20934 4
20935 3
20936 3
20937 4
20938 2
20939 3
20940 3
20941 1
20942 3
20943 4
20944 3
20945 0
20946 1
20947 1
20948 1
20949 2
20950 4
20951 3
20952 1
20953 2
20954 1
20955 0
20956 2
20957 1
20958 3
20959 3
20960 0
20961 0
20962 2
20963 0
20964 1
20965 3
20966 2
20967 1
20968 3
20969 2
20970 3
20971 4
20972 2
20973 2
20974 3
20975 3
20976 3
20977 4
20978 4
20979 2
20980 3
20981 1
20982 2
20983 1
20984 4
20985 0
20986 0
20987 1
20988 4
20989 1
20990 2
20991 3
20992 0
20993 2
20994 3
20995 1
20996 1
20997 3
20998 5
20999 0
21000 0
21001 3
21002 1
21003 5
21004 3
21005 4
21006 1
21007 1
21008 2
21009 3
21010 0
21011 4
21012 1
21013 0
21014 0
21015 4
21016 1
21017 3
21018 0
21019 2
21020 0
21021 4
21022 0
21023 0
21024 2
21025 2
21026 2
21027 1
21028 3
21029 3
21030 1
21031 4
21032 0
21033 2
21034 4
21035 3
21036 4
21037 2
21038 3
21039 1
21040 2
21041 3
21042 2
21043 3
21044 2
21045 4
21046 2
21047 1
21048 3
21049 3
21050 4
21051 2
21052 4
21053 3
21054 1
21055 0
21056 1
21057 3
21058 4
21059 2
21060 2
21061 1
21062 4
21063 3
21064 3
21065 3
21066 2
21067 3
21068 0
21069 0
21070 5
21071 2
21072 1
21073 1
21074 3
21075 1
21076 1
21077 4
21078 0
21079 3
21080 0
21081 2
21082 2
21083 2
21084 2
21085 4
21086 3
21087 1
21088 1
21089 2
21090 0
21091 1
21092 0
21093 3
21094 4
21095 2
21096 0
21097 2
21098 0
21099 3
21100 4
21101 1
21102 0
21103 3
21104 3
21105 2
21106 2
21107 1
21108 2
21109 3
21110 3
21111 2
21112 2
21113 3
21114 3
21115 1
21116 1
21117 1
21118 1
21119 0
21120 3
21121 2
21122 4
21123 2
21124 3
21125 1
21126 2
21127 1
21128 4
21129 1
21130 2
21131 2
21132 4
21133 3
21134 1
21135 0
21136 4
21137 0
21138 1
21139 2
21140 3
21141 3
21142 0
21143 3
21144 2
21145 4
21146 2
21147 3
21148 1
21149 2
21150 3
21151 1
21152 4
21153 3
21154 4
21155 4
21156 4
21157 1
21158 0
21159 4
21160 0
21161 0
21162 2
21163 0
21164 2
21165 3
21166 3
21167 4
21168 4
21169 0
21170 4
21171 0
21172 0
21173 3
21174 4
21175 3
21176 2
21177 0
21178 3
21179 3
21180 1
21181 4
21182 0
21183 2
21184 0
21185 3
21186 4
21187 3
21188 2
21189 0
21190 3
21191 3
21192 0
21193 0
21194 2
21195 1
21196 2
21197 4
21198 3
21199 4
21200 4
21201 4
21202 2
21203 2
21204 3
21205 3
21206 4
21207 4
21208 3
21209 1
21210 2
21211 4
21212 3
21213 0
21214 3
21215 2
21216 5
21217 2
21218 1
21219 2
21220 5
21221 2
21222 3
21223 4
21224 0
21225 3
21226 4
21227 3
21228 0
21229 2
21230 0
21231 1
21232 2
21233 4
21234 1
21235 0
21236 1
21237 1
21238 4
21239 3
21240 2
21241 2
21242 4
21243 0
21244 3
21245 0
21246 4
21247 0
21248 2
21249 2
21250 2
21251 0
21252 1
21253 1
21254 1
21255 2
21256 0
21257 2
21258 2
21259 2
21260 4
21261 3
21262 3
21263 4
21264 3
21265 0
21266 2
21267 2
21268 3
21269 4
21270 0
21271 0
21272 2
21273 2
21274 3
21275 3
21276 1
21277 4
21278 2
21279 3
21280 0
21281 4
21282 1
21283 1
21284 4
21285 0
21286 2
21287 3
21288 0
21289 0
21290 3
21291 2
21292 3
21293 3
21294 0
21295 4
21296 4
21297 2
21298 0
21299 3
21300 0
21301 2
21302 4
21303 0
21304 3
21305 4
21306 1
21307 4
21308 2
21309 2
21310 3
21311 3
21312 4
21313 1
21314 0
21315 3
21316 1
21317 3
21318 3
21319 4
21320 1
21321 2
21322 1
21323 4
21324 0
21325 4
21326 3
21327 1
21328 0
21329 1
21330 3
21331 1
21332 3
21333 1
21334 2
21335 3
21336 0
21337 0
21338 3
21339 4
21340 1
21341 0
21342 2
21343 1
21344 3
21345 2
21346 4
21347 3
21348 3
21349 3
21350 1
21351 0
21352 2
21353 3
21354 2
21355 3
21356 3
21357 4
21358 0
21359 1
21360 1
21361 2
21362 0
21363 3
21364 2
21365 3
21366 2
21367 1
21368 2
21369 4
21370 2
21371 2
21372 2
21373 0
21374 1
21375 2
21376 5
21377 3
21378 3
21379 4
21380 4
21381 2
21382 3
21383 3
21384 3
21385 2
21386 3
21387 2
21388 4
21389 2
21390 1
21391 3
21392 1
21393 3
21394 0
21395 1
21396 2
21397 0
21398 2
21399 5
21400 5
21401 5
21402 2
21403 2
21404 0
21405 3
21406 1
21407 3
21408 3
21409 1
21410 4
21411 2
21412 0
21413 3
21414 1
21415 3
21416 2
21417 3
21418 4
21419 0
21420 1
21421 3
21422 1
21423 1
21424 3
21425 3
21426 3
21427 2
21428 4
21429 0
21430 3
21431 4
21432 4
21433 3
21434 2
21435 1
21436 2
21437 3
21438 5
21439 4
21440 2
21441 1
21442 1
21443 3
21444 3
21445 1
21446 1
21447 2
21448 0
21449 0
21450 1
21451 0
21452 2
21453 5
21454 2
21455 2
21456 1
21457 2
21458 3
21459 0
21460 3
21461 4
21462 1
21463 4
21464 1
21465 4
21466 2
21467 2
21468 2
21469 2
21470 1
21471 2
21472 4
21473 3
21474 3
21475 5
21476 3
21477 2
21478 1
21479 1
21480 3
21481 2
21482 2
21483 0
21484 4
21485 0
21486 4
21487 3
21488 3
21489 1
21490 3
21491 0
21492 2
21493 3
21494 2
21495 1
21496 2
21497 4
21498 3
21499 2
21500 2
21501 2
21502 3
21503 4
21504 3
21505 5
21506 1
21507 2
21508 1
21509 1
21510 3
21511 3
21512 2
21513 1
21514 3
21515 2
21516 1
21517 4
21518 0
21519 2
21520 3
21521 4
21522 3
21523 2
21524 0
21525 2
21526 0
21527 2
21528 4
21529 0
21530 3
21531 2
21532 1
21533 2
21534 4
21535 0
21536 5
21537 2
21538 1
21539 1
21540 2
21541 3
21542 2
21543 2
21544 4
21545 0
21546 2
21547 1
21548 1
21549 0
21550 1
21551 0
21552 2
21553 3
21554 0
21555 1
21556 1
21557 4
21558 3
21559 5
21560 0
21561 0
21562 2
21563 3
21564 4
21565 2
21566 1
21567 2
21568 0
21569 1
21570 1
21571 1
21572 2
21573 1
21574 2
21575 1
21576 0
21577 4
21578 4
21579 2
21580 3
21581 5
21582 1
21583 0
21584 3
21585 5
21586 3
21587 3
21588 0
21589 2
21590 2
21591 4
21592 0
21593 3
21594 0
21595 3
21596 4
21597 2
21598 0
21599 0
21600 3
21601 2
21602 4
21603 3
21604 3
21605 2
21606 1
21607 2
21608 4
21609 2
21610 4
21611 1
21612 2
21613 1
21614 3
21615 3
21616 1
21617 2
21618 1
21619 0
21620 1
21621 0
21622 0
21623 4
21624 3
21625 4
21626 3
21627 4
21628 2
21629 2
21630 4
21631 2
21632 2
21633 5
21634 2
21635 2
21636 3
21637 3
21638 2
21639 1
21640 3
21641 2
21642 2
21643 2
21644 4
21645 4
21646 2
21647 2
21648 4
21649 1
21650 4
21651 0
21652 0
21653 3
21654 4
21655 1
21656 4
21657 2
21658 2
21659 0
21660 2
21661 0
21662 4
21663 3
21664 1
21665 2
21666 4
21667 0
21668 1
21669 4
21670 5
21671 0
21672 1
21673 2
21674 0
21675 1
21676 3
21677 3
21678 1
21679 2
21680 4
21681 2
21682 1
21683 1
21684 5
21685 4
21686 1
21687 1
21688 0
21689 1
21690 3
21691 2
21692 2
21693 1
21694 1
21695 0
21696 0
21697 5
21698 4
21699 4
21700 1
21701 0
21702 2
21703 2
21704 4
21705 3
21706 3
21707 4
21708 3
21709 0
21710 2
21711 4
21712 2
21713 3
21714 4
21715 4
21716 0
21717 0
21718 0
21719 3
21720 4
21721 2
21722 4
21723 0
21724 4
21725 3
21726 4
21727 3
21728 0
21729 2
21730 2
21731 4
21732 4
21733 2
21734 2
21735 2
21736 2
21737 3
21738 3
21739 2
21740 3
21741 4
21742 3
21743 3
21744 1
21745 5
21746 1
21747 4
21748 1
21749 3
21750 3
21751 2
21752 0
21753 4
21754 1
21755 4
21756 4
21757 0
21758 2
21759 0
21760 3
21761 0
21762 3
21763 2
21764 1
21765 2
21766 1
21767 3
21768 3
21769 1
21770 2
21771 4
21772 2
21773 3
21774 5
21775 0
21776 0
21777 3
21778 0
21779 0
21780 3
21781 2
21782 4
21783 2
21784 1
21785 3
21786 3
21787 4
21788 4
21789 2
21790 0
21791 3
21792 4
21793 0
21794 3
21795 4
21796 1
21797 2
21798 3
21799 2
21800 3
21801 3
21802 4
21803 2
21804 0
21805 4
21806 1
21807 1
21808 0
21809 4
21810 0
21811 0
21812 3
21813 2
21814 2
21815 0
21816 4
21817 3
21818 5
21819 3
21820 2
21821 4
21822 2
21823 3
21824 1
21825 4
21826 3
21827 3
21828 3
21829 0
21830 0
21831 1
21832 3
21833 4
21834 1
21835 0
21836 4
21837 2
21838 2
21839 4
21840 3
21841 3
21842 1
21843 5
21844 3
21845 0
21846 3
21847 0
21848 2
21849 3
21850 0
21851 2
21852 1
21853 0
21854 4
21855 1
21856 4
21857 1
21858 2
21859 1
21860 1
21861 4
21862 2
21863 2
21864 0
21865 1
21866 1
21867 1
21868 3
21869 4
21870 2
21871 0
21872 3
21873 2
21874 3
21875 2
21876 1
21877 3
21878 0
21879 1
21880 1
21881 4
21882 2
21883 0
21884 3
21885 2
21886 0
21887 0
21888 1
21889 4
21890 0
21891 5
21892 1
21893 3
21894 4
21895 1
21896 2
21897 4
21898 3
21899 0
21900 2
21901 3
21902 4
21903 3
21904 3
21905 0
21906 2
21907 2
21908 0
21909 2
21910 4
21911 0
21912 3
21913 3
21914 2
21915 1
21916 2
21917 5
21918 1
21919 1
21920 2
21921 3
21922 2
21923 3
21924 1
21925 2
21926 1
21927 3
21928 5
21929 2
21930 1
21931 5
21932 3
21933 1
21934 4
21935 0
21936 2
21937 4
21938 4
21939 1
21940 3
21941 3
21942 0
21943 1
21944 1
21945 1
21946 2
21947 3
21948 2
21949 0
21950 5
21951 2
21952 2
21953 3
21954 3
21955 0
21956 2
21957 2
21958 1
21959 3
21960 3
21961 2
21962 4
21963 4
21964 1
21965 0
21966 0
21967 1
21968 3
21969 1
21970 1
21971 2
21972 0
21973 2
21974 0
21975 2
21976 1
21977 0
21978 0
21979 0
21980 3
21981 2
21982 3
21983 2
21984 1
21985 3
21986 2
21987 2
21988 0
21989 5
21990 3
21991 2
21992 4
21993 3
21994 1
21995 4
21996 4
21997 1
21998 2
21999 0
22000 5
22001 0
22002 0
22003 3
22004 2
22005 1
22006 2
22007 3
22008 1
22009 5
22010 2
22011 1
22012 0
22013 2
22014 2
22015 1
22016 2
22017 1
22018 1
22019 0
22020 4
22021 2
22022 2
22023 4
22024 2
22025 4
22026 3
22027 2
22028 0
22029 0
22030 1
22031 0
22032 0
22033 4
22034 2
22035 4
22036 0
22037 2
22038 0
22039 2
22040 2
22041 1
22042 0
22043 0
22044 0
22045 1
22046 4
22047 1
22048 4
22049 3
22050 1
22051 2
22052 2
22053 2
22054 2
22055 3
22056 3
22057 1
22058 2
22059 5
22060 2
22061 5
22062 4
22063 2
22064 2
22065 2
22066 0
22067 3
22068 3
22069 4
22070 1
22071 1
22072 1
22073 0
22074 1
22075 2
22076 4
22077 1
22078 1
22079 2
22080 1
22081 1
22082 4
22083 5
22084 3
22085 0
22086 4
22087 3
22088 3
22089 3
22090 2
22091 1
22092 2
22093 2
22094 0
22095 4
22096 3
22097 3
22098 2
22099 3
22100 2
22101 4
22102 4
22103 1
22104 2
22105 3
22106 3
22107 0
22108 4
22109 4
22110 3
22111 1
22112 2
22113 2
22114 2
22115 2
22116 5
22117 4
22118 2
22119 1
22120 0
22121 2
22122 3
22123 3
22124 0
22125 2
22126 5
22127 3
22128 3
22129 1
22130 2
22131 0
22132 3
22133 1
22134 0
22135 0
22136 3
22137 4
22138 2
22139 1
22140 3
22141 1
22142 1
22143 3
22144 1
22145 1
22146 4
22147 2
22148 4
22149 1
22150 3
22151 4
22152 3
22153 3
22154 0
22155 3
22156 3
22157 3
22158 3
22159 1
22160 5
22161 2
22162 1
22163 2
22164 1
22165 0
22166 1
22167 3
22168 0
22169 3
22170 3
22171 4
22172 1
22173 4
22174 1
22175 2
22176 1
22177 4
22178 1
22179 5
22180 1
22181 3
22182 4
22183 1
22184 3
22185 2
22186 0
22187 2
22188 3
22189 1
22190 3
22191 1
22192 0
22193 2
22194 0
22195 3
22196 4
22197 0
22198 4
22199 4
22200 1
22201 2
22202 2
22203 3
22204 2
22205 4
22206 4
22207 2
22208 1
22209 0
22210 4
22211 2
22212 4
22213 1
22214 3
22215 2
22216 3
22217 2
22218 0
22219 2
22220 1
22221 4
22222 4
22223 0
22224 2
22225 1
22226 1
22227 3
22228 1
22229 4
22230 0
22231 1
22232 4
22233 4
22234 0
22235 2
22236 0
22237 2
22238 4
22239 2
22240 1
22241 2
22242 4
22243 0
22244 4
22245 5
22246 5
22247 0
22248 4
22249 4
22250 1
22251 3
22252 0
22253 3
22254 2
22255 2
22256 1
22257 0
22258 3
22259 1
22260 0
22261 2
22262 0
22263 1
22264 0
22265 3
22266 1
22267 1
22268 3
22269 4
22270 1
22271 1
22272 2
22273 2
22274 2
22275 3
22276 1
22277 1
22278 0
22279 1
22280 3
22281 2
22282 4
22283 3
22284 1
22285 4
22286 0
22287 3
22288 1
22289 3
22290 2
22291 2
22292 2
22293 3
22294 3
22295 1
22296 4
22297 0
22298 0
22299 3
22300 3
22301 0
22302 4
22303 4
22304 5
22305 2
22306 4
22307 0
22308 2
22309 3
22310 1
22311 3
22312 4
22313 4
22314 2
22315 1
22316 2
22317 2
22318 1
22319 0
22320 2
22321 1
22322 3
22323 3
22324 0
22325 4
22326 0
22327 0
22328 1
22329 2
22330 0
22331 5
22332 3
22333 1
22334 4
22335 0
22336 0
22337 5
22338 1
22339 4
22340 3
22341 4
22342 3
22343 5
22344 0
22345 4
22346 4
22347 1
22348 3
22349 2
22350 3
22351 1
22352 0
22353 4
22354 3
22355 3
22356 3
22357 4
22358 4
22359 2
22360 4
22361 4
22362 3
22363 0
22364 5
22365 0
22366 3
22367 3
22368 1
22369 3
22370 3
22371 5
22372 3
22373 2
22374 3
22375 1
22376 0
22377 3
22378 0
22379 4
22380 0
22381 4
22382 0
22383 0
22384 2
22385 3
22386 3
22387 1
22388 0
22389 1
22390 3
22391 3
22392 4
22393 1
22394 5
22395 4
22396 1
22397 0
22398 0
22399 0
22400 4
22401 0
22402 0
22403 1
22404 2
22405 5
22406 2
22407 2
22408 1
22409 4
22410 3
22411 0
22412 0
22413 3
22414 3
22415 2
22416 0
22417 2
22418 3
22419 3
22420 2
22421 4
22422 1
22423 1
22424 4
22425 0
22426 0
22427 3
22428 4
22429 0
22430 1
22431 2
22432 1
22433 2
22434 3
22435 1
22436 4
22437 1
22438 2
22439 4
22440 1
22441 2
22442 3
22443 0
22444 4
22445 2
22446 3
22447 4
22448 4
22449 0
22450 3
22451 4
22452 1
22453 3
22454 2
22455 1
22456 2
22457 0
22458 3
22459 1
22460 1
22461 1
22462 0
22463 4
22464 2
22465 1
22466 3
22467 0
22468 0
22469 3
22470 3
22471 2
22472 2
22473 0
22474 3
22475 3
22476 0
22477 3
22478 1
22479 4
22480 2
22481 3
22482 3
22483 2
22484 2
22485 2
22486 1
22487 3
22488 1
22489 3
22490 3
22491 2
22492 2
22493 2
22494 5
22495 3
22496 0
22497 2
22498 2
22499 1
22500 1
22501 3
22502 0
22503 3
22504 1
22505 4
22506 1
22507 3
22508 4
22509 5
22510 6
22511 1
22512 2
22513 1
22514 4
22515 4
22516 2
22517 4
22518 1
22519 3
22520 3
22521 0
22522 4
22523 3
22524 2
22525 3
22526 4
22527 2
22528 0
22529 2
22530 0
22531 0
22532 3
22533 2
22534 3
22535 4
22536 2
22537 1
22538 2
22539 3
22540 3
22541 3
22542 3
22543 2
22544 3
22545 1
22546 5
22547 2
22548 2
22549 3
22550 4
22551 1
22552 3
22553 2
22554 4
22555 4
22556 5
22557 1
22558 3
22559 1
22560 5
22561 1
22562 3
22563 2
22564 2
22565 1
22566 3
22567 3
22568 4
22569 1
22570 2
22571 3
22572 2
22573 3
22574 2
22575 5
22576 0
22577 3
22578 2
22579 0
22580 4
22581 3
22582 0
22583 4
22584 3
22585 2
22586 1
22587 4
22588 2
22589 4
22590 2
22591 5
22592 2
22593 3
22594 5
22595 3
22596 1
22597 2
22598 4
22599 1
22600 3
22601 2
22602 3
22603 2
22604 0
22605 3
22606 0
22607 1
22608 1
22609 4
22610 1
22611 4
22612 3
22613 1
22614 3
22615 5
22616 2
22617 0
22618 1
22619 2
22620 0
22621 4
22622 3
22623 5
22624 2
22625 1
22626 0
22627 4
22628 0
22629 2
22630 0
22631 1
22632 4
22633 3
22634 0
22635 3
22636 2
22637 3
22638 2
22639 5
22640 1
22641 3
22642 4
22643 0
22644 3
22645 5
22646 1
22647 4
22648 1
22649 0
22650 4
22651 1
22652 4
22653 1
22654 3
22655 4
22656 4
22657 4
22658 2
22659 3
22660 3
22661 4
22662 2
22663 2
22664 1
22665 3
22666 2
22667 1
22668 3
22669 2
22670 3
22671 2
22672 2
22673 5
22674 0
22675 3
22676 1
22677 5
22678 2
22679 0
22680 4
22681 0
22682 3
22683 3
22684 6
22685 4
22686 3
22687 3
22688 5
22689 0
22690 1
22691 3
22692 0
22693 2
22694 2
22695 1
22696 0
22697 5
22698 3
22699 2
22700 3
22701 1
22702 4
22703 1
22704 1
22705 3
22706 2
22707 0
22708 0
22709 3
22710 2
22711 2
22712 3
22713 3
22714 4
22715 4
22716 4
22717 3
22718 2
22719 3
22720 1
22721 3
22722 1
22723 4
22724 1
22725 4
22726 1
22727 3
22728 4
22729 4
22730 4
22731 0
22732 5
22733 0
22734 4
22735 2
22736 5
22737 0
22738 4
22739 4
22740 4
22741 0
22742 2
22743 4
22744 2
22745 3
22746 4
22747 3
22748 3
22749 2
22750 3
22751 1
22752 2
22753 1
22754 2
22755 1
22756 3
22757 3
22758 3
22759 2
22760 0
22761 1
22762 2
22763 2
22764 4
22765 0
22766 0
22767 3
22768 1
22769 2
22770 4
22771 1
22772 1
22773 4
22774 0
22775 0
22776 3
22777 5
22778 0
22779 2
22780 4
22781 4
22782 0
22783 2
22784 0
22785 4
22786 1
22787 4
22788 1
22789 5
22790 1
22791 1
22792 1
22793 5
22794 3
22795 1
22796 0
22797 1
22798 1
22799 0
22800 4
22801 3
22802 3
22803 3
22804 1
22805 2
22806 2
22807 3
22808 4
22809 5
22810 2
22811 1
22812 3
22813 0
22814 1
22815 2
22816 3
22817 2
22818 4
22819 1
22820 5
22821 5
22822 2
22823 1
22824 1
22825 4
22826 1
22827 4
22828 2
22829 1
22830 1
22831 1
22832 4
22833 3
22834 4
22835 3
22836 2
22837 0
22838 4
22839 4
22840 2
22841 3
22842 3
22843 0
22844 2
22845 4
22846 4
22847 2
22848 2
22849 4
22850 4
22851 3
22852 4
22853 2
22854 2
22855 4
22856 4
22857 3
22858 3
22859 0
22860 3
22861 0
22862 4
22863 2
22864 3
22865 0
22866 4
22867 0
22868 1
22869 0
22870 3
22871 2
22872 1
22873 3
22874 4
22875 3
22876 1
22877 1
22878 3
22879 4
22880 0
22881 1
22882 2
22883 0
22884 0
22885 2
22886 4
22887 4
22888 3
22889 3
22890 3
22891 1
22892 3
22893 3
22894 2
22895 1
22896 2
22897 5
22898 0
22899 5
22900 1
22901 2
22902 3
22903 2
22904 0
22905 1
22906 0
22907 2
22908 3
22909 5
22910 4
22911 4
22912 1
22913 0
22914 4
22915 3
22916 4
22917 4
22918 0
22919 0
22920 1
22921 1
22922 1
22923 2
22924 4
22925 1
22926 3
22927 2
22928 1
22929 2
22930 2
22931 3
22932 0
22933 2
22934 3
22935 5
22936 3
22937 4
22938 2
22939 4
22940 1
22941 4
22942 0
22943 0
22944 4
22945 0
22946 2
22947 4
22948 3
22949 3
22950 0
22951 5
22952 3
22953 3
22954 3
22955 3
22956 0
22957 1
22958 4
22959 2
22960 2
22961 4
22962 2
22963 1
22964 1
22965 2
22966 0
22967 0
22968 1
22969 3
22970 0
22971 3
22972 1
22973 3
22974 4
22975 0
22976 2
22977 4
22978 4
22979 0
22980 4
22981 2
22982 4
22983 3
22984 1
22985 0
22986 2
22987 1
22988 5
22989 2
22990 0
22991 3
22992 2
22993 4
22994 2
22995 0
22996 3
22997 4
22998 4
22999 3
23000 2
23001 3
23002 1
23003 4
23004 4
23005 4
23006 2
23007 0
23008 5
23009 0
23010 1
23011 3
23012 4
23013 4
23014 3
23015 0
23016 2
23017 4
23018 3
23019 1
23020 3
23021 4
23022 4
23023 3
23024 2
23025 2
23026 4
23027 3
23028 3
23029 1
23030 3
23031 0
23032 1
23033 3
23034 3
23035 3
23036 3
23037 3
23038 2
23039 1
23040 4
23041 4
23042 3
23043 4
23044 1
23045 2
23046 4
23047 1
23048 3
23049 3
23050 2
23051 3
23052 3
23053 1
23054 1
23055 3
23056 0
23057 2
23058 1
23059 1
23060 4
23061 5
23062 5
23063 4
23064 1
23065 3
23066 4
23067 1
23068 0
23069 1
23070 5
23071 5
23072 1
23073 2
23074 2
23075 2
23076 5
23077 5
23078 3
23079 4
23080 4
23081 4
23082 2
23083 2
23084 2
23085 1
23086 1
23087 4
23088 3
23089 0
23090 4
23091 3
23092 3
23093 3
23094 4
23095 1
23096 4
23097 2
23098 4
23099 0
23100 2
23101 3
23102 4
23103 1
23104 3
23105 2
23106 1
23107 2
23108 4
23109 0
23110 1
23111 2
23112 3
23113 3
23114 1
23115 1
23116 1
23117 3
23118 1
23119 3
23120 3
23121 4
23122 4
23123 3
23124 0
23125 3
23126 3
23127 2
23128 4
23129 2
23130 1
23131 0
23132 5
23133 1
23134 3
23135 0
23136 2
23137 2
23138 1
23139 3
23140 1
23141 0
23142 4
23143 2
23144 0
23145 2
23146 2
23147 2
23148 3
23149 2
23150 0
23151 4
23152 4
23153 3
23154 5
23155 5
23156 4
23157 3
23158 5
23159 3
23160 1
23161 2
23162 3
23163 1
23164 4
23165 4
23166 3
23167 3
23168 4
23169 3
23170 3
23171 1
23172 0
23173 3
23174 3
23175 4
23176 4
23177 0
23178 3
23179 4
23180 3
23181 3
23182 1
23183 3
23184 1
23185 2
23186 2
23187 1
23188 1
23189 0
23190 1
23191 2
23192 4
23193 1
23194 3
23195 1
23196 3
23197 1
23198 4
23199 0
23200 0
23201 1
23202 4
23203 0
23204 1
23205 0
23206 2
23207 3
23208 2
23209 0
23210 3
23211 3
23212 2
23213 3
23214 3
23215 0
23216 2
23217 0
23218 1
23219 4
23220 4
23221 3
23222 4
23223 0
23224 3
23225 0
23226 3
23227 0
23228 0
23229 4
23230 1
23231 3
23232 4
23233 5
23234 4
23235 2
23236 2
23237 4
23238 3
23239 2
23240 3
23241 4
23242 3
23243 1
23244 0
23245 4
23246 0
23247 1
23248 3
23249 4
23250 1
23251 2
23252 0
23253 1
23254 1
23255 0
23256 3
23257 4
23258 4
23259 3
23260 1
23261 1
23262 5
23263 3
23264 4
23265 4
23266 4
23267 3
23268 1
23269 2
23270 5
23271 2
23272 3
23273 0
23274 0
23275 4
23276 3
23277 1
23278 1
23279 0
23280 3
23281 4
23282 3
23283 3
23284 5
23285 2
23286 0
23287 2
23288 2
23289 5
23290 0
23291 3
23292 4
23293 4
23294 5
23295 1
23296 0
23297 0
23298 0
23299 1
23300 4
23301 4
23302 0
23303 2
23304 3
23305 2
23306 0
23307 0
23308 3
23309 4
23310 1
23311 1
23312 3
23313 4
23314 4
23315 0
23316 1
23317 2
23318 4
23319 2
23320 5
23321 3
23322 3
23323 4
23324 3
23325 5
23326 0
23327 1
23328 4
23329 2
23330 4
23331 5
23332 0
23333 0
23334 0
23335 1
23336 0
23337 3
23338 1
23339 0
23340 0
23341 2
23342 4
23343 2
23344 3
23345 3
23346 1
23347 4
23348 1
23349 3
23350 1
23351 3
23352 1
23353 3
23354 1
23355 2
23356 0
23357 4
23358 4
23359 3
23360 4
23361 3
23362 5
23363 5
23364 3
23365 4
23366 3
23367 4
23368 3
23369 0
23370 3
23371 2
23372 4
23373 1
23374 0
23375 4
23376 1
23377 4
23378 3
23379 1
23380 1
23381 3
23382 4
23383 0
23384 1
23385 4
23386 3
23387 1
23388 2
23389 4
23390 2
23391 1
23392 0
23393 0
23394 3
23395 0
23396 3
23397 1
23398 3
23399 2
23400 5
23401 3
23402 2
23403 3
23404 2
23405 1
23406 4
23407 4
23408 2
23409 0
23410 3
23411 0
23412 3
23413 1
23414 1
23415 0
23416 2
23417 4
23418 2
23419 4
23420 1
23421 3
23422 2
23423 2
23424 1
23425 0
23426 4
23427 3
23428 3
23429 4
23430 0
23431 3
23432 4
23433 0
23434 5
23435 0
23436 2
23437 2
23438 2
23439 2
23440 4
23441 0
23442 3
23443 0
23444 2
23445 4
23446 1
23447 4
23448 0
23449 2
23450 2
23451 1
23452 2
23453 1
23454 2
23455 4
23456 3
23457 4
23458 1
23459 3
23460 2
23461 2
23462 1
23463 1
23464 2
23465 0
23466 4
23467 4
23468 1
23469 3
23470 1
23471 5
23472 1
23473 4
23474 3
23475 1
23476 4
23477 3
23478 1
23479 1
23480 3
23481 0
23482 5
23483 0
23484 2
23485 0
23486 0
23487 0
23488 3
23489 4
23490 3
23491 2
23492 4
23493 0
23494 5
23495 1
23496 0
23497 2
23498 4
23499 2
23500 2
23501 4
23502 5
23503 5
23504 4
23505 1
23506 3
23507 4
23508 2
23509 2
23510 3
23511 0
23512 0
23513 0
23514 4
23515 4
23516 1
23517 1
23518 0
23519 2
23520 3
23521 0
23522 4
23523 5
23524 3
23525 2
23526 0
23527 4
23528 0
23529 3
23530 1
23531 0
23532 1
23533 2
23534 4
23535 1
23536 0
23537 4
23538 1
23539 2
23540 1
23541 0
23542 3
23543 4
23544 1
23545 4
23546 5
23547 2
23548 4
23549 2
23550 1
23551 2
23552 3
23553 3
23554 1
23555 3
23556 1
23557 4
23558 2
23559 2
23560 1
23561 3
23562 1
23563 4
23564 3
23565 3
23566 3
23567 6
23568 0
23569 1
23570 4
23571 3
23572 3
23573 3
23574 4
23575 5
23576 4
23577 3
23578 3
23579 3
23580 3
23581 3
23582 0
23583 3
23584 3
23585 0
23586 2
23587 5
23588 3
23589 3
23590 4
23591 3
23592 0
23593 3
23594 0
23595 2
23596 5
23597 4
23598 2
23599 1
23600 0
23601 2
23602 4
23603 1
23604 3
23605 0
23606 0
23607 3
23608 3
23609 4
23610 1
23611 2
23612 3
23613 1
23614 5
23615 3
23616 5
23617 2
23618 5
23619 0
23620 0
23621 3
23622 4
23623 1
23624 1
23625 0
23626 3
23627 3
23628 0
23629 3
23630 3
23631 0
23632 0
23633 2
23634 4
23635 0
23636 2
23637 2
23638 0
23639 2
23640 2
23641 5
23642 2
23643 4
23644 5
23645 2
23646 0
23647 1
23648 3
23649 4
23650 4
23651 0
23652 4
23653 2
23654 0
23655 3
23656 2
23657 0
23658 1
23659 2
23660 1
23661 4
23662 5
23663 4
23664 5
23665 3
23666 1
23667 0
23668 4
23669 0
23670 5
23671 1
23672 3
23673 4
23674 3
23675 1
23676 0
23677 2
23678 4
23679 2
23680 4
23681 2
23682 0
23683 3
23684 2
23685 1
23686 2
23687 1
23688 4
23689 2
23690 3
23691 1
23692 4
23693 0
23694 3
23695 3
23696 5
23697 2
23698 3
23699 0
23700 1
23701 3
23702 4
23703 3
23704 0
23705 1
23706 2
23707 4
23708 3
23709 1
23710 0
23711 4
23712 0
23713 2
23714 4
23715 1
23716 5
23717 3
23718 2
23719 4
23720 2
23721 4
23722 5
23723 4
23724 1
23725 0
23726 4
23727 4
23728 2
23729 3
23730 2
23731 3
23732 1
23733 2
23734 4
23735 4
23736 1
23737 5
23738 0
23739 1
23740 0
23741 1
23742 2
23743 3
23744 1
23745 3
23746 4
23747 0
23748 3
23749 2
23750 3
23751 0
23752 2
23753 5
23754 2
23755 0
23756 5
23757 1
23758 2
23759 4
23760 0
23761 5
23762 5
23763 4
23764 2
23765 3
23766 2
23767 3
23768 3
23769 4
23770 3
23771 4
23772 1
23773 2
23774 6
23775 3
23776 0
23777 3
23778 4
23779 3
23780 1
23781 4
23782 1
23783 3
23784 3
23785 1
23786 5
23787 0
23788 6
23789 0
23790 5
23791 0
23792 0
23793 2
23794 5
23795 3
23796 3
23797 2
23798 2
23799 2
23800 4
23801 4
23802 0
23803 3
23804 0
23805 1
23806 5
23807 0
23808 2
23809 2
23810 3
23811 0
23812 4
23813 5
23814 1
23815 3
23816 1
23817 2
23818 5
23819 0
23820 4
23821 3
23822 4
23823 3
23824 0
23825 2
23826 1
23827 2
23828 3
23829 2
23830 4
23831 3
23832 4
23833 2
23834 2
23835 2
23836 5
23837 3
23838 3
23839 4
23840 2
23841 2
23842 4
23843 0
23844 0
23845 4
23846 2
23847 1
23848 0
23849 0
23850 2
23851 0
23852 0
23853 1
23854 4
23855 1
23856 5
23857 4
23858 5
23859 4
23860 4
23861 5
23862 2
23863 2
23864 0
23865 1
23866 1
23867 3
23868 0
23869 3
23870 1
23871 0
23872 4
23873 2
23874 1
23875 2
23876 0
23877 3
23878 3
23879 1
23880 0
23881 1
23882 3
23883 4
23884 1
23885 3
23886 2
23887 2
23888 3
23889 1
23890 2
23891 1
23892 4
23893 4
23894 2
23895 3
23896 4
23897 4
23898 1
23899 4
23900 3
23901 2
23902 2
23903 3
23904 3
23905 2
23906 4
23907 1
23908 0
23909 4
23910 2
23911 4
23912 1
23913 0
23914 3
23915 3
23916 3
23917 1
23918 4
23919 2
23920 4
23921 1
23922 2
23923 2
23924 0
23925 2
23926 3
23927 1
23928 4
23929 2
23930 3
23931 1
23932 3
23933 3
23934 3
23935 2
23936 1
23937 0
23938 3
23939 0
23940 0
23941 2
23942 1
23943 0
23944 3
23945 0
23946 4
23947 2
23948 4
23949 2
23950 0
23951 2
23952 4
23953 1
23954 1
23955 0
23956 3
23957 0
23958 2
23959 2
23960 0
23961 0
23962 2
23963 1
23964 3
23965 5
23966 0
23967 3
23968 0
23969 3
23970 4
23971 0
23972 0
23973 4
23974 3
23975 0
23976 2
23977 0
23978 2
23979 3
23980 0
23981 4
23982 3
23983 2
23984 3
23985 1
23986 2
23987 1
23988 1
23989 1
23990 2
23991 3
23992 4
23993 2
23994 2
23995 1
23996 2
23997 1
23998 2
23999 1
24000 1
24001 4
24002 1
24003 5
24004 4
24005 0
24006 1
24007 2
24008 4
24009 2
24010 3
24011 2
24012 2
24013 0
24014 2
24015 1
24016 4
24017 2
24018 0
24019 3
24020 2
24021 1
24022 2
24023 3
24024 4
24025 4
24026 3
24027 4
24028 2
24029 2
24030 4
24031 0
24032 2
24033 4
24034 2
24035 1
24036 1
24037 1
24038 0
24039 4
24040 0
24041 0
24042 3
24043 5
24044 4
24045 5
24046 3
24047 3
24048 3
24049 3
24050 4
24051 2
24052 2
24053 3
24054 1
24055 4
24056 4
24057 2
24058 3
24059 1
24060 5
24061 3
24062 4
24063 3
24064 0
24065 4
24066 4
24067 2
24068 0
24069 3
24070 2
24071 2
24072 3
24073 0
24074 1
24075 4
24076 3
24077 4
24078 2
24079 0
24080 0
24081 1
24082 4
24083 4
24084 0
24085 0
24086 1
24087 3
24088 1
24089 3
24090 5
24091 5
24092 1
24093 1
24094 3
24095 2
24096 0
24097 1
24098 0
24099 0
24100 0
24101 1
24102 3
24103 4
24104 5
24105 3
24106 1
24107 3
24108 1
24109 1
24110 0
24111 4
24112 0
24113 1
24114 4
24115 1
24116 5
24117 1
24118 0
24119 0
24120 2
24121 4
24122 3
24123 1
24124 3
24125 3
24126 2
24127 3
24128 0
24129 3
24130 0
24131 2
24132 1
24133 1
24134 1
24135 0
24136 3
24137 3
24138 2
24139 2
24140 2
24141 1
24142 2
24143 1
24144 1
24145 3
24146 4
24147 4
24148 3
24149 5
24150 1
24151 2
24152 3
24153 5
24154 4
24155 5
24156 2
24157 0
24158 4
24159 3
24160 2
24161 3
24162 5
24163 0
24164 5
24165 1
24166 2
24167 0
24168 3
24169 4
24170 0
24171 1
24172 2
24173 2
24174 4
24175 3
24176 4
24177 2
24178 1
24179 3
24180 0
24181 2
24182 3
24183 4
24184 4
24185 0
24186 4
24187 4
24188 4
24189 3
24190 3
24191 2
24192 4
24193 2
24194 2
24195 2
24196 4
24197 2
24198 4
24199 5
24200 2
24201 3
24202 3
24203 3
24204 1
24205 2
24206 1
24207 1
24208 2
24209 3
24210 4
24211 4
24212 5
24213 3
24214 2
24215 2
24216 4
24217 2
24218 4
24219 2
24220 0
24221 3
24222 2
24223 2
24224 3
24225 2
24226 3
24227 2
24228 2
24229 4
24230 4
24231 4
24232 3
24233 0
24234 1
24235 1
24236 4
24237 4
24238 2
24239 4
24240 4
24241 2
24242 5
24243 5
24244 2
24245 1
24246 1
24247 3
24248 3
24249 4
24250 0
24251 0
24252 1
24253 3
24254 3
24255 3
24256 1
24257 2
24258 4
24259 2
24260 2
24261 4
24262 2
24263 2
24264 1
24265 1
24266 0
24267 3
24268 1
24269 5
24270 3
24271 1
24272 3
24273 0
24274 4
24275 3
24276 1
24277 3
24278 2
24279 3
24280 4
24281 3
24282 2
24283 3
24284 5
24285 1
24286 2
24287 4
24288 5
24289 3
24290 5
24291 3
24292 3
24293 2
24294 4
24295 2
24296 3
24297 2
24298 3
24299 4
24300 5
24301 3
24302 2
24303 3
24304 2
24305 3
24306 0
24307 2
24308 4
24309 4
24310 2
24311 3
24312 1
24313 0
24314 4
24315 4
24316 0
24317 4
24318 0
24319 1
24320 2
24321 3
24322 2
24323 1
24324 4
24325 4
24326 4
24327 5
24328 1
24329 3
24330 3
24331 1
24332 2
24333 2
24334 4
24335 0
24336 0
24337 1
24338 3
24339 3
24340 4
24341 4
24342 3
24343 1
24344 1
24345 2
24346 3
24347 2
24348 1
24349 3
24350 0
24351 3
24352 1
24353 5
24354 1
24355 4
24356 3
24357 1
24358 3
24359 1
24360 2
24361 2
24362 0
24363 5
24364 0
24365 3
24366 4
24367 2
24368 4
24369 2
24370 1
24371 2
24372 2
24373 1
24374 5
24375 2
24376 3
24377 3
24378 4
24379 2
24380 2
24381 2
24382 0
24383 4
24384 2
24385 0
24386 1
24387 4
24388 2
24389 4
24390 0
24391 1
24392 4
24393 4
24394 2
24395 2
24396 4
24397 1
24398 4
24399 4
24400 4
24401 3
24402 3
24403 2
24404 2
24405 3
24406 2
24407 2
24408 2
24409 1
24410 0
24411 0
24412 3
24413 2
24414 3
24415 5
24416 0
24417 3
24418 0
24419 1
24420 4
24421 1
24422 1
24423 2
24424 2
24425 2
24426 4
24427 3
24428 2
24429 4
24430 1
24431 3
24432 5
24433 0
24434 5
24435 3
24436 4
24437 1
24438 2
24439 2
24440 2
24441 2
24442 0
24443 4
24444 0
24445 4
24446 3
24447 3
24448 3
24449 4
24450 1
24451 2
24452 1
24453 4
24454 4
24455 2
24456 2
24457 0
24458 3
24459 1
24460 2
24461 3
24462 4
24463 0
24464 5
24465 0
24466 3
24467 2
24468 3
24469 4
24470 3
24471 1
24472 2
24473 2
24474 0
24475 1
24476 1
24477 3
24478 3
24479 2
24480 1
24481 1
24482 0
24483 1
24484 3
24485 4
24486 1
24487 0
24488 3
24489 1
24490 5
24491 3
24492 2
24493 1
24494 5
24495 1
24496 1
24497 4
24498 0
24499 4
24500 1
24501 3
24502 0
24503 4
24504 1
24505 0
24506 6
24507 1
24508 4
24509 4
24510 2
24511 2
24512 3
24513 1
24514 3
24515 2
24516 2
24517 4
24518 4
24519 4
24520 0
24521 0
24522 4
24523 3
24524 2
24525 4
24526 3
24527 1
24528 2
24529 2
24530 4
24531 0
24532 4
24533 1
24534 1
24535 1
24536 4
24537 0
24538 1
24539 2
24540 4
24541 4
24542 2
24543 3
24544 0
24545 4
24546 4
24547 1
24548 3
24549 1
24550 0
24551 4
24552 1
24553 3
24554 1
24555 3
24556 2
24557 2
24558 0
24559 2
24560 0
24561 4
24562 2
24563 3
24564 2
24565 5
24566 3
24567 0
24568 2
24569 4
24570 2
24571 2
24572 4
24573 0
24574 4
24575 2
24576 1
24577 4
24578 1
24579 4
24580 2
24581 1
24582 2
24583 3
24584 0
24585 0
24586 0
24587 2
24588 5
24589 1
24590 1
24591 4
24592 3
24593 3
24594 4
24595 2
24596 3
24597 2
24598 1
24599 0
24600 4
24601 2
24602 2
24603 4
24604 0
24605 4
24606 3
24607 1
24608 2
24609 2
24610 4
24611 3
24612 4
24613 0
24614 1
24615 2
24616 4
24617 4
24618 0
24619 2
24620 6
24621 0
24622 0
24623 3
24624 1
24625 0
24626 4
24627 1
24628 3
24629 1
24630 2
24631 3
24632 3
24633 3
24634 5
24635 5
24636 2
24637 1
24638 1
24639 2
24640 3
24641 4
24642 3
24643 3
24644 3
24645 2
24646 5
24647 3
24648 1
24649 3
24650 3
24651 2
24652 0
24653 4
24654 3
24655 0
24656 2
24657 2
24658 3
24659 3
24660 3
24661 0
24662 3
24663 1
24664 2
24665 0
24666 2
24667 3
24668 3
24669 2
24670 3
24671 3
24672 3
24673 4
24674 1
24675 1
24676 4
24677 4
24678 4
24679 1
24680 1
24681 1
24682 2
24683 2
24684 1
24685 3
24686 2
24687 2
24688 4
24689 2
24690 2
24691 0
24692 2
24693 1
24694 3
24695 2
24696 4
24697 0
24698 2
24699 0
24700 0
24701 0
24702 1
24703 3
24704 4
24705 3
24706 4
24707 1
24708 4
24709 0
24710 3
24711 1
24712 3
24713 1
24714 0
24715 3
24716 4
24717 3
24718 2
24719 0
24720 1
24721 3
24722 5
24723 4
24724 3
24725 3
24726 1
24727 4
24728 4
24729 4
24730 4
24731 4
24732 5
24733 3
24734 2
24735 3
24736 1
24737 5
24738 4
24739 4
24740 3
24741 0
24742 5
24743 2
24744 1
24745 4
24746 4
24747 0
24748 1
24749 3
24750 1
24751 3
24752 1
24753 5
24754 4
24755 1
24756 4
24757 0
24758 4
24759 3
24760 1
24761 3
24762 3
24763 0
24764 3
24765 2
24766 3
24767 1
24768 3
24769 2
24770 2
24771 3
24772 1
24773 1
24774 4
24775 1
24776 2
24777 2
24778 3
24779 2
24780 3
24781 1
24782 3
24783 4
24784 4
24785 1
24786 4
24787 5
24788 4
24789 3
24790 0
24791 5
24792 4
24793 3
24794 3
24795 4
24796 1
24797 4
24798 1
24799 3
24800 4
24801 4
24802 2
24803 6
24804 2
24805 4
24806 1
24807 4
24808 2
24809 0
24810 0
24811 4
24812 1
24813 2
24814 2
24815 2
24816 3
24817 1
24818 3
24819 4
24820 5
24821 2
24822 4
24823 4
24824 4
24825 4
24826 5
24827 3
24828 4
24829 2
24830 3
24831 4
24832 2
24833 2
24834 1
24835 1
24836 0
24837 3
24838 3
24839 2
24840 5
24841 3
24842 5
24843 0
24844 2
24845 3
24846 4
24847 3
24848 3
24849 2
24850 1
24851 1
24852 1
24853 2
24854 3
24855 2
24856 3
24857 2
24858 3
24859 2
24860 5
24861 3
24862 4
24863 3
24864 3
24865 3
24866 3
24867 4
24868 4
24869 5
24870 0
24871 0
24872 3
24873 3
24874 0
24875 2
24876 3
24877 2
24878 3
24879 1
24880 4
24881 4
24882 4
24883 0
24884 0
24885 4
24886 2
24887 5
24888 0
24889 1
24890 1
24891 1
24892 1
24893 2
24894 2
24895 1
24896 3
24897 0
24898 4
24899 4
24900 0
24901 2
24902 1
24903 4
24904 0
24905 0
24906 1
24907 4
24908 3
24909 6
24910 2
24911 3
24912 5
24913 4
24914 2
24915 1
24916 3
24917 3
24918 3
24919 5
24920 4
24921 0
24922 1
24923 2
24924 1
24925 5
24926 4
24927 1
24928 4
24929 3
24930 0
24931 0
24932 3
24933 1
24934 4
24935 2
24936 2
24937 1
24938 5
24939 2
24940 3
24941 1
24942 3
24943 4
24944 4
24945 5
24946 0
24947 0
24948 1
24949 4
24950 4
24951 1
24952 0
24953 1
24954 1
24955 4
24956 1
24957 1
24958 0
24959 3
24960 4
24961 5
24962 4
24963 2
24964 2
24965 4
24966 1
24967 4
24968 4
24969 1
24970 3
24971 1
24972 3
24973 4
24974 4
24975 3
24976 0
24977 0
24978 0
24979 1
24980 4
24981 3
24982 4
24983 3
24984 3
24985 2
24986 5
24987 1
24988 0
24989 0
24990 4
24991 1
24992 1
24993 2
24994 1
24995 2
24996 2
24997 1
24998 1
24999 2
25000 4
25001 3
25002 1
25003 2
25004 1
25005 4
25006 4
25007 4
25008 3
25009 2
25010 1
25011 1
25012 1
25013 0
25014 5
25015 2
25016 5
25017 3
25018 4
25019 1
25020 3
25021 2
25022 1
25023 0
25024 1
25025 2
25026 5
25027 4
25028 3
25029 1
25030 6
25031 4
25032 3
25033 3
25034 1
25035 4
25036 1
25037 4
25038 1
25039 0
25040 3
25041 4
25042 3
25043 0
25044 3
25045 1
25046 3
25047 4
25048 0
25049 3
25050 0
25051 1
25052 0
25053 2
25054 1
25055 4
25056 0
25057 0
25058 1
25059 4
25060 2
25061 5
25062 2
25063 4
25064 1
25065 1
25066 3
25067 4
25068 0
25069 2
25070 3
25071 4
25072 0
25073 1
25074 0
25075 3
25076 0
25077 3
25078 3
25079 3
25080 5
25081 2
25082 3
25083 0
25084 0
25085 0
25086 0
25087 2
25088 5
25089 3
25090 2
25091 3
25092 2
25093 1
25094 2
25095 1
25096 3
25097 1
25098 5
25099 2
25100 3
25101 4
25102 6
25103 4
25104 0
25105 3
25106 5
25107 4
25108 2
25109 4
25110 2
25111 1
25112 0
25113 3
25114 3
25115 4
25116 2
25117 1
25118 0
25119 2
25120 4
25121 3
25122 3
25123 2
25124 0
25125 0
25126 0
25127 4
25128 3
25129 0
25130 4
25131 2
25132 2
25133 0
25134 4
25135 2
25136 0
25137 1
25138 3
25139 5
25140 1
25141 3
25142 1
25143 2
25144 5
25145 3
25146 0
25147 2
25148 4
25149 3
25150 4
25151 2
25152 3
25153 2
25154 5
25155 4
25156 3
25157 0
25158 3
25159 4
25160 4
25161 0
25162 4
25163 4
25164 0
25165 3
25166 2
25167 1
25168 2
25169 2
25170 3
25171 3
25172 3
25173 0
25174 1
25175 3
25176 3
25177 5
25178 4
25179 2
25180 3
25181 0
25182 3
25183 1
25184 3
25185 4
25186 1
25187 1
25188 0
25189 4
25190 5
25191 0
25192 1
25193 0
25194 5
25195 4
25196 3
25197 4
25198 2
25199 0
25200 3
25201 5
25202 1
25203 3
25204 2
25205 1
25206 0
25207 4
25208 5
25209 3
25210 0
25211 1
25212 4
25213 3
25214 3
25215 0
25216 5
25217 3
25218 4
25219 4
25220 3
25221 2
25222 0
25223 3
25224 1
25225 3
25226 4
25227 2
25228 2
25229 1
25230 2
25231 0
25232 3
25233 3
25234 3
25235 5
25236 2
25237 3
25238 1
25239 1
25240 3
25241 2
25242 0
25243 1
25244 3
25245 3
25246 5
25247 4
25248 2
25249 4
25250 2
25251 1
25252 4
25253 4
25254 3
25255 2
25256 4
25257 3
25258 4
25259 3
25260 5
25261 3
25262 4
25263 2
25264 1
25265 1
25266 5
25267 2
25268 4
25269 2
25270 2
25271 4
25272 1
25273 1
25274 1
25275 0
25276 4
25277 0
25278 1
25279 3
25280 4
25281 2
25282 0
25283 5
25284 3
25285 0
25286 5
25287 3
25288 0
25289 3
25290 1
25291 0
25292 0
25293 1
25294 1
25295 4
25296 0
25297 5
25298 2
25299 0
25300 0
25301 0
25302 3
25303 1
25304 3
25305 4
25306 3
25307 3
25308 1
25309 2
25310 4
25311 1
25312 0
25313 0
25314 2
25315 4
25316 0
25317 1
25318 1
25319 3
25320 2
25321 3
25322 4
25323 2
25324 0
25325 1
25326 4
25327 3
25328 1
25329 5
25330 2
25331 3
25332 0
25333 2
25334 1
25335 1
25336 2
25337 4
25338 4
25339 4
25340 3
25341 0
25342 3
25343 4
25344 2
25345 3
25346 1
25347 2
25348 2
25349 0
25350 0
25351 2
25352 5
25353 0
25354 1
25355 0
25356 2
25357 1
25358 4
25359 3
25360 2
25361 2
25362 6
25363 4
25364 3
25365 3
25366 5
25367 3
25368 4
25369 4
25370 0
25371 3
25372 2
25373 5
25374 4
25375 1
25376 5
25377 3
25378 1
25379 4
25380 4
25381 4
25382 4
25383 2
25384 2
25385 5
25386 3
25387 3
25388 3
25389 4
25390 3
25391 5
25392 1
25393 5
25394 1
25395 3
25396 2
25397 4
25398 3
25399 3
25400 3
25401 0
25402 3
25403 4
25404 4
25405 3
25406 4
25407 2
25408 4
25409 2
25410 2
25411 4
25412 1
25413 4
25414 3
25415 3
25416 1
25417 3
25418 1
25419 2
25420 2
25421 3
25422 2
25423 1
25424 0
25425 3
25426 0
25427 2
25428 3
25429 3
25430 4
25431 2
25432 1
25433 2
25434 0
25435 2
25436 2
25437 2
25438 2
25439 4
25440 4
25441 1
25442 3
25443 4
25444 2
25445 4
25446 0
25447 0
25448 5
25449 5
25450 1
25451 1
25452 3
25453 4
25454 3
25455 0
25456 3
25457 4
25458 3
25459 3
25460 2
25461 4
25462 2
25463 2
25464 2
25465 2
25466 0
25467 3
25468 2
25469 5
25470 5
25471 4
25472 2
25473 0
25474 1
25475 0
25476 3
25477 3
25478 4
25479 0
25480 5
25481 3
25482 2
25483 2
25484 4
25485 4
25486 1
25487 2
25488 0
25489 2
25490 0
25491 4
25492 3
25493 0
25494 1
25495 2
25496 4
25497 3
25498 3
25499 1
25500 2
25501 2
25502 3
25503 2
25504 4
25505 3
25506 2
25507 3
25508 1
25509 4
25510 2
25511 4
25512 3
25513 1
25514 4
25515 2
25516 1
25517 0
25518 3
25519 1
25520 4
25521 0
25522 3
25523 2
25524 0
25525 1
25526 2
25527 5
25528 3
25529 2
25530 2
25531 1
25532 3
25533 2
25534 4
25535 3
25536 4
25537 1
25538 3
25539 0
25540 2
25541 3
25542 3
25543 3
25544 1
25545 0
25546 5
25547 2
25548 2
25549 4
25550 2
25551 3
25552 0
25553 1
25554 0
25555 1
25556 1
25557 4
25558 0
25559 3
25560 4
25561 2
25562 1
25563 0
25564 2
25565 3
25566 2
25567 2
25568 3
25569 1
25570 2
25571 4
25572 3
25573 0
25574 4
25575 3
25576 3
25577 2
25578 3
25579 3
25580 2
25581 2
25582 1
25583 5
25584 3
25585 4
25586 5
25587 4
25588 2
25589 4
25590 3
25591 0
25592 3
25593 2
25594 0
25595 3
25596 4
25597 1
25598 4
25599 2
25600 4
25601 5
25602 0
25603 4
25604 3
25605 3
25606 0
25607 5
25608 0
25609 2
25610 4
25611 0
25612 1
25613 4
25614 1
25615 3
25616 0
25617 0
25618 5
25619 1
25620 0
25621 5
25622 2
25623 1
25624 0
25625 4
25626 2
25627 1
25628 2
25629 5
25630 2
25631 0
25632 5
25633 1
25634 3
25635 4
25636 3
25637 1
25638 0
25639 0
25640 2
25641 4
25642 5
25643 2
25644 1
25645 1
25646 6
25647 0
25648 2
25649 2
25650 3
25651 0
25652 0
25653 4
25654 2
25655 2
25656 5
25657 5
25658 0
25659 3
25660 4
25661 3
25662 0
25663 4
25664 1
25665 2
25666 2
25667 3
25668 4
25669 1
25670 4
25671 0
25672 3
25673 1
25674 2
25675 1
25676 3
25677 3
25678 4
25679 4
25680 2
25681 2
25682 3
25683 3
25684 4
25685 2
25686 1
25687 1
25688 1
25689 0
25690 0
25691 3
25692 3
25693 2
25694 2
25695 1
25696 1
25697 5
25698 2
25699 2
25700 4
25701 5
25702 5
25703 0
25704 4
25705 4
25706 3
25707 3
25708 2
25709 4
25710 4
25711 5
25712 3
25713 2
25714 1
25715 1
25716 4
25717 1
25718 2
25719 3
25720 1
25721 5
25722 4
25723 2
25724 5
25725 2
25726 1
25727 0
25728 4
25729 1
25730 5
25731 1
25732 1
25733 4
25734 2
25735 3
25736 4
25737 6
25738 2
25739 4
25740 0
25741 4
25742 1
25743 2
25744 3
25745 1
25746 3
25747 3
25748 4
25749 2
25750 0
25751 2
25752 3
25753 4
25754 3
25755 3
25756 5
25757 3
25758 5
25759 1
25760 4
25761 2
25762 1
25763 5
25764 2
25765 5
25766 2
25767 1
25768 3
25769 3
25770 1
25771 4
25772 3
25773 1
25774 0
25775 3
25776 1
25777 2
25778 1
25779 0
25780 3
25781 0
25782 0
25783 0
25784 3
25785 5
25786 0
25787 3
25788 3
25789 0
25790 1
25791 0
25792 0
25793 2
25794 4
25795 2
25796 1
25797 4
25798 0
25799 4
25800 3
25801 5
25802 3
25803 3
25804 0
25805 0
25806 3
25807 2
25808 5
25809 2
25810 0
25811 3
25812 3
25813 2
25814 1
25815 3
25816 1
25817 4
25818 0
25819 2
25820 3
25821 1
25822 3
25823 3
25824 4
25825 5
25826 4
25827 3
25828 3
25829 5
25830 0
25831 4
25832 1
25833 2
25834 4
25835 0
25836 3
25837 2
25838 3
25839 3
25840 2
25841 4
25842 5
25843 3
25844 3
25845 5
25846 0
25847 3
25848 5
25849 1
25850 4
25851 4
25852 0
25853 0
25854 2
25855 3
25856 4
25857 4
25858 2
25859 4
25860 2
25861 2
25862 1
25863 5
25864 0
25865 0
25866 3
25867 3
25868 1
25869 3
25870 2
25871 4
25872 2
25873 3
25874 4
25875 0
25876 0
25877 4
25878 3
25879 3
25880 4
25881 2
25882 1
25883 0
25884 4
25885 4
25886 3
25887 2
25888 0
25889 4
25890 1
25891 5
25892 4
25893 2
25894 5
25895 1
25896 2
25897 1
25898 0
25899 2
25900 3
25901 3
25902 3
25903 2
25904 4
25905 4
25906 1
25907 5
25908 3
25909 4
25910 4
25911 3
25912 6
25913 5
25914 3
25915 0
25916 1
25917 5
25918 5
25919 2
25920 0
25921 6
25922 4
25923 0
25924 3
25925 1
25926 0
25927 4
25928 1
25929 3
25930 1
25931 4
25932 2
25933 3
25934 4
25935 4
25936 3
25937 2
25938 0
25939 2
25940 2
25941 4
25942 0
25943 0
25944 1
25945 1
25946 4
25947 1
25948 2
25949 5
25950 2
25951 5
25952 2
25953 3
25954 2
25955 3
25956 3
25957 1
25958 3
25959 3
25960 3
25961 3
25962 5
25963 0
25964 2
25965 2
25966 0
25967 5
25968 1
25969 0
25970 4
25971 5
25972 2
25973 2
25974 2
25975 6
25976 4
25977 5
25978 2
25979 4
25980 3
25981 4
25982 2
25983 0
25984 1
25985 2
25986 5
25987 3
25988 4
25989 4
25990 4
25991 4
25992 4
25993 0
25994 2
25995 3
25996 0
25997 3
25998 3
25999 6
26000 2
26001 2
26002 2
26003 3
26004 1
26005 4
26006 2
26007 5
26008 4
26009 0
26010 1
26011 4
26012 1
26013 3
26014 3
26015 3
26016 2
26017 1
26018 3
26019 4
26020 0
26021 1
26022 0
26023 2
26024 0
26025 0
26026 1
26027 4
26028 0
26029 4
26030 4
26031 3
26032 2
26033 5
26034 2
26035 3
26036 4
26037 3
26038 5
26039 5
26040 1
26041 4
26042 2
26043 4
26044 0
26045 3
26046 1
26047 0
26048 1
26049 1
26050 1
26051 2
26052 3
26053 3
26054 1
26055 1
26056 1
26057 3
26058 3
26059 0
26060 3
26061 0
26062 3
26063 2
26064 3
26065 4
26066 0
26067 0
26068 5
26069 2
26070 2
26071 4
26072 1
26073 1
26074 4
26075 4
26076 5
26077 3
26078 0
26079 3
26080 5
26081 3
26082 1
26083 1
26084 1
26085 3
26086 2
26087 3
26088 0
26089 0
26090 2
26091 1
26092 4
26093 1
26094 2
26095 0
26096 5
26097 2
26098 3
26099 0
26100 3
26101 1
26102 0
26103 0
26104 4
26105 0
26106 2
26107 3
26108 2
26109 3
26110 1
26111 4
26112 3
26113 2
26114 2
26115 2
26116 1
26117 2
26118 0
26119 0
26120 3
26121 4
26122 3
26123 3
26124 3
26125 2
26126 4
26127 3
26128 3
26129 5
26130 5
26131 2
26132 4
26133 4
26134 4
26135 3
26136 2
26137 5
26138 4
26139 1
26140 2
26141 1
26142 3
26143 4
26144 5
26145 4
26146 3
26147 3
26148 2
26149 4
26150 3
26151 5
26152 0
26153 2
26154 3
26155 3
26156 4
26157 4
26158 1
26159 5
26160 3
26161 4
26162 1
26163 3
26164 5
26165 4
26166 2
26167 3
26168 3
26169 1
26170 4
26171 0
26172 0
26173 4
26174 4
26175 4
26176 3
26177 0
26178 4
26179 0
26180 3
26181 3
26182 2
26183 5
26184 2
26185 3
26186 3
26187 4
26188 0
26189 4
26190 3
26191 0
26192 1
26193 4
26194 2
26195 3
26196 0
26197 4
26198 3
26199 2
26200 2
26201 0
26202 1
26203 6
26204 2
26205 3
26206 5
26207 3
26208 5
26209 5
26210 0
26211 3
26212 1
26213 0
26214 4
26215 3
26216 4
26217 5
26218 3
26219 3
26220 0
26221 2
26222 3
26223 3
26224 3
26225 0
26226 0
26227 0
26228 2
26229 5
26230 1
26231 0
26232 0
26233 1
26234 4
26235 2
26236 3
26237 2
26238 4
26239 2
26240 1
26241 3
26242 0
26243 2
26244 1
26245 0
26246 5
26247 5
26248 1
26249 2
26250 3
26251 1
26252 5
26253 2
26254 0
26255 2
26256 1
26257 2
26258 2
26259 1
26260 2
26261 3
26262 4
26263 4
26264 3
26265 1
26266 3
26267 4
26268 2
26269 2
26270 2
26271 5
26272 3
26273 4
26274 0
26275 3
26276 3
26277 4
26278 5
26279 4
26280 4
26281 2
26282 3
26283 1
26284 5
26285 3
26286 1
26287 2
26288 2
26289 0
26290 2
26291 3
26292 1
26293 0
26294 1
26295 2
26296 3
26297 5
26298 1
26299 2
26300 6
26301 3
26302 4
26303 4
26304 5
26305 1
26306 0
26307 5
26308 4
26309 2
26310 0
26311 5
26312 1
26313 0
26314 3
26315 0
26316 3
26317 1
26318 0
26319 5
26320 3
26321 0
26322 0
26323 1
26324 0
26325 2
26326 2
26327 0
26328 5
26329 0
26330 1
26331 0
26332 2
26333 4
26334 5
26335 4
26336 1
26337 1
26338 4
26339 4
26340 5
26341 2
26342 4
26343 1
26344 2
26345 3
26346 0
26347 5
26348 4
26349 3
26350 3
26351 4
26352 3
26353 4
26354 4
26355 3
26356 2
26357 4
26358 4
26359 4
26360 4
26361 2
26362 3
26363 3
26364 5
26365 4
26366 3
26367 2
26368 5
26369 0
26370 4
26371 2
26372 6
26373 4
26374 3
26375 3
26376 5
26377 0
26378 1
26379 2
26380 0
26381 1
26382 1
26383 2
26384 1
26385 4
26386 3
26387 2
26388 4
26389 2
26390 5
26391 0
26392 2
26393 0
26394 4
26395 4
26396 3
26397 4
26398 5
26399 1
26400 2
26401 0
26402 5
26403 4
26404 5
26405 3
26406 1
26407 0
26408 4
26409 0
26410 4
26411 2
26412 2
26413 3
26414 2
26415 1
26416 3
26417 5
26418 3
26419 5
26420 1
26421 3
26422 2
26423 3
26424 3
26425 3
26426 4
26427 4
26428 2
26429 3
26430 1
26431 4
26432 2
26433 3
26434 3
26435 3
26436 3
26437 4
26438 1
26439 4
26440 3
26441 1
26442 2
26443 0
26444 4
26445 1
26446 3
26447 3
26448 4
26449 4
26450 3
26451 1
26452 5
26453 1
26454 3
26455 2
26456 4
26457 3
26458 5
26459 0
26460 3
26461 1
26462 3
26463 0
26464 3
26465 0
26466 2
26467 3
26468 1
26469 4
26470 2
26471 3
26472 3
26473 3
26474 3
26475 5
26476 3
26477 1
26478 5
26479 0
26480 4
26481 5
26482 0
26483 0
26484 3
26485 3
26486 3
26487 1
26488 2
26489 5
26490 0
26491 4
26492 5
26493 0
26494 4
26495 5
26496 1
26497 0
26498 1
26499 3
26500 1
26501 4
26502 1
26503 1
26504 3
26505 4
26506 3
26507 4
26508 0
26509 4
26510 1
26511 1
26512 3
26513 3
26514 1
26515 4
26516 4
26517 2
26518 4
26519 3
26520 3
26521 4
26522 3
26523 5
26524 3
26525 0
26526 0
26527 0
26528 0
26529 2
26530 0
26531 3
26532 3
26533 3
26534 3
26535 2
26536 4
26537 5
26538 4
26539 3
26540 0
26541 5
26542 4
26543 3
26544 3
26545 0
26546 2
26547 5
26548 0
26549 4
26550 0
26551 4
26552 3
26553 1
26554 3
26555 1
26556 2
26557 4
26558 3
26559 1
26560 0
26561 2
26562 0
26563 2
26564 2
26565 2
26566 4
26567 1
26568 3
26569 4
26570 3
26571 2
26572 3
26573 2
26574 1
26575 1
26576 4
26577 2
26578 4
26579 0
26580 2
26581 3
26582 3
26583 0
26584 4
26585 1
26586 5
26587 3
26588 3
26589 4
26590 4
26591 3
26592 5
26593 3
26594 4
26595 3
26596 5
26597 3
26598 3
26599 1
26600 1
26601 0
26602 2
26603 0
26604 1
26605 2
26606 2
26607 4
26608 2
26609 3
26610 5
26611 0
26612 2
26613 4
26614 4
26615 4
26616 4
26617 3
26618 2
26619 4
26620 0
26621 4
26622 2
26623 5
26624 1
26625 3
26626 0
26627 0
26628 0
26629 5
26630 1
26631 0
26632 4
26633 5
26634 4
26635 3
26636 1
26637 1
26638 3
26639 0
26640 4
26641 2
26642 1
26643 0
26644 2
26645 5
26646 0
26647 5
26648 5
26649 2
26650 0
26651 2
26652 5
26653 5
26654 2
26655 4
26656 1
26657 1
26658 2
26659 2
26660 4
26661 5
26662 1
26663 2
26664 3
26665 5
26666 4
26667 2
26668 1
26669 0
26670 2
26671 0
26672 3
26673 4
26674 0
26675 4
26676 1
26677 3
26678 4
26679 4
26680 2
26681 5
26682 4
26683 4
26684 2
26685 0
26686 5
26687 1
26688 0
26689 3
26690 1
26691 4
26692 2
26693 5
26694 0
26695 5
26696 4
26697 5
26698 1
26699 4
26700 3
26701 4
26702 2
26703 3
26704 2
26705 5
26706 3
26707 2
26708 1
26709 2
26710 6
26711 3
26712 2
26713 5
26714 2
26715 1
26716 4
26717 1
26718 4
26719 1
26720 3
26721 4
26722 4
26723 0
26724 1
26725 6
26726 4
26727 1
26728 2
26729 2
26730 3
26731 1
26732 0
26733 4
26734 4
26735 4
26736 2
26737 4
26738 1
26739 4
26740 2
26741 0
26742 1
26743 6
26744 5
26745 2
26746 5
26747 2
26748 3
26749 1
26750 2
26751 3
26752 2
26753 5
26754 0
26755 0
26756 4
26757 5
26758 3
26759 5
26760 5
26761 0
26762 5
26763 3
26764 4
26765 2
26766 1
26767 3
26768 5
26769 4
26770 5
26771 1
26772 2
26773 4
26774 1
26775 0
26776 4
26777 1
26778 3
26779 3
26780 3
26781 5
26782 3
26783 3
26784 2
26785 5
26786 3
26787 3
26788 0
26789 3
26790 1
26791 1
26792 4
26793 5
26794 0
26795 1
26796 5
26797 4
26798 3
26799 5
26800 2
26801 2
26802 2
26803 4
26804 3
26805 5
26806 3
26807 3
26808 1
26809 2
26810 3
26811 3
26812 4
26813 4
26814 4
26815 3
26816 4
26817 5
26818 5
26819 1
26820 2
26821 4
26822 2
26823 1
26824 3
26825 2
26826 4
26827 4
26828 3
26829 2
26830 2
26831 5
26832 3
26833 1
26834 4
26835 1
26836 4
26837 4
26838 0
26839 1
26840 2
26841 2
26842 0
26843 3
26844 5
26845 0
26846 3
26847 3
26848 1
26849 1
26850 0
26851 2
26852 3
26853 5
26854 1
26855 0
26856 2
26857 4
26858 2
26859 1
26860 4
26861 1
26862 4
26863 2
26864 3
26865 4
26866 5
26867 3
26868 0
26869 2
26870 5
26871 4
26872 2
26873 1
26874 3
26875 2
26876 4
26877 3
26878 2
26879 3
26880 4
26881 4
26882 3
26883 2
26884 1
26885 5
26886 4
26887 4
26888 1
26889 3
26890 4
26891 5
26892 3
26893 1
26894 1
26895 3
26896 3
26897 4
26898 4
26899 2
26900 0
26901 4
26902 0
26903 0
26904 1
26905 1
26906 3
26907 0
26908 1
26909 2
26910 0
26911 0
26912 2
26913 4
26914 2
26915 0
26916 4
26917 3
26918 3
26919 1
26920 0
26921 3
26922 2
26923 4
26924 1
26925 3
26926 0
26927 3
26928 4
26929 1
26930 5
26931 4
26932 0
26933 0
26934 1
26935 1
26936 1
26937 2
26938 0
26939 0
26940 6
26941 3
26942 0
26943 3
26944 5
26945 4
26946 2
26947 1
26948 3
26949 3
26950 3
26951 4
26952 3
26953 3
26954 2
26955 2
26956 5
26957 1
26958 1
26959 1
26960 1
26961 4
26962 1
26963 1
26964 3
26965 1
26966 5
26967 1
26968 2
26969 3
26970 3
26971 1
26972 0
26973 3
26974 0
26975 3
26976 0
26977 2
26978 3
26979 2
26980 0
26981 2
26982 3
26983 3
26984 2
26985 5
26986 1
26987 2
26988 4
26989 2
26990 4
26991 1
26992 2
26993 3
26994 4
26995 2
26996 4
26997 2
26998 4
26999 4
27000 3
27001 1
27002 3
27003 0
27004 5
27005 5
27006 4
27007 5
27008 1
27009 4
27010 4
27011 3
27012 0
27013 1
27014 0
27015 2
27016 4
27017 1
27018 4
27019 1
27020 2
27021 3
27022 0
27023 0
27024 3
27025 2
27026 3
27027 2
27028 3
27029 2
27030 2
27031 0
27032 2
27033 0
27034 4
27035 1
27036 2
27037 0
27038 0
27039 2
27040 2
27041 0
27042 5
27043 0
27044 3
27045 1
27046 4
27047 0
27048 0
27049 2
27050 3
27051 3
27052 4
27053 5
27054 1
27055 4
27056 5
27057 2
27058 2
27059 2
27060 0
27061 3
27062 3
27063 3
27064 0
27065 2
27066 4
27067 0
27068 1
27069 0
27070 0
27071 0
27072 4
27073 2
27074 2
27075 5
27076 0
27077 4
27078 1
27079 4
27080 1
27081 4
27082 3
27083 3
27084 4
27085 4
27086 4
27087 2
27088 3
27089 0
27090 5
27091 6
27092 2
27093 4
27094 4
27095 5
27096 4
27097 2
27098 3
27099 0
27100 5
27101 0
27102 4
27103 1
27104 2
27105 2
27106 1
27107 1
27108 3
27109 2
27110 3
27111 3
27112 1
27113 1
27114 1
27115 1
27116 3
27117 1
27118 4
27119 1
27120 1
27121 0
27122 3
27123 3
27124 1
27125 3
27126 3
27127 4
27128 5
27129 4
27130 2
27131 4
27132 1
27133 0
27134 2
27135 4
27136 4
27137 4
27138 2
27139 4
27140 4
27141 3
27142 1
27143 2
27144 4
27145 3
27146 5
27147 4
27148 3
27149 1
27150 2
27151 3
27152 0
27153 0
27154 0
27155 1
27156 1
27157 0
27158 4
27159 2
27160 1
27161 2
27162 5
27163 3
27164 3
27165 3
27166 4
27167 2
27168 3
27169 2
27170 5
27171 4
27172 0
27173 0
27174 4
27175 0
27176 2
27177 1
27178 4
27179 3
27180 2
27181 4
27182 3
27183 0
27184 4
27185 4
27186 4
27187 1
27188 3
27189 3
27190 2
27191 1
27192 2
27193 1
27194 1
27195 0
27196 2
27197 6
27198 4
27199 4
27200 4
27201 4
27202 0
27203 0
27204 1
27205 2
27206 1
27207 0
27208 1
27209 2
27210 4
27211 3
27212 1
27213 3
27214 4
27215 5
27216 5
27217 4
27218 5
27219 4
27220 4
27221 1
27222 3
27223 1
27224 1
27225 3
27226 3
27227 2
27228 4
27229 3
27230 3
27231 2
27232 0
27233 4
27234 3
27235 2
27236 4
27237 2
27238 1
27239 4
27240 0
27241 1
27242 3
27243 3
27244 4
27245 1
27246 4
27247 4
27248 2
27249 4
27250 2
27251 0
27252 3
27253 4
27254 2
27255 4
27256 2
27257 4
27258 2
27259 4
27260 4
27261 4
27262 3
27263 3
27264 1
27265 1
27266 2
27267 3
27268 4
27269 4
27270 2
27271 5
27272 4
27273 1
27274 3
27275 4
27276 3
27277 4
27278 6
27279 1
27280 4
27281 3
27282 1
27283 2
27284 3
27285 3
27286 2
27287 2
27288 4
27289 5
27290 2
27291 0
27292 3
27293 5
27294 0
27295 4
27296 3
27297 4
27298 4
27299 4
27300 6
27301 1
27302 3
27303 4
27304 4
27305 0
27306 4
27307 4
27308 4
27309 3
27310 1
27311 3
27312 1
27313 6
27314 3
27315 3
27316 4
27317 5
27318 0
27319 0
27320 4
27321 6
27322 3
27323 4
27324 2
27325 0
27326 0
27327 4
27328 1
27329 3
27330 2
27331 0
27332 4
27333 3
27334 4
27335 5
27336 3
27337 5
27338 3
27339 6
27340 4
27341 0
27342 0
27343 3
27344 5
27345 4
27346 4
27347 2
27348 3
27349 4
27350 4
27351 3
27352 3
27353 1
27354 5
27355 2
27356 2
27357 2
27358 4
27359 2
27360 0
27361 5
27362 6
27363 5
27364 1
27365 4
27366 5
27367 4
27368 2
27369 0
27370 2
27371 0
27372 3
27373 3
27374 2
27375 4
27376 5
27377 5
27378 4
27379 3
27380 3
27381 4
27382 3
27383 2
27384 5
27385 0
27386 5
27387 0
27388 5
27389 4
27390 1
27391 3
27392 3
27393 1
27394 3
27395 2
27396 0
27397 2
27398 2
27399 2
27400 4
27401 1
27402 3
27403 4
27404 5
27405 0
27406 5
27407 5
27408 2
27409 2
27410 4
27411 2
27412 3
27413 3
27414 0
27415 0
27416 4
27417 3
27418 3
27419 1
27420 1
27421 0
27422 3
27423 1
27424 3
27425 1
27426 5
27427 3
27428 0
27429 0
27430 5
27431 4
27432 2
27433 4
27434 4
27435 5
27436 1
27437 1
27438 3
27439 0
27440 6
27441 4
27442 0
27443 4
27444 0
27445 0
27446 0
27447 3
27448 4
27449 3
27450 4
27451 3
27452 2
27453 4
27454 2
27455 1
27456 2
27457 0
27458 2
27459 2
27460 4
27461 4
27462 2
27463 5
27464 0
27465 1
27466 0
27467 0
27468 2
27469 2
27470 2
27471 1
27472 4
27473 6
27474 1
27475 0
27476 1
27477 5
27478 4
27479 3
27480 1
27481 3
27482 4
27483 1
27484 4
27485 4
27486 4
27487 1
27488 4
27489 0
27490 1
27491 4
27492 2
27493 3
27494 3
27495 2
27496 4
27497 4
27498 0
27499 2
27500 4
27501 2
27502 3
27503 3
27504 2
27505 0
27506 6
27507 4
27508 3
27509 2
27510 5
27511 3
27512 3
27513 0
27514 4
27515 0
27516 3
27517 3
27518 3
27519 0
27520 1
27521 3
27522 2
27523 3
27524 2
27525 1
27526 1
27527 0
27528 5
27529 2
27530 0
27531 1
27532 3
27533 3
27534 1
27535 3
27536 3
27537 3
27538 3
27539 3
27540 1
27541 4
27542 2
27543 2
27544 1
27545 5
27546 3
27547 1
27548 4
27549 4
27550 0
27551 2
27552 3
27553 3
27554 2
27555 1
27556 0
27557 3
27558 3
27559 3
27560 4
27561 4
27562 4
27563 3
27564 5
27565 1
27566 3
27567 4
27568 2
27569 2
27570 1
27571 3
27572 3
27573 0
27574 5
27575 0
27576 1
27577 3
27578 1
27579 2
27580 1
27581 4
27582 4
27583 2
27584 4
27585 1
27586 2
27587 5
27588 2
27589 3
27590 0
27591 4
27592 4
27593 1
27594 1
27595 0
27596 5
27597 3
27598 3
27599 4
27600 3
27601 3
27602 4
27603 5
27604 2
27605 5
27606 1
27607 4
27608 1
27609 1
27610 4
27611 0
27612 3
27613 1
27614 4
27615 1
27616 4
27617 4
27618 2
27619 3
27620 4
27621 4
27622 3
27623 5
27624 4
27625 3
27626 1
27627 4
27628 2
27629 5
27630 4
27631 4
27632 2
27633 4
27634 3
27635 2
27636 2
27637 1
27638 5
27639 3
27640 0
27641 2
27642 3
27643 4
27644 1
27645 5
27646 2
27647 2
27648 0
27649 4
27650 1
27651 6
27652 1
27653 5
27654 1
27655 0
27656 4
27657 5
27658 0
27659 1
27660 5
27661 1
27662 2
27663 4
27664 4
27665 4
27666 4
27667 4
27668 3
27669 1
27670 5
27671 4
27672 4
27673 4
27674 0
27675 4
27676 2
27677 4
27678 5
27679 3
27680 1
27681 5
27682 5
27683 0
27684 1
27685 4
27686 2
27687 3
27688 1
27689 4
27690 3
27691 5
27692 5
27693 6
27694 3
27695 3
27696 1
27697 2
27698 2
27699 0
27700 3
27701 4
27702 1
27703 2
27704 4
27705 2
27706 2
27707 4
27708 0
27709 1
27710 1
27711 2
27712 2
27713 6
27714 4
27715 4
27716 3
27717 2
27718 3
27719 3
27720 2
27721 3
27722 4
27723 3
27724 0
27725 1
27726 5
27727 0
27728 1
27729 4
27730 4
27731 3
27732 5
27733 2
27734 3
27735 4
27736 3
27737 4
27738 0
27739 3
27740 4
27741 3
27742 3
27743 5
27744 4
27745 4
27746 3
27747 5
27748 4
27749 4
27750 3
27751 2
27752 4
27753 0
27754 3
27755 5
27756 0
27757 3
27758 4
27759 5
27760 1
27761 0
27762 2
27763 0
27764 0
27765 0
27766 5
27767 3
27768 5
27769 2
27770 2
27771 2
27772 2
27773 2
27774 2
27775 0
27776 4
27777 4
27778 0
27779 1
27780 0
27781 4
27782 4
27783 3
27784 1
27785 2
27786 2
27787 4
27788 3
27789 3
27790 5
27791 2
27792 1
27793 4
27794 1
27795 0
27796 4
27797 2
27798 4
27799 0
27800 4
27801 3
27802 3
27803 0
27804 0
27805 2
27806 1
27807 4
27808 1
27809 2
27810 5
27811 5
27812 0
27813 4
27814 0
27815 3
27816 4
27817 5
27818 4
27819 4
27820 4
27821 3
27822 3
27823 3
27824 5
27825 2
27826 4
27827 3
27828 1
27829 1
27830 3
27831 1
27832 2
27833 4
27834 5
27835 1
27836 0
27837 3
27838 2
27839 3
27840 4
27841 4
27842 3
27843 4
27844 4
27845 2
27846 4
27847 3
27848 2
27849 2
27850 2
27851 4
27852 0
27853 4
27854 3
27855 0
27856 5
27857 1
27858 4
27859 5
27860 0
27861 4
27862 4
27863 5
27864 4
27865 5
27866 2
27867 3
27868 3
27869 1
27870 4
27871 1
27872 1
27873 1
27874 3
27875 3
27876 5
27877 3
27878 3
27879 1
27880 1
27881 3
27882 5
27883 4
27884 2
27885 4
27886 4
27887 3
27888 3
27889 0
27890 0
27891 1
27892 0
27893 2
27894 4
27895 4
27896 3
27897 4
27898 4
27899 2
27900 4
27901 1
27902 1
27903 2
27904 1
27905 4
27906 0
27907 3
27908 5
27909 2
27910 3
27911 3
27912 2
27913 2
27914 1
27915 2
27916 3
27917 4
27918 4
27919 6
27920 0
27921 3
27922 2
27923 0
27924 4
27925 5
27926 4
27927 2
27928 4
27929 2
27930 5
27931 3
27932 1
27933 3
27934 2
27935 2
27936 4
27937 2
27938 2
27939 3
27940 1
27941 4
27942 4
27943 3
27944 6
27945 4
27946 6
27947 1
27948 1
27949 4
27950 4
27951 4
27952 6
27953 3
27954 1
27955 3
27956 4
27957 5
27958 4
27959 4
27960 2
27961 5
27962 4
27963 4
27964 0
27965 4
27966 5
27967 4
27968 1
27969 2
27970 4
27971 0
27972 4
27973 2
27974 4
27975 0
27976 5
27977 3
27978 3
27979 4
27980 5
27981 4
27982 4
27983 3
27984 5
27985 2
27986 4
27987 2
27988 6
27989 4
27990 4
27991 2
27992 4
27993 4
27994 3
27995 5
27996 0
27997 3
27998 5
27999 1
28000 0
28001 4
28002 2
28003 1
28004 3
28005 2
28006 3
28007 5
28008 2
28009 0
28010 0
28011 1
28012 5
28013 0
28014 4
28015 2
28016 2
28017 4
28018 3
28019 1
28020 0
28021 1
28022 4
28023 1
28024 4
28025 0
28026 5
28027 2
28028 3
28029 1
28030 5
28031 3
28032 4
28033 0
28034 1
28035 1
28036 4
28037 4
28038 2
28039 4
28040 6
28041 2
28042 3
28043 1
28044 1
28045 5
28046 1
28047 4
28048 2
28049 2
28050 0
28051 3
28052 1
28053 5
28054 5
28055 2
28056 4
28057 4
28058 0
28059 2
28060 2
28061 4
28062 5
28063 3
28064 2
28065 3
28066 3
28067 1
28068 2
28069 5
28070 0
28071 3
28072 3
28073 4
28074 3
28075 3
28076 4
28077 4
28078 6
28079 3
28080 5
28081 4
28082 5
28083 3
28084 4
28085 5
28086 5
28087 5
28088 5
28089 5
28090 1
28091 2
28092 3
28093 1
28094 0
28095 3
28096 2
28097 5
28098 5
28099 2
28100 0
28101 1
28102 4
28103 2
28104 0
28105 1
28106 2
28107 4
28108 2
28109 0
28110 2
28111 1
28112 5
28113 1
28114 6
28115 1
28116 5
28117 0
28118 5
28119 5
28120 4
28121 5
28122 1
28123 3
28124 0
28125 2
28126 3
28127 2
28128 3
28129 2
28130 0
28131 2
28132 1
28133 2
28134 2
28135 5
28136 3
28137 1
28138 2
28139 4
28140 5
28141 2
28142 3
28143 3
28144 4
28145 4
28146 4
28147 0
28148 5
28149 1
28150 5
28151 2
28152 4
28153 1
28154 5
28155 0
28156 0
28157 3
28158 3
28159 3
28160 2
28161 4
28162 3
28163 0
28164 6
28165 3
28166 2
28167 0
28168 5
28169 4
28170 2
28171 2
28172 3
28173 4
28174 1
28175 4
28176 2
28177 3
28178 4
28179 3
28180 1
28181 5
28182 4
28183 0
28184 3
28185 3
28186 3
28187 1
28188 2
28189 4
28190 4
28191 4
28192 5
28193 1
28194 1
28195 3
28196 2
28197 3
28198 4
28199 0
28200 0
28201 1
28202 2
28203 0
28204 1
28205 4
28206 4
28207 1
28208 4
28209 2
28210 5
28211 3
28212 2
28213 4
28214 1
28215 2
28216 0
28217 3
28218 0
28219 0
28220 4
28221 2
28222 2
28223 5
28224 1
28225 1
28226 3
28227 4
28228 3
28229 4
28230 5
28231 4
28232 3
28233 4
28234 3
28235 0
28236 1
28237 0
28238 0
28239 3
28240 1
28241 5
28242 5
28243 3
28244 0
28245 2
28246 3
28247 4
28248 4
28249 2
28250 3
28251 4
28252 3
28253 2
28254 5
28255 2
28256 1
28257 2
28258 4
28259 2
28260 4
28261 5
28262 2
28263 3
28264 2
28265 1
28266 1
28267 4
28268 3
28269 2
28270 0
28271 4
28272 5
28273 1
28274 3
28275 4
28276 0
28277 1
28278 0
28279 2
28280 1
28281 0
28282 4
28283 2
28284 3
28285 0
28286 0
28287 2
28288 3
28289 3
28290 4
28291 2
28292 1
28293 3
28294 1
28295 3
28296 4
28297 1
28298 3
28299 2
28300 2
28301 4
28302 2
28303 4
28304 1
28305 4
28306 1
28307 3
28308 2
28309 2
28310 3
28311 5
28312 4
28313 5
28314 2
28315 5
28316 3
28317 4
28318 3
28319 3
28320 1
28321 4
28322 0
28323 2
28324 2
28325 4
28326 2
28327 2
28328 4
28329 3
28330 0
28331 3
28332 0
28333 1
28334 3
28335 0
28336 3
28337 4
28338 5
28339 4
28340 3
28341 1
28342 0
28343 4
28344 4
28345 5
28346 5
28347 4
28348 3
28349 5
28350 2
28351 3
28352 4
28353 4
28354 0
28355 3
28356 0
28357 1
28358 0
28359 3
28360 1
28361 4
28362 0
28363 5
28364 4
28365 3
28366 5
28367 4
28368 3
28369 2
28370 4
28371 5
28372 3
28373 5
28374 4
28375 4
28376 3
28377 2
28378 3
28379 4
28380 6
28381 0
28382 4
28383 4
28384 3
28385 3
28386 0
28387 2
28388 4
28389 0
28390 2
28391 1
28392 3
28393 4
28394 4
28395 4
28396 0
28397 0
28398 1
28399 1
28400 4
28401 2
28402 0
28403 3
28404 5
28405 3
28406 2
28407 0
28408 2
28409 6
28410 0
28411 0
28412 6
28413 3
28414 5
28415 1
28416 4
28417 3
28418 2
28419 2
28420 3
28421 6
28422 5
28423 3
28424 4
28425 3
28426 3
28427 1
28428 2
28429 2
28430 2
28431 1
28432 3
28433 6
28434 3
28435 1
28436 3
28437 2
28438 0
28439 5
28440 4
28441 2
28442 3
28443 0
28444 1
28445 4
28446 4
28447 4
28448 3
28449 2
28450 3
28451 3
28452 4
28453 1
28454 3
28455 4
28456 2
28457 5
28458 1
28459 0
28460 5
28461 0
28462 1
28463 5
28464 5
28465 3
28466 4
28467 1
28468 1
28469 5
28470 1
28471 2
28472 3
28473 0
28474 2
28475 4
28476 0
28477 2
28478 5
28479 1
28480 6
28481 2
28482 1
28483 0
28484 5
28485 3
28486 5
28487 3
28488 4
28489 3
28490 4
28491 4
28492 1
28493 3
28494 3
28495 3
28496 3
28497 4
28498 3
28499 5
28500 4
28501 1
28502 5
28503 5
28504 1
28505 4
28506 2
28507 4
28508 4
28509 3
28510 5
28511 6
28512 4
28513 3
28514 4
28515 4
28516 3
28517 3
28518 2
28519 3
28520 3
28521 2
28522 1
28523 3
28524 2
28525 0
28526 2
28527 3
28528 1
28529 5
28530 0
28531 0
28532 3
28533 1
28534 3
28535 0
28536 4
28537 4
28538 4
28539 3
28540 1
28541 3
28542 4
28543 5
28544 0
28545 6
28546 1
28547 3
28548 4
28549 4
28550 3
28551 3
28552 5
28553 5
28554 4
28555 0
28556 3
28557 3
28558 5
28559 0
28560 1
28561 1
28562 3
28563 4
28564 2
28565 1
28566 0
28567 5
28568 2
28569 3
28570 0
28571 0
28572 3
28573 4
28574 5
28575 3
28576 2
28577 5
28578 5
28579 1
28580 0
28581 3
28582 2
28583 4
28584 1
28585 0
28586 5
28587 4
28588 3
28589 3
28590 2
28591 1
28592 2
28593 5
28594 2
28595 5
28596 5
28597 2
28598 3
28599 0
28600 5
28601 1
28602 5
28603 1
28604 4
28605 5
28606 3
28607 4
28608 1
28609 3
28610 3
28611 2
28612 1
28613 5
28614 2
28615 2
28616 4
28617 1
28618 4
28619 5
28620 1
28621 3
28622 3
28623 4
28624 1
28625 4
28626 5
28627 3
28628 4
28629 2
28630 4
28631 1
28632 1
28633 4
28634 2
28635 1
28636 2
28637 1
28638 1
28639 2
28640 2
28641 1
28642 1
28643 2
28644 5
28645 3
28646 1
28647 1
28648 7
28649 1
28650 4
28651 2
28652 0
28653 2
28654 5
28655 3
28656 3
28657 4
28658 3
28659 0
28660 2
28661 3
28662 3
28663 4
28664 3
28665 3
28666 3
28667 4
28668 4
28669 1
28670 2
28671 2
28672 5
28673 4
28674 4
28675 3
28676 3
28677 2
28678 2
28679 3
28680 5
28681 3
28682 2
28683 1
28684 0
28685 0
28686 4
28687 4
28688 1
28689 2
28690 0
28691 3
28692 6
28693 5
28694 4
28695 2
28696 1
28697 3
28698 1
28699 4
28700 4
28701 2
28702 0
28703 2
28704 0
28705 3
28706 0
28707 0
28708 5
28709 3
28710 1
28711 4
28712 2
28713 7
28714 4
28715 4
28716 1
28717 1
28718 0
28719 0
28720 0
28721 4
28722 5
28723 3
28724 4
28725 4
28726 4
28727 2
28728 4
28729 4
28730 0
28731 4
28732 4
28733 2
28734 1
28735 3
28736 3
28737 0
28738 5
28739 3
28740 1
28741 5
28742 4
28743 3
28744 2
28745 4
28746 5
28747 3
28748 5
28749 1
28750 1
28751 2
28752 0
28753 1
28754 4
28755 4
28756 4
28757 1
28758 2
28759 1
28760 2
28761 3
28762 0
28763 1
28764 0
28765 0
28766 4
28767 3
28768 4
28769 4
28770 5
28771 0
28772 2
28773 1
28774 3
28775 1
28776 0
28777 5
28778 5
28779 4
28780 2
28781 4
28782 4
28783 0
28784 5
28785 3
28786 2
28787 2
28788 3
28789 2
28790 4
28791 4
28792 2
28793 0
28794 4
28795 4
28796 5
28797 5
28798 6
28799 1
28800 3
28801 2
28802 2
28803 0
28804 5
28805 0
28806 4
28807 0
28808 4
28809 3
28810 6
28811 4
28812 6
28813 2
28814 3
28815 1
28816 3
28817 0
28818 4
28819 0
28820 1
28821 4
28822 2
28823 2
28824 1
28825 5
28826 3
28827 5
28828 2
28829 3
28830 1
28831 5
28832 4
28833 0
28834 3
28835 0
28836 2
28837 2
28838 4
28839 3
28840 1
28841 0
28842 4
28843 3
28844 1
28845 5
28846 4
28847 0
28848 4
28849 4
28850 5
28851 1
28852 2
28853 3
28854 3
28855 1
28856 1
28857 4
28858 2
28859 6
28860 3
28861 3
28862 2
28863 3
28864 3
28865 4
28866 3
28867 3
28868 5
28869 5
28870 3
28871 5
28872 1
28873 1
28874 3
28875 3
28876 2
28877 0
28878 0
28879 3
28880 4
28881 2
28882 0
28883 6
28884 0
28885 1
28886 4
28887 4
28888 5
28889 3
28890 0
28891 4
28892 4
28893 2
28894 1
28895 0
28896 0
28897 6
28898 3
28899 0
28900 0
28901 1
28902 2
28903 4
28904 1
28905 5
28906 1
28907 5
28908 4
28909 3
28910 2
28911 1
28912 4
28913 1
28914 3
28915 5
28916 2
28917 4
28918 0
28919 4
28920 4
28921 3
28922 3
28923 3
28924 1
28925 5
28926 3
28927 4
28928 3
28929 5
28930 4
28931 1
28932 4
28933 4
28934 4
28935 0
28936 5
28937 1
28938 2
28939 2
28940 4
28941 0
28942 0
28943 2
28944 1
28945 5
28946 3
28947 5
28948 4
28949 1
28950 3
28951 0
28952 1
28953 2
28954 2
28955 5
28956 4
28957 3
28958 1
28959 1
28960 4
28961 5
28962 6
28963 0
28964 4
28965 6
28966 5
28967 0
28968 2
28969 4
28970 4
28971 4
28972 3
28973 4
28974 4
28975 4
28976 0
28977 5
28978 3
28979 5
28980 5
28981 2
28982 3
28983 2
28984 6
28985 0
28986 2
28987 2
28988 3
28989 3
28990 3
28991 6
28992 3
28993 2
28994 3
28995 0
28996 4
28997 5
28998 3
28999 4
29000 2
29001 4
29002 3
29003 4
29004 2
29005 3
29006 5
29007 4
29008 1
29009 0
29010 1
29011 1
29012 4
29013 2
29014 3
29015 3
29016 1
29017 3
29018 1
29019 4
29020 2
29021 4
29022 3
29023 4
29024 5
29025 5
29026 4
29027 1
29028 2
29029 3
29030 4
29031 0
29032 1
29033 3
29034 3
29035 3
29036 2
29037 1
29038 2
29039 1
29040 2
29041 3
29042 5
29043 3
29044 4
29045 3
29046 3
29047 4
29048 4
29049 6
29050 4
29051 1
29052 5
29053 2
29054 3
29055 4
29056 4
29057 5
29058 0
29059 5
29060 1
29061 1
29062 4
29063 4
29064 4
29065 1
29066 2
29067 4
29068 4
29069 2
29070 4
29071 5
29072 0
29073 3
29074 3
29075 0
29076 3
29077 2
29078 2
29079 2
29080 1
29081 1
29082 0
29083 6
29084 3
29085 2
29086 1
29087 5
29088 5
29089 4
29090 2
29091 3
29092 3
29093 1
29094 0
29095 3
29096 1
29097 2
29098 4
29099 2
29100 0
29101 2
29102 5
29103 3
29104 2
29105 3
29106 3
29107 5
29108 4
29109 3
29110 3
29111 2
29112 1
29113 4
29114 3
29115 4
29116 4
29117 5
29118 3
29119 2
29120 1
29121 1
29122 2
29123 3
29124 3
29125 0
29126 5
29127 3
29128 3
29129 2
29130 4
29131 4
29132 2
29133 4
29134 3
29135 2
29136 5
29137 4
29138 3
29139 0
29140 5
29141 1
29142 3
29143 3
29144 1
29145 4
29146 5
29147 1
29148 5
29149 0
29150 2
29151 3
29152 0
29153 4
29154 4
29155 2
29156 1
29157 5
29158 2
29159 0
29160 1
29161 3
29162 5
29163 5
29164 0
29165 5
29166 3
29167 2
29168 5
29169 1
29170 0
29171 3
29172 2
29173 4
29174 1
29175 5
29176 3
29177 4
29178 0
29179 3
29180 2
29181 5
29182 0
29183 0
29184 2
29185 0
29186 0
29187 0
29188 4
29189 3
29190 3
29191 1
29192 2
29193 4
29194 4
29195 4
29196 0
29197 3
29198 5
29199 2
29200 3
29201 0
29202 0
29203 4
29204 2
29205 4
29206 2
29207 4
29208 5
29209 0
29210 3
29211 5
29212 4
29213 3
29214 3
29215 1
29216 0
29217 5
29218 3
29219 3
29220 4
29221 0
29222 4
29223 6
29224 4
29225 5
29226 1
29227 3
29228 3
29229 3
29230 1
29231 1
29232 3
29233 4
29234 4
29235 4
29236 5
29237 5
29238 2
29239 1
29240 0
29241 5
29242 1
29243 3
29244 4
29245 0
29246 2
29247 2
29248 2
29249 5
29250 5
29251 0
29252 3
29253 1
29254 2
29255 4
29256 0
29257 1
29258 3
29259 4
29260 5
29261 3
29262 4
29263 0
29264 5
29265 3
29266 5
29267 5
29268 4
29269 1
29270 5
29271 3
29272 5
29273 0
29274 5
29275 4
29276 4
29277 4
29278 3
29279 2
29280 1
29281 4
29282 4
29283 3
29284 3
29285 3
29286 4
29287 2
29288 4
29289 4
29290 2
29291 2
29292 2
29293 4
29294 2
29295 3
29296 3
29297 2
29298 3
29299 5
29300 1
29301 2
29302 4
29303 5
29304 5
29305 0
29306 4
29307 5
29308 5
29309 5
29310 0
29311 3
29312 0
29313 4
29314 4
29315 2
29316 4
29317 1
29318 4
29319 3
29320 5
29321 4
29322 5
29323 5
29324 3
29325 2
29326 2
29327 2
29328 4
29329 3
29330 3
29331 4
29332 4
29333 2
29334 6
29335 5
29336 2
29337 5
29338 0
29339 2
29340 2
29341 5
29342 2
29343 5
29344 5
29345 1
29346 0
29347 1
29348 1
29349 2
29350 4
29351 1
29352 2
29353 4
29354 5
29355 5
29356 4
29357 2
29358 2
29359 4
29360 4
29361 0
29362 2
29363 5
29364 2
29365 0
29366 3
29367 3
29368 1
29369 4
29370 2
29371 2
29372 2
29373 0
29374 0
29375 0
29376 1
29377 1
29378 3
29379 1
29380 1
29381 5
29382 3
29383 2
29384 4
29385 4
29386 3
29387 5
29388 4
29389 1
29390 2
29391 2
29392 2
29393 2
29394 1
29395 2
29396 4
29397 1
29398 4
29399 2
29400 4
29401 5
29402 2
29403 2
29404 1
29405 0
29406 3
29407 1
29408 5
29409 1
29410 3
29411 5
29412 5
29413 3
29414 0
29415 3
29416 4
29417 4
29418 3
29419 4
29420 1
29421 3
29422 4
29423 2
29424 5
29425 3
29426 6
29427 5
29428 3
29429 4
29430 4
29431 0
29432 1
29433 1
29434 2
29435 4
29436 3
29437 0
29438 4
29439 5
29440 4
29441 3
29442 3
29443 0
29444 2
29445 4
29446 0
29447 1
29448 2
29449 6
29450 5
29451 0
29452 4
29453 4
29454 2
29455 3
29456 3
29457 5
29458 2
29459 4
29460 4
29461 4
29462 4
29463 5
29464 0
29465 4
29466 3
29467 3
29468 4
29469 4
29470 1
29471 4
29472 1
29473 1
29474 5
29475 4
29476 4
29477 1
29478 3
29479 5
29480 0
29481 1
29482 0
29483 3
29484 2
29485 3
29486 1
29487 3
29488 2
29489 1
29490 4
29491 2
29492 3
29493 4
29494 1
29495 3
29496 4
29497 5
29498 1
29499 3
29500 2
29501 0
29502 5
29503 5
29504 0
29505 2
29506 3
29507 3
29508 0
29509 4
29510 1
29511 4
29512 3
29513 5
29514 2
29515 5
29516 1
29517 4
29518 4
29519 3
29520 2
29521 0
29522 5
29523 2
29524 3
29525 5
29526 1
29527 4
29528 2
29529 4
29530 4
29531 2
29532 5
29533 3
29534 2
29535 3
29536 3
29537 3
29538 2
29539 3
29540 1
29541 3
29542 0
29543 3
29544 0
29545 2
29546 1
29547 4
29548 1
29549 1
29550 5
29551 4
29552 4
29553 4
29554 3
29555 5
29556 0
29557 0
29558 2
29559 0
29560 1
29561 2
29562 1
29563 1
29564 0
29565 5
29566 5
29567 5
29568 1
29569 3
29570 0
29571 3
29572 1
29573 1
29574 0
29575 0
29576 0
29577 2
29578 1
29579 4
29580 4
29581 4
29582 1
29583 5
29584 4
29585 2
29586 3
29587 4
29588 6
29589 2
29590 2
29591 5
29592 5
29593 5
29594 4
29595 4
29596 3
29597 0
29598 1
29599 3
29600 2
29601 3
29602 3
29603 5
29604 3
29605 4
29606 0
29607 5
29608 0
29609 6
29610 3
29611 1
29612 0
29613 0
29614 5
29615 2
29616 4
29617 5
29618 3
29619 2
29620 3
29621 2
29622 4
29623 3
29624 3
29625 4
29626 5
29627 5
29628 2
29629 2
29630 3
29631 2
29632 4
29633 3
29634 1
29635 3
29636 5
29637 4
29638 1
29639 1
29640 4
29641 2
29642 2
29643 1
29644 2
29645 4
29646 3
29647 4
29648 2
29649 1
29650 4
29651 2
29652 4
29653 3
29654 2
29655 2
29656 5
29657 2
29658 2
29659 4
29660 3
29661 1
29662 3
29663 5
29664 5
29665 0
29666 1
29667 5
29668 5
29669 4
29670 4
29671 5
29672 2
29673 6
29674 3
29675 3
29676 2
29677 2
29678 4
29679 2
29680 4
29681 2
29682 1
29683 2
29684 5
29685 4
29686 4
29687 2
29688 5
29689 5
29690 2
29691 1
29692 3
29693 0
29694 3
29695 3
29696 3
29697 0
29698 1
29699 3
29700 5
29701 3
29702 2
29703 5
29704 2
29705 3
29706 1
29707 0
29708 3
29709 5
29710 0
29711 1
29712 4
29713 3
29714 5
29715 5
29716 6
29717 0
29718 5
29719 2
29720 3
29721 5
29722 2
29723 5
29724 4
29725 6
29726 0
29727 6
29728 3
29729 2
29730 3
29731 4
29732 2
29733 5
29734 5
29735 1
29736 5
29737 5
29738 2
29739 6
29740 4
29741 3
29742 5
29743 3
29744 2
29745 5
29746 3
29747 1
29748 3
29749 0
29750 1
29751 0
29752 1
29753 1
29754 5
29755 2
29756 4
29757 4
29758 1
29759 4
29760 1
29761 4
29762 2
29763 3
29764 4
29765 2
29766 0
29767 1
29768 4
29769 3
29770 1
29771 5
29772 4
29773 0
29774 5
29775 2
29776 4
29777 5
29778 0
29779 5
29780 3
29781 4
29782 3
29783 0
29784 2
29785 3
29786 4
29787 4
29788 4
29789 5
29790 0
29791 1
29792 2
29793 4
29794 5
29795 4
29796 3
29797 5
29798 3
29799 0
29800 2
29801 5
29802 2
29803 1
29804 1
29805 3
29806 3
29807 2
29808 5
29809 0
29810 5
29811 4
29812 3
29813 2
29814 3
29815 4
29816 5
29817 6
29818 2
29819 1
29820 5
29821 0
29822 2
29823 2
29824 2
29825 2
29826 2
29827 2
29828 5
29829 2
29830 0
29831 0
29832 4
29833 4
29834 3
29835 5
29836 5
29837 2
29838 5
29839 1
29840 0
29841 3
29842 5
29843 5
29844 5
29845 3
29846 2
29847 4
29848 1
29849 5
29850 3
29851 0
29852 3
29853 1
29854 4
29855 0
29856 2
29857 2
29858 1
29859 5
29860 5
29861 6
29862 1
29863 3
29864 2
29865 4
29866 3
29867 2
29868 3
29869 4
29870 2
29871 2
29872 4
29873 2
29874 4
29875 5
29876 6
29877 2
29878 4
29879 0
29880 5
29881 1
29882 3
29883 0
29884 3
29885 4
29886 3
29887 4
29888 2
29889 5
29890 3
29891 1
29892 5
29893 3
29894 2
29895 4
29896 1
29897 6
29898 3
29899 1
29900 2
29901 1
29902 4
29903 5
29904 2
29905 3
29906 0
29907 3
29908 5
29909 4
29910 3
29911 1
29912 5
29913 1
29914 3
29915 0
29916 4
29917 3
29918 3
29919 2
29920 0
29921 3
29922 2
29923 1
29924 4
29925 2
29926 3
29927 2
29928 5
29929 1
29930 1
29931 0
29932 4
29933 5
29934 5
29935 5
29936 0
29937 2
29938 4
29939 2
29940 3
29941 0
29942 2
29943 2
29944 3
29945 2
29946 3
29947 2
29948 1
29949 2
29950 3
29951 3
29952 2
29953 2
29954 1
29955 5
29956 1
29957 5
29958 0
29959 6
29960 2
29961 3
29962 3
29963 4
29964 0
29965 1
29966 2
29967 1
29968 1
29969 3
29970 3
29971 2
29972 1
29973 3
29974 4
29975 1
29976 5
29977 5
29978 2
29979 3
29980 0
29981 5
29982 2
29983 4
29984 3
29985 4
29986 2
29987 4
29988 4
29989 4
29990 5
29991 4
29992 4
29993 4
29994 3
29995 0
29996 1
29997 3
29998 3
29999 5
30000 4
30001 4
30002 1
30003 3
30004 3
30005 2
30006 5
30007 3
30008 0
30009 4
30010 5
30011 4
30012 4
30013 5
30014 5
30015 3
30016 4
30017 4
30018 3
30019 0
30020 2
30021 0
30022 0
30023 3
30024 1
30025 5
30026 3
30027 1
30028 2
30029 1
30030 3
30031 0
30032 2
30033 6
30034 2
30035 4
30036 2
30037 2
30038 3
30039 4
30040 6
30041 6
30042 1
30043 3
30044 5
30045 6
30046 5
30047 5
30048 3
30049 1
30050 5
30051 2
30052 5
30053 1
30054 1
30055 5
30056 4
30057 3
30058 2
30059 3
30060 5
30061 3
30062 4
30063 5
30064 2
30065 4
30066 2
30067 3
30068 6
30069 4
30070 2
30071 2
30072 4
30073 2
30074 0
30075 4
30076 4
30077 0
30078 2
30079 4
30080 2
30081 0
30082 4
30083 2
30084 0
30085 5
30086 1
30087 4
30088 4
30089 1
30090 4
30091 0
30092 5
30093 3
30094 0
30095 0
30096 2
30097 5
30098 5
30099 4
30100 5
30101 3
30102 1
30103 1
30104 0
30105 4
30106 0
30107 5
30108 2
30109 2
30110 1
30111 4
30112 4
30113 4
30114 4
30115 4
30116 0
30117 4
30118 3
30119 4
30120 5
30121 3
30122 4
30123 2
30124 2
30125 0
30126 5
30127 2
30128 3
30129 0
30130 2
30131 4
30132 3
30133 0
30134 0
30135 0
30136 5
30137 2
30138 4
30139 5
30140 3
30141 3
30142 5
30143 3
30144 1
30145 3
30146 0
30147 1
30148 0
30149 4
30150 4
30151 5
30152 2
30153 5
30154 4
30155 2
30156 4
30157 4
30158 2
30159 3
30160 2
30161 5
30162 4
30163 3
30164 3
30165 5
30166 5
30167 4
30168 3
30169 5
30170 3
30171 4
30172 4
30173 1
30174 0
30175 4
30176 1
30177 2
30178 1
30179 4
30180 5
30181 2
30182 1
30183 5
30184 3
30185 5
30186 4
30187 2
30188 2
30189 3
30190 4
30191 0
30192 5
30193 5
30194 1
30195 3
30196 3
30197 5
30198 6
30199 3
30200 5
30201 2
30202 0
30203 4
30204 3
30205 4
30206 1
30207 4
30208 3
30209 4
30210 3
30211 5
30212 3
30213 5
30214 0
30215 0
30216 2
30217 3
30218 2
30219 4
30220 4
30221 4
30222 1
30223 1
30224 1
30225 5
30226 5
30227 1
30228 2
30229 2
30230 4
30231 4
30232 4
30233 3
30234 4
30235 5
30236 4
30237 3
30238 3
30239 3
30240 2
30241 3
30242 1
30243 1
30244 5
30245 2
30246 2
30247 4
30248 2
30249 2
30250 2
30251 0
30252 3
30253 4
30254 4
30255 0
30256 1
30257 6
30258 2
30259 3
30260 3
30261 1
30262 1
30263 1
30264 2
30265 4
30266 5
30267 0
30268 3
30269 5
30270 2
30271 4
30272 4
30273 4
30274 3
30275 5
30276 2
30277 4
30278 0
30279 3
30280 1
30281 0
30282 5
30283 4
30284 0
30285 5
30286 1
30287 0
30288 5
30289 2
30290 4
30291 2
30292 0
30293 5
30294 3
30295 2
30296 2
30297 6
30298 1
30299 3
30300 0
30301 5
30302 4
30303 4
30304 4
30305 5
30306 2
30307 5
30308 1
30309 4
30310 1
30311 1
30312 4
30313 2
30314 5
30315 2
30316 6
30317 0
30318 4
30319 5
30320 3
30321 6
30322 4
30323 6
30324 0
30325 4
30326 2
30327 0
30328 0
30329 5
30330 1
30331 5
30332 3
30333 1
30334 1
30335 2
30336 3
30337 3
30338 4
30339 1
30340 3
30341 5
30342 0
30343 4
30344 6
30345 0
30346 3
30347 3
30348 5
30349 2
30350 1
30351 0
30352 1
30353 4
30354 2
30355 3
30356 3
30357 1
30358 1
30359 4
30360 4
30361 1
30362 4
30363 5
30364 0
30365 1
30366 5
30367 1
30368 1
30369 2
30370 6
30371 4
30372 3
30373 5
30374 4
30375 0
30376 4
30377 1
30378 5
30379 1
30380 3
30381 1
30382 3
30383 4
30384 2
30385 3
30386 5
30387 5
30388 2
30389 0
30390 5
30391 4
30392 2
30393 1
30394 0
30395 2
30396 6
30397 4
30398 2
30399 0
30400 1
30401 0
30402 1
30403 2
30404 4
30405 3
30406 2
30407 1
30408 3
30409 5
30410 4
30411 5
30412 5
30413 5
30414 6
30415 3
30416 4
30417 0
30418 0
30419 1
30420 4
30421 6
30422 0
30423 3
30424 2
30425 3
30426 0
30427 5
30428 5
30429 4
30430 4
30431 5
30432 6
30433 1
30434 4
30435 3
30436 1
30437 1
30438 3
30439 4
30440 2
30441 5
30442 3
30443 1
30444 3
30445 3
30446 1
30447 5
30448 6
30449 0
30450 2
30451 6
30452 3
30453 2
30454 5
30455 5
30456 3
30457 1
30458 5
30459 0
30460 3
30461 4
30462 5
30463 1
30464 1
30465 4
30466 2
30467 2
30468 3
30469 5
30470 5
30471 3
30472 2
30473 5
30474 5
30475 2
30476 2
30477 2
30478 2
30479 5
30480 3
30481 2
30482 4
30483 2
30484 5
30485 2
30486 1
30487 0
30488 4
30489 0
30490 4
30491 6
30492 3
30493 0
30494 3
30495 4
30496 0
30497 3
30498 0
30499 1
30500 0
30501 4
30502 2
30503 2
30504 1
30505 0
30506 3
30507 2
30508 3
30509 5
30510 4
30511 3
30512 2
30513 5
30514 2
30515 1
30516 2
30517 2
30518 1
30519 3
30520 4
30521 2
30522 2
30523 2
30524 5
30525 0
30526 5
30527 4
30528 1
30529 3
30530 5
30531 5
30532 2
30533 5
30534 2
30535 2
30536 2
30537 4
30538 1
30539 5
30540 3
30541 1
30542 2
30543 5
30544 3
30545 6
30546 2
30547 4
30548 0
30549 4
30550 3
30551 6
30552 3
30553 6
30554 2
30555 5
30556 3
30557 6
30558 5
30559 1
30560 1
30561 4
30562 2
30563 0
30564 2
30565 2
30566 6
30567 5
30568 5
30569 0
30570 2
30571 3
30572 4
30573 4
30574 2
30575 4
30576 4
30577 2
30578 4
30579 3
30580 1
30581 5
30582 1
30583 0
30584 0
30585 2
30586 4
30587 3
30588 3
30589 1
30590 4
30591 6
30592 5
30593 1
30594 5
30595 3
30596 4
30597 0
30598 2
30599 4
30600 2
30601 2
30602 2
30603 1
30604 5
30605 5
30606 5
30607 2
30608 4
30609 5
30610 3
30611 3
30612 2
30613 4
30614 3
30615 6
30616 3
30617 3
30618 1
30619 0
30620 5
30621 3
30622 2
30623 5
30624 4
30625 4
30626 0
30627 1
30628 1
30629 2
30630 0
30631 2
30632 0
30633 4
30634 4
30635 4
30636 1
30637 4
30638 2
30639 4
30640 4
30641 2
30642 1
30643 4
30644 2
30645 5
30646 3
30647 4
30648 1
30649 1
30650 0
30651 2
30652 1
30653 0
30654 3
30655 1
30656 4
30657 1
30658 5
30659 1
30660 2
30661 3
30662 3
30663 4
30664 0
30665 5
30666 2
30667 0
30668 1
30669 2
30670 1
30671 1
30672 5
30673 2
30674 4
30675 4
30676 3
30677 0
30678 2
30679 6
30680 4
30681 4
30682 0
30683 3
30684 3
30685 5
30686 4
30687 3
30688 2
30689 3
30690 2
30691 0
30692 5
30693 4
30694 4
30695 4
30696 4
30697 0
30698 2
30699 4
30700 2
30701 0
30702 3
30703 6
30704 5
30705 6
30706 2
30707 1
30708 2
30709 6
30710 0
30711 5
30712 5
30713 0
30714 1
30715 6
30716 5
30717 2
30718 3
30719 2
30720 3
30721 5
30722 1
30723 2
30724 4
30725 1
30726 3
30727 5
30728 3
30729 5
30730 5
30731 5
30732 4
30733 5
30734 0
30735 2
30736 0
30737 4
30738 3
30739 6
30740 3
30741 2
30742 1
30743 0
30744 5
30745 5
30746 2
30747 0
30748 3
30749 2
30750 1
30751 5
30752 6
30753 3
30754 1
30755 5
30756 3
30757 6
30758 2
30759 4
30760 1
30761 5
30762 0
30763 1
30764 1
30765 4
30766 4
30767 5
30768 2
30769 1
30770 2
30771 4
30772 2
30773 5
30774 3
30775 3
30776 1
30777 3
30778 2
30779 1
30780 1
30781 2
30782 1
30783 5
30784 2
30785 4
30786 1
30787 5
30788 3
30789 2
30790 3
30791 4
30792 4
30793 4
30794 1
30795 5
30796 4
30797 3
30798 4
30799 0
30800 5
30801 4
30802 0
30803 3
30804 0
30805 1
30806 5
30807 0
30808 4
30809 4
30810 5
30811 1
30812 5
30813 3
30814 0
30815 1
30816 3
30817 0
30818 4
30819 4
30820 4
30821 6
30822 6
30823 4
30824 2
30825 0
30826 3
30827 3
30828 3
30829 2
30830 2
30831 5
30832 4
30833 4
30834 5
30835 5
30836 4
30837 4
30838 5
30839 5
30840 4
30841 5
30842 3
30843 0
30844 2
30845 3
30846 2
30847 0
30848 1
30849 2
30850 2
30851 2
30852 0
30853 1
30854 3
30855 1
30856 3
30857 0
30858 6
30859 4
30860 0
30861 2
30862 6
30863 3
30864 4
30865 4
30866 2
30867 2
30868 1
30869 3
30870 1
30871 1
30872 3
30873 5
30874 2
30875 4
30876 3
30877 3
30878 2
30879 3
30880 3
30881 4
30882 4
30883 3
30884 4
30885 4
30886 2
30887 2
30888 5
30889 6
30890 4
30891 0
30892 2
30893 0
30894 3
30895 0
30896 2
30897 1
30898 2
30899 3
30900 2
30901 4
30902 3
30903 4
30904 2
30905 4
30906 4
30907 4
30908 5
30909 5
30910 1
30911 5
30912 4
30913 5
30914 4
30915 2
30916 2
30917 3
30918 3
30919 3
30920 5
30921 3
30922 1
30923 4
30924 3
30925 2
30926 2
30927 4
30928 4
30929 3
30930 4
30931 2
30932 1
30933 5
30934 5
30935 2
30936 2
30937 5
30938 5
30939 3
30940 3
30941 2
30942 3
30943 2
30944 3
30945 3
30946 5
30947 5
30948 5
30949 4
30950 4
30951 2
30952 4
30953 5
30954 3
30955 2
30956 3
30957 2
30958 5
30959 3
30960 1
30961 3
30962 3
30963 0
30964 4
30965 1
30966 0
30967 5
30968 4
30969 5
30970 3
30971 4
30972 2
30973 0
30974 0
30975 2
30976 1
30977 0
30978 4
30979 3
30980 3
30981 3
30982 4
30983 0
30984 4
30985 5
30986 3
30987 4
30988 1
30989 4
30990 2
30991 4
30992 5
30993 3
30994 5
30995 1
30996 4
30997 3
30998 3
30999 4
31000 5
31001 4
31002 1
31003 2
31004 4
31005 0
31006 0
31007 2
31008 5
31009 5
31010 1
31011 2
31012 3
31013 0
31014 5
31015 0
31016 2
31017 3
31018 6
31019 6
31020 4
31021 4
31022 4
31023 2
31024 5
31025 6
31026 1
31027 4
31028 1
31029 1
31030 4
31031 0
31032 6
31033 2
31034 4
31035 2
31036 1
31037 3
31038 2
31039 4
31040 4
31041 5
31042 3
31043 3
31044 2
31045 3
31046 0
31047 5
31048 4
31049 3
31050 2
31051 5
31052 1
31053 3
31054 4
31055 4
31056 4
31057 5
31058 5
31059 0
31060 3
31061 4
31062 5
31063 0
31064 3
31065 5
31066 3
31067 5
31068 3
31069 4
31070 3
31071 0
31072 4
31073 1
31074 1
31075 1
31076 4
31077 1
31078 1
31079 4
31080 3
31081 0
31082 6
31083 1
31084 4
31085 5
31086 2
31087 4
31088 5
31089 2
31090 3
31091 5
31092 5
31093 5
31094 1
31095 0
31096 0
31097 5
31098 0
31099 4
31100 3
31101 3
31102 3
31103 5
31104 1
31105 4
31106 2
31107 3
31108 1
31109 4
31110 1
31111 5
31112 4
31113 5
31114 1
31115 3
31116 5
31117 3
31118 4
31119 5
31120 6
31121 5
31122 5
31123 3
31124 1
31125 1
31126 2
31127 1
31128 1
31129 3
31130 1
31131 1
31132 2
31133 3
31134 4
31135 2
31136 3
31137 5
31138 1
31139 3
31140 3
31141 0
31142 1
31143 2
31144 4
31145 1
31146 3
31147 4
31148 5
31149 4
31150 0
31151 2
31152 5
31153 4
31154 2
31155 3
31156 0
31157 4
31158 3
31159 4
31160 0
31161 6
31162 5
31163 5
31164 4
31165 3
31166 5
31167 2
31168 5
31169 2
31170 3
31171 3
31172 3
31173 3
31174 4
31175 1
31176 2
31177 4
31178 3
31179 3
31180 4
31181 0
31182 1
31183 5
31184 5
31185 2
31186 2
31187 3
31188 5
31189 3
31190 3
31191 3
31192 3
31193 6
31194 2
31195 1
31196 1
31197 5
31198 3
31199 4
31200 0
31201 4
31202 3
31203 4
31204 4
31205 5
31206 2
31207 3
31208 2
31209 5
31210 5
31211 0
31212 3
31213 4
31214 3
31215 4
31216 0
31217 6
31218 6
31219 5
31220 1
31221 0
31222 1
31223 4
31224 5
31225 3
31226 4
31227 0
31228 5
31229 2
31230 3
31231 4
31232 4
31233 4
31234 3
31235 4
31236 4
31237 1
31238 0
31239 5
31240 1
31241 4
31242 5
31243 1
31244 1
31245 2
31246 5
31247 0
31248 3
31249 4
31250 6
31251 0
31252 0
31253 5
31254 2
31255 2
31256 3
31257 3
31258 5
31259 3
31260 5
31261 6
31262 1
31263 3
31264 0
31265 5
31266 4
31267 4
31268 4
31269 0
31270 3
31271 5
31272 4
31273 3
31274 3
31275 5
31276 4
31277 5
31278 1
31279 2
31280 3
31281 0
31282 3
31283 2
31284 6
31285 5
31286 5
31287 1
31288 2
31289 4
31290 4
31291 3
31292 3
31293 1
31294 3
31295 4
31296 4
31297 6
31298 1
31299 4
31300 6
31301 0
31302 3
31303 3
31304 5
31305 3
31306 4
31307 4
31308 5
31309 6
31310 5
31311 2
31312 2
31313 0
31314 5
31315 4
31316 5
31317 0
31318 5
31319 2
31320 0
31321 1
31322 3
31323 1
31324 2
31325 4
31326 3
31327 4
31328 1
31329 4
31330 3
31331 5
31332 6
31333 4
31334 5
31335 0
31336 4
31337 4
31338 3
31339 0
31340 4
31341 4
31342 3
31343 5
31344 5
31345 2
31346 4
31347 2
31348 3
31349 2
31350 1
31351 1
31352 1
31353 0
31354 3
31355 4
31356 0
31357 2
31358 0
31359 6
31360 4
31361 0
31362 5
31363 1
31364 5
31365 3
31366 5
31367 0
31368 1
31369 1
31370 2
31371 5
31372 0
31373 1
31374 5
31375 5
31376 2
31377 3
31378 6
31379 1
31380 2
31381 6
31382 5
31383 4
31384 6
31385 3
31386 6
31387 4
31388 2
31389 0
31390 0
31391 4
31392 4
31393 0
31394 1
31395 2
31396 0
31397 3
31398 4
31399 2
31400 5
31401 3
31402 4
31403 3
31404 5
31405 5
31406 3
31407 5
31408 3
31409 1
31410 1
31411 4
31412 0
31413 1
31414 5
31415 4
31416 0
31417 4
31418 4
31419 5
31420 1
31421 0
31422 5
31423 2
31424 2
31425 0
31426 1
31427 1
31428 4
31429 1
31430 2
31431 5
31432 3
31433 0
31434 3
31435 3
31436 4
31437 4
31438 3
31439 5
31440 4
31441 5
31442 1
31443 0
31444 4
31445 4
31446 1
31447 5
31448 4
31449 3
31450 4
31451 5
31452 3
31453 2
31454 3
31455 4
31456 6
31457 3
31458 5
31459 1
31460 5
31461 4
31462 3
31463 2
31464 1
31465 0
31466 6
31467 5
31468 3
31469 4
31470 1
31471 4
31472 1
31473 0
31474 3
31475 3
31476 4
31477 3
31478 1
31479 2
31480 5
31481 2
31482 1
31483 2
31484 6
31485 0
31486 3
31487 5
31488 5
31489 4
31490 2
31491 3
31492 4
31493 2
31494 2
31495 3
31496 0
31497 3
31498 0
31499 5
31500 3
31501 6
31502 1
31503 1
31504 5
31505 1
31506 0
31507 3
31508 1
31509 3
31510 5
31511 5
31512 4
31513 0
31514 1
31515 0
31516 0
31517 4
31518 1
31519 4
31520 2
31521 2
31522 4
31523 5
31524 0
31525 6
31526 4
31527 4
31528 4
31529 4
31530 1
31531 0
31532 7
31533 0
31534 4
31535 2
31536 0
31537 3
31538 5
31539 1
31540 1
31541 2
31542 3
31543 5
31544 5
31545 1
31546 3
31547 2
31548 0
31549 3
31550 1
31551 3
31552 4
31553 4
31554 5
31555 2
31556 0
31557 4
31558 2
31559 4
31560 3
31561 4
31562 3
31563 6
31564 3
31565 4
31566 1
31567 0
31568 4
31569 3
31570 6
31571 6
31572 2
31573 3
31574 1
31575 5
31576 4
31577 4
31578 5
31579 2
31580 5
31581 0
31582 1
31583 0
31584 2
31585 5
31586 4
31587 2
31588 1
31589 4
31590 5
31591 5
31592 3
31593 4
31594 3
31595 4
31596 1
31597 2
31598 6
31599 3
31600 3
31601 5
31602 5
31603 2
31604 4
31605 0
31606 3
31607 5
31608 4
31609 2
31610 6
31611 0
31612 5
31613 3
31614 2
31615 2
31616 2
31617 2
31618 4
31619 1
31620 4
31621 4
31622 1
31623 5
31624 0
31625 2
31626 3
31627 5
31628 3
31629 2
31630 3
31631 3
31632 3
31633 5
31634 3
31635 4
31636 4
31637 3
31638 6
31639 1
31640 0
31641 3
31642 1
31643 1
31644 2
31645 2
31646 6
31647 1
31648 1
31649 4
31650 3
31651 6
31652 5
31653 5
31654 5
31655 1
31656 3
31657 3
31658 2
31659 0
31660 3
31661 3
31662 4
31663 3
31664 0
31665 5
31666 4
31667 5
31668 2
31669 1
31670 6
31671 2
31672 3
31673 4
31674 5
31675 6
31676 3
31677 3
31678 5
31679 3
31680 3
31681 0
31682 5
31683 3
31684 4
31685 3
31686 4
31687 1
31688 4
31689 6
31690 4
31691 1
31692 3
31693 2
31694 4
31695 4
31696 3
31697 2
31698 6
31699 2
31700 2
31701 4
31702 0
31703 4
31704 3
31705 5
31706 1
31707 5
31708 3
31709 4
31710 5
31711 1
31712 6
31713 2
31714 5
31715 5
31716 4
31717 6
31718 2
31719 3
31720 4
31721 5
31722 7
31723 0
31724 1
31725 1
31726 2
31727 4
31728 5
31729 5
31730 5
31731 2
31732 1
31733 5
31734 1
31735 3
31736 4
31737 5
31738 6
31739 5
31740 6
31741 2
31742 4
31743 2
31744 0
31745 1
31746 3
31747 6
31748 4
31749 5
31750 4
31751 2
31752 5
31753 3
31754 5
31755 4
31756 1
31757 0
31758 5
31759 0
31760 1
31761 5
31762 0
31763 3
31764 4
31765 5
31766 1
31767 5
31768 3
31769 5
31770 1
31771 6
31772 0
31773 1
31774 2
31775 3
31776 2
31777 0
31778 2
31779 3
31780 3
31781 4
31782 5
31783 5
31784 6
31785 1
31786 3
31787 4
31788 3
31789 3
31790 6
31791 2
31792 3
31793 4
31794 5
31795 4
31796 4
31797 2
31798 0
31799 1
31800 1
31801 5
31802 4
31803 4
31804 4
31805 2
31806 4
31807 2
31808 1
31809 4
31810 1
31811 1
31812 2
31813 3
31814 5
31815 1
31816 4
31817 5
31818 0
31819 5
31820 5
31821 4
31822 1
31823 3
31824 2
31825 1
31826 5
31827 2
31828 3
31829 4
31830 3
31831 0
31832 1
31833 2
31834 0
31835 3
31836 4
31837 2
31838 4
31839 0
31840 4
31841 1
31842 5
31843 2
31844 0
31845 4
31846 4
31847 0
31848 2
31849 4
31850 2
31851 2
31852 4
31853 5
31854 2
31855 5
31856 4
31857 5
31858 4
31859 4
31860 2
31861 4
31862 4
31863 4
31864 4
31865 2
31866 5
31867 3
31868 5
31869 0
31870 4
31871 0
31872 5
31873 4
31874 4
31875 2
31876 0
31877 5
31878 3
31879 5
31880 5
31881 2
31882 4
31883 5
31884 5
31885 2
31886 6
31887 4
31888 2
31889 0
31890 3
31891 4
31892 6
31893 1
31894 2
31895 5
31896 5
31897 5
31898 4
31899 6
31900 1
31901 4
31902 3
31903 6
31904 6
31905 3
31906 2
31907 3
31908 5
31909 0
31910 5
31911 3
31912 2
31913 0
31914 0
31915 7
31916 3
31917 5
31918 4
31919 5
31920 0
31921 4
31922 3
31923 1
31924 7
31925 5
31926 4
31927 0
31928 0
31929 3
31930 1
31931 1
31932 5
31933 1
31934 2
31935 5
31936 1
31937 3
31938 4
31939 0
31940 4
31941 1
31942 6
31943 1
31944 3
31945 3
31946 2
31947 4
31948 2
31949 2
31950 1
31951 4
31952 5
31953 4
31954 5
31955 0
31956 2
31957 4
31958 5
31959 4
31960 4
31961 6
31962 2
31963 6
31964 2
31965 1
31966 1
31967 6
31968 1
31969 5
31970 4
31971 4
31972 3
31973 3
31974 1
31975 5
31976 4
31977 5
31978 2
31979 1
31980 1
31981 0
31982 1
31983 4
31984 4
31985 4
31986 7
31987 4
31988 4
31989 0
31990 1
31991 2
31992 4
31993 3
31994 3
31995 3
31996 3
31997 5
31998 4
31999 5
32000 3
32001 1
32002 3
32003 5
32004 1
32005 4
32006 3
32007 3
32008 2
32009 6
32010 4
32011 6
32012 3
32013 5
32014 6
32015 5
32016 0
32017 0
32018 3
32019 0
32020 1
32021 0
32022 1
32023 4
32024 3
32025 5
32026 4
32027 2
32028 5
32029 5
32030 4
32031 5
32032 1
32033 3
32034 0
32035 5
32036 0
32037 6
32038 3
32039 4
32040 2
32041 2
32042 1
32043 4
32044 3
32045 5
32046 2
32047 2
32048 3
32049 5
32050 5
32051 6
32052 2
32053 0
32054 4
32055 1
32056 0
32057 1
32058 1
32059 4
32060 1
32061 0
32062 2
32063 1
32064 5
32065 4
32066 1
32067 1
32068 4
32069 3
32070 1
32071 1
32072 3
32073 5
32074 5
32075 3
32076 1
32077 2
32078 6
32079 4
32080 3
32081 3
32082 3
32083 0
32084 0
32085 4
32086 4
32087 5
32088 3
32089 5
32090 1
32091 4
32092 1
32093 5
32094 3
32095 6
32096 2
32097 1
32098 1
32099 1
32100 1
32101 6
32102 3
32103 4
32104 4
32105 5
32106 2
32107 1
32108 4
32109 2
32110 3
32111 4
32112 6
32113 4
32114 0
32115 2
32116 2
32117 2
32118 4
32119 1
32120 4
32121 2
32122 5
32123 5
32124 5
32125 1
32126 4
32127 4
32128 4
32129 4
32130 2
32131 3
32132 2
32133 4
32134 4
32135 1
32136 4
32137 1
32138 4
32139 4
32140 4
32141 3
32142 1
32143 2
32144 6
32145 3
32146 3
32147 5
32148 0
32149 2
32150 2
32151 4
32152 0
32153 2
32154 2
32155 6
32156 6
32157 4
32158 2
32159 3
32160 6
32161 1
32162 5
32163 0
32164 5
32165 0
32166 3
32167 4
32168 1
32169 5
32170 3
32171 5
32172 1
32173 0
32174 0
32175 4
32176 1
32177 4
32178 0
32179 2
32180 4
32181 4
32182 6
32183 4
32184 5
32185 1
32186 3
32187 4
32188 3
32189 2
32190 5
32191 4
32192 4
32193 0
32194 3
32195 5
32196 5
32197 5
32198 5
32199 4
32200 5
32201 6
32202 6
32203 5
32204 3
32205 5
32206 1
32207 6
32208 5
32209 2
32210 1
32211 0
32212 5
32213 4
32214 4
32215 3
32216 4
32217 5
32218 1
32219 5
32220 2
32221 3
32222 4
32223 4
32224 3
32225 1
32226 3
32227 4
32228 4
32229 2
32230 2
32231 6
32232 1
32233 3
32234 0
32235 5
32236 3
32237 2
32238 4
32239 5
32240 3
32241 5
32242 3
32243 1
32244 3
32245 2
32246 3
32247 0
32248 4
32249 4
32250 3
32251 5
32252 1
32253 2
32254 5
32255 2
32256 4
32257 0
32258 0
32259 2
32260 5
32261 4
32262 0
32263 0
32264 4
32265 2
32266 4
32267 5
32268 6
32269 5
32270 4
32271 0
32272 0
32273 5
32274 3
32275 5
32276 5
32277 3
32278 1
32279 1
32280 1
32281 3
32282 4
32283 1
32284 4
32285 3
32286 4
32287 4
32288 2
32289 5
32290 3
32291 3
32292 3
32293 4
32294 3
32295 0
32296 5
32297 6
32298 5
32299 4
32300 0
32301 4
32302 0
32303 4
32304 3
32305 4
32306 4
32307 0
32308 3
32309 1
32310 1
32311 3
32312 3
32313 2
32314 2
32315 1
32316 5
32317 2
32318 4
32319 6
32320 6
32321 4
32322 0
32323 1
32324 5
32325 3
32326 3
32327 2
32328 5
32329 3
32330 3
32331 4
32332 0
32333 4
32334 3
32335 4
32336 0
32337 3
32338 5
32339 1
32340 0
32341 2
32342 2
32343 4
32344 2
32345 4
32346 4
32347 3
32348 1
32349 0
32350 1
32351 3
32352 5
32353 4
32354 4
32355 5
32356 3
32357 5
32358 6
32359 2
32360 6
32361 5
32362 1
32363 3
32364 2
32365 5
32366 3
32367 6
32368 6
32369 4
32370 1
32371 6
32372 4
32373 5
32374 5
32375 4
32376 2
32377 4
32378 5
32379 4
32380 4
32381 1
32382 5
32383 2
32384 3
32385 5
32386 0
32387 5
32388 5
32389 2
32390 5
32391 5
32392 4
32393 3
32394 0
32395 3
32396 1
32397 6
32398 5
32399 0
32400 5
32401 0
32402 5
32403 3
32404 4
32405 5
32406 2
32407 2
32408 2
32409 0
32410 5
32411 0
32412 3
32413 3
32414 5
32415 5
32416 4
32417 1
32418 1
32419 6
32420 2
32421 2
32422 2
32423 1
32424 2
32425 3
32426 2
32427 4
32428 5
32429 5
32430 3
32431 5
32432 1
32433 5
32434 3
32435 3
32436 4
32437 1
32438 2
32439 6
32440 1
32441 5
32442 4
32443 0
32444 0
32445 5
32446 5
32447 7
32448 2
32449 1
32450 3
32451 2
32452 0
32453 5
32454 1
32455 3
32456 4
32457 3
32458 0
32459 0
32460 3
32461 1
32462 4
32463 2
32464 3
32465 3
32466 7
32467 2
32468 3
32469 4
32470 3
32471 2
32472 5
32473 3
32474 5
32475 4
32476 3
32477 7
32478 5
32479 2
32480 4
32481 2
32482 2
32483 1
32484 3
32485 7
32486 1
32487 5
32488 1
32489 2
32490 5
32491 4
32492 3
32493 4
32494 1
32495 1
32496 4
32497 4
32498 2
32499 4
32500 1
32501 1
32502 1
32503 2
32504 7
32505 1
32506 3
32507 6
32508 4
32509 5
32510 6
32511 0
32512 3
32513 5
32514 3
32515 0
32516 0
32517 5
32518 1
32519 4
32520 6
32521 2
32522 1
32523 4
32524 3
32525 5
32526 3
32527 5
32528 4
32529 5
32530 5
32531 4
32532 2
32533 4
32534 1
32535 6
32536 5
32537 4
32538 4
32539 3
32540 5
32541 3
32542 6
32543 4
32544 3
32545 4
32546 5
32547 2
32548 2
32549 6
32550 5
32551 4
32552 4
32553 2
32554 3
32555 6
32556 6
32557 3
32558 3
32559 5
32560 0
32561 2
32562 6
32563 5
32564 4
32565 3
32566 4
32567 5
32568 1
32569 3
32570 3
32571 0
32572 2
32573 6
32574 3
32575 0
32576 4
32577 2
32578 5
32579 0
32580 4
32581 3
32582 3
32583 3
32584 6
32585 5
32586 6
32587 5
32588 5
32589 4
32590 4
32591 5
32592 0
32593 2
32594 2
32595 3
32596 5
32597 4
32598 4
32599 1
32600 0
32601 4
32602 6
32603 3
32604 5
32605 3
32606 6
32607 4
32608 3
32609 4
32610 6
32611 6
32612 2
32613 1
32614 4
32615 0
32616 3
32617 3
32618 0
32619 3
32620 5
32621 3
32622 3
32623 0
32624 6
32625 1
32626 0
32627 4
32628 4
32629 4
32630 5
32631 4
32632 4
32633 3
32634 0
32635 0
32636 3
32637 3
32638 5
32639 3
32640 2
32641 2
32642 4
32643 3
32644 4
32645 4
32646 3
32647 1
32648 0
32649 2
32650 3
32651 5
32652 5
32653 1
32654 0
32655 0
32656 1
32657 3
32658 5
32659 1
32660 4
32661 2
32662 6
32663 2
32664 1
32665 3
32666 1
32667 2
32668 1
32669 7
32670 3
32671 0
32672 3
32673 3
32674 1
32675 4
32676 4
32677 5
32678 6
32679 4
32680 3
32681 0
32682 2
32683 1
32684 6
32685 2
32686 0
32687 5
32688 1
32689 0
32690 1
32691 5
32692 3
32693 1
32694 4
32695 4
32696 3
32697 0
32698 3
32699 4
32700 5
32701 3
32702 3
32703 2
32704 3
32705 6
32706 5
32707 3
32708 4
32709 0
32710 3
32711 1
32712 1
32713 2
32714 6
32715 7
32716 5
32717 1
32718 2
32719 0
32720 5
32721 5
32722 1
32723 6
32724 5
32725 5
32726 0
32727 4
32728 6
32729 0
32730 3
32731 3
32732 1
32733 3
32734 0
32735 4
32736 1
32737 4
32738 1
32739 1
32740 4
32741 3
32742 1
32743 5
32744 1
32745 5
32746 4
32747 1
32748 4
32749 5
32750 4
32751 2
32752 1
32753 1
32754 5
32755 4
32756 1
32757 1
32758 0
32759 2
32760 3
32761 4
32762 5
32763 1
32764 2
32765 6
32766 5
32767 1
32768 1
32769 2
32770 6
32771 3
32772 1
32773 2
32774 1
32775 4
32776 4
32777 3
32778 6
32779 0
32780 0
32781 3
32782 3
32783 1
32784 5
32785 6
32786 3
32787 4
32788 5
32789 1
32790 4
32791 4
32792 4
32793 0
32794 4
32795 4
32796 2
32797 6
32798 6
32799 3
32800 5
32801 5
32802 3
32803 0
32804 1
32805 3
32806 2
32807 3
32808 2
32809 5
32810 5
32811 3
32812 3
32813 1
32814 2
32815 6
32816 4
32817 0
32818 1
32819 1
32820 5
32821 2
32822 2
32823 5
32824 5
32825 1
32826 2
32827 4
32828 5
32829 3
32830 2
32831 4
32832 6
32833 4
32834 7
32835 4
32836 6
32837 4
32838 0
32839 6
32840 2
32841 5
32842 3
32843 3
32844 1
32845 5
32846 5
32847 5
32848 4
32849 3
32850 5
32851 4
32852 2
32853 3
32854 4
32855 7
32856 0
32857 2
32858 5
32859 2
32860 3
32861 4
32862 5
32863 3
32864 2
32865 4
32866 5
32867 3
32868 1
32869 5
32870 1
32871 5
32872 3
32873 3
32874 0
32875 2
32876 1
32877 5
32878 4
32879 2
32880 6
32881 5
32882 1
32883 2
32884 5
32885 2
32886 5
32887 0
32888 5
32889 5
32890 5
32891 0
32892 3
32893 0
32894 5
32895 2
32896 1
32897 6
32898 3
32899 4
32900 0
32901 6
32902 5
32903 4
32904 4
32905 2
32906 0
32907 2
32908 2
32909 5
32910 4
32911 5
32912 1
32913 2
32914 4
32915 2
32916 6
32917 5
32918 1
32919 3
32920 0
32921 3
32922 0
32923 1
32924 1
32925 4
32926 3
32927 5
32928 4
32929 4
32930 6
32931 6
32932 2
32933 6
32934 2
32935 6
32936 0
32937 5
32938 0
32939 1
32940 0
32941 4
32942 0
32943 4
32944 2
32945 0
32946 0
32947 4
32948 2
32949 5
32950 1
32951 4
32952 3
32953 5
32954 4
32955 3
32956 3
32957 5
32958 1
32959 3
32960 2
32961 2
32962 5
32963 4
32964 4
32965 5
32966 4
32967 0
32968 5
32969 2
32970 5
32971 6
32972 6
32973 1
32974 4
32975 2
32976 1
32977 5
32978 3
32979 6
32980 1
32981 3
32982 6
32983 5
32984 1
32985 2
32986 3
32987 4
32988 5
32989 1
32990 3
32991 5
32992 3
32993 4
32994 3
32995 5
32996 4
32997 1
32998 5
32999 2
33000 4
33001 4
33002 0
33003 1
33004 1
33005 6
33006 5
33007 3
33008 3
33009 5
33010 3
33011 2
33012 5
33013 2
33014 2
33015 5
33016 0
33017 5
33018 5
33019 4
33020 3
33021 0
33022 1
33023 4
33024 3
33025 1
33026 5
33027 3
33028 4
33029 6
33030 4
33031 5
33032 5
33033 1
33034 5
33035 2
33036 1
33037 4
33038 3
33039 5
33040 2
33041 4
33042 4
33043 1
33044 1
33045 5
33046 1
33047 6
33048 6
33049 5
33050 5
33051 5
33052 3
33053 6
33054 2
33055 1
33056 5
33057 0
33058 0
33059 4
33060 5
33061 3
33062 5
33063 1
33064 1
33065 3
33066 6
33067 6
33068 3
33069 4
33070 5
33071 3
33072 2
33073 2
33074 4
33075 2
33076 4
33077 0
33078 2
33079 6
33080 6
33081 2
33082 1
33083 1
33084 5
33085 3
33086 5
33087 4
33088 0
33089 6
33090 2
33091 5
33092 4
33093 0
33094 6
33095 4
33096 1
33097 4
33098 0
33099 2
33100 3
33101 3
33102 0
33103 1
33104 6
33105 5
33106 1
33107 6
33108 4
33109 1
33110 4
33111 0
33112 0
33113 4
33114 0
33115 4
33116 3
33117 0
33118 0
33119 3
33120 2
33121 4
33122 5
33123 1
33124 4
33125 5
33126 5
33127 4
33128 3
33129 4
33130 5
33131 4
33132 4
33133 6
33134 5
33135 0
33136 1
33137 2
33138 3
33139 5
33140 3
33141 2
33142 1
33143 2
33144 2
33145 5
33146 1
33147 5
33148 5
33149 3
33150 5
33151 4
33152 3
33153 2
33154 5
33155 0
33156 1
33157 3
33158 4
33159 5
33160 3
33161 5
33162 1
33163 4
33164 2
33165 3
33166 4
33167 4
33168 1
33169 6
33170 3
33171 0
33172 2
33173 3
33174 1
33175 6
33176 3
33177 1
33178 3
33179 1
33180 1
33181 5
33182 3
33183 3
33184 4
33185 4
33186 1
33187 3
33188 6
33189 5
33190 6
33191 0
33192 4
33193 4
33194 4
33195 2
33196 4
33197 5
33198 3
33199 2
33200 0
33201 4
33202 2
33203 2
33204 5
33205 4
33206 5
33207 0
33208 0
33209 3
33210 2
33211 0
33212 6
33213 3
33214 3
33215 5
33216 1
33217 3
33218 2
33219 3
33220 4
33221 3
33222 6
33223 5
33224 3
33225 0
33226 5
33227 4
33228 1
33229 4
33230 5
33231 1
33232 1
33233 5
33234 3
33235 4
33236 1
33237 0
33238 3
33239 3
33240 1
33241 2
33242 0
33243 0
33244 3
33245 6
33246 3
33247 1
33248 1
33249 6
33250 3
33251 4
33252 2
33253 4
33254 0
33255 2
33256 1
33257 5
33258 6
33259 5
33260 4
33261 5
33262 3
33263 5
33264 0
33265 3
33266 4
33267 6
33268 3
33269 1
33270 4
33271 1
33272 2
33273 2
33274 1
33275 3
33276 5
33277 4
33278 5
33279 1
33280 4
33281 4
33282 5
33283 4
33284 0
33285 3
33286 4
33287 5
33288 5
33289 5
33290 4
33291 5
33292 5
33293 2
33294 5
33295 4
33296 4
33297 5
33298 3
33299 3
33300 0
33301 6
33302 4
33303 0
33304 2
33305 5
33306 4
33307 6
33308 0
33309 1
33310 4
33311 2
33312 5
33313 4
33314 2
33315 6
33316 1
33317 5
33318 1
33319 0
33320 4
33321 5
33322 1
33323 5
33324 3
33325 4
33326 5
33327 3
33328 1
33329 1
33330 3
33331 0
33332 3
33333 3
33334 2
33335 1
33336 2
33337 3
33338 5
33339 1
33340 4
33341 4
33342 4
33343 1
33344 4
33345 4
33346 1
33347 3
33348 3
33349 2
33350 5
33351 4
33352 3
33353 5
33354 5
33355 4
33356 4
33357 3
33358 1
33359 2
33360 5
33361 6
33362 2
33363 4
33364 0
33365 6
33366 4
33367 3
33368 0
33369 3
33370 5
33371 0
33372 2
33373 3
33374 0
33375 5
33376 4
33377 5
33378 3
33379 4
33380 2
33381 5
33382 4
33383 5
33384 5
33385 5
33386 4
33387 1
33388 5
33389 3
33390 4
33391 5
33392 2
33393 0
33394 1
33395 6
33396 4
33397 1
33398 2
33399 4
33400 5
33401 5
33402 3
33403 5
33404 0
33405 4
33406 1
33407 0
33408 4
33409 5
33410 3
33411 3
33412 6
33413 3
33414 2
33415 1
33416 0
33417 2
33418 4
33419 4
33420 6
33421 5
33422 1
33423 6
33424 3
33425 3
33426 1
33427 6
33428 3
33429 0
33430 2
33431 6
33432 2
33433 4
33434 4
33435 5
33436 0
33437 3
33438 5
33439 5
33440 4
33441 3
33442 0
33443 5
33444 2
33445 2
33446 4
33447 6
33448 1
33449 3
33450 4
33451 3
33452 3
33453 6
33454 2
33455 3
33456 5
33457 1
33458 4
33459 3
33460 5
33461 4
33462 4
33463 0
33464 4
33465 1
33466 1
33467 6
33468 6
33469 6
33470 6
33471 3
33472 2
33473 1
33474 6
33475 5
33476 5
33477 1
33478 2
33479 6
33480 5
33481 3
33482 5
33483 2
33484 3
33485 3
33486 3
33487 0
33488 1
33489 2
33490 0
33491 3
33492 5
33493 4
33494 4
33495 2
33496 2
33497 3
33498 3
33499 4
33500 5
33501 0
33502 5
33503 2
33504 5
33505 2
33506 4
33507 2
33508 3
33509 4
33510 3
33511 4
33512 6
33513 4
33514 4
33515 2
33516 2
33517 0
33518 3
33519 0
33520 3
33521 5
33522 6
33523 4
33524 5
33525 3
33526 1
33527 4
33528 3
33529 3
33530 1
33531 4
33532 3
33533 2
33534 4
33535 3
33536 3
33537 5
33538 2
33539 2
33540 1
33541 3
33542 3
33543 1
33544 4
33545 0
33546 0
33547 3
33548 2
33549 2
33550 4
33551 3
33552 6
33553 1
33554 3
33555 2
33556 2
33557 4
33558 0
33559 5
33560 4
33561 4
33562 6
33563 1
33564 2
33565 0
33566 3
33567 5
33568 1
33569 4
33570 6
33571 6
33572 5
33573 4
33574 4
33575 4
33576 4
33577 0
33578 7
33579 3
33580 5
33581 5
33582 1
33583 1
33584 2
33585 1
33586 3
33587 3
33588 2
33589 4
33590 6
33591 2
33592 4
33593 3
33594 4
33595 3
33596 5
33597 5
33598 3
33599 1
33600 5
33601 0
33602 2
33603 5
33604 2
33605 1
33606 4
33607 3
33608 2
33609 1
33610 5
33611 5
33612 4
33613 3
33614 3
33615 5
33616 4
33617 0
33618 5
33619 1
33620 2
33621 4
33622 1
33623 3
33624 1
33625 5
33626 1
33627 0
33628 5
33629 2
33630 3
33631 4
33632 3
33633 5
33634 4
33635 4
33636 4
33637 0
33638 5
33639 1
33640 3
33641 1
33642 1
33643 3
33644 3
33645 4
33646 3
33647 1
33648 1
33649 2
33650 0
33651 6
33652 4
33653 6
33654 2
33655 3
33656 4
33657 4
33658 1
33659 5
33660 0
33661 2
33662 2
33663 6
33664 2
33665 5
33666 0
33667 2
33668 3
33669 4
33670 3
33671 3
33672 6
33673 5
33674 0
33675 5
33676 3
33677 2
33678 2
33679 0
33680 5
33681 1
33682 1
33683 2
33684 1
33685 5
33686 2
33687 3
33688 0
33689 5
33690 3
33691 4
33692 1
33693 0
33694 0
33695 3
33696 2
33697 5
33698 2
33699 1
33700 1
33701 3
33702 6
33703 5
33704 1
33705 1
33706 4
33707 3
33708 3
33709 1
33710 1
33711 4
33712 1
33713 5
33714 3
33715 2
33716 3
33717 2
33718 5
33719 5
33720 2
33721 2
33722 5
33723 4
33724 5
33725 2
33726 5
33727 0
33728 4
33729 1
33730 6
33731 4
33732 3
33733 2
33734 6
33735 3
33736 1
33737 2
33738 3
33739 2
33740 3
33741 1
33742 2
33743 5
33744 4
33745 4
33746 1
33747 2
33748 5
33749 2
33750 1
33751 1
33752 3
33753 5
33754 4
33755 0
33756 0
33757 4
33758 4
33759 3
33760 2
33761 0
33762 5
33763 2
33764 2
33765 5
33766 7
33767 4
33768 4
33769 5
33770 3
33771 2
33772 4
33773 6
33774 4
33775 3
33776 4
33777 1
33778 6
33779 3
33780 1
33781 5
33782 1
33783 5
33784 3
33785 2
33786 1
33787 3
33788 4
33789 4
33790 4
33791 2
33792 2
33793 3
33794 4
33795 7
33796 2
33797 2
33798 0
33799 0
33800 4
33801 3
33802 3
33803 3
33804 5
33805 3
33806 6
33807 5
33808 2
33809 0
33810 1
33811 3
33812 4
33813 1
33814 6
33815 4
33816 5
33817 4
33818 4
33819 6
33820 5
33821 5
33822 4
33823 5
33824 4
33825 6
33826 4
33827 4
33828 1
33829 4
33830 4
33831 5
33832 0
33833 0
33834 4
33835 5
33836 4
33837 0
33838 1
33839 1
33840 5
33841 2
33842 2
33843 6
33844 4
33845 0
33846 1
33847 4
33848 3
33849 4
33850 4
33851 3
33852 5
33853 4
33854 1
33855 0
33856 4
33857 3
33858 0
33859 2
33860 1
33861 3
33862 5
33863 3
33864 4
33865 3
33866 3
33867 1
33868 4
33869 4
33870 0
33871 4
33872 4
33873 3
33874 4
33875 5
33876 2
33877 4
33878 1
33879 0
33880 4
33881 4
33882 3
33883 4
33884 4
33885 6
33886 0
33887 6
33888 3
33889 0
33890 6
33891 5
33892 2
33893 4
33894 3
33895 5
33896 1
33897 4
33898 4
33899 0
33900 4
33901 2
33902 3
33903 4
33904 3
33905 6
33906 4
33907 4
33908 4
33909 4
33910 1
33911 2
33912 1
33913 2
33914 0
33915 3
33916 2
33917 7
33918 4
33919 2
33920 3
33921 5
33922 5
33923 5
33924 3
33925 5
33926 2
33927 4
33928 4
33929 1
33930 3
33931 1
33932 4
33933 5
33934 4
33935 5
33936 4
33937 0
33938 1
33939 3
33940 2
33941 0
33942 5
33943 4
33944 3
33945 3
33946 1
33947 5
33948 3
33949 4
33950 1
33951 1
33952 1
33953 6
33954 4
33955 2
33956 4
33957 1
33958 5
33959 5
33960 6
33961 4
33962 0
33963 5
33964 3
33965 3
33966 0
33967 7
33968 3
33969 6
33970 6
33971 3
33972 1
33973 2
33974 7
33975 5
33976 3
33977 6
33978 0
33979 4
33980 3
33981 0
33982 5
33983 1
33984 5
33985 0
33986 2
33987 1
33988 5
33989 3
33990 3
33991 4
33992 2
33993 4
33994 3
33995 4
33996 2
33997 2
33998 3
33999 5
34000 5
34001 6
34002 1
34003 3
34004 6
34005 4
34006 3
34007 7
34008 0
34009 3
34010 3
34011 1
34012 3
34013 4
34014 3
34015 0
34016 4
34017 0
34018 7
34019 4
34020 5
34021 2
34022 0
34023 6
34024 4
34025 1
34026 3
34027 0
34028 2
34029 5
34030 3
34031 0
34032 2
34033 0
34034 5
34035 3
34036 6
34037 2
34038 4
34039 4
34040 2
34041 4
34042 5
34043 3
34044 3
34045 5
34046 3
34047 3
34048 3
34049 4
34050 5
34051 6
34052 4
34053 5
34054 2
34055 3
34056 1
34057 3
34058 4
34059 3
34060 1
34061 0
34062 1
34063 6
34064 0
34065 3
34066 1
34067 5
34068 6
34069 2
34070 3
34071 5
34072 6
34073 3
34074 2
34075 4
34076 2
34077 3
34078 3
34079 0
34080 5
34081 6
34082 0
34083 5
34084 3
34085 1
34086 6
34087 5
34088 4
34089 0
34090 5
34091 6
34092 3
34093 5
34094 6
34095 0
34096 4
34097 3
34098 7
34099 1
34100 6
34101 4
34102 3
34103 3
34104 3
34105 6
34106 3
34107 0
34108 2
34109 1
34110 6
34111 2
34112 3
34113 6
34114 4
34115 3
34116 0
34117 5
34118 3
34119 2
34120 2
34121 7
34122 0
34123 4
34124 6
34125 3
34126 4
34127 3
34128 5
34129 4
34130 5
34131 1
34132 3
34133 5
34134 4
34135 5
34136 2
34137 4
34138 4
34139 6
34140 3
34141 1
34142 5
34143 4
34144 6
34145 0
34146 1
34147 1
34148 2
34149 5
34150 4
34151 2
34152 2
34153 4
34154 5
34155 3
34156 0
34157 3
34158 0
34159 4
34160 4
34161 4
34162 1
34163 1
34164 5
34165 5
34166 4
34167 2
34168 5
34169 5
34170 5
34171 3
34172 2
34173 5
34174 4
34175 5
34176 5
34177 4
34178 5
34179 0
34180 5
34181 5
34182 0
34183 5
34184 0
34185 0
34186 0
34187 6
34188 6
34189 3
34190 1
34191 5
34192 2
34193 2
34194 5
34195 2
34196 2
34197 2
34198 4
34199 5
34200 3
34201 2
34202 5
34203 6
34204 5
34205 3
34206 5
34207 2
34208 4
34209 3
34210 5
34211 5
34212 1
34213 3
34214 1
34215 1
34216 2
34217 1
34218 1
34219 0
34220 1
34221 4
34222 3
34223 0
34224 6
34225 5
34226 1
34227 5
34228 1
34229 1
34230 1
34231 6
34232 5
34233 0
34234 5
34235 2
34236 4
34237 3
34238 6
34239 6
34240 5
34241 3
34242 4
34243 6
34244 5
34245 2
34246 0
34247 3
34248 6
34249 2
34250 6
34251 4
34252 2
34253 2
34254 1
34255 1
34256 5
34257 3
34258 0
34259 1
34260 2
34261 4
34262 5
34263 2
34264 0
34265 4
34266 1
34267 6
34268 3
34269 0
34270 5
34271 5
34272 5
34273 3
34274 5
34275 1
34276 3
34277 0
34278 3
34279 2
34280 2
34281 5
34282 3
34283 4
34284 6
34285 4
34286 1
34287 4
34288 5
34289 4
34290 6
34291 1
34292 3
34293 3
34294 4
34295 2
34296 4
34297 5
34298 1
34299 0
34300 4
34301 2
34302 3
34303 6
34304 6
34305 5
34306 4
34307 2
34308 4
34309 5
34310 1
34311 5
34312 4
34313 3
34314 5
34315 4
34316 4
34317 6
34318 5
34319 0
34320 0
34321 2
34322 3
34323 3
34324 5
34325 1
34326 4
34327 6
34328 3
34329 3
34330 6
34331 2
34332 0
34333 6
34334 4
34335 6
34336 4
34337 5
34338 2
34339 4
34340 2
34341 3
34342 0
34343 3
34344 3
34345 6
34346 0
34347 2
34348 5
34349 6
34350 4
34351 3
34352 7
34353 4
34354 1
34355 6
34356 1
34357 1
34358 6
34359 4
34360 4
34361 2
34362 4
34363 6
34364 4
34365 0
34366 4
34367 3
34368 3
34369 4
34370 0
34371 2
34372 4
34373 7
34374 4
34375 4
34376 2
34377 3
34378 4
34379 4
34380 3
34381 3
34382 3
34383 0
34384 0
34385 7
34386 4
34387 3
34388 1
34389 6
34390 4
34391 5
34392 5
34393 4
34394 4
34395 6
34396 3
34397 4
34398 5
34399 6
34400 0
34401 1
34402 2
34403 5
34404 4
34405 4
34406 5
34407 4
34408 2
34409 4
34410 4
34411 2
34412 2
34413 1
34414 0
34415 6
34416 1
34417 3
34418 0
34419 3
34420 6
34421 3
34422 5
34423 1
34424 1
34425 1
34426 1
34427 5
34428 6
34429 3
34430 5
34431 5
34432 4
34433 2
34434 2
34435 0
34436 4
34437 5
34438 6
34439 4
34440 3
34441 6
34442 5
34443 3
34444 4
34445 5
34446 4
34447 1
34448 5
34449 3
34450 6
34451 3
34452 4
34453 2
34454 4
34455 1
34456 1
34457 4
34458 4
34459 6
34460 3
34461 0
34462 5
34463 6
34464 1
34465 3
34466 6
34467 4
34468 2
34469 2
34470 1
34471 3
34472 5
34473 4
34474 2
34475 4
34476 4
34477 1
34478 4
34479 2
34480 5
34481 2
34482 5
34483 1
34484 5
34485 1
34486 2
34487 1
34488 2
34489 4
34490 2
34491 3
34492 6
34493 6
34494 4
34495 4
34496 2
34497 5
34498 6
34499 3
34500 1
34501 5
34502 5
34503 3
34504 3
34505 1
34506 7
34507 3
34508 4
34509 5
34510 3
34511 3
34512 0
34513 1
34514 2
34515 1
34516 1
34517 3
34518 4
34519 4
34520 3
34521 2
34522 4
34523 6
34524 5
34525 1
34526 3
34527 3
34528 3
34529 5
34530 4
34531 6
34532 5
34533 5
34534 4
34535 1
34536 4
34537 3
34538 5
34539 5
34540 3
34541 0
34542 2
34543 4
34544 2
34545 5
34546 0
34547 6
34548 1
34549 2
34550 3
34551 4
34552 2
34553 5
34554 6
34555 5
34556 5
34557 2
34558 3
34559 3
34560 6
34561 5
34562 5
34563 4
34564 4
34565 4
34566 4
34567 1
34568 5
34569 6
34570 3
34571 1
34572 5
34573 1
34574 0
34575 1
34576 1
34577 1
34578 5
34579 5
34580 5
34581 5
34582 2
34583 5
34584 0
34585 5
34586 5
34587 4
34588 0
34589 5
34590 2
34591 3
34592 3
34593 6
34594 4
34595 0
34596 6
34597 4
34598 5
34599 3
34600 1
34601 4
34602 4
34603 5
34604 2
34605 3
34606 0
34607 1
34608 5
34609 1
34610 6
34611 5
34612 7
34613 5
34614 2
34615 4
34616 2
34617 0
34618 5
34619 1
34620 4
34621 1
34622 5
34623 0
34624 5
34625 5
34626 3
34627 5
34628 2
34629 6
34630 4
34631 3
34632 0
34633 2
34634 1
34635 5
34636 6
34637 6
34638 3
34639 3
34640 1
34641 3
34642 5
34643 4
34644 2
34645 5
34646 6
34647 1
34648 1
34649 2
34650 2
34651 3
34652 4
34653 2
34654 4
34655 5
34656 3
34657 1
34658 1
34659 4
34660 1
34661 1
34662 6
34663 3
34664 3
34665 3
34666 3
34667 5
34668 0
34669 2
34670 4
34671 2
34672 6
34673 7
34674 4
34675 1
34676 6
34677 2
34678 4
34679 2
34680 1
34681 7
34682 3
34683 5
34684 3
34685 3
34686 3
34687 0
34688 2
34689 5
34690 2
34691 2
34692 5
34693 2
34694 4
34695 3
34696 0
34697 5
34698 2
34699 2
34700 5
34701 5
34702 6
34703 6
34704 6
34705 1
34706 5
34707 4
34708 0
34709 6
34710 1
34711 4
34712 2
34713 4
34714 4
34715 5
34716 4
34717 6
34718 2
34719 2
34720 5
34721 2
34722 5
34723 4
34724 5
34725 5
34726 5
34727 5
34728 3
34729 5
34730 5
34731 1
34732 1
34733 3
34734 4
34735 4
34736 5
34737 6
34738 2
34739 4
34740 0
34741 2
34742 4
34743 2
34744 2
34745 4
34746 5
34747 2
34748 3
34749 2
34750 5
34751 2
34752 1
34753 3
34754 6
34755 2
34756 4
34757 5
34758 4
34759 4
34760 1
34761 4
34762 2
34763 6
34764 5
34765 0
34766 5
34767 1
34768 4
34769 4
34770 1
34771 2
34772 6
34773 5
34774 5
34775 6
34776 1
34777 5
34778 4
34779 4
34780 1
34781 4
34782 2
34783 0
34784 5
34785 4
34786 4
34787 3
34788 2
34789 6
34790 1
34791 3
34792 2
34793 3
34794 5
34795 3
34796 2
34797 6
34798 5
34799 0
34800 3
34801 4
34802 3
34803 0
34804 2
34805 6
34806 1
34807 4
34808 2
34809 2
34810 3
34811 5
34812 4
34813 3
34814 5
34815 6
34816 3
34817 5
34818 0
34819 6
34820 5
34821 2
34822 6
34823 5
34824 1
34825 1
34826 3
34827 4
34828 2
34829 1
34830 4
34831 5
34832 1
34833 6
34834 4
34835 6
34836 2
34837 4
34838 6
34839 0
34840 2
34841 2
34842 3
34843 3
34844 5
34845 0
34846 4
34847 1
34848 2
34849 0
34850 3
34851 4
34852 3
34853 2
34854 5
34855 3
34856 6
34857 5
34858 1
34859 4
34860 5
34861 2
34862 6
34863 2
34864 3
34865 2
34866 1
34867 2
34868 3
34869 3
34870 1
34871 3
34872 2
34873 0
34874 5
34875 1
34876 5
34877 4
34878 2
34879 4
34880 4
34881 0
34882 5
34883 3
34884 2
34885 6
34886 0
34887 2
34888 6
34889 0
34890 4
34891 5
34892 6
34893 3
34894 5
34895 5
34896 5
34897 1
34898 5
34899 3
34900 4
34901 4
34902 5
34903 6
34904 5
34905 3
34906 1
34907 2
34908 2
34909 1
34910 4
34911 5
34912 6
34913 0
34914 1
34915 0
34916 2
34917 3
34918 3
34919 4
34920 5
34921 5
34922 5
34923 4
34924 4
34925 0
34926 3
34927 0
34928 2
34929 4
34930 4
34931 2
34932 4
34933 5
34934 4
34935 3
34936 6
34937 4
34938 0
34939 3
34940 1
34941 1
34942 3
34943 5
34944 3
34945 4
34946 4
34947 5
34948 1
34949 2
34950 6
34951 1
34952 1
34953 1
34954 3
34955 4
34956 0
34957 4
34958 3
34959 0
34960 2
34961 2
34962 6
34963 5
34964 6
34965 6
34966 1
34967 2
34968 5
34969 1
34970 1
34971 3
34972 1
34973 7
34974 3
34975 1
34976 2
34977 5
34978 3
34979 4
34980 4
34981 4
34982 5
34983 5
34984 4
34985 4
34986 1
34987 5
34988 5
34989 6
34990 4
34991 1
34992 3
34993 3
34994 0
34995 4
34996 1
34997 2
34998 1
34999 5
35000 5
35001 2
35002 2
35003 3
35004 5
35005 6
35006 1
35007 6
35008 2
35009 0
35010 5
35011 2
35012 0
35013 7
35014 4
35015 1
35016 4
35017 5
35018 3
35019 4
35020 3
35021 5
35022 1
35023 4
35024 3
35025 2
35026 3
35027 3
35028 3
35029 5
35030 5
35031 2
35032 4
35033 4
35034 3
35035 5
35036 6
35037 3
35038 3
35039 3
35040 5
35041 1
35042 3
35043 4
35044 0
35045 4
35046 5
35047 4
35048 3
35049 0
35050 3
35051 3
35052 1
35053 2
35054 6
35055 5
35056 1
35057 2
35058 5
35059 1
35060 3
35061 6
35062 6
35063 1
35064 3
35065 0
35066 4
35067 0
35068 3
35069 4
35070 0
35071 3
35072 4
35073 1
35074 3
35075 5
35076 6
35077 4
35078 2
35079 5
35080 4
35081 6
35082 3
35083 5
35084 4
35085 4
35086 2
35087 3
35088 2
35089 3
35090 6
35091 1
35092 3
35093 6
35094 5
35095 5
35096 3
35097 6
35098 4
35099 0
35100 5
35101 4
35102 3
35103 3
35104 4
35105 2
35106 2
35107 1
35108 5
35109 2
35110 5
35111 4
35112 6
35113 3
35114 1
35115 3
35116 2
35117 2
35118 6
35119 5
35120 0
35121 2
35122 3
35123 2
35124 2
35125 4
35126 4
35127 0
35128 5
35129 1
35130 2
35131 5
35132 5
35133 5
35134 0
35135 4
35136 3
35137 1
35138 4
35139 2
35140 6
35141 4
35142 4
35143 3
35144 3
35145 3
35146 0
35147 2
35148 5
35149 4
35150 2
35151 0
35152 2
35153 6
35154 6
35155 2
35156 5
35157 0
35158 2
35159 2
35160 3
35161 6
35162 2
35163 4
35164 5
35165 4
35166 4
35167 3
35168 0
35169 1
35170 5
35171 6
35172 3
35173 1
35174 2
35175 3
35176 5
35177 4
35178 1
35179 3
35180 0
35181 5
35182 4
35183 6
35184 5
35185 5
35186 0
35187 0
35188 3
35189 5
35190 1
35191 3
35192 5
35193 0
35194 1
35195 1
35196 5
35197 3
35198 1
35199 5
35200 5
35201 1
35202 5
35203 4
35204 1
35205 2
35206 3
35207 4
35208 5
35209 2
35210 6
35211 5
35212 2
35213 5
35214 2
35215 3
35216 4
35217 4
35218 5
35219 5
35220 6
35221 5
35222 1
35223 4
35224 5
35225 5
35226 6
35227 3
35228 7
35229 4
35230 5
35231 5
35232 5
35233 1
35234 6
35235 3
35236 1
35237 2
35238 5
35239 2
35240 4
35241 2
35242 6
35243 5
35244 4
35245 4
35246 5
35247 5
35248 4
35249 3
35250 4
35251 3
35252 5
35253 5
35254 0
35255 4
35256 2
35257 3
35258 4
35259 2
35260 3
35261 0
35262 0
35263 1
35264 3
35265 2
35266 3
35267 4
35268 5
35269 3
35270 6
35271 6
35272 2
35273 6
35274 4
35275 2
35276 5
35277 6
35278 3
35279 4
35280 5
35281 2
35282 0
35283 3
35284 6
35285 1
35286 6
35287 5
35288 5
35289 5
35290 2
35291 4
35292 7
35293 4
35294 5
35295 4
35296 2
35297 6
35298 4
35299 1
35300 2
35301 4
35302 2
35303 4
35304 4
35305 2
35306 3
35307 4
35308 6
35309 5
35310 3
35311 6
35312 5
35313 3
35314 6
35315 4
35316 5
35317 6
35318 0
35319 3
35320 4
35321 1
35322 4
35323 4
35324 5
35325 5
35326 2
35327 4
35328 6
35329 5
35330 4
35331 2
35332 4
35333 4
35334 1
35335 2
35336 3
35337 5
35338 0
35339 0
35340 6
35341 2
35342 1
35343 0
35344 4
35345 3
35346 2
35347 2
35348 2
35349 5
35350 5
35351 0
35352 4
35353 0
35354 1
35355 4
35356 5
35357 1
35358 0
35359 4
35360 1
35361 3
35362 0
35363 5
35364 6
35365 2
35366 2
35367 3
35368 3
35369 3
35370 3
35371 6
35372 4
35373 4
35374 1
35375 4
35376 3
35377 2
35378 5
35379 0
35380 4
35381 4
35382 3
35383 4
35384 4
35385 2
35386 0
35387 2
35388 3
35389 4
35390 6
35391 3
35392 3
35393 2
35394 4
35395 1
35396 5
35397 2
35398 7
35399 3
35400 2
35401 1
35402 4
35403 1
35404 6
35405 1
35406 4
35407 4
35408 0
35409 2
35410 4
35411 0
35412 4
35413 6
35414 3
35415 3
35416 6
35417 1
35418 2
35419 4
35420 2
35421 3
35422 5
35423 6
35424 4
35425 0
35426 1
35427 4
35428 6
35429 4
35430 2
35431 2
35432 0
35433 0
35434 1
35435 5
35436 4
35437 1
35438 6
35439 2
35440 5
35441 3
35442 1
35443 3
35444 6
35445 5
35446 1
35447 7
35448 4
35449 1
35450 3
35451 0
35452 4
35453 5
35454 3
35455 3
35456 3
35457 4
35458 6
35459 1
35460 5
35461 5
35462 3
35463 0
35464 5
35465 3
35466 3
35467 5
35468 1
35469 0
35470 2
35471 6
35472 0
35473 2
35474 0
35475 6
35476 5
35477 3
35478 4
35479 4
35480 6
35481 5
35482 4
35483 5
35484 6
35485 3
35486 3
35487 6
35488 4
35489 5
35490 4
35491 0
35492 5
35493 1
35494 6
35495 1
35496 5
35497 5
35498 1
35499 3
35500 6
35501 4
35502 3
35503 3
35504 2
35505 4
35506 0
35507 2
35508 5
35509 7
35510 2
35511 1
35512 1
35513 5
35514 4
35515 5
35516 2
35517 6
35518 0
35519 4
35520 5
35521 0
35522 5
35523 5
35524 4
35525 6
35526 7
35527 2
35528 0
35529 2
35530 5
35531 0
35532 4
35533 4
35534 3
35535 4
35536 4
35537 1
35538 1
35539 3
35540 5
35541 4
35542 1
35543 3
35544 1
35545 6
35546 6
35547 2
35548 3
35549 4
35550 4
35551 3
35552 4
35553 1
35554 5
35555 3
35556 1
35557 6
35558 5
35559 4
35560 3
35561 5
35562 6
35563 5
35564 2
35565 3
35566 5
35567 2
35568 4
35569 2
35570 2
35571 7
35572 0
35573 4
35574 4
35575 5
35576 2
35577 4
35578 6
35579 0
35580 1
35581 4
35582 4
35583 4
35584 4
35585 6
35586 5
35587 3
35588 4
35589 5
35590 2
35591 2
35592 3
35593 1
35594 5
35595 5
35596 1
35597 6
35598 7
35599 5
35600 1
35601 1
35602 6
35603 3
35604 2
35605 5
35606 4
35607 4
35608 5
35609 6
35610 5
35611 1
35612 5
35613 0
35614 5
35615 3
35616 4
35617 5
35618 3
35619 4
35620 2
35621 2
35622 1
35623 0
35624 4
35625 3
35626 3
35627 4
35628 4
35629 5
35630 6
35631 4
35632 5
35633 2
35634 1
35635 3
35636 2
35637 3
35638 5
35639 5
35640 1
35641 1
35642 1
35643 5
35644 1
35645 2
35646 1
35647 2
35648 7
35649 5
35650 6
35651 4
35652 3
35653 6
35654 6
35655 2
35656 5
35657 6
35658 3
35659 2
35660 1
35661 1
35662 3
35663 2
35664 3
35665 2
35666 4
35667 5
35668 6
35669 5
35670 1
35671 3
35672 4
35673 2
35674 1
35675 5
35676 6
35677 5
35678 0
35679 1
35680 4
35681 2
35682 3
35683 6
35684 5
35685 6
35686 2
35687 2
35688 5
35689 3
35690 6
35691 0
35692 2
35693 0
35694 4
35695 1
35696 4
35697 6
35698 2
35699 1
35700 1
35701 4
35702 4
35703 5
35704 3
35705 4
35706 3
35707 4
35708 2
35709 2
35710 2
35711 6
35712 0
35713 6
35714 3
35715 4
35716 0
35717 4
35718 5
35719 2
35720 4
35721 5
35722 2
35723 0
35724 1
35725 4
35726 0
35727 4
35728 6
35729 2
35730 2
35731 1
35732 6
35733 6
35734 5
35735 3
35736 3
35737 3
35738 6
35739 3
35740 6
35741 3
35742 2
35743 5
35744 2
35745 6
35746 6
35747 2
35748 3
35749 0
35750 6
35751 5
35752 2
35753 1
35754 3
35755 3
35756 3
35757 1
35758 6
35759 3
35760 5
35761 5
35762 2
35763 5
35764 3
35765 5
35766 4
35767 5
35768 0
35769 3
35770 3
35771 4
35772 3
35773 3
35774 5
35775 0
35776 4
35777 5
35778 5
35779 2
35780 1
35781 6
35782 4
35783 0
35784 5
35785 4
35786 6
35787 5
35788 2
35789 2
35790 4
35791 1
35792 3
35793 2
35794 2
35795 5
35796 5
35797 2
35798 3
35799 2
35800 2
35801 4
35802 5
35803 6
35804 5
35805 3
35806 5
35807 6
35808 1
35809 4
35810 3
35811 4
35812 4
35813 2
35814 1
35815 4
35816 4
35817 3
35818 4
35819 6
35820 4
35821 0
35822 4
35823 1
35824 3
35825 3
35826 4
35827 0
35828 2
35829 1
35830 3
35831 4
35832 6
35833 0
35834 2
35835 0
35836 5
35837 1
35838 3
35839 3
35840 2
35841 2
35842 2
35843 3
35844 5
35845 4
35846 4
35847 3
35848 1
35849 4
35850 3
35851 0
35852 4
35853 3
35854 1
35855 4
35856 4
35857 5
35858 6
35859 4
35860 3
35861 5
35862 5
35863 3
35864 5
35865 1
35866 3
35867 5
35868 4
35869 5
35870 6
35871 4
35872 4
35873 0
35874 5
35875 0
35876 2
35877 1
35878 3
35879 1
35880 4
35881 0
35882 0
35883 5
35884 1
35885 3
35886 5
35887 2
35888 2
35889 5
35890 3
35891 1
35892 3
35893 0
35894 4
35895 1
35896 3
35897 2
35898 2
35899 2
35900 0
35901 0
35902 1
35903 2
35904 4
35905 0
35906 4
35907 2
35908 2
35909 2
35910 1
35911 4
35912 5
35913 4
35914 0
35915 5
35916 1
35917 3
35918 5
35919 5
35920 0
35921 3
35922 6
35923 5
35924 2
35925 1
35926 5
35927 5
35928 3
35929 3
35930 1
35931 3
35932 3
35933 4
35934 1
35935 1
35936 2
35937 3
35938 1
35939 4
35940 1
35941 3
35942 5
35943 3
35944 0
35945 5
35946 6
35947 5
35948 0
35949 3
35950 2
35951 4
35952 3
35953 4
35954 1
35955 4
35956 1
35957 4
35958 6
35959 4
35960 1
35961 4
35962 3
35963 3
35964 6
35965 4
35966 6
35967 4
35968 3
35969 5
35970 6
35971 6
35972 2
35973 5
35974 3
35975 4
35976 3
35977 0
35978 2
35979 2
35980 1
35981 5
35982 3
35983 4
35984 7
35985 5
35986 3
35987 6
35988 1
35989 3
35990 1
35991 1
35992 5
35993 6
35994 0
35995 0
35996 5
35997 5
35998 2
35999 2
36000 5
36001 3
36002 4
36003 6
36004 4
36005 2
36006 4
36007 1
36008 7
36009 3
36010 6
36011 3
36012 1
36013 3
36014 2
36015 5
36016 0
36017 2
36018 1
36019 1
36020 4
36021 5
36022 2
36023 6
36024 4
36025 5
36026 2
36027 3
36028 7
36029 5
36030 1
36031 5
36032 5
36033 2
36034 5
36035 0
36036 1
36037 4
36038 7
36039 4
36040 5
36041 5
36042 5
36043 7
36044 3
36045 5
36046 1
36047 4
36048 1
36049 3
36050 5
36051 5
36052 5
36053 2
36054 3
36055 5
36056 4
36057 0
36058 5
36059 5
36060 1
36061 2
36062 6
36063 0
36064 2
36065 6
36066 3
36067 3
36068 1
36069 1
36070 3
36071 2
36072 0
36073 1
36074 3
36075 2
36076 1
36077 2
36078 6
36079 2
36080 5
36081 1
36082 1
36083 2
36084 2
36085 0
36086 5
36087 2
36088 4
36089 4
36090 6
36091 5
36092 0
36093 0
36094 4
36095 5
36096 2
36097 2
36098 3
36099 4
36100 6
36101 0
36102 1
36103 5
36104 6
36105 3
36106 6
36107 4
36108 3
36109 4
36110 4
36111 0
36112 1
36113 1
36114 1
36115 4
36116 4
36117 4
36118 5
36119 2
36120 4
36121 5
36122 6
36123 2
36124 6
36125 3
36126 5
36127 4
36128 1
36129 3
36130 6
36131 3
36132 5
36133 5
36134 3
36135 5
36136 1
36137 1
36138 3
36139 0
36140 5
36141 4
36142 0
36143 2
36144 6
36145 1
36146 1
36147 5
36148 3
36149 5
36150 5
36151 1
36152 0
36153 2
36154 6
36155 3
36156 6
36157 5
36158 3
36159 3
36160 2
36161 2
36162 1
36163 5
36164 3
36165 2
36166 3
36167 5
36168 5
36169 3
36170 3
36171 0
36172 7
36173 1
36174 4
36175 4
36176 3
36177 4
36178 0
36179 2
36180 0
36181 2
36182 5
36183 4
36184 2
36185 1
36186 3
36187 0
36188 4
36189 0
36190 1
36191 1
36192 0
36193 2
36194 6
36195 1
36196 5
36197 1
36198 1
36199 6
36200 4
36201 1
36202 1
36203 4
36204 4
36205 5
36206 3
36207 4
36208 3
36209 1
36210 2
36211 3
36212 3
36213 3
36214 6
36215 2
36216 4
36217 4
36218 2
36219 5
36220 4
36221 2
36222 2
36223 6
36224 5
36225 5
36226 5
36227 5
36228 6
36229 3
36230 1
36231 3
36232 4
36233 1
36234 5
36235 0
36236 4
36237 0
36238 7
36239 2
36240 4
36241 6
36242 2
36243 5
36244 2
36245 6
36246 4
36247 0
36248 7
36249 3
36250 2
36251 3
36252 5
36253 2
36254 0
36255 5
36256 1
36257 5
36258 4
36259 0
36260 3
36261 4
36262 1
36263 6
36264 4
36265 3
36266 5
36267 5
36268 1
36269 6
36270 3
36271 6
36272 3
36273 6
36274 4
36275 5
36276 1
36277 0
36278 0
36279 3
36280 1
36281 0
36282 5
36283 2
36284 7
36285 2
36286 2
36287 1
36288 0
36289 2
36290 4
36291 1
36292 3
36293 6
36294 0
36295 1
36296 7
36297 1
36298 2
36299 1
36300 3
36301 3
36302 5
36303 4
36304 5
36305 3
36306 1
36307 6
36308 3
36309 1
36310 0
36311 1
36312 4
36313 0
36314 3
36315 4
36316 5
36317 5
36318 3
36319 4
36320 6
36321 3
36322 2
36323 2
36324 4
36325 0
36326 4
36327 1
36328 0
36329 0
36330 1
36331 5
36332 1
36333 1
36334 3
36335 6
36336 1
36337 2
36338 5
36339 6
36340 4
36341 0
36342 1
36343 4
36344 3
36345 2
36346 5
36347 0
36348 3
36349 1
36350 2
36351 6
36352 0
36353 4
36354 6
36355 3
36356 6
36357 7
36358 6
36359 1
36360 5
36361 6
36362 0
36363 0
36364 4
36365 3
36366 5
36367 0
36368 1
36369 5
36370 5
36371 2
36372 3
36373 2
36374 3
36375 2
36376 0
36377 4
36378 1
36379 4
36380 5
36381 4
36382 2
36383 6
36384 5
36385 5
36386 5
36387 3
36388 6
36389 3
36390 1
36391 7
36392 4
36393 1
36394 3
36395 7
36396 5
36397 5
36398 6
36399 3
36400 5
36401 3
36402 6
36403 4
36404 2
36405 5
36406 4
36407 1
36408 4
36409 3
36410 3
36411 3
36412 4
36413 5
36414 3
36415 6
36416 1
36417 1
36418 0
36419 7
36420 1
36421 6
36422 6
36423 2
36424 5
36425 2
36426 1
36427 0
36428 1
36429 2
36430 4
36431 5
36432 3
36433 0
36434 3
36435 3
36436 3
36437 7
36438 3
36439 5
36440 1
36441 0
36442 2
36443 0
36444 3
36445 1
36446 6
36447 2
36448 6
36449 4
36450 2
36451 4
36452 5
36453 6
36454 0
36455 3
36456 7
36457 6
36458 7
36459 6
36460 0
36461 4
36462 4
36463 6
36464 4
36465 1
36466 6
36467 6
36468 6
36469 4
36470 5
36471 6
36472 6
36473 2
36474 3
36475 4
36476 1
36477 5
36478 0
36479 5
36480 2
36481 5
36482 2
36483 1
36484 3
36485 0
36486 4
36487 3
36488 5
36489 5
36490 3
36491 3
36492 4
36493 3
36494 5
36495 5
36496 5
36497 1
36498 2
36499 3
36500 3
36501 4
36502 5
36503 5
36504 6
36505 1
36506 3
36507 3
36508 5
36509 0
36510 3
36511 1
36512 1
36513 3
36514 0
36515 1
36516 6
36517 3
36518 0
36519 4
36520 1
36521 6
36522 4
36523 1
36524 2
36525 1
36526 5
36527 5
36528 2
36529 2
36530 6
36531 4
36532 4
36533 3
36534 2
36535 2
36536 5
36537 3
36538 0
36539 5
36540 6
36541 4
36542 4
36543 2
36544 5
36545 2
36546 4
36547 4
36548 5
36549 6
36550 2
36551 7
36552 2
36553 2
36554 1
36555 6
36556 4
36557 2
36558 2
36559 5
36560 1
36561 2
36562 3
36563 0
36564 6
36565 4
36566 6
36567 1
36568 5
36569 0
36570 5
36571 4
36572 4
36573 4
36574 1
36575 4
36576 5
36577 3
36578 5
36579 5
36580 4
36581 0
36582 1
36583 0
36584 5
36585 2
36586 4
36587 0
36588 3
36589 3
36590 6
36591 4
36592 5
36593 3
36594 0
36595 1
36596 3
36597 6
36598 3
36599 5
36600 5
36601 0
36602 4
36603 7
36604 2
36605 2
36606 5
36607 3
36608 5
36609 2
36610 3
36611 3
36612 4
36613 1
36614 5
36615 0
36616 4
36617 1
36618 5
36619 5
36620 1
36621 2
36622 4
36623 5
36624 6
36625 2
36626 0
36627 5
36628 4
36629 6
36630 0
36631 5
36632 4
36633 2
36634 4
36635 5
36636 1
36637 1
36638 3
36639 0
36640 3
36641 6
36642 1
36643 5
36644 4
36645 5
36646 4
36647 5
36648 4
36649 6
36650 0
36651 4
36652 3
36653 1
36654 0
36655 3
36656 6
36657 3
36658 2
36659 0
36660 3
36661 6
36662 0
36663 6
36664 5
36665 4
36666 2
36667 2
36668 6
36669 5
36670 3
36671 6
36672 0
36673 3
36674 4
36675 0
36676 5
36677 4
36678 5
36679 5
36680 5
36681 1
36682 3
36683 4
36684 2
36685 3
36686 2
36687 2
36688 4
36689 6
36690 4
36691 3
36692 5
36693 1
36694 3
36695 1
36696 4
36697 3
36698 2
36699 7
36700 0
36701 3
36702 4
36703 4
36704 2
36705 4
36706 2
36707 2
36708 4
36709 6
36710 2
36711 4
36712 0
36713 1
36714 3
36715 0
36716 3
36717 5
36718 5
36719 7
36720 1
36721 2
36722 5
36723 3
36724 6
36725 1
36726 4
36727 5
36728 1
36729 4
36730 2
36731 6
36732 2
36733 1
36734 5
36735 4
36736 5
36737 7
36738 1
36739 7
36740 4
36741 5
36742 7
36743 6
36744 1
36745 1
36746 5
36747 3
36748 6
36749 4
36750 4
36751 2
36752 3
36753 4
36754 5
36755 1
36756 4
36757 1
36758 3
36759 5
36760 4
36761 5
36762 1
36763 1
36764 2
36765 4
36766 6
36767 5
36768 1
36769 5
36770 0
36771 1
36772 5
36773 6
36774 5
36775 5
36776 2
36777 4
36778 4
36779 1
36780 3
36781 0
36782 4
36783 1
36784 1
36785 6
36786 2
36787 2
36788 3
36789 5
36790 5
36791 4
36792 1
36793 5
36794 0
36795 5
36796 4
36797 6
36798 4
36799 2
36800 7
36801 4
36802 4
36803 3
36804 3
36805 5
36806 6
36807 6
36808 4
36809 0
36810 2
36811 4
36812 0
36813 5
36814 5
36815 6
36816 1
36817 6
36818 5
36819 2
36820 2
36821 6
36822 6
36823 0
36824 1
36825 6
36826 3
36827 0
36828 5
36829 1
36830 1
36831 0
36832 5
36833 0
36834 4
36835 5
36836 4
36837 0
36838 5
36839 5
36840 2
36841 1
36842 0
36843 5
36844 4
36845 4
36846 5
36847 6
36848 4
36849 3
36850 4
36851 3
36852 0
36853 7
36854 3
36855 5
36856 1
36857 3
36858 4
36859 4
36860 6
36861 1
36862 5
36863 4
36864 2
36865 3
36866 3
36867 2
36868 2
36869 4
36870 4
36871 5
36872 6
36873 5
36874 0
36875 1
36876 4
36877 6
36878 0
36879 2
36880 4
36881 1
36882 3
36883 4
36884 7
36885 3
36886 3
36887 2
36888 0
36889 3
36890 2
36891 4
36892 1
36893 4
36894 5
36895 1
36896 5
36897 4
36898 4
36899 2
36900 4
36901 6
36902 4
36903 4
36904 3
36905 5
36906 2
36907 4
36908 6
36909 2
36910 3
36911 3
36912 0
36913 0
36914 6
36915 4
36916 2
36917 6
36918 5
36919 7
36920 1
36921 6
36922 0
36923 3
36924 5
36925 6
36926 2
36927 3
36928 6
36929 6
36930 3
36931 1
36932 3
36933 3
36934 5
36935 4
36936 0
36937 0
36938 4
36939 4
36940 4
36941 4
36942 2
36943 6
36944 5
36945 7
36946 1
36947 2
36948 5
36949 5
36950 1
36951 4
36952 5
36953 1
36954 3
36955 5
36956 6
36957 3
36958 1
36959 6
36960 5
36961 4
36962 0
36963 5
36964 3
36965 4
36966 3
36967 2
36968 4
36969 5
36970 0
36971 2
36972 0
36973 7
36974 2
36975 5
36976 3
36977 5
36978 3
36979 3
36980 1
36981 4
36982 2
36983 4
36984 2
36985 5
36986 2
36987 5
36988 0
36989 6
36990 2
36991 0
36992 6
36993 1
36994 4
36995 2
36996 5
36997 5
36998 3
36999 6
37000 3
37001 5
37002 4
37003 3
37004 3
37005 6
37006 4
37007 1
37008 2
37009 2
37010 1
37011 3
37012 6
37013 4
37014 5
37015 5
37016 3
37017 3
37018 6
37019 4
37020 3
37021 5
37022 1
37023 2
37024 6
37025 2
37026 3
37027 6
37028 3
37029 2
37030 0
37031 3
37032 5
37033 4
37034 6
37035 3
37036 4
37037 3
37038 5
37039 3
37040 4
37041 4
37042 3
37043 1
37044 5
37045 4
37046 4
37047 6
37048 1
37049 1
37050 5
37051 5
37052 6
37053 3
37054 5
37055 5
37056 0
37057 6
37058 2
37059 4
37060 4
37061 6
37062 4
37063 6
37064 0
37065 4
37066 5
37067 2
37068 3
37069 0
37070 5
37071 6
37072 3
37073 6
37074 6
37075 5
37076 5
37077 4
37078 5
37079 2
37080 4
37081 4
37082 6
37083 5
37084 4
37085 5
37086 4
37087 1
37088 7
37089 1
37090 5
37091 6
37092 3
37093 4
37094 3
37095 5
37096 5
37097 3
37098 4
37099 5
37100 0
37101 4
37102 3
37103 1
37104 4
37105 5
37106 4
37107 0
37108 1
37109 5
37110 3
37111 2
37112 3
37113 2
37114 6
37115 6
37116 3
37117 1
37118 2
37119 0
37120 3
37121 2
37122 4
37123 7
37124 4
37125 2
37126 4
37127 5
37128 2
37129 4
37130 3
37131 2
37132 4
37133 3
37134 0
37135 4
37136 4
37137 3
37138 5
37139 6
37140 0
37141 3
37142 0
37143 0
37144 4
37145 3
37146 3
37147 2
37148 5
37149 4
37150 2
37151 4
37152 0
37153 3
37154 7
37155 4
37156 3
37157 2
37158 6
37159 4
37160 2
37161 2
37162 2
37163 5
37164 4
37165 3
37166 5
37167 0
37168 4
37169 1
37170 3
37171 6
37172 5
37173 5
37174 5
37175 5
37176 6
37177 4
37178 4
37179 4
37180 3
37181 7
37182 3
37183 0
37184 3
37185 6
37186 1
37187 5
37188 4
37189 4
37190 2
37191 5
37192 3
37193 3
37194 1
37195 5
37196 1
37197 1
37198 3
37199 3
37200 4
37201 4
37202 4
37203 5
37204 4
37205 5
37206 3
37207 5
37208 5
37209 4
37210 6
37211 0
37212 0
37213 7
37214 2
37215 2
37216 2
37217 2
37218 0
37219 5
37220 2
37221 3
37222 3
37223 3
37224 6
37225 4
37226 0
37227 3
37228 3
37229 6
37230 0
37231 7
37232 0
37233 5
37234 5
37235 5
37236 6
37237 2
37238 2
37239 3
37240 5
37241 4
37242 5
37243 2
37244 3
37245 5
37246 5
37247 3
37248 1
37249 1
37250 2
37251 3
37252 2
37253 5
37254 6
37255 1
37256 1
37257 6
37258 1
37259 5
37260 4
37261 5
37262 5
37263 4
37264 5
37265 2
37266 3
37267 5
37268 3
37269 5
37270 5
37271 2
37272 3
37273 0
37274 1
37275 3
37276 6
37277 2
37278 4
37279 6
37280 1
37281 4
37282 0
37283 6
37284 5
37285 4
37286 1
37287 6
37288 5
37289 2
37290 4
37291 3
37292 5
37293 5
37294 2
37295 6
37296 5
37297 5
37298 4
37299 4
37300 6
37301 6
37302 0
37303 4
37304 6
37305 4
37306 5
37307 4
37308 0
37309 5
37310 5
37311 4
37312 0
37313 5
37314 3
37315 0
37316 5
37317 4
37318 4
37319 0
37320 1
37321 0
37322 1
37323 4
37324 6
37325 2
37326 6
37327 4
37328 3
37329 5
37330 0
37331 4
37332 1
37333 7
37334 5
37335 0
37336 2
37337 4
37338 1
37339 2
37340 6
37341 4
37342 0
37343 4
37344 0
37345 2
37346 1
37347 4
37348 4
37349 6
37350 5
37351 0
37352 4
37353 5
37354 7
37355 0
37356 3
37357 6
37358 2
37359 3
37360 3
37361 6
37362 5
37363 5
37364 5
37365 5
37366 6
37367 5
37368 1
37369 5
37370 5
37371 3
37372 6
37373 4
37374 5
37375 4
37376 2
37377 4
37378 6
37379 1
37380 5
37381 2
37382 6
37383 3
37384 5
37385 5
37386 6
37387 3
37388 4
37389 3
37390 5
37391 3
37392 0
37393 5
37394 4
37395 6
37396 5
37397 2
37398 5
37399 2
37400 0
37401 1
37402 0
37403 6
37404 4
37405 3
37406 5
37407 0
37408 5
37409 6
37410 0
37411 5
37412 4
37413 4
37414 5
37415 3
37416 4
37417 2
37418 7
37419 0
37420 5
37421 6
37422 5
37423 1
37424 2
37425 6
37426 5
37427 6
37428 3
37429 4
37430 3
37431 0
37432 1
37433 0
37434 2
37435 0
37436 1
37437 4
37438 6
37439 6
37440 5
37441 6
37442 5
37443 2
37444 6
37445 2
37446 1
37447 2
37448 1
37449 4
37450 2
37451 5
37452 0
37453 3
37454 2
37455 2
37456 5
37457 0
37458 3
37459 3
37460 6
37461 5
37462 3
37463 2
37464 3
37465 5
37466 5
37467 1
37468 2
37469 2
37470 1
37471 0
37472 5
37473 0
37474 2
37475 4
37476 6
37477 4
37478 3
37479 0
37480 3
37481 5
37482 4
37483 4
37484 0
37485 3
37486 3
37487 5
37488 3
37489 4
37490 4
37491 7
37492 1
37493 6
37494 4
37495 3
37496 3
37497 6
37498 5
37499 2
37500 3
37501 1
37502 5
37503 3
37504 6
37505 3
37506 1
37507 7
37508 6
37509 5
37510 2
37511 4
37512 0
37513 3
37514 4
37515 4
37516 5
37517 4
37518 3
37519 6
37520 1
37521 2
37522 1
37523 1
37524 4
37525 5
37526 6
37527 6
37528 3
37529 4
37530 1
37531 5
37532 5
37533 4
37534 0
37535 3
37536 5
37537 4
37538 4
37539 3
37540 0
37541 4
37542 2
37543 0
37544 0
37545 7
37546 3
37547 3
37548 5
37549 4
37550 4
37551 4
37552 4
37553 0
37554 5
37555 5
37556 5
37557 1
37558 5
37559 4
37560 4
37561 0
37562 2
37563 6
37564 5
37565 5
37566 4
37567 5
37568 5
37569 4
37570 4
37571 5
37572 2
37573 5
37574 1
37575 3
37576 6
37577 1
37578 5
37579 7
37580 1
37581 2
37582 6
37583 3
37584 4
37585 6
37586 6
37587 5
37588 3
37589 6
37590 6
37591 3
37592 6
37593 6
37594 5
37595 5
37596 1
37597 5
37598 1
37599 1
37600 2
37601 3
37602 1
37603 4
37604 4
37605 2
37606 5
37607 4
37608 4
37609 3
37610 4
37611 1
37612 6
37613 6
37614 6
37615 1
37616 6
37617 5
37618 5
37619 0
37620 6
37621 4
37622 1
37623 0
37624 5
37625 2
37626 2
37627 4
37628 3
37629 4
37630 5
37631 4
37632 5
37633 2
37634 4
37635 4
37636 5
37637 4
37638 5
37639 1
37640 3
37641 4
37642 6
37643 2
37644 0
37645 1
37646 6
37647 2
37648 1
37649 5
37650 3
37651 0
37652 5
37653 3
37654 2
37655 6
37656 2
37657 5
37658 6
37659 3
37660 5
37661 0
37662 1
37663 3
37664 3
37665 5
37666 3
37667 4
37668 1
37669 6
37670 0
37671 5
37672 5
37673 3
37674 6
37675 4
37676 3
37677 4
37678 5
37679 3
37680 6
37681 3
37682 5
37683 6
37684 2
37685 4
37686 5
37687 2
37688 3
37689 3
37690 6
37691 5
37692 3
37693 4
37694 6
37695 3
37696 4
37697 2
37698 1
37699 6
37700 6
37701 0
37702 4
37703 3
37704 5
37705 4
37706 6
37707 0
37708 1
37709 0
37710 5
37711 3
37712 0
37713 0
37714 0
37715 1
37716 5
37717 0
37718 4
37719 0
37720 2
37721 1
37722 3
37723 2
37724 5
37725 2
37726 6
37727 4
37728 5
37729 2
37730 2
37731 5
37732 4
37733 5
37734 1
37735 5
37736 3
37737 0
37738 2
37739 1
37740 6
37741 4
37742 0
37743 6
37744 6
37745 4
37746 5
37747 6
37748 6
37749 3
37750 5
37751 6
37752 4
37753 4
37754 5
37755 6
37756 1
37757 6
37758 3
37759 5
37760 0
37761 5
37762 4
37763 6
37764 5
37765 5
37766 0
37767 6
37768 4
37769 1
37770 4
37771 3
37772 3
37773 0
37774 6
37775 3
37776 2
37777 4
37778 5
37779 4
37780 1
37781 4
37782 6
37783 3
37784 3
37785 2
37786 6
37787 4
37788 4
37789 1
37790 2
37791 4
37792 4
37793 5
37794 7
37795 4
37796 5
37797 6
37798 1
37799 5
37800 3
37801 2
37802 7
37803 3
37804 5
37805 4
37806 3
37807 3
37808 5
37809 3
37810 1
37811 3
37812 6
37813 3
37814 4
37815 5
37816 6
37817 2
37818 4
37819 4
37820 6
37821 5
37822 2
37823 5
37824 7
37825 5
37826 6
37827 3
37828 6
37829 5
37830 0
37831 0
37832 2
37833 2
37834 6
37835 4
37836 0
37837 2
37838 5
37839 3
37840 5
37841 0
37842 6
37843 2
37844 4
37845 4
37846 1
37847 5
37848 1
37849 4
37850 5
37851 5
37852 3
37853 5
37854 5
37855 6
37856 3
37857 4
37858 1
37859 1
37860 1
37861 5
37862 6
37863 5
37864 3
37865 3
37866 5
37867 3
37868 5
37869 0
37870 2
37871 4
37872 2
37873 5
37874 1
37875 3
37876 1
37877 1
37878 1
37879 6
37880 7
37881 0
37882 6
37883 4
37884 0
37885 2
37886 0
37887 2
37888 5
37889 4
37890 6
37891 7
37892 5
37893 5
37894 4
37895 2
37896 0
37897 5
37898 0
37899 2
37900 4
37901 2
37902 2
37903 5
37904 5
37905 1
37906 0
37907 2
37908 1
37909 5
37910 1
37911 5
37912 6
37913 4
37914 8
37915 4
37916 5
37917 5
37918 3
37919 6
37920 5
37921 5
37922 4
37923 4
37924 0
37925 5
37926 2
37927 5
37928 5
37929 2
37930 1
37931 5
37932 4
37933 1
37934 3
37935 2
37936 6
37937 3
37938 6
37939 7
37940 3
37941 3
37942 3
37943 6
37944 6
37945 3
37946 4
37947 6
37948 5
37949 2
37950 3
37951 5
37952 0
37953 2
37954 6
37955 4
37956 5
37957 6
37958 5
37959 2
37960 5
37961 6
37962 1
37963 1
37964 2
37965 3
37966 4
37967 5
37968 3
37969 3
37970 3
37971 4
37972 3
37973 6
37974 2
37975 5
37976 2
37977 0
37978 6
37979 1
37980 5
37981 5
37982 0
37983 0
37984 1
37985 4
37986 5
37987 5
37988 4
37989 8
37990 6
37991 2
37992 5
37993 5
37994 4
37995 3
37996 0
37997 6
37998 2
37999 6
38000 6
38001 3
38002 5
38003 5
38004 5
38005 2
38006 2
38007 3
38008 5
38009 1
38010 2
38011 5
38012 6
38013 2
38014 4
38015 6
38016 0
38017 5
38018 3
38019 3
38020 2
38021 6
38022 2
38023 4
38024 2
38025 6
38026 2
38027 4
38028 6
38029 1
38030 3
38031 5
38032 1
38033 4
38034 3
38035 2
38036 0
38037 2
38038 0
38039 4
38040 3
38041 6
38042 3
38043 1
38044 2
38045 3
38046 3
38047 5
38048 6
38049 1
38050 1
38051 4
38052 0
38053 6
38054 5
38055 6
38056 2
38057 4
38058 4
38059 5
38060 4
38061 3
38062 2
38063 2
38064 4
38065 6
38066 5
38067 5
38068 2
38069 2
38070 0
38071 3
38072 1
38073 4
38074 1
38075 3
38076 0
38077 5
38078 4
38079 5
38080 0
38081 5
38082 4
38083 1
38084 4
38085 3
38086 2
38087 2
38088 4
38089 5
38090 2
38091 0
38092 1
38093 4
38094 6
38095 2
38096 4
38097 1
38098 4
38099 1
38100 6
38101 4
38102 5
38103 4
38104 5
38105 4
38106 6
38107 0
38108 6
38109 2
38110 3
38111 6
38112 1
38113 0
38114 3
38115 3
38116 6
38117 1
38118 4
38119 2
38120 4
38121 5
38122 4
38123 2
38124 6
38125 4
38126 5
38127 1
38128 1
38129 3
38130 4
38131 4
38132 7
38133 3
38134 5
38135 2
38136 6
38137 1
38138 3
38139 6
38140 6
38141 5
38142 3
38143 5
38144 5
38145 4
38146 2
38147 5
38148 2
38149 3
38150 2
38151 4
38152 2
38153 3
38154 0
38155 2
38156 0
38157 5
38158 5
38159 6
38160 4
38161 2
38162 5
38163 1
38164 0
38165 4
38166 6
38167 2
38168 4
38169 5
38170 5
38171 5
38172 1
38173 4
38174 4
38175 3
38176 4
38177 6
38178 0
38179 4
38180 4
38181 6
38182 6
38183 1
38184 3
38185 5
38186 4
38187 5
38188 0
38189 0
38190 5
38191 5
38192 5
38193 6
38194 5
38195 2
38196 1
38197 2
38198 1
38199 4
38200 3
38201 6
38202 4
38203 5
38204 4
38205 2
38206 1
38207 6
38208 3
38209 5
38210 6
38211 3
38212 5
38213 5
38214 3
38215 4
38216 5
38217 3
38218 1
38219 6
38220 5
38221 5
38222 1
38223 5
38224 1
38225 0
38226 0
38227 1
38228 0
38229 3
38230 5
38231 1
38232 0
38233 4
38234 5
38235 5
38236 5
38237 5
38238 4
38239 0
38240 7
38241 2
38242 5
38243 0
38244 4
38245 1
38246 5
38247 4
38248 7
38249 4
38250 1
38251 5
38252 4
38253 1
38254 3
38255 2
38256 7
38257 6
38258 4
38259 3
38260 6
38261 3
38262 1
38263 6
38264 3
38265 2
38266 2
38267 1
38268 6
38269 5
38270 3
38271 3
38272 4
38273 0
38274 5
38275 2
38276 4
38277 6
38278 5
38279 4
38280 6
38281 4
38282 3
38283 1
38284 4
38285 5
38286 2
38287 5
38288 2
38289 7
38290 5
38291 6
38292 0
38293 5
38294 0
38295 4
38296 3
38297 6
38298 3
38299 2
38300 6
38301 5
38302 1
38303 2
38304 1
38305 5
38306 6
38307 4
38308 6
38309 6
38310 4
38311 4
38312 3
38313 6
38314 1
38315 5
38316 4
38317 1
38318 0
38319 4
38320 0
38321 0
38322 3
38323 1
38324 5
38325 0
38326 5
38327 1
38328 3
38329 1
38330 3
38331 5
38332 6
38333 5
38334 6
38335 6
38336 6
38337 5
38338 0
38339 3
38340 5
38341 3
38342 2
38343 6
38344 6
38345 2
38346 1
38347 6
38348 4
38349 5
38350 0
38351 4
38352 5
38353 8
38354 5
38355 2
38356 0
38357 4
38358 4
38359 4
38360 5
38361 3
38362 4
38363 3
38364 2
38365 3
38366 6
38367 1
38368 3
38369 4
38370 5
38371 4
38372 3
38373 3
38374 0
38375 0
38376 3
38377 2
38378 5
38379 4
38380 2
38381 4
38382 2
38383 2
38384 2
38385 6
38386 3
38387 3
38388 1
38389 1
38390 2
38391 5
38392 0
38393 2
38394 1
38395 2
38396 5
38397 0
38398 3
38399 5
38400 2
38401 5
38402 4
38403 0
38404 3
38405 5
38406 5
38407 0
38408 3
38409 2
38410 1
38411 6
38412 5
38413 5
38414 6
38415 4
38416 6
38417 4
38418 2
38419 6
38420 5
38421 1
38422 5
38423 4
38424 3
38425 7
38426 5
38427 5
38428 3
38429 4
38430 5
38431 2
38432 3
38433 6
38434 2
38435 4
38436 5
38437 3
38438 4
38439 0
38440 4
38441 4
38442 2
38443 6
38444 2
38445 3
38446 1
38447 6
38448 2
38449 3
38450 2
38451 3
38452 4
38453 4
38454 7
38455 6
38456 6
38457 3
38458 0
38459 0
38460 0
38461 1
38462 0
38463 3
38464 4
38465 5
38466 4
38467 5
38468 1
38469 5
38470 2
38471 6
38472 3
38473 4
38474 5
38475 1
38476 6
38477 5
38478 4
38479 6
38480 4
38481 3
38482 5
38483 3
38484 6
38485 2
38486 4
38487 4
38488 3
38489 7
38490 7
38491 4
38492 1
38493 6
38494 4
38495 5
38496 4
38497 7
38498 5
38499 0
38500 0
38501 1
38502 2
38503 0
38504 4
38505 3
38506 4
38507 4
38508 6
38509 3
38510 2
38511 3
38512 3
38513 0
38514 0
38515 6
38516 3
38517 4
38518 5
38519 6
38520 4
38521 0
38522 5
38523 4
38524 6
38525 3
38526 5
38527 1
38528 5
38529 3
38530 1
38531 5
38532 1
38533 2
38534 4
38535 5
38536 6
38537 3
38538 6
38539 2
38540 2
38541 3
38542 6
38543 5
38544 0
38545 3
38546 6
38547 6
38548 1
38549 3
38550 4
38551 0
38552 7
38553 2
38554 3
38555 4
38556 6
38557 1
38558 1
38559 0
38560 1
38561 4
38562 5
38563 3
38564 0
38565 0
38566 0
38567 3
38568 0
38569 2
38570 5
38571 2
38572 3
38573 2
38574 2
38575 6
38576 6
38577 0
38578 1
38579 5
38580 4
38581 1
38582 4
38583 6
38584 5
38585 6
38586 5
38587 0
38588 2
38589 4
38590 5
38591 5
38592 3
38593 4
38594 0
38595 1
38596 3
38597 3
38598 0
38599 6
38600 6
38601 6
38602 6
38603 1
38604 5
38605 2
38606 2
38607 5
38608 0
38609 3
38610 6
38611 1
38612 3
38613 2
38614 5
38615 2
38616 3
38617 5
38618 6
38619 4
38620 2
38621 3
38622 3
38623 2
38624 6
38625 1
38626 7
38627 5
38628 6
38629 5
38630 1
38631 0
38632 2
38633 6
38634 5
38635 3
38636 4
38637 4
38638 1
38639 6
38640 1
38641 6
38642 6
38643 4
38644 1
38645 4
38646 6
38647 2
38648 5
38649 5
38650 5
38651 3
38652 4
38653 6
38654 6
38655 3
38656 6
38657 2
38658 5
38659 2
38660 5
38661 3
38662 2
38663 5
38664 4
38665 7
38666 0
38667 1
38668 5
38669 3
38670 1
38671 0
38672 4
38673 5
38674 0
38675 5
38676 5
38677 3
38678 4
38679 2
38680 5
38681 5
38682 5
38683 2
38684 2
38685 1
38686 6
38687 5
38688 5
38689 5
38690 3
38691 4
38692 0
38693 6
38694 3
38695 6
38696 6
38697 4
38698 6
38699 3
38700 6
38701 1
38702 0
38703 6
38704 4
38705 3
38706 5
38707 7
38708 3
38709 5
38710 3
38711 6
38712 1
38713 7
38714 2
38715 2
38716 1
38717 5
38718 5
38719 6
38720 3
38721 6
38722 4
38723 1
38724 3
38725 6
38726 5
38727 1
38728 1
38729 2
38730 4
38731 0
38732 3
38733 2
38734 5
38735 4
38736 3
38737 4
38738 5
38739 0
38740 3
38741 5
38742 3
38743 5
38744 6
38745 1
38746 5
38747 1
38748 6
38749 2
38750 0
38751 7
38752 5
38753 1
38754 2
38755 4
38756 2
38757 1
38758 2
38759 3
38760 4
38761 6
38762 4
38763 0
38764 5
38765 0
38766 3
38767 6
38768 6
38769 5
38770 3
38771 6
38772 0
38773 5
38774 4
38775 4
38776 5
38777 4
38778 3
38779 6
38780 6
38781 3
38782 3
38783 3
38784 4
38785 2
38786 0
38787 7
38788 4
38789 2
38790 1
38791 2
38792 5
38793 2
38794 4
38795 6
38796 5
38797 2
38798 6
38799 3
38800 3
38801 3
38802 1
38803 1
38804 3
38805 1
38806 2
38807 2
38808 2
38809 4
38810 4
38811 2
38812 4
38813 5
38814 0
38815 1
38816 5
38817 6
38818 7
38819 5
38820 6
38821 2
38822 0
38823 5
38824 4
38825 5
38826 0
38827 5
38828 4
38829 4
38830 1
38831 4
38832 7
38833 3
38834 6
38835 5
38836 4
38837 5
38838 0
38839 4
38840 3
38841 6
38842 3
38843 2
38844 3
38845 5
38846 2
38847 3
38848 6
38849 6
38850 3
38851 5
38852 4
38853 5
38854 3
38855 4
38856 5
38857 3
38858 1
38859 5
38860 3
38861 2
38862 4
38863 6
38864 2
38865 3
38866 3
38867 6
38868 3
38869 4
38870 5
38871 4
38872 1
38873 5
38874 7
38875 0
38876 3
38877 2
38878 1
38879 4
38880 2
38881 2
38882 5
38883 5
38884 7
38885 0
38886 1
38887 0
38888 6
38889 2
38890 1
38891 5
38892 5
38893 0
38894 6
38895 0
38896 1
38897 6
38898 4
38899 2
38900 3
38901 5
38902 5
38903 3
38904 5
38905 1
38906 3
38907 6
38908 0
38909 6
38910 6
38911 6
38912 6
38913 0
38914 6
38915 6
38916 5
38917 4
38918 6
38919 3
38920 3
38921 2
38922 4
38923 1
38924 5
38925 0
38926 3
38927 5
38928 3
38929 3
38930 6
38931 4
38932 4
38933 6
38934 3
38935 4
38936 6
38937 1
38938 4
38939 7
38940 2
38941 2
38942 0
38943 5
38944 2
38945 5
38946 6
38947 2
38948 4
38949 4
38950 3
38951 2
38952 4
38953 6
38954 4
38955 5
38956 0
38957 1
38958 0
38959 2
38960 5
38961 5
38962 3
38963 3
38964 5
38965 5
38966 2
38967 4
38968 5
38969 4
38970 4
38971 0
38972 5
38973 1
38974 2
38975 0
38976 2
38977 4
38978 6
38979 7
38980 3
38981 1
38982 0
38983 5
38984 5
38985 1
38986 6
38987 4
38988 3
38989 3
38990 1
38991 6
38992 5
38993 5
38994 3
38995 4
38996 4
38997 5
38998 6
38999 4
39000 5
39001 5
39002 5
39003 1
39004 5
39005 1
39006 2
39007 4
39008 4
39009 5
39010 4
39011 6
39012 1
39013 5
39014 3
39015 7
39016 3
39017 6
39018 3
39019 6
39020 0
39021 5
39022 1
39023 5
39024 3
39025 6
39026 5
39027 4
39028 5
39029 5
39030 2
39031 6
39032 1
39033 4
39034 5
39035 2
39036 5
39037 5
39038 7
39039 3
39040 0
39041 6
39042 2
39043 4
39044 2
39045 1
39046 0
39047 4
39048 6
39049 4
39050 2
39051 6
39052 5
39053 5
39054 0
39055 1
39056 7
39057 4
39058 5
39059 4
39060 7
39061 5
39062 2
39063 7
39064 6
39065 3
39066 6
39067 2
39068 6
39069 4
39070 6
39071 6
39072 6
39073 4
39074 1
39075 3
39076 6
39077 3
39078 1
39079 4
39080 5
39081 5
39082 6
39083 2
39084 0
39085 5
39086 2
39087 0
39088 4
39089 4
39090 5
39091 0
39092 3
39093 5
39094 4
39095 4
39096 6
39097 4
39098 4
39099 3
39100 2
39101 5
39102 5
39103 4
39104 6
39105 3
39106 4
39107 2
39108 5
39109 5
39110 7
39111 5
39112 2
39113 3
39114 5
39115 2
39116 5
39117 4
39118 0
39119 6
39120 5
39121 7
39122 4
39123 5
39124 2
39125 4
39126 3
39127 6
39128 0
39129 2
39130 4
39131 5
39132 2
39133 4
39134 4
39135 4
39136 2
39137 7
39138 6
39139 4
39140 2
39141 6
39142 4
39143 0
39144 5
39145 2
39146 5
39147 0
39148 6
39149 3
39150 7
39151 0
39152 2
39153 4
39154 3
39155 4
39156 4
39157 4
39158 5
39159 6
39160 5
39161 5
39162 6
39163 1
39164 2
39165 0
39166 7
39167 2
39168 4
39169 5
39170 4
39171 5
39172 2
39173 3
39174 4
39175 6
39176 3
39177 6
39178 4
39179 5
39180 6
39181 5
39182 5
39183 4
39184 6
39185 3
39186 3
39187 5
39188 5
39189 5
39190 5
39191 4
39192 4
39193 6
39194 0
39195 4
39196 6
39197 3
39198 3
39199 3
39200 3
39201 4
39202 5
39203 6
39204 6
39205 4
39206 4
39207 4
39208 1
39209 7
39210 1
39211 3
39212 3
39213 5
39214 5
39215 2
39216 1
39217 2
39218 2
39219 3
39220 4
39221 0
39222 1
39223 5
39224 6
39225 3
39226 5
39227 4
39228 4
39229 5
39230 6
39231 5
39232 5
39233 4
39234 4
39235 6
39236 0
39237 2
39238 0
39239 0
39240 3
39241 4
39242 0
39243 3
39244 0
39245 3
39246 4
39247 4
39248 4
39249 4
39250 5
39251 0
39252 6
39253 1
39254 4
39255 5
39256 4
39257 4
39258 1
39259 4
39260 7
39261 5
39262 1
39263 4
39264 3
39265 4
39266 2
39267 2
39268 1
39269 3
39270 1
39271 2
39272 1
39273 6
39274 2
39275 6
39276 2
39277 4
39278 2
39279 3
39280 7
39281 5
39282 5
39283 5
39284 5
39285 6
39286 5
39287 6
39288 4
39289 7
39290 0
39291 3
39292 4
39293 2
39294 4
39295 6
39296 3
39297 2
39298 2
39299 1
39300 1
39301 0
39302 5
39303 3
39304 0
39305 5
39306 2
39307 3
39308 2
39309 4
39310 3
39311 4
39312 2
39313 1
39314 3
39315 4
39316 7
39317 6
39318 4
39319 6
39320 5
39321 7
39322 6
39323 3
39324 1
39325 4
39326 1
39327 6
39328 4
39329 5
39330 3
39331 0
39332 0
39333 5
39334 4
39335 5
39336 4
39337 5
39338 4
39339 2
39340 4
39341 0
39342 1
39343 0
39344 0
39345 5
39346 4
39347 0
39348 4
39349 0
39350 3
39351 5
39352 4
39353 1
39354 6
39355 3
39356 5
39357 2
39358 6
39359 6
39360 6
39361 0
39362 3
39363 1
39364 7
39365 3
39366 1
39367 0
39368 7
39369 0
39370 5
39371 4
39372 5
39373 6
39374 3
39375 4
39376 6
39377 3
39378 5
39379 2
39380 6
39381 6
39382 4
39383 2
39384 2
39385 2
39386 6
39387 5
39388 3
39389 7
39390 5
39391 5
39392 3
39393 2
39394 1
39395 4
39396 4
39397 3
39398 1
39399 5
39400 5
39401 4
39402 5
39403 0
39404 4
39405 4
39406 6
39407 2
39408 3
39409 2
39410 4
39411 6
39412 6
39413 6
39414 1
39415 3
39416 3
39417 6
39418 1
39419 2
39420 5
39421 3
39422 3
39423 0
39424 5
39425 5
39426 3
39427 2
39428 3
39429 1
39430 2
39431 5
39432 0
39433 3
39434 3
39435 3
39436 1
39437 2
39438 0
39439 3
39440 0
39441 4
39442 4
39443 0
39444 6
39445 2
39446 5
39447 5
39448 3
39449 5
39450 2
39451 1
39452 1
39453 1
39454 5
39455 2
39456 4
39457 6
39458 7
39459 2
39460 5
39461 6
39462 3
39463 5
39464 7
39465 5
39466 7
39467 3
39468 4
39469 5
39470 2
39471 6
39472 4
39473 2
39474 6
39475 5
39476 6
39477 4
39478 4
39479 3
39480 1
39481 5
39482 3
39483 1
39484 5
39485 6
39486 6
39487 5
39488 3
39489 6
39490 4
39491 4
39492 4
39493 6
39494 3
39495 6
39496 4
39497 4
39498 6
39499 3
39500 5
39501 3
39502 4
39503 6
39504 0
39505 5
39506 3
39507 1
39508 5
39509 5
39510 7
39511 5
39512 1
39513 4
39514 2
39515 5
39516 3
39517 3
39518 1
39519 3
39520 2
39521 5
39522 2
39523 3
39524 6
39525 4
39526 5
39527 2
39528 6
39529 6
39530 2
39531 4
39532 4
39533 6
39534 3
39535 6
39536 7
39537 5
39538 4
39539 4
39540 1
39541 2
39542 0
39543 4
39544 4
39545 4
39546 3
39547 4
39548 6
39549 6
39550 7
39551 6
39552 5
39553 1
39554 6
39555 3
39556 2
39557 2
39558 3
39559 2
39560 2
39561 4
39562 3
39563 2
39564 2
39565 5
39566 6
39567 3
39568 6
39569 4
39570 6
39571 5
39572 4
39573 3
39574 1
39575 0
39576 5
39577 6
39578 6
39579 2
39580 5
39581 4
39582 2
39583 5
39584 1
39585 3
39586 5
39587 6
39588 6
39589 3
39590 6
39591 2
39592 4
39593 6
39594 5
39595 1
39596 5
39597 1
39598 3
39599 1
39600 1
39601 4
39602 4
39603 1
39604 7
39605 3
39606 4
39607 0
39608 4
39609 5
39610 3
39611 3
39612 5
39613 4
39614 6
39615 3
39616 4
39617 5
39618 6
39619 3
39620 3
39621 1
39622 3
39623 4
39624 1
39625 6
39626 6
39627 4
39628 0
39629 6
39630 1
39631 5
39632 5
39633 3
39634 4
39635 2
39636 2
39637 5
39638 1
39639 7
39640 1
39641 6
39642 4
39643 5
39644 1
39645 2
39646 2
39647 2
39648 3
39649 0
39650 5
39651 7
39652 3
39653 1
39654 5
39655 6
39656 2
39657 3
39658 2
39659 5
39660 4
39661 3
39662 1
39663 5
39664 2
39665 3
39666 5
39667 5
39668 5
39669 2
39670 6
39671 3
39672 3
39673 7
39674 3
39675 5
39676 5
39677 6
39678 2
39679 5
39680 0
39681 2
39682 6
39683 5
39684 6
39685 4
39686 6
39687 5
39688 3
39689 6
39690 0
39691 4
39692 5
39693 1
39694 6
39695 6
39696 4
39697 4
39698 4
39699 4
39700 4
39701 6
39702 3
39703 6
39704 4
39705 0
39706 0
39707 3
39708 5
39709 2
39710 5
39711 7
39712 2
39713 6
39714 2
39715 0
39716 4
39717 3
39718 5
39719 6
39720 6
39721 0
39722 4
39723 3
39724 4
39725 0
39726 5
39727 6
39728 1
39729 1
39730 4
39731 6
39732 5
39733 6
39734 6
39735 5
39736 6
39737 2
39738 5
39739 5
39740 3
39741 3
39742 1
39743 1
39744 5
39745 4
39746 3
39747 1
39748 4
39749 5
39750 6
39751 2
39752 2
39753 2
39754 3
39755 6
39756 0
39757 2
39758 0
39759 5
39760 6
39761 7
39762 3
39763 3
39764 5
39765 1
39766 5
39767 5
39768 3
39769 3
39770 7
39771 3
39772 3
39773 6
39774 7
39775 6
39776 5
39777 5
39778 4
39779 5
39780 4
39781 1
39782 6
39783 4
39784 5
39785 4
39786 5
39787 7
39788 3
39789 5
39790 6
39791 4
39792 4
39793 4
39794 0
39795 4
39796 2
39797 0
39798 6
39799 3
39800 5
39801 6
39802 2
39803 0
39804 4
39805 1
39806 6
39807 5
39808 4
39809 6
39810 2
39811 6
39812 5
39813 2
39814 2
39815 4
39816 5
39817 6
39818 4
39819 5
39820 1
39821 5
39822 2
39823 1
39824 1
39825 1
39826 7
39827 4
39828 6
39829 4
39830 4
39831 6
39832 7
39833 5
39834 6
39835 1
39836 5
39837 3
39838 2
39839 6
39840 4
39841 5
39842 2
39843 4
39844 3
39845 0
39846 3
39847 4
39848 6
39849 2
39850 4
39851 5
39852 4
39853 6
39854 1
39855 6
39856 3
39857 6
39858 5
39859 3
39860 2
39861 6
39862 7
39863 2
39864 6
39865 3
39866 3
39867 4
39868 1
39869 5
39870 3
39871 0
39872 5
39873 0
39874 3
39875 2
39876 4
39877 6
39878 5
39879 4
39880 4
39881 1
39882 0
39883 1
39884 2
39885 6
39886 6
39887 3
39888 0
39889 6
39890 3
39891 3
39892 5
39893 4
39894 6
39895 4
39896 1
39897 2
39898 3
39899 4
39900 0
39901 4
39902 2
39903 6
39904 3
39905 6
39906 7
39907 0
39908 5
39909 4
39910 4
39911 6
39912 2
39913 0
39914 3
39915 7
39916 1
39917 6
39918 5
39919 4
39920 4
39921 6
39922 3
39923 2
39924 2
39925 1
39926 5
39927 3
39928 3
39929 3
39930 4
39931 2
39932 5
39933 2
39934 4
39935 5
39936 5
39937 5
39938 3
39939 2
39940 1
39941 6
39942 5
39943 3
39944 2
39945 4
39946 4
39947 0
39948 2
39949 1
39950 3
39951 0
39952 3
39953 5
39954 5
39955 6
39956 5
39957 4
39958 5
39959 5
39960 3
39961 5
39962 3
39963 5
39964 6
39965 5
39966 3
39967 1
39968 1
39969 3
39970 0
39971 5
39972 0
39973 1
39974 3
39975 5
39976 5
39977 6
39978 1
39979 4
39980 5
39981 5
39982 5
39983 4
39984 1
39985 2
39986 7
39987 2
39988 4
39989 5
39990 1
39991 4
39992 5
39993 5
39994 1
39995 0
39996 4
39997 4
39998 2
39999 7
40000 6
40001 6
40002 1
40003 1
40004 5
40005 1
40006 7
40007 2
40008 0
40009 4
40010 6
40011 5
40012 4
40013 3
40014 3
40015 4
40016 4
40017 4
40018 4
40019 4
40020 3
40021 0
40022 0
40023 0
40024 2
40025 6
40026 5
40027 4
40028 0
40029 0
40030 2
40031 1
40032 1
40033 2
40034 1
40035 5
40036 2
40037 0
40038 4
40039 1
40040 0
40041 5
40042 3
40043 3
40044 5
40045 1
40046 6
40047 5
40048 5
40049 7
40050 0
40051 1
40052 1
40053 6
40054 6
40055 4
40056 4
40057 6
40058 6
40059 4
40060 5
40061 4
40062 1
40063 5
40064 5
40065 5
40066 4
40067 5
40068 7
40069 3
40070 2
40071 5
40072 6
40073 4
40074 6
40075 3
40076 5
40077 5
40078 3
40079 7
40080 6
40081 3
40082 3
40083 0
40084 0
40085 6
40086 3
40087 7
40088 5
40089 7
40090 7
40091 5
40092 3
40093 0
40094 4
40095 0
40096 8
40097 2
40098 4
40099 7
40100 6
40101 6
40102 5
40103 2
40104 2
40105 3
40106 6
40107 0
40108 5
40109 2
40110 7
40111 0
40112 0
40113 5
40114 4
40115 3
40116 4
40117 4
40118 7
40119 1
40120 0
40121 2
40122 7
40123 5
40124 3
40125 6
40126 4
40127 6
40128 6
40129 5
40130 1
40131 8
40132 5
40133 3
40134 6
40135 5
40136 2
40137 5
40138 3
40139 6
40140 5
40141 0
40142 4
40143 3
40144 5
40145 7
40146 4
40147 2
40148 1
40149 5
40150 7
40151 4
40152 6
40153 3
40154 4
40155 8
40156 2
40157 2
40158 2
40159 6
40160 6
40161 3
40162 5
40163 5
40164 3
40165 5
40166 5
40167 1
40168 4
40169 1
40170 5
40171 4
40172 0
40173 1
40174 3
40175 1
40176 2
40177 0
40178 3
40179 4
40180 2
40181 4
40182 1
40183 1
40184 2
40185 3
40186 2
40187 0
40188 2
40189 3
40190 2
40191 6
40192 1
40193 4
40194 5
40195 1
40196 4
40197 4
40198 1
40199 3
40200 3
40201 2
40202 5
40203 1
40204 3
40205 4
40206 2
40207 2
40208 5
40209 3
40210 0
40211 4
40212 3
40213 5
40214 1
40215 4
40216 3
40217 2
40218 3
40219 7
40220 2
40221 2
40222 7
40223 4
40224 4
40225 2
40226 1
40227 7
40228 3
40229 1
40230 2
40231 0
40232 1
40233 1
40234 4
40235 6
40236 1
40237 5
40238 4
40239 5
40240 3
40241 5
40242 0
40243 2
40244 6
40245 4
40246 0
40247 7
40248 5
40249 5
40250 1
40251 2
40252 3
40253 0
40254 6
40255 5
40256 5
40257 1
40258 5
40259 6
40260 4
40261 6
40262 2
40263 0
40264 7
40265 3
40266 5
40267 4
40268 1
40269 5
40270 5
40271 1
40272 5
40273 0
40274 1
40275 2
40276 7
40277 3
40278 3
40279 2
40280 0
40281 2
40282 6
40283 5
40284 5
40285 1
40286 4
40287 2
40288 0
40289 6
40290 6
40291 4
40292 5
40293 3
40294 5
40295 4
40296 5
40297 4
40298 5
40299 7
40300 6
40301 3
40302 0
40303 0
40304 4
40305 5
40306 1
40307 6
40308 1
40309 6
40310 5
40311 7
40312 4
40313 0
40314 6
40315 4
40316 3
40317 3
40318 0
40319 0
40320 6
40321 1
40322 4
40323 2
40324 5
40325 3
40326 4
40327 2
40328 4
40329 3
40330 5
40331 1
40332 4
40333 0
40334 7
40335 5
40336 3
40337 4
40338 3
40339 3
40340 6
40341 3
40342 6
40343 2
40344 2
40345 3
40346 1
40347 3
40348 2
40349 2
40350 3
40351 1
40352 2
40353 0
40354 4
40355 6
40356 2
40357 2
40358 2
40359 3
40360 1
40361 7
40362 0
40363 5
40364 6
40365 4
40366 5
40367 3
40368 4
40369 6
40370 5
40371 4
40372 4
40373 5
40374 4
40375 7
40376 1
40377 5
40378 4
40379 3
40380 4
40381 4
40382 4
40383 2
40384 6
40385 2
40386 0
40387 1
40388 2
40389 6
40390 5
40391 5
40392 0
40393 4
40394 3
40395 5
40396 4
40397 4
40398 6
40399 3
40400 5
40401 7
40402 4
40403 2
40404 2
40405 4
40406 5
40407 5
40408 6
40409 6
40410 6
40411 6
40412 4
40413 3
40414 6
40415 1
40416 6
40417 1
40418 5
40419 2
40420 3
40421 5
40422 3
40423 3
40424 2
40425 0
40426 3
40427 2
40428 3
40429 4
40430 1
40431 6
40432 1
40433 4
40434 5
40435 6
40436 5
40437 5
40438 5
40439 6
40440 3
40441 4
40442 4
40443 7
40444 4
40445 4
40446 5
40447 3
40448 5
40449 1
40450 0
40451 5
40452 2
40453 2
40454 0
40455 4
40456 2
40457 5
40458 5
40459 1
40460 3
40461 5
40462 6
40463 1
40464 1
40465 4
40466 5
40467 1
40468 5
40469 6
40470 6
40471 5
40472 5
40473 4
40474 6
40475 6
40476 5
40477 4
40478 4
40479 5
40480 1
40481 2
40482 7
40483 4
40484 1
40485 0
40486 6
40487 6
40488 4
40489 0
40490 6
40491 0
40492 1
40493 6
40494 3
40495 2
40496 5
40497 2
40498 6
40499 6
40500 0
40501 6
40502 4
40503 5
40504 5
40505 7
40506 1
40507 5
40508 5
40509 1
40510 2
40511 3
40512 1
40513 0
40514 5
40515 2
40516 5
40517 4
40518 3
40519 6
40520 5
40521 5
40522 3
40523 7
40524 3
40525 4
40526 4
40527 6
40528 1
40529 3
40530 2
40531 1
40532 4
40533 3
40534 4
40535 6
40536 3
40537 4
40538 0
40539 4
40540 0
40541 6
40542 6
40543 1
40544 0
40545 0
40546 4
40547 4
40548 2
40549 3
40550 6
40551 1
40552 2
40553 4
40554 1
40555 2
40556 1
40557 6
40558 4
40559 4
40560 5
40561 6
40562 5
40563 1
40564 6
40565 0
40566 3
40567 5
40568 4
40569 3
40570 4
40571 5
40572 1
40573 3
40574 2
40575 6
40576 4
40577 4
40578 6
40579 5
40580 3
40581 1
40582 8
40583 3
40584 3
40585 6
40586 3
40587 2
40588 1
40589 3
40590 3
40591 2
40592 5
40593 2
40594 2
40595 4
40596 6
40597 6
40598 7
40599 5
40600 5
40601 2
40602 3
40603 0
40604 0
40605 5
40606 4
40607 3
40608 4
40609 5
40610 3
40611 5
40612 3
40613 1
40614 3
40615 5
40616 5
40617 4
40618 0
40619 2
40620 2
40621 6
40622 6
40623 3
40624 2
40625 0
40626 5
40627 0
40628 1
40629 1
40630 3
40631 7
40632 0
40633 4
40634 4
40635 0
40636 7
40637 2
40638 2
40639 6
40640 1
40641 5
40642 3
40643 0
40644 7
40645 2
40646 0
40647 3
40648 4
40649 5
40650 6
40651 0
40652 4
40653 1
40654 6
40655 1
40656 3
40657 3
40658 1
40659 6
40660 3
40661 7
40662 3
40663 3
40664 7
40665 3
40666 4
40667 5
40668 2
40669 1
40670 4
40671 4
40672 2
40673 7
40674 5
40675 3
40676 7
40677 6
40678 6
40679 5
40680 5
40681 3
40682 5
40683 4
40684 8
40685 5
40686 2
40687 1
40688 3
40689 2
40690 2
40691 1
40692 4
40693 6
40694 6
40695 5
40696 5
40697 4
40698 6
40699 2
40700 5
40701 2
40702 2
40703 2
40704 6
40705 5
40706 4
40707 5
40708 5
40709 1
40710 1
40711 0
40712 5
40713 6
40714 1
40715 4
40716 0
40717 7
40718 5
40719 5
40720 3
40721 4
40722 6
40723 2
40724 2
40725 1
40726 3
40727 2
40728 5
40729 4
40730 5
40731 2
40732 2
40733 4
40734 5
40735 3
40736 0
40737 5
40738 4
40739 5
40740 5
40741 5
40742 3
40743 3
40744 5
40745 0
40746 4
40747 2
40748 4
40749 6
40750 5
40751 7
40752 0
40753 5
40754 5
40755 0
40756 4
40757 6
40758 4
40759 3
40760 4
40761 5
40762 5
40763 1
40764 3
40765 5
40766 1
40767 5
40768 3
40769 2
40770 4
40771 4
40772 6
40773 1
40774 1
40775 3
40776 5
40777 5
40778 6
40779 6
40780 3
40781 6
40782 4
40783 2
40784 5
40785 4
40786 5
40787 1
40788 2
40789 1
40790 2
40791 3
40792 2
40793 1
40794 6
40795 6
40796 2
40797 3
40798 3
40799 5
40800 6
40801 0
40802 2
40803 3
40804 2
40805 1
40806 0
40807 4
40808 5
40809 3
40810 5
40811 5
40812 4
40813 6
40814 3
40815 0
40816 1
40817 4
40818 4
40819 4
40820 0
40821 3
40822 2
40823 6
40824 5
40825 7
40826 5
40827 5
40828 2
40829 2
40830 6
40831 6
40832 2
40833 0
40834 5
40835 6
40836 2
40837 2
40838 1
40839 5
40840 2
40841 0
40842 4
40843 2
40844 6
40845 1
40846 5
40847 4
40848 7
40849 4
40850 6
40851 6
40852 2
40853 4
40854 5
40855 4
40856 4
40857 4
40858 6
40859 7
40860 5
40861 2
40862 3
40863 3
40864 3
40865 4
40866 4
40867 5
40868 0
40869 6
40870 3
40871 2
40872 2
40873 3
40874 0
40875 2
40876 5
40877 3
40878 6
40879 4
40880 1
40881 5
40882 3
40883 3
40884 3
40885 1
40886 1
40887 7
40888 5
40889 4
40890 5
40891 0
40892 5
40893 5
40894 6
40895 1
40896 2
40897 4
40898 6
40899 0
40900 1
40901 4
40902 3
40903 3
40904 6
40905 5
40906 6
40907 3
40908 4
40909 4
40910 4
40911 2
40912 3
40913 2
40914 5
40915 6
40916 6
40917 0
40918 4
40919 4
40920 0
40921 0
40922 5
40923 5
40924 5
40925 3
40926 6
40927 5
40928 2
40929 7
40930 4
40931 3
40932 6
40933 1
40934 4
40935 5
40936 5
40937 4
40938 3
40939 3
40940 4
40941 5
40942 0
40943 2
40944 2
40945 4
40946 6
40947 5
40948 5
40949 1
40950 6
40951 6
40952 3
40953 6
40954 6
40955 2
40956 2
40957 2
40958 4
40959 6
40960 6
40961 6
40962 0
40963 4
40964 4
40965 3
40966 4
40967 5
40968 1
40969 4
40970 2
40971 7
40972 4
40973 5
40974 6
40975 2
40976 2
40977 4
40978 3
40979 4
40980 3
40981 4
40982 5
40983 5
40984 7
40985 4
40986 1
40987 5
40988 2
40989 4
40990 1
40991 5
40992 2
40993 3
40994 1
40995 2
40996 1
40997 0
40998 1
40999 1
41000 4
41001 6
41002 2
41003 4
41004 7
41005 5
41006 4
41007 6
41008 7
41009 5
41010 7
41011 3
41012 3
41013 3
41014 4
41015 4
41016 1
41017 6
41018 2
41019 2
41020 6
41021 2
41022 6
41023 5
41024 3
41025 5
41026 5
41027 0
41028 5
41029 2
41030 5
41031 0
41032 4
41033 5
41034 3
41035 6
41036 0
41037 5
41038 7
41039 3
41040 0
41041 0
41042 5
41043 1
41044 1
41045 5
41046 3
41047 5
41048 6
41049 6
41050 1
41051 4
41052 4
41053 3
41054 6
41055 3
41056 0
41057 3
41058 2
41059 4
41060 5
41061 6
41062 0
41063 2
41064 4
41065 8
41066 5
41067 5
41068 6
41069 3
41070 6
41071 5
41072 1
41073 4
41074 3
41075 0
41076 6
41077 2
41078 1
41079 4
41080 6
41081 4
41082 6
41083 2
41084 1
41085 7
41086 6
41087 5
41088 7
41089 4
41090 1
41091 4
41092 6
41093 4
41094 4
41095 2
41096 6
41097 4
41098 3
41099 7
41100 3
41101 3
41102 5
41103 6
41104 0
41105 3
41106 3
41107 4
41108 1
41109 2
41110 0
41111 4
41112 0
41113 5
41114 6
41115 2
41116 1
41117 4
41118 6
41119 6
41120 4
41121 1
41122 4
41123 5
41124 3
41125 7
41126 0
41127 0
41128 2
41129 4
41130 6
41131 5
41132 2
41133 0
41134 6
41135 3
41136 4
41137 7
41138 4
41139 6
41140 6
41141 6
41142 5
41143 3
41144 2
41145 1
41146 4
41147 3
41148 1
41149 4
41150 0
41151 2
41152 0
41153 5
41154 5
41155 2
41156 5
41157 4
41158 4
41159 0
41160 4
41161 0
41162 0
41163 3
41164 5
41165 0
41166 7
41167 5
41168 6
41169 6
41170 5
41171 2
41172 1
41173 0
41174 2
41175 6
41176 8
41177 5
41178 4
41179 3
41180 5
41181 4
41182 1
41183 2
41184 2
41185 6
41186 5
41187 2
41188 2
41189 6
41190 0
41191 6
41192 5
41193 0
41194 6
41195 2
41196 5
41197 7
41198 5
41199 0
41200 5
41201 4
41202 0
41203 1
41204 5
41205 4
41206 0
41207 4
41208 2
41209 3
41210 4
41211 3
41212 2
41213 5
41214 4
41215 4
41216 4
41217 7
41218 2
41219 6
41220 6
41221 6
41222 6
41223 1
41224 2
41225 0
41226 6
41227 1
41228 5
41229 1
41230 5
41231 6
41232 0
41233 2
41234 7
41235 4
41236 0
41237 5
41238 4
41239 3
41240 5
41241 4
41242 5
41243 4
41244 7
41245 2
41246 6
41247 2
41248 5
41249 5
41250 3
41251 5
41252 2
41253 5
41254 4
41255 2
41256 0
41257 2
41258 5
41259 2
41260 1
41261 1
41262 5
41263 5
41264 3
41265 5
41266 5
41267 6
41268 3
41269 2
41270 1
41271 0
41272 5
41273 3
41274 2
41275 4
41276 0
41277 1
41278 3
41279 6
41280 2
41281 5
41282 2
41283 3
41284 3
41285 0
41286 0
41287 4
41288 6
41289 4
41290 5
41291 3
41292 0
41293 6
41294 1
41295 1
41296 4
41297 4
41298 0
41299 3
41300 5
41301 4
41302 7
41303 5
41304 6
41305 3
41306 5
41307 0
41308 6
41309 3
41310 3
41311 1
41312 2
41313 6
41314 5
41315 5
41316 3
41317 2
41318 4
41319 4
41320 7
41321 5
41322 1
41323 2
41324 5
41325 5
41326 6
41327 3
41328 5
41329 0
41330 5
41331 6
41332 5
41333 3
41334 4
41335 5
41336 3
41337 1
41338 6
41339 1
41340 4
41341 4
41342 5
41343 5
41344 5
41345 5
41346 1
41347 5
41348 1
41349 3
41350 5
41351 3
41352 6
41353 2
41354 6
41355 4
41356 5
41357 4
41358 6
41359 1
41360 5
41361 4
41362 6
41363 2
41364 2
41365 2
41366 1
41367 0
41368 6
41369 1
41370 5
41371 7
41372 1
41373 4
41374 6
41375 2
41376 0
41377 0
41378 3
41379 5
41380 5
41381 4
41382 1
41383 4
41384 3
41385 1
41386 2
41387 6
41388 8
41389 5
41390 6
41391 4
41392 5
41393 1
41394 6
41395 4
41396 3
41397 4
41398 3
41399 5
41400 3
41401 1
41402 5
41403 5
41404 5
41405 6
41406 5
41407 4
41408 2
41409 7
41410 5
41411 3
41412 6
41413 1
41414 5
41415 0
41416 4
41417 1
41418 5
41419 5
41420 6
41421 4
41422 5
41423 0
41424 6
41425 2
41426 1
41427 1
41428 1
41429 1
41430 4
41431 7
41432 6
41433 5
41434 8
41435 4
41436 6
41437 5
41438 3
41439 6
41440 5
41441 7
41442 1
41443 5
41444 5
41445 6
41446 4
41447 4
41448 5
41449 4
41450 4
41451 7
41452 4
41453 3
41454 5
41455 6
41456 1
41457 7
41458 4
41459 0
41460 6
41461 3
41462 4
41463 0
41464 0
41465 5
41466 5
41467 4
41468 6
41469 3
41470 5
41471 0
41472 8
41473 3
41474 1
41475 5
41476 0
41477 2
41478 4
41479 3
41480 6
41481 6
41482 3
41483 1
41484 4
41485 1
41486 1
41487 2
41488 4
41489 5
41490 2
41491 0
41492 0
41493 7
41494 7
41495 5
41496 2
41497 2
41498 8
41499 2
41500 0
41501 1
41502 3
41503 6
41504 1
41505 2
41506 4
41507 4
41508 5
41509 4
41510 4
41511 7
41512 1
41513 2
41514 4
41515 4
41516 5
41517 3
41518 4
41519 6
41520 4
41521 1
41522 6
41523 3
41524 2
41525 4
41526 5
41527 5
41528 2
41529 6
41530 0
41531 4
41532 6
41533 1
41534 2
41535 6
41536 4
41537 7
41538 5
41539 2
41540 4
41541 1
41542 5
41543 5
41544 3
41545 7
41546 3
41547 0
41548 6
41549 2
41550 6
41551 1
41552 3
41553 6
41554 4
41555 5
41556 6
41557 4
41558 4
41559 7
41560 5
41561 0
41562 5
41563 4
41564 5
41565 3
41566 5
41567 3
41568 4
41569 5
41570 5
41571 3
41572 1
41573 2
41574 4
41575 5
41576 6
41577 4
41578 4
41579 6
41580 4
41581 4
41582 6
41583 5
41584 5
41585 4
41586 6
41587 4
41588 6
41589 6
41590 5
41591 4
41592 4
41593 3
41594 0
41595 6
41596 0
41597 4
41598 7
41599 6
41600 3
41601 3
41602 4
41603 1
41604 3
41605 4
41606 6
41607 4
41608 4
41609 6
41610 1
41611 4
41612 5
41613 6
41614 1
41615 5
41616 6
41617 6
41618 3
41619 5
41620 5
41621 1
41622 7
41623 3
41624 7
41625 4
41626 7
41627 0
41628 0
41629 5
41630 3
41631 7
41632 6
41633 5
41634 2
41635 2
41636 2
41637 1
41638 4
41639 4
41640 4
41641 6
41642 4
41643 7
41644 5
41645 0
41646 4
41647 4
41648 3
41649 5
41650 1
41651 1
41652 2
41653 4
41654 5
41655 5
41656 0
41657 4
41658 5
41659 5
41660 1
41661 6
41662 5
41663 5
41664 3
41665 6
41666 3
41667 1
41668 0
41669 4
41670 6
41671 5
41672 6
41673 4
41674 4
41675 5
41676 4
41677 6
41678 2
41679 2
41680 1
41681 6
41682 6
41683 2
41684 2
41685 2
41686 4
41687 5
41688 2
41689 5
41690 5
41691 6
41692 5
41693 5
41694 6
41695 3
41696 3
41697 2
41698 4
41699 2
41700 7
41701 2
41702 4
41703 5
41704 5
41705 6
41706 4
41707 1
41708 4
41709 6
41710 4
41711 5
41712 5
41713 2
41714 6
41715 1
41716 3
41717 6
41718 6
41719 1
41720 4
41721 4
41722 4
41723 1
41724 2
41725 1
41726 6
41727 5
41728 6
41729 6
41730 4
41731 5
41732 6
41733 6
41734 4
41735 6
41736 6
41737 1
41738 1
41739 2
41740 4
41741 5
41742 4
41743 7
41744 3
41745 2
41746 7
41747 6
41748 1
41749 2
41750 2
41751 3
41752 4
41753 2
41754 6
41755 1
41756 3
41757 6
41758 4
41759 4
41760 3
41761 3
41762 3
41763 2
41764 5
41765 4
41766 2
41767 0
41768 4
41769 6
41770 3
41771 0
41772 3
41773 1
41774 3
41775 1
41776 7
41777 6
41778 2
41779 6
41780 0
41781 5
41782 1
41783 5
41784 6
41785 2
41786 6
41787 2
41788 6
41789 3
41790 3
41791 6
41792 2
41793 4
41794 5
41795 7
41796 3
41797 2
41798 5
41799 4
41800 3
41801 4
41802 6
41803 7
41804 2
41805 2
41806 4
41807 2
41808 0
41809 3
41810 5
41811 5
41812 1
41813 7
41814 4
41815 6
41816 0
41817 4
41818 2
41819 2
41820 5
41821 1
41822 3
41823 3
41824 4
41825 3
41826 4
41827 6
41828 4
41829 1
41830 7
41831 2
41832 4
41833 5
41834 4
41835 0
41836 5
41837 5
41838 1
41839 1
41840 4
41841 1
41842 6
41843 3
41844 7
41845 5
41846 6
41847 4
41848 3
41849 2
41850 6
41851 6
41852 5
41853 3
41854 6
41855 6
41856 3
41857 6
41858 5
41859 1
41860 2
41861 4
41862 5
41863 3
41864 1
41865 4
41866 5
41867 4
41868 6
41869 3
41870 6
41871 4
41872 2
41873 6
41874 2
41875 5
41876 6
41877 3
41878 5
41879 0
41880 1
41881 4
41882 4
41883 6
41884 5
41885 4
41886 2
41887 4
41888 3
41889 0
41890 4
41891 3
41892 0
41893 3
41894 6
41895 6
41896 5
41897 6
41898 5
41899 7
41900 5
41901 3
41902 6
41903 2
41904 4
41905 4
41906 2
41907 6
41908 5
41909 6
41910 6
41911 4
41912 6
41913 5
41914 4
41915 4
41916 5
41917 5
41918 3
41919 0
41920 2
41921 5
41922 5
41923 1
41924 1
41925 3
41926 2
41927 2
41928 6
41929 3
41930 0
41931 0
41932 7
41933 7
41934 5
41935 6
41936 2
41937 6
41938 0
41939 6
41940 5
41941 0
41942 0
41943 1
41944 5
41945 1
41946 2
41947 4
41948 3
41949 4
41950 4
41951 1
41952 2
41953 5
41954 0
41955 5
41956 5
41957 3
41958 3
41959 5
41960 4
41961 7
41962 4
41963 1
41964 4
41965 7
41966 6
41967 6
41968 1
41969 5
41970 1
41971 2
41972 5
41973 5
41974 7
41975 5
41976 3
41977 1
41978 2
41979 6
41980 2
41981 0
41982 3
41983 5
41984 2
41985 6
41986 2
41987 2
41988 1
41989 2
41990 7
41991 6
41992 3
41993 5
41994 0
41995 2
41996 0
41997 3
41998 5
41999 6
42000 0
42001 3
42002 1
42003 1
42004 7
42005 6
42006 1
42007 6
42008 4
42009 5
42010 5
42011 4
42012 4
42013 0
42014 4
42015 1
42016 6
42017 5
42018 3
42019 6
42020 5
42021 0
42022 3
42023 1
42024 5
42025 1
42026 6
42027 4
42028 0
42029 1
42030 3
42031 1
42032 1
42033 5
42034 7
42035 0
42036 2
42037 2
42038 3
42039 4
42040 1
42041 3
42042 4
42043 6
42044 3
42045 5
42046 6
42047 2
42048 4
42049 4
42050 6
42051 5
42052 7
42053 4
42054 4
42055 8
42056 2
42057 5
42058 4
42059 2
42060 5
42061 6
42062 4
42063 3
42064 3
42065 5
42066 3
42067 6
42068 7
42069 4
42070 1
42071 6
42072 3
42073 0
42074 4
42075 0
42076 5
42077 4
42078 6
42079 5
42080 2
42081 3
42082 6
42083 5
42084 0
42085 4
42086 1
42087 1
42088 4
42089 1
42090 6
42091 3
42092 3
42093 1
42094 5
42095 1
42096 4
42097 4
42098 3
42099 3
42100 1
42101 4
42102 2
42103 5
42104 3
42105 0
42106 6
42107 0
42108 5
42109 6
42110 2
42111 5
42112 4
42113 0
42114 0
42115 2
42116 3
42117 6
42118 5
42119 5
42120 5
42121 6
42122 4
42123 3
42124 5
42125 4
42126 5
42127 1
42128 4
42129 4
42130 4
42131 2
42132 4
42133 2
42134 0
42135 5
42136 5
42137 7
42138 5
42139 4
42140 2
42141 7
42142 3
42143 2
42144 7
42145 2
42146 3
42147 3
42148 3
42149 4
42150 2
42151 2
42152 4
42153 5
42154 5
42155 1
42156 5
42157 5
42158 5
42159 0
42160 7
42161 4
42162 0
42163 3
42164 6
42165 7
42166 3
42167 5
42168 3
42169 5
42170 4
42171 0
42172 6
42173 3
42174 4
42175 5
42176 1
42177 4
42178 2
42179 4
42180 7
42181 2
42182 5
42183 4
42184 6
42185 6
42186 4
42187 2
42188 4
42189 6
42190 5
42191 5
42192 3
42193 3
42194 5
42195 2
42196 5
42197 6
42198 2
42199 1
42200 3
42201 7
42202 6
42203 2
42204 6
42205 2
42206 1
42207 3
42208 3
42209 1
42210 5
42211 5
42212 6
42213 6
42214 6
42215 1
42216 3
42217 1
42218 6
42219 6
42220 4
42221 4
42222 4
42223 6
42224 5
42225 4
42226 2
42227 2
42228 5
42229 2
42230 4
42231 4
42232 5
42233 6
42234 5
42235 5
42236 7
42237 7
42238 5
42239 4
42240 3
42241 6
42242 1
42243 1
42244 4
42245 3
42246 6
42247 5
42248 6
42249 7
42250 0
42251 5
42252 7
42253 5
42254 3
42255 3
42256 0
42257 0
42258 3
42259 7
42260 2
42261 5
42262 4
42263 6
42264 7
42265 5
42266 5
42267 3
42268 1
42269 1
42270 4
42271 3
42272 5
42273 0
42274 1
42275 6
42276 6
42277 5
42278 3
42279 1
42280 5
42281 5
42282 2
42283 6
42284 1
42285 2
42286 6
42287 6
42288 3
42289 4
42290 5
42291 3
42292 0
42293 2
42294 4
42295 5
42296 2
42297 4
42298 1
42299 1
42300 4
42301 0
42302 2
42303 1
42304 4
42305 4
42306 6
42307 4
42308 5
42309 0
42310 6
42311 0
42312 0
42313 1
42314 3
42315 4
42316 0
42317 7
42318 3
42319 3
42320 5
42321 2
42322 5
42323 2
42324 5
42325 4
42326 5
42327 7
42328 6
42329 4
42330 6
42331 3
42332 6
42333 1
42334 5
42335 3
42336 6
42337 6
42338 4
42339 2
42340 0
42341 7
42342 5
42343 3
42344 2
42345 5
42346 5
42347 7
42348 5
42349 3
42350 4
42351 6
42352 4
42353 4
42354 4
42355 1
42356 6
42357 5
42358 5
42359 3
42360 5
42361 4
42362 0
42363 4
42364 2
42365 4
42366 7
42367 6
42368 5
42369 6
42370 2
42371 4
42372 7
42373 5
42374 6
42375 0
42376 2
42377 2
42378 2
42379 5
42380 6
42381 0
42382 2
42383 6
42384 4
42385 5
42386 2
42387 6
42388 4
42389 7
42390 7
42391 4
42392 6
42393 0
42394 0
42395 0
42396 3
42397 6
42398 3
42399 5
42400 5
42401 7
42402 5
42403 2
42404 5
42405 5
42406 3
42407 3
42408 4
42409 3
42410 6
42411 7
42412 3
42413 1
42414 4
42415 6
42416 4
42417 0
42418 2
42419 3
42420 5
42421 4
42422 3
42423 4
42424 7
42425 6
42426 4
42427 7
42428 5
42429 6
42430 4
42431 0
42432 3
42433 6
42434 0
42435 4
42436 5
42437 2
42438 6
42439 1
42440 0
42441 0
42442 7
42443 4
42444 6
42445 1
42446 5
42447 3
42448 1
42449 6
42450 5
42451 7
42452 4
42453 1
42454 3
42455 3
42456 7
42457 3
42458 4
42459 0
42460 1
42461 3
42462 1
42463 6
42464 5
42465 6
42466 5
42467 4
42468 6
42469 3
42470 5
42471 0
42472 7
42473 6
42474 0
42475 3
42476 3
42477 7
42478 6
42479 6
42480 1
42481 6
42482 3
42483 2
42484 3
42485 5
42486 5
42487 7
42488 4
42489 5
42490 5
42491 1
42492 6
42493 4
42494 2
42495 6
42496 4
42497 6
42498 3
42499 1
42500 3
42501 4
42502 2
42503 4
42504 6
42505 7
42506 4
42507 0
42508 7
42509 5
42510 4
42511 1
42512 4
42513 6
42514 7
42515 4
42516 4
42517 3
42518 0
42519 5
42520 4
42521 0
42522 4
42523 5
42524 0
42525 3
42526 4
42527 0
42528 4
42529 3
42530 1
42531 7
42532 2
42533 6
42534 5
42535 5
42536 4
42537 3
42538 1
42539 5
42540 6
42541 5
42542 7
42543 4
42544 2
42545 1
42546 7
42547 5
42548 3
42549 7
42550 2
42551 5
42552 1
42553 0
42554 8
42555 0
42556 6
42557 3
42558 2
42559 3
42560 7
42561 3
42562 6
42563 0
42564 5
42565 7
42566 4
42567 3
42568 4
42569 2
42570 5
42571 5
42572 7
42573 6
42574 6
42575 5
42576 4
42577 2
42578 4
42579 3
42580 2
42581 5
42582 7
42583 4
42584 3
42585 2
42586 5
42587 4
42588 5
42589 6
42590 7
42591 3
42592 0
42593 3
42594 1
42595 4
42596 2
42597 6
42598 6
42599 1
42600 5
42601 7
42602 5
42603 4
42604 4
42605 2
42606 7
42607 6
42608 5
42609 2
42610 6
42611 5
42612 2
42613 6
42614 0
42615 7
42616 7
42617 5
42618 6
42619 1
42620 3
42621 7
42622 1
42623 2
42624 6
42625 5
42626 3
42627 2
42628 5
42629 1
42630 6
42631 6
42632 5
42633 3
42634 6
42635 1
42636 3
42637 4
42638 6
42639 4
42640 2
42641 1
42642 6
42643 4
42644 0
42645 0
42646 6
42647 7
42648 1
42649 0
42650 4
42651 7
42652 4
42653 0
42654 1
42655 4
42656 3
42657 5
42658 2
42659 2
42660 4
42661 3
42662 4
42663 0
42664 3
42665 4
42666 4
42667 5
42668 7
42669 7
42670 4
42671 3
42672 3
42673 3
42674 5
42675 4
42676 6
42677 5
42678 1
42679 4
42680 1
42681 5
42682 1
42683 6
42684 5
42685 3
42686 7
42687 4
42688 7
42689 7
42690 3
42691 6
42692 3
42693 7
42694 6
42695 4
42696 7
42697 1
42698 6
42699 6
42700 4
42701 4
42702 3
42703 6
42704 6
42705 6
42706 4
42707 3
42708 5
42709 2
42710 4
42711 6
42712 6
42713 6
42714 3
42715 6
42716 4
42717 3
42718 5
42719 2
42720 6
42721 6
42722 2
42723 5
42724 6
42725 6
42726 1
42727 1
42728 4
42729 7
42730 6
42731 5
42732 3
42733 5
42734 6
42735 6
42736 4
42737 2
42738 3
42739 6
42740 6
42741 3
42742 5
42743 3
42744 5
42745 2
42746 1
42747 6
42748 3
42749 4
42750 4
42751 7
42752 6
42753 2
42754 1
42755 4
42756 2
42757 6
42758 2
42759 3
42760 0
42761 7
42762 2
42763 6
42764 4
42765 4
42766 5
42767 3
42768 4
42769 5
42770 5
42771 6
42772 4
42773 6
42774 6
42775 0
42776 6
42777 0
42778 2
42779 5
42780 4
42781 1
42782 3
42783 5
42784 6
42785 3
42786 6
42787 7
42788 3
42789 4
42790 1
42791 3
42792 5
42793 6
42794 5
42795 4
42796 3
42797 0
42798 6
42799 4
42800 2
42801 0
42802 2
42803 7
42804 5
42805 6
42806 5
42807 5
42808 3
42809 3
42810 6
42811 4
42812 2
42813 3
42814 6
42815 7
42816 1
42817 4
42818 4
42819 2
42820 6
42821 2
42822 0
42823 1
42824 5
42825 5
42826 0
42827 6
42828 2
42829 5
42830 3
42831 2
42832 4
42833 0
42834 6
42835 0
42836 4
42837 3
42838 1
42839 0
42840 3
42841 6
42842 6
42843 4
42844 3
42845 5
42846 5
42847 7
42848 0
42849 4
42850 7
42851 2
42852 0
42853 4
42854 2
42855 6
42856 6
42857 0
42858 3
42859 7
42860 0
42861 6
42862 5
42863 4
42864 5
42865 2
42866 2
42867 6
42868 4
42869 6
42870 0
42871 4
42872 7
42873 6
42874 2
42875 4
42876 3
42877 4
42878 3
42879 0
42880 6
42881 7
42882 4
42883 3
42884 1
42885 6
42886 5
42887 6
42888 5
42889 4
42890 3
42891 5
42892 2
42893 2
42894 7
42895 3
42896 6
42897 2
42898 6
42899 2
42900 6
42901 6
42902 5
42903 4
42904 4
42905 5
42906 6
42907 4
42908 4
42909 2
42910 1
42911 4
42912 6
42913 1
42914 6
42915 3
42916 5
42917 4
42918 2
42919 5
42920 2
42921 6
42922 6
42923 4
42924 4
42925 4
42926 2
42927 6
42928 5
42929 7
42930 4
42931 6
42932 3
42933 0
42934 0
42935 5
42936 0
42937 6
42938 5
42939 2
42940 3
42941 3
42942 4
42943 6
42944 4
42945 3
42946 4
42947 6
42948 5
42949 3
42950 1
42951 6
42952 3
42953 4
42954 6
42955 5
42956 2
42957 3
42958 4
42959 3
42960 0
42961 5
42962 5
42963 4
42964 6
42965 4
42966 5
42967 7
42968 0
42969 1
42970 5
42971 6
42972 5
42973 5
42974 2
42975 4
42976 5
42977 5
42978 4
42979 6
42980 5
42981 4
42982 0
42983 2
42984 4
42985 4
42986 4
42987 4
42988 5
42989 6
42990 1
42991 5
42992 2
42993 2
42994 4
42995 4
42996 6
42997 0
42998 4
42999 5
43000 1
43001 4
43002 3
43003 4
43004 7
43005 2
43006 3
43007 2
43008 2
43009 0
43010 0
43011 0
43012 5
43013 2
43014 5
43015 4
43016 6
43017 4
43018 5
43019 4
43020 5
43021 6
43022 2
43023 0
43024 5
43025 1
43026 4
43027 7
43028 7
43029 5
43030 0
43031 7
43032 6
43033 0
43034 4
43035 4
43036 6
43037 4
43038 2
43039 6
43040 1
43041 0
43042 6
43043 6
43044 4
43045 5
43046 0
43047 1
43048 5
43049 4
43050 2
43051 2
43052 2
43053 5
43054 4
43055 6
43056 4
43057 5
43058 3
43059 6
43060 1
43061 6
43062 4
43063 6
43064 2
43065 6
43066 1
43067 0
43068 5
43069 6
43070 2
43071 3
43072 1
43073 5
43074 1
43075 1
43076 5
43077 5
43078 6
43079 3
43080 3
43081 5
43082 4
43083 7
43084 5
43085 3
43086 5
43087 1
43088 5
43089 4
43090 7
43091 6
43092 3
43093 3
43094 6
43095 7
43096 4
43097 1
43098 4
43099 7
43100 1
43101 2
43102 2
43103 5
43104 5
43105 1
43106 5
43107 5
43108 0
43109 1
43110 0
43111 6
43112 3
43113 7
43114 2
43115 4
43116 8
43117 2
43118 4
43119 6
43120 4
43121 6
43122 1
43123 3
43124 2
43125 1
43126 6
43127 4
43128 6
43129 6
43130 7
43131 4
43132 5
43133 3
43134 5
43135 6
43136 5
43137 6
43138 3
43139 4
43140 3
43141 5
43142 6
43143 6
43144 2
43145 4
43146 4
43147 6
43148 5
43149 1
43150 1
43151 4
43152 4
43153 2
43154 6
43155 6
43156 2
43157 2
43158 6
43159 0
43160 7
43161 2
43162 1
43163 3
43164 0
43165 2
43166 7
43167 6
43168 8
43169 3
43170 2
43171 4
43172 0
43173 7
43174 5
43175 5
43176 3
43177 7
43178 4
43179 1
43180 7
43181 1
43182 5
43183 4
43184 6
43185 3
43186 5
43187 3
43188 5
43189 6
43190 6
43191 7
43192 1
43193 5
43194 4
43195 3
43196 5
43197 0
43198 4
43199 3
43200 6
43201 1
43202 1
43203 7
43204 4
43205 4
43206 4
43207 1
43208 7
43209 2
43210 4
43211 6
43212 7
43213 0
43214 6
43215 4
43216 4
43217 5
43218 5
43219 3
43220 1
43221 3
43222 5
43223 4
43224 0
43225 5
43226 2
43227 3
43228 8
43229 5
43230 5
43231 5
43232 2
43233 0
43234 0
43235 7
43236 6
43237 6
43238 4
43239 2
43240 1
43241 5
43242 7
43243 1
43244 7
43245 6
43246 2
43247 3
43248 1
43249 6
43250 6
43251 6
43252 4
43253 0
43254 6
43255 4
43256 6
43257 7
43258 1
43259 4
43260 0
43261 2
43262 5
43263 6
43264 1
43265 3
43266 2
43267 1
43268 6
43269 6
43270 3
43271 4
43272 4
43273 0
43274 5
43275 5
43276 8
43277 5
43278 4
43279 3
43280 5
43281 6
43282 2
43283 2
43284 0
43285 2
43286 4
43287 3
43288 4
43289 2
43290 1
43291 1
43292 6
43293 4
43294 6
43295 6
43296 5
43297 5
43298 5
43299 1
43300 5
43301 6
43302 7
43303 6
43304 2
43305 7
43306 7
43307 7
43308 2
43309 1
43310 2
43311 6
43312 6
43313 0
43314 6
43315 3
43316 3
43317 5
43318 3
43319 3
43320 0
43321 6
43322 5
43323 2
43324 6
43325 4
43326 6
43327 1
43328 4
43329 0
43330 1
43331 6
43332 5
43333 6
43334 4
43335 2
43336 6
43337 3
43338 1
43339 1
43340 3
43341 6
43342 5
43343 5
43344 2
43345 4
43346 0
43347 5
43348 3
43349 7
43350 3
43351 3
43352 1
43353 6
43354 6
43355 7
43356 4
43357 6
43358 3
43359 5
43360 5
43361 0
43362 0
43363 7
43364 0
43365 4
43366 6
43367 1
43368 5
43369 3
43370 4
43371 0
43372 4
43373 6
43374 5
43375 6
43376 4
43377 5
43378 2
43379 3
43380 4
43381 4
43382 4
43383 2
43384 4
43385 3
43386 4
43387 5
43388 5
43389 5
43390 4
43391 5
43392 7
43393 5
43394 7
43395 3
43396 3
43397 1
43398 2
43399 3
43400 2
43401 4
43402 6
43403 6
43404 5
43405 5
43406 6
43407 5
43408 6
43409 3
43410 6
43411 4
43412 1
43413 6
43414 2
43415 7
43416 3
43417 7
43418 2
43419 4
43420 3
43421 7
43422 2
43423 5
43424 6
43425 0
43426 2
43427 1
43428 3
43429 5
43430 6
43431 5
43432 5
43433 5
43434 0
43435 4
43436 6
43437 4
43438 3
43439 5
43440 7
43441 4
43442 4
43443 3
43444 3
43445 4
43446 1
43447 2
43448 6
43449 7
43450 5
43451 5
43452 6
43453 4
43454 7
43455 7
43456 6
43457 6
43458 4
43459 2
43460 0
43461 0
43462 6
43463 7
43464 6
43465 3
43466 6
43467 6
43468 4
43469 4
43470 4
43471 0
43472 5
43473 6
43474 3
43475 0
43476 6
43477 0
43478 1
43479 7
43480 6
43481 0
43482 7
43483 2
43484 2
43485 5
43486 3
43487 2
43488 1
43489 1
43490 1
43491 2
43492 5
43493 2
43494 4
43495 5
43496 1
43497 3
43498 4
43499 5
43500 1
43501 4
43502 5
43503 7
43504 1
43505 5
43506 3
43507 7
43508 2
43509 3
43510 2
43511 3
43512 1
43513 6
43514 7
43515 2
43516 2
43517 7
43518 2
43519 7
43520 0
43521 3
43522 5
43523 5
43524 0
43525 5
43526 4
43527 6
43528 5
43529 3
43530 3
43531 2
43532 3
43533 5
43534 4
43535 4
43536 6
43537 6
43538 2
43539 4
43540 5
43541 5
43542 5
43543 7
43544 4
43545 5
43546 6
43547 4
43548 0
43549 4
43550 7
43551 2
43552 8
43553 1
43554 4
43555 4
43556 0
43557 4
43558 6
43559 4
43560 5
43561 7
43562 3
43563 3
43564 1
43565 5
43566 3
43567 5
43568 3
43569 2
43570 0
43571 4
43572 3
43573 6
43574 3
43575 5
43576 6
43577 0
43578 6
43579 6
43580 5
43581 0
43582 6
43583 2
43584 4
43585 6
43586 5
43587 4
43588 4
43589 6
43590 5
43591 0
43592 3
43593 3
43594 6
43595 4
43596 6
43597 6
43598 2
43599 6
43600 6
43601 4
43602 5
43603 5
43604 3
43605 7
43606 1
43607 1
43608 3
43609 3
43610 1
43611 1
43612 6
43613 4
43614 4
43615 6
43616 6
43617 2
43618 3
43619 5
43620 6
43621 1
43622 4
43623 3
43624 5
43625 6
43626 3
43627 4
43628 2
43629 1
43630 5
43631 3
43632 7
43633 5
43634 4
43635 2
43636 4
43637 5
43638 5
43639 6
43640 5
43641 4
43642 0
43643 3
43644 5
43645 6
43646 6
43647 2
43648 6
43649 5
43650 2
43651 4
43652 5
43653 6
43654 1
43655 7
43656 3
43657 1
43658 3
43659 7
43660 3
43661 7
43662 4
43663 2
43664 1
43665 5
43666 5
43667 6
43668 5
43669 5
43670 7
43671 2
43672 3
43673 6
43674 3
43675 6
43676 1
43677 3
43678 1
43679 3
43680 6
43681 4
43682 5
43683 2
43684 2
43685 5
43686 6
43687 2
43688 3
43689 3
43690 7
43691 2
43692 6
43693 3
43694 3
43695 6
43696 4
43697 6
43698 7
43699 4
43700 6
43701 4
43702 5
43703 4
43704 5
43705 7
43706 1
43707 4
43708 5
43709 4
43710 4
43711 0
43712 0
43713 5
43714 6
43715 0
43716 5
43717 2
43718 5
43719 6
43720 3
43721 5
43722 2
43723 2
43724 5
43725 1
43726 6
43727 1
43728 6
43729 5
43730 0
43731 1
43732 6
43733 2
43734 2
43735 4
43736 6
43737 4
43738 5
43739 4
43740 4
43741 3
43742 4
43743 5
43744 7
43745 3
43746 7
43747 6
43748 5
43749 5
43750 0
43751 6
43752 2
43753 4
43754 2
43755 6
43756 6
43757 6
43758 6
43759 6
43760 4
43761 4
43762 6
43763 4
43764 3
43765 5
43766 3
43767 6
43768 6
43769 0
43770 6
43771 7
43772 6
43773 8
43774 6
43775 6
43776 5
43777 7
43778 4
43779 3
43780 1
43781 4
43782 7
43783 5
43784 1
43785 7
43786 3
43787 0
43788 5
43789 3
43790 5
43791 0
43792 4
43793 2
43794 5
43795 0
43796 4
43797 5
43798 3
43799 1
43800 6
43801 0
43802 1
43803 6
43804 1
43805 1
43806 0
43807 4
43808 1
43809 2
43810 4
43811 2
43812 1
43813 4
43814 1
43815 2
43816 2
43817 1
43818 6
43819 1
43820 7
43821 3
43822 2
43823 5
43824 4
43825 3
43826 4
43827 5
43828 2
43829 5
43830 6
43831 5
43832 7
43833 6
43834 6
43835 3
43836 3
43837 4
43838 7
43839 4
43840 1
43841 1
43842 7
43843 1
43844 3
43845 1
43846 2
43847 4
43848 3
43849 7
43850 3
43851 4
43852 5
43853 5
43854 6
43855 4
43856 3
43857 1
43858 5
43859 1
43860 7
43861 3
43862 4
43863 7
43864 0
43865 5
43866 5
43867 5
43868 3
43869 6
43870 4
43871 4
43872 4
43873 4
43874 3
43875 7
43876 3
43877 7
43878 6
43879 5
43880 6
43881 2
43882 7
43883 3
43884 3
43885 0
43886 5
43887 3
43888 7
43889 5
43890 6
43891 4
43892 4
43893 1
43894 3
43895 3
43896 2
43897 3
43898 6
43899 1
43900 5
43901 3
43902 5
43903 3
43904 7
43905 5
43906 3
43907 3
43908 5
43909 6
43910 6
43911 5
43912 5
43913 5
43914 3
43915 7
43916 5
43917 2
43918 3
43919 3
43920 5
43921 7
43922 5
43923 3
43924 6
43925 5
43926 1
43927 0
43928 4
43929 5
43930 3
43931 2
43932 3
43933 6
43934 6
43935 0
43936 0
43937 1
43938 3
43939 6
43940 0
43941 0
43942 4
43943 6
43944 3
43945 2
43946 5
43947 1
43948 4
43949 6
43950 4
43951 5
43952 5
43953 7
43954 5
43955 2
43956 5
43957 6
43958 5
43959 5
43960 3
43961 3
43962 7
43963 8
43964 0
43965 6
43966 3
43967 7
43968 5
43969 6
43970 4
43971 2
43972 5
43973 5
43974 3
43975 4
43976 5
43977 6
43978 2
43979 4
43980 5
43981 3
43982 3
43983 4
43984 4
43985 0
43986 3
43987 0
43988 6
43989 3
43990 5
43991 5
43992 5
43993 2
43994 4
43995 2
43996 2
43997 2
43998 4
43999 3
44000 5
44001 1
44002 2
44003 4
44004 4
44005 2
44006 4
44007 3
44008 5
44009 5
44010 6
44011 7
44012 5
44013 1
44014 5
44015 5
44016 5
44017 1
44018 7
44019 3
44020 6
44021 5
44022 5
44023 2
44024 3
44025 6
44026 0
44027 1
44028 0
44029 6
44030 6
44031 2
44032 5
44033 1
44034 3
44035 7
44036 2
44037 2
44038 6
44039 2
44040 6
44041 5
44042 4
44043 5
44044 3
44045 5
44046 4
44047 6
44048 0
44049 7
44050 6
44051 6
44052 1
44053 6
44054 2
44055 4
44056 6
44057 0
44058 6
44059 4
44060 7
44061 1
44062 1
44063 6
44064 7
44065 3
44066 1
44067 4
44068 7
44069 1
44070 7
44071 7
44072 4
44073 4
44074 6
44075 5
44076 6
44077 0
44078 5
44079 3
44080 3
44081 1
44082 5
44083 5
44084 6
44085 3
44086 0
44087 7
44088 4
44089 4
44090 2
44091 3
44092 6
44093 7
44094 1
44095 6
44096 5
44097 6
44098 6
44099 3
44100 6
44101 6
44102 0
44103 2
44104 5
44105 5
44106 6
44107 5
44108 6
44109 0
44110 4
44111 4
44112 4
44113 5
44114 5
44115 7
44116 4
44117 6
44118 6
44119 1
44120 4
44121 1
44122 6
44123 0
44124 5
44125 2
44126 3
44127 7
44128 4
44129 4
44130 2
44131 7
44132 2
44133 3
44134 4
44135 6
44136 8
44137 6
44138 5
44139 4
44140 3
44141 7
44142 1
44143 3
44144 4
44145 4
44146 2
44147 0
44148 7
44149 6
44150 4
44151 6
44152 5
44153 3
44154 5
44155 4
44156 4
44157 3
44158 0
44159 5
44160 4
44161 5
44162 6
44163 4
44164 5
44165 3
44166 2
44167 5
44168 2
44169 1
44170 3
44171 6
44172 0
44173 1
44174 0
44175 3
44176 3
44177 5
44178 0
44179 3
44180 0
44181 4
44182 2
44183 4
44184 2
44185 3
44186 6
44187 1
44188 3
44189 5
44190 0
44191 3
44192 4
44193 0
44194 2
44195 7
44196 6
44197 3
44198 6
44199 0
44200 5
44201 1
44202 0
44203 5
44204 5
44205 4
44206 2
44207 5
44208 6
44209 8
44210 3
44211 5
44212 0
44213 4
44214 4
44215 6
44216 0
44217 6
44218 5
44219 5
44220 1
44221 2
44222 1
44223 7
44224 0
44225 7
44226 1
44227 4
44228 4
44229 4
44230 1
44231 5
44232 2
44233 4
44234 4
44235 6
44236 2
44237 6
44238 5
44239 6
44240 6
44241 7
44242 7
44243 0
44244 5
44245 1
44246 1
44247 1
44248 6
44249 4
44250 6
44251 3
44252 3
44253 7
44254 5
44255 4
44256 6
44257 2
44258 6
44259 2
44260 0
44261 2
44262 5
44263 4
44264 0
44265 1
44266 5
44267 5
44268 0
44269 2
44270 5
44271 5
44272 0
44273 2
44274 2
44275 2
44276 1
44277 0
44278 4
44279 3
44280 4
44281 0
44282 2
44283 2
44284 4
44285 1
44286 5
44287 3
44288 0
44289 6
44290 0
44291 4
44292 1
44293 2
44294 6
44295 1
44296 5
44297 6
44298 3
44299 1
44300 3
44301 6
44302 3
44303 2
44304 0
44305 5
44306 6
44307 7
44308 2
44309 5
44310 5
44311 6
44312 3
44313 3
44314 5
44315 2
44316 1
44317 3
44318 7
44319 5
44320 0
44321 6
44322 6
44323 2
44324 6
44325 6
44326 6
44327 3
44328 6
44329 5
44330 5
44331 5
44332 6
44333 4
44334 1
44335 1
44336 7
44337 7
44338 2
44339 3
44340 3
44341 2
44342 2
44343 1
44344 4
44345 3
44346 6
44347 2
44348 0
44349 4
44350 6
44351 2
44352 3
44353 7
44354 6
44355 1
44356 2
44357 4
44358 0
44359 0
44360 3
44361 1
44362 1
44363 2
44364 0
44365 4
44366 7
44367 4
44368 5
44369 1
44370 4
44371 6
44372 5
44373 0
44374 5
44375 5
44376 5
44377 4
44378 4
44379 1
44380 2
44381 3
44382 5
44383 7
44384 0
44385 5
44386 3
44387 1
44388 6
44389 6
44390 6
44391 4
44392 0
44393 5
44394 7
44395 5
44396 7
44397 3
44398 2
44399 5
44400 1
44401 5
44402 2
44403 5
44404 4
44405 0
44406 5
44407 3
44408 7
44409 5
44410 7
44411 7
44412 6
44413 2
44414 7
44415 5
44416 7
44417 5
44418 1
44419 0
44420 3
44421 7
44422 5
44423 4
44424 2
44425 4
44426 0
44427 1
44428 6
44429 6
44430 5
44431 7
44432 2
44433 7
44434 4
44435 6
44436 3
44437 3
44438 6
44439 4
44440 5
44441 3
44442 4
44443 1
44444 4
44445 1
44446 7
44447 4
44448 2
44449 5
44450 3
44451 2
44452 0
44453 6
44454 4
44455 1
44456 5
44457 4
44458 5
44459 3
44460 2
44461 5
44462 7
44463 7
44464 6
44465 3
44466 5
44467 5
44468 6
44469 7
44470 5
44471 1
44472 5
44473 7
44474 6
44475 1
44476 4
44477 4
44478 1
44479 6
44480 5
44481 5
44482 7
44483 4
44484 1
44485 4
44486 3
44487 4
44488 4
44489 4
44490 6
44491 4
44492 0
44493 6
44494 7
44495 5
44496 4
44497 4
44498 3
44499 1
44500 6
44501 6
44502 7
44503 5
44504 3
44505 6
44506 6
44507 2
44508 4
44509 6
44510 6
44511 5
44512 3
44513 6
44514 5
44515 7
44516 1
44517 3
44518 4
44519 2
44520 5
44521 0
44522 4
44523 0
44524 6
44525 6
44526 4
44527 7
44528 3
44529 0
44530 2
44531 1
44532 1
44533 6
44534 4
44535 7
44536 7
44537 7
44538 4
44539 3
44540 4
44541 3
44542 4
44543 3
44544 0
44545 5
44546 3
44547 1
44548 2
44549 8
44550 5
44551 5
44552 6
44553 7
44554 4
44555 1
44556 3
44557 3
44558 4
44559 0
44560 7
44561 0
44562 6
44563 2
44564 5
44565 3
44566 1
44567 5
44568 3
44569 5
44570 2
44571 4
44572 3
44573 4
44574 0
44575 3
44576 6
44577 3
44578 3
44579 5
44580 1
44581 1
44582 5
44583 6
44584 6
44585 3
44586 7
44587 3
44588 5
44589 4
44590 8
44591 1
44592 3
44593 7
44594 1
44595 2
44596 6
44597 7
44598 5
44599 4
44600 1
44601 7
44602 7
44603 0
44604 1
44605 3
44606 1
44607 6
44608 5
44609 4
44610 3
44611 2
44612 6
44613 5
44614 4
44615 5
44616 4
44617 2
44618 6
44619 4
44620 5
44621 3
44622 1
44623 2
44624 6
44625 5
44626 7
44627 3
44628 4
44629 5
44630 5
44631 4
44632 6
44633 7
44634 7
44635 5
44636 5
44637 4
44638 1
44639 2
44640 0
44641 6
44642 5
44643 0
44644 6
44645 3
44646 4
44647 3
44648 6
44649 4
44650 6
44651 6
44652 5
44653 4
44654 6
44655 7
44656 3
44657 6
44658 2
44659 6
44660 5
44661 5
44662 7
44663 6
44664 3
44665 4
44666 1
44667 7
44668 5
44669 7
44670 5
44671 3
44672 7
44673 3
44674 0
44675 2
44676 2
44677 7
44678 6
44679 1
44680 1
44681 4
44682 7
44683 6
44684 6
44685 5
44686 4
44687 3
44688 6
44689 6
44690 7
44691 4
44692 7
44693 7
44694 2
44695 7
44696 5
44697 4
44698 3
44699 0
44700 5
44701 3
44702 5
44703 6
44704 3
44705 4
44706 5
44707 6
44708 5
44709 3
44710 4
44711 3
44712 7
44713 5
44714 1
44715 0
44716 4
44717 7
44718 6
44719 4
44720 0
44721 4
44722 3
44723 6
44724 5
44725 6
44726 6
44727 5
44728 3
44729 1
44730 6
44731 6
44732 7
44733 4
44734 3
44735 5
44736 0
44737 2
44738 1
44739 0
44740 1
44741 6
44742 0
44743 7
44744 6
44745 5
44746 1
44747 5
44748 4
44749 5
44750 6
44751 0
44752 4
44753 2
44754 2
44755 6
44756 1
44757 5
44758 3
44759 5
44760 5
44761 2
44762 5
44763 5
44764 6
44765 4
44766 7
44767 2
44768 5
44769 7
44770 8
44771 7
44772 7
44773 6
44774 6
44775 4
44776 7
44777 6
44778 6
44779 4
44780 7
44781 5
44782 7
44783 1
44784 4
44785 1
44786 5
44787 4
44788 2
44789 4
44790 6
44791 6
44792 6
44793 3
44794 7
44795 3
44796 6
44797 0
44798 3
44799 5
44800 5
44801 5
44802 7
44803 2
44804 3
44805 7
44806 7
44807 6
44808 1
44809 0
44810 7
44811 1
44812 2
44813 3
44814 7
44815 4
44816 6
44817 7
44818 5
44819 3
44820 2
44821 1
44822 7
44823 6
44824 6
44825 6
44826 1
44827 2
44828 0
44829 5
44830 4
44831 2
44832 0
44833 5
44834 7
44835 2
44836 6
44837 3
44838 4
44839 1
44840 6
44841 5
44842 6
44843 3
44844 1
44845 5
44846 5
44847 7
44848 6
44849 2
44850 5
44851 0
44852 7
44853 7
44854 3
44855 3
44856 5
44857 4
44858 6
44859 3
44860 6
44861 6
44862 3
44863 5
44864 4
44865 2
44866 7
44867 4
44868 6
44869 3
44870 7
44871 5
44872 4
44873 3
44874 3
44875 5
44876 7
44877 4
44878 5
44879 2
44880 6
44881 5
44882 5
44883 4
44884 6
44885 4
44886 6
44887 5
44888 2
44889 1
44890 4
44891 8
44892 5
44893 2
44894 4
44895 2
44896 3
44897 2
44898 6
44899 4
44900 7
44901 7
44902 5
44903 4
44904 5
44905 7
44906 4
44907 5
44908 5
44909 6
44910 4
44911 0
44912 4
44913 2
44914 5
44915 6
44916 3
44917 0
44918 2
44919 4
44920 6
44921 6
44922 5
44923 5
44924 2
44925 6
44926 4
44927 4
44928 2
44929 6
44930 6
44931 5
44932 4
44933 1
44934 8
44935 6
44936 0
44937 4
44938 5
44939 0
44940 1
44941 5
44942 2
44943 0
44944 3
44945 6
44946 5
44947 6
44948 3
44949 6
44950 5
44951 4
44952 1
44953 3
44954 4
44955 1
44956 7
44957 4
44958 1
44959 7
44960 0
44961 2
44962 6
44963 5
44964 3
44965 4
44966 2
44967 6
44968 2
44969 6
44970 1
44971 3
44972 0
44973 3
44974 4
44975 5
44976 4
44977 5
44978 6
44979 4
44980 5
44981 6
44982 0
44983 7
44984 6
44985 4
44986 2
44987 6
44988 4
44989 5
44990 6
44991 4
44992 8
44993 5
44994 1
44995 6
44996 6
44997 0
44998 7
44999 0
45000 7
45001 0
45002 7
45003 5
45004 0
45005 1
45006 6
45007 0
45008 6
45009 6
45010 4
45011 1
45012 2
45013 7
45014 5
45015 6
45016 5
45017 6
45018 6
45019 7
45020 4
45021 7
45022 8
45023 2
45024 3
45025 6
45026 2
45027 4
45028 7
45029 7
45030 3
45031 3
45032 8
45033 1
45034 5
45035 5
45036 6
45037 0
45038 5
45039 7
45040 1
45041 6
45042 5
45043 5
45044 7
45045 5
45046 5
45047 4
45048 5
45049 2
45050 5
45051 6
45052 5
45053 2
45054 6
45055 6
45056 3
45057 3
45058 6
45059 5
45060 2
45061 6
45062 6
45063 3
45064 3
45065 6
45066 6
45067 7
45068 3
45069 5
45070 3
45071 4
45072 4
45073 5
45074 5
45075 7
45076 6
45077 4
45078 4
45079 1
45080 3
45081 5
45082 3
45083 6
45084 2
45085 7
45086 3
45087 6
45088 4
45089 3
45090 3
45091 7
45092 7
45093 5
45094 4
45095 3
45096 5
45097 6
45098 4
45099 4
45100 2
45101 5
45102 6
45103 5
45104 0
45105 4
45106 1
45107 7
45108 3
45109 4
45110 5
45111 1
45112 3
45113 3
45114 6
45115 4
45116 3
45117 7
45118 2
45119 0
45120 6
45121 5
45122 1
45123 1
45124 7
45125 2
45126 0
45127 3
45128 3
45129 4
45130 4
45131 4
45132 1
45133 0
45134 7
45135 0
45136 0
45137 6
45138 3
45139 2
45140 6
45141 5
45142 8
45143 6
45144 7
45145 5
45146 1
45147 0
45148 3
45149 2
45150 7
45151 5
45152 7
45153 2
45154 4
45155 4
45156 4
45157 4
45158 1
45159 2
45160 3
45161 5
45162 2
45163 7
45164 6
45165 6
45166 6
45167 4
45168 2
45169 6
45170 7
45171 5
45172 6
45173 5
45174 2
45175 6
45176 1
45177 1
45178 4
45179 5
45180 4
45181 5
45182 5
45183 6
45184 2
45185 2
45186 2
45187 1
45188 3
45189 5
45190 4
45191 5
45192 0
45193 2
45194 8
45195 4
45196 2
45197 0
45198 3
45199 6
45200 5
45201 4
45202 6
45203 1
45204 6
45205 5
45206 5
45207 1
45208 6
45209 6
45210 7
45211 4
45212 7
45213 6
45214 6
45215 4
45216 1
45217 7
45218 6
45219 7
45220 3
45221 4
45222 4
45223 7
45224 4
45225 7
45226 6
45227 8
45228 6
45229 6
45230 4
45231 3
45232 6
45233 7
45234 6
45235 1
45236 5
45237 4
45238 0
45239 3
45240 5
45241 5
45242 7
45243 0
45244 4
45245 1
45246 3
45247 6
45248 3
45249 4
45250 1
45251 2
45252 6
45253 5
45254 2
45255 1
45256 2
45257 7
45258 3
45259 3
45260 2
45261 6
45262 6
45263 7
45264 1
45265 5
45266 7
45267 6
45268 1
45269 5
45270 2
45271 1
45272 5
45273 6
45274 5
45275 0
45276 5
45277 3
45278 3
45279 0
45280 3
45281 5
45282 6
45283 3
45284 2
45285 4
45286 5
45287 6
45288 5
45289 3
45290 6
45291 5
45292 1
45293 4
45294 5
45295 3
45296 2
45297 1
45298 2
45299 6
45300 8
45301 4
45302 4
45303 3
45304 0
45305 4
45306 2
45307 5
45308 4
45309 3
45310 2
45311 5
45312 1
45313 6
45314 1
45315 8
45316 4
45317 8
45318 5
45319 5
45320 7
45321 1
45322 1
45323 0
45324 0
45325 4
45326 2
45327 5
45328 6
45329 6
45330 5
45331 6
45332 2
45333 7
45334 5
45335 5
45336 3
45337 8
45338 7
45339 0
45340 3
45341 8
45342 6
45343 6
45344 3
45345 2
45346 6
45347 5
45348 4
45349 2
45350 5
45351 3
45352 1
45353 5
45354 1
45355 4
45356 0
45357 6
45358 7
45359 5
45360 4
45361 4
45362 6
45363 0
45364 6
45365 6
45366 6
45367 1
45368 7
45369 1
45370 6
45371 7
45372 6
45373 6
45374 6
45375 1
45376 5
45377 5
45378 6
45379 2
45380 3
45381 2
45382 5
45383 6
45384 5
45385 2
45386 1
45387 5
45388 5
45389 5
45390 4
45391 1
45392 1
45393 0
45394 5
45395 2
45396 6
45397 4
45398 1
45399 6
45400 7
45401 3
45402 6
45403 6
45404 7
45405 0
45406 0
45407 2
45408 5
45409 2
45410 6
45411 0
45412 7
45413 2
45414 5
45415 4
45416 0
45417 4
45418 4
45419 7
45420 4
45421 7
45422 4
45423 6
45424 4
45425 3
45426 5
45427 5
45428 2
45429 2
45430 4
45431 5
45432 2
45433 2
45434 6
45435 7
45436 7
45437 3
45438 4
45439 4
45440 5
45441 0
45442 3
45443 3
45444 5
45445 3
45446 2
45447 2
45448 0
45449 1
45450 7
45451 7
45452 5
45453 2
45454 6
45455 5
45456 2
45457 4
45458 4
45459 3
45460 1
45461 6
45462 3
45463 5
45464 0
45465 6
45466 6
45467 0
45468 6
45469 7
45470 1
45471 3
45472 4
45473 6
45474 5
45475 0
45476 6
45477 6
45478 4
45479 0
45480 0
45481 4
45482 0
45483 0
45484 5
45485 4
45486 6
45487 8
45488 8
45489 4
45490 5
45491 4
45492 7
45493 2
45494 7
45495 2
45496 7
45497 4
45498 5
45499 4
45500 6
45501 0
45502 4
45503 7
45504 4
45505 5
45506 5
45507 5
45508 0
45509 4
45510 6
45511 5
45512 3
45513 7
45514 3
45515 0
45516 5
45517 4
45518 5
45519 3
45520 6
45521 1
45522 1
45523 5
45524 6
45525 4
45526 4
45527 1
45528 5
45529 6
45530 4
45531 5
45532 3
45533 4
45534 2
45535 7
45536 8
45537 6
45538 3
45539 5
45540 3
45541 4
45542 0
45543 0
45544 7
45545 5
45546 5
45547 3
45548 4
45549 2
45550 5
45551 2
45552 2
45553 2
45554 2
45555 4
45556 1
45557 7
45558 0
45559 4
45560 6
45561 1
45562 3
45563 6
45564 5
45565 4
45566 5
45567 6
45568 4
45569 5
45570 3
45571 4
45572 1
45573 3
45574 7
45575 5
45576 1
45577 2
45578 5
45579 3
45580 4
45581 5
45582 6
45583 1
45584 7
45585 7
45586 2
45587 7
45588 4
45589 7
45590 1
45591 6
45592 4
45593 7
45594 0
45595 6
45596 6
45597 1
45598 6
45599 6
45600 4
45601 3
45602 1
45603 6
45604 3
45605 1
45606 6
45607 7
45608 2
45609 4
45610 0
45611 4
45612 2
45613 4
45614 2
45615 3
45616 4
45617 4
45618 4
45619 6
45620 0
45621 5
45622 5
45623 2
45624 6
45625 6
45626 2
45627 7
45628 7
45629 6
45630 0
45631 5
45632 7
45633 6
45634 6
45635 0
45636 4
45637 7
45638 5
45639 4
45640 6
45641 8
45642 5
45643 5
45644 5
45645 7
45646 1
45647 1
45648 2
45649 7
45650 6
45651 3
45652 2
45653 1
45654 2
45655 1
45656 1
45657 3
45658 2
45659 0
45660 4
45661 4
45662 5
45663 4
45664 6
45665 5
45666 3
45667 7
45668 1
45669 6
45670 3
45671 5
45672 2
45673 3
45674 2
45675 7
45676 4
45677 1
45678 6
45679 3
45680 7
45681 4
45682 0
45683 5
45684 5
45685 5
45686 2
45687 1
45688 6
45689 1
45690 0
45691 0
45692 3
45693 5
45694 0
45695 3
45696 2
45697 7
45698 3
45699 4
45700 0
45701 1
45702 4
45703 5
45704 2
45705 5
45706 2
45707 8
45708 6
45709 0
45710 5
45711 6
45712 3
45713 6
45714 6
45715 1
45716 8
45717 3
45718 0
45719 5
45720 8
45721 1
45722 1
45723 2
45724 5
45725 7
45726 7
45727 3
45728 3
45729 6
45730 6
45731 0
45732 5
45733 4
45734 1
45735 8
45736 0
45737 8
45738 8
45739 6
45740 6
45741 0
45742 4
45743 5
45744 4
45745 6
45746 5
45747 4
45748 5
45749 5
45750 6
45751 4
45752 5
45753 4
45754 2
45755 6
45756 4
45757 6
45758 4
45759 7
45760 6
45761 4
45762 5
45763 5
45764 6
45765 6
45766 4
45767 7
45768 1
45769 4
45770 5
45771 5
45772 0
45773 7
45774 4
45775 4
45776 0
45777 2
45778 4
45779 5
45780 4
45781 1
45782 1
45783 2
45784 4
45785 7
45786 4
45787 1
45788 1
45789 4
45790 5
45791 2
45792 3
45793 2
45794 6
45795 5
45796 4
45797 2
45798 7
45799 6
45800 7
45801 1
45802 4
45803 4
45804 2
45805 1
45806 1
45807 5
45808 3
45809 0
45810 1
45811 5
45812 7
45813 5
45814 2
45815 4
45816 0
45817 4
45818 2
45819 5
45820 5
45821 6
45822 5
45823 4
45824 6
45825 4
45826 1
45827 5
45828 3
45829 5
45830 1
45831 5
45832 7
45833 7
45834 7
45835 7
45836 2
45837 2
45838 1
45839 6
45840 6
45841 3
45842 4
45843 6
45844 6
45845 6
45846 2
45847 3
45848 4
45849 2
45850 6
45851 3
45852 2
45853 5
45854 6
45855 1
45856 4
45857 3
45858 3
45859 3
45860 4
45861 6
45862 7
45863 6
45864 0
45865 2
45866 5
45867 0
45868 2
45869 7
45870 3
45871 4
45872 3
45873 3
45874 1
45875 5
45876 6
45877 7
45878 5
45879 6
45880 4
45881 6
45882 1
45883 0
45884 6
45885 3
45886 3
45887 8
45888 1
45889 5
45890 4
45891 6
45892 5
45893 5
45894 5
45895 2
45896 6
45897 1
45898 2
45899 6
45900 6
45901 6
45902 5
45903 6
45904 5
45905 0
45906 6
45907 3
45908 6
45909 4
45910 5
45911 5
45912 4
45913 3
45914 5
45915 5
45916 3
45917 5
45918 5
45919 6
45920 7
45921 2
45922 5
45923 6
45924 6
45925 2
45926 5
45927 2
45928 6
45929 2
45930 5
45931 3
45932 6
45933 6
45934 0
45935 3
45936 8
45937 1
45938 3
45939 5
45940 7
45941 5
45942 3
45943 5
45944 4
45945 1
45946 4
45947 5
45948 4
45949 2
45950 6
45951 1
45952 3
45953 3
45954 5
45955 3
45956 6
45957 6
45958 6
45959 4
45960 6
45961 0
45962 2
45963 6
45964 5
45965 3
45966 5
45967 4
45968 4
45969 5
45970 5
45971 5
45972 4
45973 7
45974 7
45975 0
45976 4
45977 4
45978 6
45979 5
45980 1
45981 0
45982 6
45983 1
45984 6
45985 4
45986 5
45987 3
45988 7
45989 2
45990 2
45991 3
45992 7
45993 3
45994 3
45995 1
45996 4
45997 5
45998 7
45999 6
46000 2
46001 5
46002 0
46003 3
46004 3
46005 3
46006 5
46007 0
46008 5
46009 2
46010 5
46011 6
46012 5
46013 2
46014 4
46015 1
46016 1
46017 0
46018 1
46019 7
46020 3
46021 7
46022 5
46023 4
46024 5
46025 3
46026 0
46027 5
46028 0
46029 0
46030 6
46031 4
46032 7
46033 8
46034 0
46035 6
46036 2
46037 5
46038 3
46039 7
46040 2
46041 7
46042 3
46043 1
46044 4
46045 4
46046 2
46047 2
46048 4
46049 6
46050 4
46051 7
46052 5
46053 2
46054 2
46055 5
46056 6
46057 5
46058 3
46059 7
46060 5
46061 1
46062 5
46063 3
46064 7
46065 4
46066 5
46067 3
46068 1
46069 6
46070 6
46071 4
46072 5
46073 1
46074 7
46075 4
46076 2
46077 3
46078 5
46079 5
46080 6
46081 5
46082 7
46083 6
46084 8
46085 3
46086 6
46087 3
46088 0
46089 4
46090 1
46091 5
46092 1
46093 7
46094 2
46095 1
46096 2
46097 2
46098 7
46099 6
46100 5
46101 5
46102 6
46103 0
46104 3
46105 6
46106 7
46107 7
46108 8
46109 7
46110 7
46111 2
46112 6
46113 4
46114 0
46115 2
46116 2
46117 7
46118 5
46119 3
46120 4
46121 6
46122 3
46123 5
46124 0
46125 5
46126 2
46127 5
46128 4
46129 0
46130 3
46131 4
46132 5
46133 4
46134 4
46135 7
46136 6
46137 1
46138 0
46139 7
46140 0
46141 6
46142 3
46143 5
46144 2
46145 1
46146 4
46147 4
46148 4
46149 4
46150 5
46151 1
46152 3
46153 3
46154 3
46155 5
46156 3
46157 2
46158 4
46159 0
46160 2
46161 5
46162 5
46163 0
46164 6
46165 4
46166 5
46167 5
46168 3
46169 5
46170 8
46171 5
46172 7
46173 1
46174 9
46175 7
46176 6
46177 6
46178 3
46179 0
46180 1
46181 7
46182 5
46183 2
46184 7
46185 2
46186 4
46187 6
46188 4
46189 2
46190 5
46191 4
46192 0
46193 3
46194 3
46195 3
46196 7
46197 4
46198 6
46199 7
46200 5
46201 7
46202 5
46203 7
46204 1
46205 7
46206 5
46207 4
46208 4
46209 4
46210 7
46211 5
46212 1
46213 2
46214 7
46215 6
46216 5
46217 6
46218 3
46219 4
46220 7
46221 5
46222 5
46223 3
46224 1
46225 3
46226 0
46227 5
46228 3
46229 6
46230 7
46231 6
46232 5
46233 4
46234 1
46235 8
46236 7
46237 6
46238 6
46239 1
46240 8
46241 5
46242 6
46243 7
46244 6
46245 6
46246 2
46247 1
46248 7
46249 4
46250 6
46251 7
46252 5
46253 0
46254 6
46255 4
46256 1
46257 4
46258 1
46259 6
46260 5
46261 5
46262 8
46263 0
46264 3
46265 1
46266 5
46267 2
46268 1
46269 0
46270 5
46271 2
46272 4
46273 4
46274 2
46275 4
46276 2
46277 5
46278 7
46279 0
46280 7
46281 5
46282 6
46283 3
46284 4
46285 7
46286 1
46287 4
46288 0
46289 5
46290 0
46291 4
46292 7
46293 5
46294 3
46295 3
46296 3
46297 5
46298 4
46299 0
46300 6
46301 0
46302 6
46303 5
46304 5
46305 4
46306 1
46307 1
46308 5
46309 6
46310 5
46311 1
46312 2
46313 3
46314 6
46315 5
46316 5
46317 5
46318 5
46319 0
46320 4
46321 5
46322 3
46323 2
46324 2
46325 8
46326 1
46327 3
46328 0
46329 3
46330 7
46331 3
46332 5
46333 6
46334 4
46335 4
46336 4
46337 5
46338 3
46339 6
46340 1
46341 6
46342 0
46343 6
46344 1
46345 4
46346 5
46347 6
46348 6
46349 4
46350 1
46351 5
46352 4
46353 6
46354 6
46355 7
46356 6
46357 4
46358 0
46359 4
46360 4
46361 4
46362 2
46363 1
46364 5
46365 5
46366 6
46367 3
46368 4
46369 4
46370 5
46371 3
46372 5
46373 7
46374 1
46375 0
46376 5
46377 0
46378 6
46379 0
46380 2
46381 6
46382 7
46383 7
46384 4
46385 5
46386 5
46387 4
46388 7
46389 2
46390 5
46391 1
46392 0
46393 5
46394 6
46395 5
46396 1
46397 2
46398 6
46399 5
46400 1
46401 7
46402 6
46403 2
46404 2
46405 5
46406 1
46407 3
46408 7
46409 4
46410 3
46411 4
46412 6
46413 5
46414 5
46415 6
46416 3
46417 3
46418 6
46419 7
46420 2
46421 2
46422 4
46423 5
46424 6
46425 4
46426 5
46427 2
46428 6
46429 4
46430 6
46431 4
46432 6
46433 2
46434 8
46435 6
46436 3
46437 2
46438 2
46439 7
46440 5
46441 8
46442 4
46443 6
46444 5
46445 1
46446 1
46447 6
46448 4
46449 0
46450 0
46451 3
46452 0
46453 5
46454 2
46455 2
46456 5
46457 6
46458 6
46459 7
46460 4
46461 5
46462 7
46463 6
46464 4
46465 4
46466 4
46467 3
46468 5
46469 1
46470 6
46471 5
46472 5
46473 5
46474 3
46475 6
46476 7
46477 6
46478 4
46479 6
46480 4
46481 5
46482 6
46483 2
46484 3
46485 6
46486 3
46487 2
46488 5
46489 0
46490 6
46491 5
46492 0
46493 5
46494 7
46495 7
46496 5
46497 7
46498 4
46499 5
46500 5
46501 4
46502 1
46503 7
46504 1
46505 6
46506 7
46507 6
46508 4
46509 7
46510 6
46511 0
46512 6
46513 6
46514 5
46515 8
46516 0
46517 6
46518 3
46519 6
46520 5
46521 6
46522 5
46523 3
46524 3
46525 8
46526 1
46527 5
46528 4
46529 5
46530 6
46531 3
46532 6
46533 6
46534 6
46535 6
46536 6
46537 3
46538 7
46539 5
46540 6
46541 6
46542 1
46543 4
46544 5
46545 7
46546 1
46547 4
46548 6
46549 4
46550 6
46551 0
46552 7
46553 2
46554 4
46555 8
46556 2
46557 4
46558 4
46559 3
46560 5
46561 3
46562 2
46563 4
46564 6
46565 5
46566 5
46567 6
46568 1
46569 0
46570 7
46571 0
46572 6
46573 5
46574 4
46575 2
46576 1
46577 3
46578 4
46579 4
46580 6
46581 1
46582 6
46583 6
46584 6
46585 6
46586 6
46587 2
46588 6
46589 6
46590 3
46591 4
46592 5
46593 2
46594 1
46595 3
46596 1
46597 2
46598 0
46599 5
46600 7
46601 6
46602 3
46603 3
46604 7
46605 4
46606 1
46607 2
46608 0
46609 3
46610 7
46611 6
46612 5
46613 4
46614 2
46615 2
46616 6
46617 5
46618 0
46619 6
46620 1
46621 1
46622 0
46623 0
46624 6
46625 3
46626 2
46627 6
46628 3
46629 3
46630 0
46631 4
46632 5
46633 4
46634 7
46635 4
46636 2
46637 7
46638 5
46639 3
46640 4
46641 4
46642 0
46643 0
46644 4
46645 5
46646 3
46647 2
46648 5
46649 6
46650 8
46651 3
46652 7
46653 7
46654 7
46655 6
46656 4
46657 4
46658 3
46659 5
46660 2
46661 5
46662 4
46663 5
46664 2
46665 5
46666 7
46667 3
46668 7
46669 0
46670 7
46671 7
46672 2
46673 8
46674 5
46675 4
46676 0
46677 5
46678 4
46679 4
46680 7
46681 3
46682 4
46683 4
46684 7
46685 2
46686 4
46687 7
46688 6
46689 6
46690 1
46691 4
46692 3
46693 2
46694 7
46695 4
46696 4
46697 6
46698 5
46699 1
46700 2
46701 5
46702 7
46703 5
46704 0
46705 5
46706 2
46707 0
46708 2
46709 6
46710 8
46711 7
46712 0
46713 4
46714 4
46715 6
46716 7
46717 3
46718 5
46719 6
46720 1
46721 5
46722 2
46723 0
46724 3
46725 2
46726 5
46727 3
46728 3
46729 4
46730 6
46731 0
46732 4
46733 3
46734 4
46735 4
46736 0
46737 0
46738 2
46739 2
46740 6
46741 5
46742 0
46743 5
46744 5
46745 2
46746 2
46747 6
46748 1
46749 0
46750 0
46751 5
46752 4
46753 6
46754 5
46755 6
46756 3
46757 5
46758 3
46759 4
46760 6
46761 5
46762 5
46763 1
46764 4
46765 7
46766 1
46767 4
46768 1
46769 5
46770 3
46771 1
46772 1
46773 8
46774 4
46775 6
46776 1
46777 7
46778 2
46779 5
46780 8
46781 7
46782 4
46783 6
46784 2
46785 1
46786 5
46787 3
46788 1
46789 3
46790 5
46791 3
46792 5
46793 6
46794 6
46795 2
46796 7
46797 2
46798 7
46799 6
46800 6
46801 1
46802 1
46803 2
46804 6
46805 7
46806 7
46807 7
46808 4
46809 5
46810 1
46811 1
46812 5
46813 5
46814 4
46815 6
46816 1
46817 6
46818 6
46819 2
46820 4
46821 2
46822 5
46823 7
46824 3
46825 7
46826 2
46827 6
46828 5
46829 7
46830 4
46831 6
46832 2
46833 4
46834 7
46835 3
46836 4
46837 0
46838 3
46839 0
46840 6
46841 0
46842 7
46843 4
46844 4
46845 2
46846 4
46847 0
46848 8
46849 3
46850 4
46851 5
46852 7
46853 4
46854 3
46855 3
46856 3
46857 0
46858 5
46859 5
46860 4
46861 4
46862 6
46863 3
46864 6
46865 4
46866 1
46867 6
46868 7
46869 5
46870 7
46871 8
46872 6
46873 6
46874 7
46875 6
46876 6
46877 7
46878 3
46879 6
46880 6
46881 6
46882 6
46883 5
46884 3
46885 0
46886 2
46887 4
46888 3
46889 4
46890 1
46891 3
46892 4
46893 3
46894 6
46895 0
46896 6
46897 6
46898 7
46899 3
46900 5
46901 4
46902 3
46903 0
46904 6
46905 5
46906 6
46907 7
46908 4
46909 6
46910 2
46911 6
46912 5
46913 4
46914 3
46915 5
46916 2
46917 5
46918 2
46919 7
46920 1
46921 7
46922 7
46923 4
46924 2
46925 6
46926 3
46927 4
46928 5
46929 5
46930 7
46931 4
46932 6
46933 7
46934 5
46935 6
46936 5
46937 5
46938 8
46939 7
46940 2
46941 7
46942 6
46943 3
46944 7
46945 6
46946 2
46947 4
46948 1
46949 4
46950 5
46951 5
46952 2
46953 5
46954 2
46955 5
46956 2
46957 4
46958 4
46959 4
46960 4
46961 3
46962 3
46963 8
46964 6
46965 4
46966 6
46967 1
46968 6
46969 4
46970 5
46971 1
46972 6
46973 5
46974 2
46975 6
46976 7
46977 6
46978 1
46979 3
46980 4
46981 3
46982 7
46983 7
46984 5
46985 7
46986 7
46987 0
46988 6
46989 7
46990 6
46991 4
46992 5
46993 4
46994 6
46995 6
46996 5
46997 6
46998 5
46999 3
47000 6
47001 6
47002 2
47003 8
47004 6
47005 1
47006 7
47007 5
47008 4
47009 3
47010 0
47011 5
47012 6
47013 7
47014 7
47015 2
47016 2
47017 6
47018 5
47019 0
47020 1
47021 3
47022 6
47023 7
47024 3
47025 3
47026 7
47027 3
47028 3
47029 4
47030 5
47031 7
47032 3
47033 4
47034 6
47035 6
47036 2
47037 6
47038 1
47039 6
47040 4
47041 6
47042 6
47043 0
47044 5
47045 6
47046 7
47047 6
47048 7
47049 6
47050 4
47051 5
47052 6
47053 0
47054 1
47055 5
47056 5
47057 7
47058 7
47059 0
47060 3
47061 7
47062 5
47063 2
47064 7
47065 7
47066 4
47067 3
47068 5
47069 0
47070 2
47071 7
47072 2
47073 0
47074 4
47075 7
47076 1
47077 5
47078 3
47079 3
47080 2
47081 5
47082 0
47083 5
47084 6
47085 5
47086 4
47087 4
47088 6
47089 6
47090 3
47091 3
47092 7
47093 6
47094 4
47095 1
47096 6
47097 0
47098 0
47099 5
47100 5
47101 4
47102 0
47103 5
47104 7
47105 3
47106 3
47107 6
47108 6
47109 2
47110 2
47111 5
47112 5
47113 6
47114 5
47115 5
47116 2
47117 3
47118 0
47119 5
47120 0
47121 6
47122 7
47123 7
47124 7
47125 3
47126 3
47127 7
47128 3
47129 3
47130 5
47131 1
47132 5
47133 6
47134 7
47135 3
47136 0
47137 5
47138 1
47139 4
47140 3
47141 6
47142 1
47143 7
47144 4
47145 7
47146 2
47147 1
47148 3
47149 0
47150 3
47151 8
47152 3
47153 6
47154 7
47155 6
47156 3
47157 4
47158 4
47159 4
47160 3
47161 7
47162 5
47163 4
47164 3
47165 7
47166 7
47167 0
47168 7
47169 3
47170 5
47171 1
47172 6
47173 6
47174 6
47175 5
47176 7
47177 4
47178 5
47179 7
47180 5
47181 7
47182 2
47183 5
47184 7
47185 3
47186 1
47187 0
47188 3
47189 5
47190 7
47191 6
47192 4
47193 5
47194 4
47195 6
47196 3
47197 4
47198 1
47199 4
47200 1
47201 1
47202 6
47203 5
47204 4
47205 7
47206 2
47207 5
47208 7
47209 5
47210 8
47211 3
47212 3
47213 8
47214 7
47215 6
47216 4
47217 4
47218 5
47219 5
47220 5
47221 7
47222 1
47223 5
47224 2
47225 2
47226 5
47227 7
47228 5
47229 1
47230 5
47231 1
47232 6
47233 4
47234 3
47235 5
47236 7
47237 7
47238 2
47239 3
47240 2
47241 5
47242 0
47243 5
47244 1
47245 4
47246 6
47247 1
47248 5
47249 2
47250 3
47251 0
47252 4
47253 6
47254 5
47255 7
47256 3
47257 5
47258 4
47259 3
47260 5
47261 1
47262 3
47263 4
47264 2
47265 7
47266 5
47267 5
47268 7
47269 6
47270 4
47271 6
47272 5
47273 4
47274 1
47275 7
47276 0
47277 3
47278 0
47279 1
47280 5
47281 7
47282 7
47283 4
47284 2
47285 3
47286 6
47287 5
47288 5
47289 1
47290 3
47291 8
47292 7
47293 5
47294 7
47295 6
47296 0
47297 5
47298 4
47299 0
47300 3
47301 6
47302 5
47303 7
47304 7
47305 5
47306 2
47307 5
47308 3
47309 7
47310 6
47311 2
47312 3
47313 4
47314 0
47315 5
47316 5
47317 3
47318 0
47319 3
47320 7
47321 8
47322 5
47323 2
47324 1
47325 7
47326 5
47327 0
47328 4
47329 2
47330 6
47331 3
47332 2
47333 1
47334 5
47335 6
47336 5
47337 1
47338 6
47339 7
47340 2
47341 1
47342 5
47343 4
47344 6
47345 4
47346 0
47347 7
47348 1
47349 7
47350 6
47351 2
47352 1
47353 6
47354 1
47355 3
47356 5
47357 7
47358 7
47359 5
47360 6
47361 5
47362 5
47363 6
47364 3
47365 3
47366 8
47367 7
47368 4
47369 3
47370 7
47371 0
47372 6
47373 0
47374 6
47375 5
47376 6
47377 2
47378 5
47379 6
47380 2
47381 1
47382 4
47383 0
47384 6
47385 5
47386 8
47387 1
47388 0
47389 7
47390 7
47391 3
47392 1
47393 4
47394 0
47395 5
47396 6
47397 4
47398 5
47399 0
47400 2
47401 6
47402 6
47403 5
47404 7
47405 6
47406 6
47407 3
47408 1
47409 7
47410 1
47411 3
47412 7
47413 2
47414 6
47415 4
47416 6
47417 4
47418 7
47419 7
47420 0
47421 6
47422 0
47423 7
47424 7
47425 6
47426 5
47427 3
47428 0
47429 6
47430 6
47431 6
47432 3
47433 7
47434 5
47435 3
47436 7
47437 6
47438 5
47439 6
47440 6
47441 7
47442 3
47443 5
47444 4
47445 0
47446 1
47447 8
47448 6
47449 2
47450 5
47451 4
47452 2
47453 2
47454 1
47455 7
47456 6
47457 0
47458 7
47459 7
47460 0
47461 1
47462 4
47463 4
47464 0
47465 2
47466 6
47467 2
47468 1
47469 4
47470 1
47471 1
47472 3
47473 3
47474 7
47475 3
47476 5
47477 6
47478 7
47479 0
47480 6
47481 5
47482 2
47483 6
47484 3
47485 5
47486 4
47487 4
47488 6
47489 1
47490 3
47491 2
47492 6
47493 5
47494 5
47495 0
47496 4
47497 1
47498 2
47499 4
47500 3
47501 7
47502 6
47503 6
47504 8
47505 3
47506 3
47507 4
47508 7
47509 8
47510 7
47511 6
47512 2
47513 7
47514 7
47515 2
47516 5
47517 1
47518 7
47519 4
47520 5
47521 0
47522 7
47523 7
47524 6
47525 0
47526 4
47527 4
47528 4
47529 0
47530 7
47531 0
47532 2
47533 4
47534 2
47535 5
47536 3
47537 5
47538 1
47539 5
47540 5
47541 6
47542 6
47543 3
47544 7
47545 5
47546 6
47547 1
47548 7
47549 7
47550 3
47551 5
47552 1
47553 6
47554 5
47555 5
47556 3
47557 6
47558 7
47559 6
47560 3
47561 4
47562 4
47563 7
47564 5
47565 3
47566 4
47567 6
47568 6
47569 5
47570 4
47571 3
47572 5
47573 0
47574 5
47575 1
47576 4
47577 0
47578 8
47579 7
47580 4
47581 2
47582 4
47583 3
47584 0
47585 3
47586 6
47587 1
47588 5
47589 0
47590 5
47591 1
47592 2
47593 4
47594 5
47595 0
47596 7
47597 7
47598 6
47599 7
47600 4
47601 2
47602 1
47603 4
47604 4
47605 7
47606 4
47607 0
47608 2
47609 6
47610 7
47611 5
47612 4
47613 4
47614 7
47615 4
47616 2
47617 7
47618 5
47619 1
47620 7
47621 1
47622 6
47623 4
47624 3
47625 5
47626 1
47627 5
47628 3
47629 1
47630 5
47631 4
47632 3
47633 0
47634 4
47635 7
47636 7
47637 5
47638 4
47639 4
47640 5
47641 2
47642 3
47643 1
47644 2
47645 6
47646 1
47647 4
47648 3
47649 6
47650 1
47651 0
47652 6
47653 5
47654 5
47655 0
47656 6
47657 0
47658 5
47659 1
47660 0
47661 4
47662 5
47663 4
47664 0
47665 7
47666 6
47667 1
47668 5
47669 5
47670 6
47671 3
47672 5
47673 0
47674 7
47675 7
47676 5
47677 6
47678 5
47679 4
47680 3
47681 2
47682 6
47683 1
47684 8
47685 3
47686 5
47687 7
47688 5
47689 4
47690 4
47691 0
47692 0
47693 5
47694 7
47695 5
47696 2
47697 7
47698 6
47699 4
47700 4
47701 8
47702 1
47703 6
47704 3
47705 6
47706 0
47707 6
47708 4
47709 1
47710 5
47711 6
47712 3
47713 6
47714 5
47715 5
47716 6
47717 1
47718 6
47719 3
47720 2
47721 5
47722 7
47723 3
47724 2
47725 4
47726 3
47727 5
47728 7
47729 7
47730 4
47731 4
47732 0
47733 4
47734 6
47735 2
47736 0
47737 2
47738 5
47739 4
47740 1
47741 7
47742 3
47743 1
47744 0
47745 8
47746 6
47747 6
47748 4
47749 6
47750 2
47751 0
47752 5
47753 5
47754 7
47755 7
47756 6
47757 1
47758 7
47759 3
47760 0
47761 0
47762 4
47763 4
47764 1
47765 6
47766 5
47767 5
47768 4
47769 0
47770 5
47771 3
47772 5
47773 6
47774 5
47775 3
47776 7
47777 1
47778 6
47779 0
47780 4
47781 6
47782 6
47783 7
47784 0
47785 2
47786 1
47787 6
47788 5
47789 0
47790 4
47791 7
47792 5
47793 4
47794 4
47795 3
47796 2
47797 3
47798 4
47799 2
47800 7
47801 0
47802 4
47803 4
47804 7
47805 6
47806 2
47807 7
47808 7
47809 0
47810 5
47811 3
47812 3
47813 5
47814 6
47815 6
47816 6
47817 2
47818 4
47819 5
47820 1
47821 3
47822 0
47823 4
47824 3
47825 0
47826 5
47827 0
47828 5
47829 6
47830 8
47831 1
47832 3
47833 5
47834 5
47835 3
47836 5
47837 6
47838 5
47839 2
47840 5
47841 4
47842 6
47843 8
47844 7
47845 4
47846 5
47847 6
47848 5
47849 1
47850 4
47851 7
47852 3
47853 2
47854 6
47855 5
47856 4
47857 3
47858 3
47859 8
47860 0
47861 4
47862 1
47863 1
47864 6
47865 6
47866 6
47867 6
47868 4
47869 2
47870 5
47871 0
47872 7
47873 5
47874 6
47875 1
47876 6
47877 0
47878 3
47879 8
47880 5
47881 3
47882 5
47883 1
47884 1
47885 7
47886 1
47887 3
47888 5
47889 4
47890 6
47891 4
47892 7
47893 4
47894 4
47895 0
47896 6
47897 5
47898 6
47899 4
47900 6
47901 6
47902 7
47903 4
47904 3
47905 0
47906 3
47907 6
47908 5
47909 6
47910 7
47911 6
47912 4
47913 6
47914 0
47915 0
47916 3
47917 3
47918 0
47919 7
47920 0
47921 5
47922 0
47923 7
47924 3
47925 5
47926 5
47927 4
47928 8
47929 6
47930 0
47931 3
47932 6
47933 4
47934 4
47935 7
47936 5
47937 5
47938 5
47939 1
47940 7
47941 6
47942 5
47943 8
47944 6
47945 6
47946 2
47947 0
47948 6
47949 0
47950 2
47951 6
47952 3
47953 3
47954 5
47955 6
47956 7
47957 0
47958 8
47959 5
47960 6
47961 7
47962 6
47963 6
47964 5
47965 1
47966 8
47967 6
47968 6
47969 4
47970 0
47971 4
47972 4
47973 3
47974 3
47975 7
47976 3
47977 6
47978 4
47979 4
47980 6
47981 1
47982 5
47983 3
47984 7
47985 0
47986 6
47987 6
47988 1
47989 3
47990 0
47991 1
47992 6
47993 0
47994 4
47995 3
47996 5
47997 0
47998 5
47999 6
48000 7
48001 5
48002 6
48003 2
48004 5
48005 4
48006 4
48007 4
48008 7
48009 3
48010 6
48011 3
48012 7
48013 5
48014 5
48015 2
48016 4
48017 5
48018 3
48019 6
48020 7
48021 1
48022 1
48023 7
48024 4
48025 8
48026 6
48027 2
48028 1
48029 7
48030 8
48031 4
48032 1
48033 4
48034 3
48035 2
48036 4
48037 5
48038 7
48039 7
48040 0
48041 2
48042 5
48043 6
48044 2
48045 4
48046 7
48047 4
48048 4
48049 1
48050 5
48051 5
48052 4
48053 7
48054 7
48055 6
48056 3
48057 3
48058 6
48059 1
48060 5
48061 2
48062 3
48063 5
48064 4
48065 0
48066 5
48067 7
48068 5
48069 7
48070 3
48071 4
48072 2
48073 1
48074 5
48075 6
48076 1
48077 0
48078 7
48079 4
48080 2
48081 1
48082 6
48083 2
48084 8
48085 8
48086 8
48087 3
48088 6
48089 6
48090 8
48091 1
48092 5
48093 5
48094 1
48095 3
48096 2
48097 1
48098 5
48099 0
48100 5
48101 4
48102 2
48103 6
48104 6
48105 7
48106 2
48107 7
48108 2
48109 7
48110 4
48111 7
48112 5
48113 6
48114 4
48115 2
48116 2
48117 7
48118 7
48119 6
48120 6
48121 5
48122 4
48123 3
48124 7
48125 5
48126 5
48127 6
48128 4
48129 6
48130 7
48131 4
48132 5
48133 3
48134 4
48135 7
48136 5
48137 4
48138 3
48139 0
48140 5
48141 5
48142 7
48143 5
48144 4
48145 7
48146 6
48147 4
48148 6
48149 6
48150 2
48151 7
48152 4
48153 2
48154 3
48155 4
48156 2
48157 4
48158 7
48159 8
48160 3
48161 3
48162 5
48163 2
48164 2
48165 8
48166 5
48167 6
48168 6
48169 1
48170 3
48171 6
48172 5
48173 3
48174 3
48175 6
48176 2
48177 4
48178 6
48179 2
48180 7
48181 7
48182 7
48183 4
48184 7
48185 5
48186 7
48187 1
48188 4
48189 6
48190 7
48191 6
48192 3
48193 5
48194 0
48195 3
48196 5
48197 7
48198 7
48199 8
48200 6
48201 7
48202 1
48203 1
48204 4
48205 5
48206 4
48207 6
48208 6
48209 7
48210 4
48211 4
48212 3
48213 1
48214 8
48215 4
48216 5
48217 7
48218 4
48219 6
48220 3
48221 6
48222 2
48223 4
48224 3
48225 6
48226 4
48227 6
48228 1
48229 3
48230 3
48231 5
48232 7
48233 5
48234 4
48235 8
48236 2
48237 7
48238 1
48239 6
48240 8
48241 1
48242 5
48243 5
48244 5
48245 5
48246 0
48247 2
48248 5
48249 5
48250 6
48251 1
48252 6
48253 5
48254 4
48255 2
48256 8
48257 7
48258 5
48259 5
48260 5
48261 2
48262 3
48263 6
48264 1
48265 3
48266 8
48267 6
48268 0
48269 3
48270 5
48271 7
48272 7
48273 6
48274 2
48275 5
48276 7
48277 3
48278 5
48279 4
48280 1
48281 6
48282 4
48283 1
48284 6
48285 1
48286 0
48287 2
48288 7
48289 6
48290 1
48291 2
48292 3
48293 6
48294 4
48295 3
48296 2
48297 4
48298 6
48299 6
48300 8
48301 2
48302 6
48303 6
48304 2
48305 6
48306 7
48307 2
48308 3
48309 5
48310 2
48311 5
48312 0
48313 7
48314 7
48315 0
48316 5
48317 7
48318 1
48319 4
48320 6
48321 1
48322 6
48323 5
48324 4
48325 5
48326 7
48327 6
48328 3
48329 0
48330 8
48331 5
48332 5
48333 2
48334 4
48335 4
48336 3
48337 2
48338 3
48339 8
48340 8
48341 3
48342 4
48343 1
48344 6
48345 5
48346 0
48347 1
48348 4
48349 5
48350 7
48351 3
48352 6
48353 6
48354 2
48355 5
48356 5
48357 2
48358 7
48359 3
48360 4
48361 5
48362 4
48363 4
48364 3
48365 5
48366 5
48367 5
48368 5
48369 5
48370 5
48371 3
48372 5
48373 2
48374 4
48375 7
48376 6
48377 0
48378 0
48379 5
48380 2
48381 3
48382 5
48383 6
48384 7
48385 0
48386 4
48387 1
48388 5
48389 0
48390 5
48391 8
48392 5
48393 7
48394 5
48395 6
48396 1
48397 4
48398 5
48399 8
48400 0
48401 6
48402 6
48403 7
48404 3
48405 8
48406 8
48407 4
48408 6
48409 7
48410 0
48411 5
48412 6
48413 5
48414 7
48415 4
48416 5
48417 4
48418 7
48419 5
48420 4
48421 6
48422 1
48423 7
48424 4
48425 4
48426 6
48427 2
48428 2
48429 7
48430 7
48431 0
48432 6
48433 6
48434 3
48435 5
48436 3
48437 2
48438 6
48439 1
48440 5
48441 4
48442 0
48443 2
48444 2
48445 5
48446 5
48447 7
48448 4
48449 4
48450 6
48451 3
48452 5
48453 1
48454 5
48455 1
48456 0
48457 5
48458 5
48459 2
48460 2
48461 0
48462 6
48463 5
48464 1
48465 6
48466 7
48467 2
48468 8
48469 2
48470 7
48471 4
48472 6
48473 7
48474 3
48475 7
48476 6
48477 3
48478 5
48479 5
48480 4
48481 3
48482 7
48483 5
48484 4
48485 4
48486 7
48487 7
48488 2
48489 0
48490 5
48491 6
48492 4
48493 6
48494 3
48495 7
48496 6
48497 4
48498 5
48499 6
48500 2
48501 0
48502 4
48503 3
48504 4
48505 5
48506 1
48507 2
48508 3
48509 0
48510 7
48511 1
48512 4
48513 7
48514 3
48515 5
48516 6
48517 1
48518 1
48519 2
48520 5
48521 0
48522 6
48523 0
48524 7
48525 8
48526 5
48527 6
48528 7
48529 8
48530 7
48531 5
48532 2
48533 1
48534 6
48535 3
48536 1
48537 4
48538 9
48539 2
48540 6
48541 1
48542 5
48543 5
48544 2
48545 8
48546 4
48547 0
48548 4
48549 3
48550 6
48551 7
48552 4
48553 8
48554 6
48555 1
48556 6
48557 2
48558 7
48559 7
48560 5
48561 3
48562 1
48563 5
48564 3
48565 7
48566 6
48567 6
48568 8
48569 0
48570 4
48571 5
48572 4
48573 7
48574 8
48575 7
48576 3
48577 7
48578 2
48579 6
48580 7
48581 6
48582 2
48583 7
48584 7
48585 3
48586 7
48587 8
48588 7
48589 5
48590 4
48591 1
48592 4
48593 6
48594 0
48595 4
48596 0
48597 5
48598 5
48599 3
48600 6
48601 4
48602 5
48603 2
48604 4
48605 6
48606 3
48607 6
48608 4
48609 1
48610 5
48611 2
48612 0
48613 4
48614 2
48615 3
48616 0
48617 5
48618 1
48619 5
48620 3
48621 6
48622 7
48623 6
48624 3
48625 0
48626 7
48627 3
48628 5
48629 1
48630 4
48631 6
48632 6
48633 2
48634 2
48635 1
48636 3
48637 1
48638 3
48639 6
48640 6
48641 0
48642 6
48643 6
48644 5
48645 2
48646 2
48647 5
48648 3
48649 4
48650 0
48651 7
48652 6
48653 7
48654 6
48655 7
48656 5
48657 6
48658 7
48659 1
48660 3
48661 7
48662 5
48663 5
48664 6
48665 4
48666 3
48667 7
48668 6
48669 1
48670 4
48671 2
48672 4
48673 6
48674 4
48675 1
48676 4
48677 6
48678 2
48679 4
48680 3
48681 3
48682 3
48683 8
48684 0
48685 7
48686 8
48687 6
48688 0
48689 4
48690 8
48691 2
48692 4
48693 7
48694 1
48695 7
48696 6
48697 4
48698 2
48699 6
48700 6
48701 6
48702 1
48703 4
48704 3
48705 8
48706 6
48707 6
48708 7
48709 7
48710 7
48711 6
48712 1
48713 6
48714 4
48715 4
48716 8
48717 7
48718 2
48719 6
48720 3
48721 5
48722 5
48723 8
48724 6
48725 2
48726 7
48727 2
48728 6
48729 3
48730 1
48731 6
48732 4
48733 3
48734 5
48735 4
48736 8
48737 0
48738 1
48739 8
48740 2
48741 3
48742 5
48743 1
48744 1
48745 3
48746 6
48747 6
48748 8
48749 6
48750 4
48751 2
48752 7
48753 6
48754 4
48755 5
48756 3
48757 8
48758 3
48759 0
48760 6
48761 0
48762 2
48763 5
48764 5
48765 4
48766 3
48767 3
48768 5
48769 3
48770 4
48771 2
48772 4
48773 1
48774 7
48775 0
48776 1
48777 1
48778 6
48779 5
48780 6
48781 4
48782 6
48783 4
48784 7
48785 3
48786 6
48787 7
48788 3
48789 7
48790 6
48791 6
48792 4
48793 3
48794 6
48795 3
48796 0
48797 4
48798 1
48799 7
48800 6
48801 7
48802 4
48803 7
48804 1
48805 6
48806 5
48807 4
48808 7
48809 6
48810 6
48811 3
48812 2
48813 5
48814 3
48815 4
48816 7
48817 4
48818 4
48819 2
48820 5
48821 7
48822 3
48823 5
48824 7
48825 7
48826 5
48827 5
48828 5
48829 5
48830 3
48831 7
48832 2
48833 2
48834 3
48835 0
48836 0
48837 6
48838 2
48839 0
48840 7
48841 5
48842 1
48843 6
48844 5
48845 6
48846 6
48847 7
48848 5
48849 8
48850 1
48851 3
48852 6
48853 7
48854 0
48855 6
48856 6
48857 6
48858 2
48859 2
48860 6
48861 4
48862 2
48863 6
48864 4
48865 3
48866 5
48867 7
48868 6
48869 5
48870 2
48871 3
48872 5
48873 4
48874 1
48875 1
48876 6
48877 0
48878 2
48879 6
48880 4
48881 0
48882 6
48883 2
48884 5
48885 6
48886 2
48887 6
48888 0
48889 6
48890 3
48891 6
48892 7
48893 7
48894 6
48895 2
48896 4
48897 4
48898 1
48899 7
48900 4
48901 2
48902 5
48903 5
48904 9
48905 8
48906 6
48907 8
48908 6
48909 0
48910 5
48911 6
48912 7
48913 4
48914 6
48915 5
48916 5
48917 3
48918 4
48919 1
48920 7
48921 5
48922 3
48923 5
48924 7
48925 4
48926 4
48927 3
48928 6
48929 8
48930 5
48931 7
48932 1
48933 0
48934 3
48935 5
48936 7
48937 5
48938 4
48939 6
48940 6
48941 3
48942 6
48943 3
48944 5
48945 3
48946 7
48947 6
48948 6
48949 1
48950 4
48951 4
48952 6
48953 4
48954 6
48955 2
48956 2
48957 0
48958 5
48959 0
48960 3
48961 2
48962 7
48963 6
48964 3
48965 2
48966 4
48967 6
48968 1
48969 5
48970 0
48971 0
48972 7
48973 3
48974 0
48975 5
48976 5
48977 6
48978 3
48979 6
48980 3
48981 6
48982 0
48983 3
48984 0
48985 5
48986 7
48987 7
48988 4
48989 7
48990 5
48991 1
48992 6
48993 7
48994 5
48995 2
48996 1
48997 8
48998 5
48999 7
49000 1
49001 4
49002 6
49003 7
49004 2
49005 0
49006 5
49007 7
49008 4
49009 5
49010 2
49011 0
49012 5
49013 2
49014 5
49015 5
49016 5
49017 0
49018 4
49019 8
49020 2
49021 7
49022 1
49023 3
49024 6
49025 6
49026 1
49027 7
49028 6
49029 4
49030 6
49031 6
49032 4
49033 5
49034 4
49035 6
49036 5
49037 5
49038 2
49039 6
49040 1
49041 7
49042 4
49043 7
49044 3
49045 7
49046 5
49047 7
49048 4
49049 5
49050 2
49051 5
49052 5
49053 5
49054 5
49055 6
49056 7
49057 6
49058 4
49059 5
49060 1
49061 6
49062 4
49063 6
49064 6
49065 5
49066 4
49067 3
49068 1
49069 6
49070 7
49071 2
49072 0
49073 1
49074 7
49075 3
49076 6
49077 7
49078 8
49079 3
49080 5
49081 4
49082 2
49083 0
49084 3
49085 7
49086 6
49087 3
49088 0
49089 0
49090 7
49091 1
49092 6
49093 5
49094 6
49095 4
49096 7
49097 2
49098 8
49099 2
49100 4
49101 3
49102 4
49103 4
49104 6
49105 5
49106 4
49107 4
49108 2
49109 6
49110 1
49111 7
49112 5
49113 7
49114 1
49115 1
49116 3
49117 1
49118 5
49119 7
49120 4
49121 7
49122 6
49123 6
49124 2
49125 5
49126 4
49127 7
49128 6
49129 4
49130 3
49131 7
49132 5
49133 6
49134 5
49135 5
49136 4
49137 4
49138 6
49139 6
49140 4
49141 4
49142 5
49143 3
49144 5
49145 7
49146 3
49147 3
49148 7
49149 7
49150 1
49151 6
49152 2
49153 5
49154 6
49155 6
49156 4
49157 2
49158 7
49159 6
49160 3
49161 7
49162 7
49163 6
49164 5
49165 5
49166 4
49167 4
49168 7
49169 2
49170 3
49171 5
49172 6
49173 5
49174 2
49175 7
49176 7
49177 6
49178 7
49179 7
49180 2
49181 5
49182 4
49183 2
49184 3
49185 2
49186 0
49187 0
49188 5
49189 0
49190 0
49191 4
49192 7
49193 4
49194 5
49195 2
49196 6
49197 5
49198 3
49199 7
49200 3
49201 0
49202 8
49203 0
49204 8
49205 2
49206 5
49207 4
49208 6
49209 7
49210 4
49211 3
49212 6
49213 0
49214 7
49215 2
49216 6
49217 6
49218 6
49219 5
49220 0
49221 5
49222 6
49223 5
49224 2
49225 3
49226 4
49227 0
49228 3
49229 5
49230 0
49231 6
49232 7
49233 6
49234 1
49235 7
49236 4
49237 2
49238 8
49239 6
49240 5
49241 4
49242 7
49243 0
49244 3
49245 8
49246 7
49247 2
49248 3
49249 1
49250 4
49251 6
49252 4
49253 6
49254 4
49255 6
49256 7
49257 1
49258 2
49259 6
49260 7
49261 1
49262 7
49263 2
49264 2
49265 4
49266 3
49267 3
49268 6
49269 5
49270 4
49271 4
49272 6
49273 7
49274 7
49275 0
49276 7
49277 2
49278 6
49279 7
49280 8
49281 0
49282 1
49283 3
49284 6
49285 0
49286 7
49287 2
49288 2
49289 7
49290 7
49291 6
49292 1
49293 8
49294 7
49295 0
49296 1
49297 5
49298 1
49299 5
49300 7
49301 3
49302 5
49303 5
49304 5
49305 1
49306 8
49307 6
49308 6
49309 6
49310 4
49311 2
49312 0
49313 7
49314 0
49315 6
49316 6
49317 4
49318 4
49319 7
49320 5
49321 2
49322 7
49323 7
49324 6
49325 6
49326 3
49327 5
49328 2
49329 5
49330 2
49331 7
49332 0
49333 3
49334 2
49335 0
49336 7
49337 4
49338 4
49339 5
49340 5
49341 5
49342 4
49343 7
49344 0
49345 7
49346 3
49347 6
49348 5
49349 6
49350 4
49351 1
49352 3
49353 7
49354 0
49355 5
49356 7
49357 0
49358 4
49359 4
49360 0
49361 4
49362 0
49363 4
49364 7
49365 5
49366 5
49367 6
49368 5
49369 6
49370 1
49371 0
49372 4
49373 7
49374 1
49375 3
49376 0
49377 6
49378 5
49379 3
49380 2
49381 5
49382 7
49383 4
49384 6
49385 3
49386 5
49387 2
49388 5
49389 1
49390 4
49391 1
49392 5
49393 7
49394 2
49395 7
49396 6
49397 6
49398 7
49399 3
49400 0
49401 8
49402 5
49403 1
49404 3
49405 5
49406 4
49407 1
49408 3
49409 1
49410 0
49411 2
49412 6
49413 6
49414 6
49415 7
49416 3
49417 3
49418 2
49419 1
49420 4
49421 4
49422 4
49423 4
49424 0
49425 7
49426 4
49427 5
49428 3
49429 8
49430 6
49431 1
49432 3
49433 0
49434 2
49435 4
49436 4
49437 1
49438 3
49439 2
49440 5
49441 4
49442 6
49443 6
49444 7
49445 6
49446 4
49447 0
49448 4
49449 3
49450 5
49451 6
49452 5
49453 0
49454 7
49455 5
49456 0
49457 5
49458 7
49459 6
49460 5
49461 6
49462 6
49463 4
49464 7
49465 2
49466 2
49467 7
49468 5
49469 3
49470 5
49471 7
49472 3
49473 5
49474 6
49475 6
49476 7
49477 0
49478 0
49479 7
49480 0
49481 0
49482 5
49483 2
49484 3
49485 8
49486 8
49487 8
49488 5
49489 6
49490 2
49491 7
49492 6
49493 4
49494 4
49495 4
49496 4
49497 1
49498 3
49499 7
49500 2
49501 2
49502 5
49503 6
49504 1
49505 2
49506 5
49507 5
49508 5
49509 2
49510 2
49511 6
49512 5
49513 4
49514 5
49515 1
49516 7
49517 2
49518 5
49519 1
49520 3
49521 2
49522 3
49523 6
49524 0
49525 3
49526 2
49527 3
49528 7
49529 3
49530 6
49531 4
49532 3
49533 6
49534 7
49535 5
49536 6
49537 7
49538 3
49539 2
49540 0
49541 0
49542 8
49543 3
49544 8
49545 7
49546 7
49547 4
49548 7
49549 1
49550 5
49551 0
49552 3
49553 3
49554 8
49555 7
49556 2
49557 0
49558 1
49559 6
49560 2
49561 4
49562 8
49563 7
49564 5
49565 3
49566 0
49567 4
49568 6
49569 6
49570 6
49571 5
49572 6
49573 0
49574 4
49575 4
49576 2
49577 5
49578 4
49579 6
49580 3
49581 5
49582 4
49583 4
49584 1
49585 5
49586 1
49587 3
49588 8
49589 2
49590 6
49591 1
49592 4
49593 7
49594 0
49595 7
49596 4
49597 0
49598 3
49599 4
49600 4
49601 3
49602 0
49603 8
49604 4
49605 3
49606 6
49607 5
49608 2
49609 2
49610 7
49611 8
49612 3
49613 2
49614 7
49615 5
49616 3
49617 4
49618 5
49619 7
49620 2
49621 6
49622 3
49623 4
49624 1
49625 4
49626 1
49627 8
49628 5
49629 3
49630 8
49631 0
49632 3
49633 6
49634 6
49635 8
49636 4
49637 7
49638 7
49639 4
49640 0
49641 4
49642 5
49643 4
49644 2
49645 4
49646 3
49647 7
49648 6
49649 5
49650 7
49651 3
49652 2
49653 1
49654 0
49655 3
49656 7
49657 4
49658 2
49659 4
49660 0
49661 6
49662 2
49663 6
49664 5
49665 5
49666 0
49667 6
49668 2
49669 2
49670 0
49671 7
49672 7
49673 0
49674 1
49675 4
49676 7
49677 7
49678 6
49679 2
49680 7
49681 7
49682 4
49683 8
49684 7
49685 6
49686 6
49687 1
49688 3
49689 7
49690 3
49691 5
49692 5
49693 6
49694 8
49695 5
49696 5
49697 2
49698 4
49699 6
49700 2
49701 1
49702 7
49703 7
49704 4
49705 5
49706 5
49707 0
49708 6
49709 7
49710 6
49711 3
49712 6
49713 3
49714 5
49715 8
49716 6
49717 7
49718 6
49719 0
49720 6
49721 5
49722 5
49723 5
49724 6
49725 0
49726 5
49727 1
49728 7
49729 4
49730 6
49731 5
49732 3
49733 1
49734 2
49735 2
49736 7
49737 4
49738 2
49739 5
49740 6
49741 2
49742 4
49743 6
49744 9
49745 7
49746 6
49747 5
49748 1
49749 7
49750 7
49751 7
49752 7
49753 1
49754 5
49755 2
49756 4
49757 2
49758 0
49759 7
49760 5
49761 4
49762 1
49763 5
49764 2
49765 3
49766 8
49767 8
49768 6
49769 4
49770 6
49771 6
49772 5
49773 7
49774 1
49775 5
49776 4
49777 3
49778 0
49779 1
49780 2
49781 7
49782 7
49783 6
49784 5
49785 6
49786 4
49787 5
49788 5
49789 1
49790 8
49791 1
49792 5
49793 1
49794 6
49795 5
49796 2
49797 0
49798 1
49799 2
49800 7
49801 2
49802 2
49803 2
49804 4
49805 6
49806 8
49807 0
49808 1
49809 4
49810 3
49811 6
49812 2
49813 1
49814 4
49815 6
49816 7
49817 4
49818 6
49819 6
49820 4
49821 4
49822 5
49823 5
49824 5
49825 5
49826 5
49827 0
49828 5
49829 5
49830 4
49831 6
49832 3
49833 6
49834 3
49835 2
49836 6
49837 4
49838 6
49839 5
49840 8
49841 2
49842 4
49843 7
49844 4
49845 4
49846 2
49847 6
49848 0
49849 3
49850 5
49851 4
49852 0
49853 1
49854 7
49855 0
49856 7
49857 1
49858 3
49859 7
49860 1
49861 2
49862 7
49863 3
49864 6
49865 4
49866 5
49867 1
49868 4
49869 4
49870 3
49871 7
49872 6
49873 4
49874 7
49875 4
49876 4
49877 4
49878 7
49879 0
49880 3
49881 7
49882 6
49883 5
49884 5
49885 7
49886 6
49887 1
49888 1
49889 0
49890 1
49891 3
49892 3
49893 5
49894 5
49895 5
49896 1
49897 6
49898 4
49899 8
49900 3
49901 7
49902 2
49903 3
49904 7
49905 6
49906 6
49907 4
49908 7
49909 6
49910 4
49911 2
49912 6
49913 6
49914 2
49915 4
49916 5
49917 2
49918 6
49919 5
49920 4
49921 4
49922 6
49923 8
49924 6
49925 0
49926 0
49927 7
49928 7
49929 6
49930 7
49931 2
49932 5
49933 1
49934 4
49935 1
49936 1
49937 7
49938 3
49939 7
49940 7
49941 7
49942 4
49943 4
49944 6
49945 6
49946 4
49947 4
49948 5
49949 2
49950 4
49951 6
49952 7
49953 3
49954 2
49955 8
49956 7
49957 5
49958 0
49959 3
49960 6
49961 6
49962 6
49963 3
49964 3
49965 5
49966 4
49967 2
49968 7
49969 1
49970 0
49971 5
49972 6
49973 3
49974 2
49975 0
49976 7
49977 5
49978 5
49979 5
49980 5
49981 1
49982 2
49983 4
49984 1
49985 8
49986 2
49987 7
49988 6
49989 6
49990 8
49991 2
49992 7
49993 5
49994 3
49995 7
49996 3
49997 7
49998 0
49999 0
50000 5
50001 6
50002 1
50003 6
50004 2
50005 8
50006 1
50007 7
50008 6
50009 9
50010 1
50011 0
50012 7
50013 0
50014 6
50015 2
50016 7
50017 6
50018 5
50019 5
50020 6
50021 2
50022 3
50023 6
50024 4
50025 1
50026 1
50027 4
50028 8
50029 0
50030 1
50031 7
50032 7
50033 1
50034 6
50035 6
50036 2
50037 3
50038 1
50039 5
50040 2
50041 6
50042 1
50043 4
50044 3
50045 7
50046 2
50047 7
50048 5
50049 6
50050 6
50051 4
50052 6
50053 3
50054 4
50055 5
50056 5
50057 4
50058 5
50059 0
50060 1
50061 5
50062 8
50063 6
50064 3
50065 7
50066 7
50067 5
50068 1
50069 0
50070 4
50071 0
50072 1
50073 4
50074 5
50075 4
50076 2
50077 3
50078 3
50079 1
50080 1
50081 5
50082 3
50083 6
50084 0
50085 4
50086 0
50087 6
50088 6
50089 2
50090 7
50091 5
50092 1
50093 7
50094 4
50095 4
50096 4
50097 6
50098 4
50099 2
50100 6
50101 1
50102 2
50103 7
50104 4
50105 5
50106 0
50107 7
50108 5
50109 1
50110 1
50111 0
50112 6
50113 7
50114 7
50115 5
50116 3
50117 5
50118 1
50119 2
50120 7
50121 3
50122 2
50123 6
50124 5
50125 3
50126 2
50127 0
50128 6
50129 1
50130 7
50131 5
50132 3
50133 4
50134 3
50135 7
50136 6
50137 3
50138 4
50139 7
50140 7
50141 1
50142 1
50143 3
50144 2
50145 4
50146 6
50147 5
50148 4
50149 2
50150 4
50151 7
50152 6
50153 6
50154 6
50155 6
50156 7
50157 7
50158 4
50159 2
50160 4
50161 6
50162 5
50163 4
50164 6
50165 5
50166 7
50167 7
50168 3
50169 6
50170 7
50171 7
50172 4
50173 5
50174 2
50175 7
50176 4
50177 1
50178 8
50179 2
50180 6
50181 3
50182 4
50183 5
50184 4
50185 1
50186 7
50187 3
50188 4
50189 7
50190 5
50191 3
50192 5
50193 8
50194 5
50195 7
50196 8
50197 6
50198 6
50199 5
50200 2
50201 1
50202 5
50203 3
50204 5
50205 1
50206 4
50207 4
50208 3
50209 8
50210 7
50211 5
50212 6
50213 6
50214 5
50215 6
50216 8
50217 3
50218 6
50219 6
50220 2
50221 4
50222 5
50223 4
50224 4
50225 3
50226 4
50227 6
50228 1
50229 2
50230 5
50231 5
50232 2
50233 3
50234 2
50235 6
50236 7
50237 2
50238 6
50239 4
50240 4
50241 5
50242 3
50243 5
50244 8
50245 7
50246 5
50247 0
50248 1
50249 5
50250 4
50251 7
50252 6
50253 1
50254 7
50255 2
50256 7
50257 6
50258 5
50259 5
50260 5
50261 5
50262 6
50263 2
50264 1
50265 6
50266 4
50267 4
50268 1
50269 4
50270 5
50271 3
50272 2
50273 7
50274 3
50275 3
50276 3
50277 2
50278 3
50279 5
50280 7
50281 0
50282 0
50283 8
50284 3
50285 6
50286 2
50287 1
50288 3
50289 5
50290 2
50291 2
50292 6
50293 1
50294 6
50295 8
50296 6
50297 7
50298 5
50299 5
50300 4
50301 7
50302 4
50303 1
50304 5
50305 0
50306 1
50307 4
50308 6
50309 3
50310 6
50311 4
50312 5
50313 3
50314 7
50315 7
50316 0
50317 6
50318 5
50319 7
50320 7
50321 6
50322 6
50323 3
50324 5
50325 7
50326 0
50327 4
50328 6
50329 5
50330 3
50331 5
50332 4
50333 8
50334 5
50335 7
50336 6
50337 5
50338 5
50339 7
50340 5
50341 5
50342 6
50343 6
50344 1
50345 1
50346 7
50347 7
50348 4
50349 6
50350 6
50351 0
50352 6
50353 6
50354 7
50355 7
50356 6
50357 7
50358 6
50359 7
50360 7
50361 8
50362 2
50363 4
50364 8
50365 0
50366 6
50367 7
50368 4
50369 2
50370 7
50371 4
50372 7
50373 0
50374 4
50375 5
50376 2
50377 2
50378 4
50379 5
50380 2
50381 7
50382 7
50383 5
50384 6
50385 1
50386 6
50387 6
50388 5
50389 4
50390 2
50391 7
50392 7
50393 6
50394 7
50395 8
50396 4
50397 0
50398 5
50399 7
50400 4
50401 8
50402 5
50403 4
50404 3
50405 6
50406 0
50407 7
50408 6
50409 6
50410 4
50411 4
50412 8
50413 8
50414 5
50415 0
50416 5
50417 6
50418 7
50419 3
50420 4
50421 2
50422 5
50423 6
50424 1
50425 8
50426 4
50427 4
50428 2
50429 7
50430 4
50431 6
50432 6
50433 2
50434 1
50435 0
50436 0
50437 1
50438 6
50439 6
50440 7
50441 7
50442 4
50443 4
50444 7
50445 7
50446 2
50447 4
50448 4
50449 2
50450 7
50451 8
50452 1
50453 6
50454 7
50455 5
50456 2
50457 5
50458 2
50459 3
50460 7
50461 0
50462 2
50463 6
50464 8
50465 3
50466 4
50467 5
50468 5
50469 5
50470 2
50471 4
50472 0
50473 7
50474 5
50475 4
50476 1
50477 5
50478 1
50479 3
50480 5
50481 2
50482 5
50483 6
50484 6
50485 5
50486 2
50487 7
50488 7
50489 6
50490 0
50491 3
50492 5
50493 4
50494 0
50495 6
50496 3
50497 7
50498 7
50499 4
50500 4
50501 4
50502 0
50503 4
50504 5
50505 6
50506 6
50507 6
50508 8
50509 8
50510 6
50511 6
50512 5
50513 5
50514 4
50515 6
50516 6
50517 6
50518 5
50519 7
50520 6
50521 7
50522 7
50523 7
50524 3
50525 4
50526 2
50527 8
50528 3
50529 5
50530 5
50531 5
50532 0
50533 9
50534 5
50535 6
50536 3
50537 7
50538 7
50539 6
50540 6
50541 6
50542 6
50543 4
50544 6
50545 6
50546 6
50547 6
50548 1
50549 4
50550 6
50551 5
50552 4
50553 6
50554 4
50555 5
50556 6
50557 4
50558 6
50559 1
50560 6
50561 2
50562 4
50563 4
50564 6
50565 4
50566 5
50567 2
50568 6
50569 5
50570 3
50571 3
50572 1
50573 6
50574 1
50575 6
50576 6
50577 3
50578 0
50579 5
50580 5
50581 5
50582 7
50583 2
50584 6
50585 8
50586 5
50587 5
50588 1
50589 2
50590 3
50591 2
50592 3
50593 1
50594 4
50595 7
50596 7
50597 1
50598 1
50599 8
50600 3
50601 0
50602 1
50603 2
50604 6
50605 5
50606 3
50607 7
50608 8
50609 8
50610 7
50611 2
50612 3
50613 5
50614 5
50615 6
50616 6
50617 2
50618 3
50619 3
50620 3
50621 7
50622 4
50623 0
50624 5
50625 5
50626 4
50627 4
50628 5
50629 7
50630 4
50631 4
50632 3
50633 3
50634 9
50635 2
50636 5
50637 6
50638 6
50639 4
50640 5
50641 7
50642 6
50643 1
50644 6
50645 7
50646 6
50647 5
50648 6
50649 3
50650 7
50651 3
50652 5
50653 4
50654 4
50655 7
50656 5
50657 8
50658 1
50659 1
50660 0
50661 7
50662 1
50663 8
50664 3
50665 5
50666 6
50667 5
50668 1
50669 1
50670 5
50671 7
50672 3
50673 1
50674 5
50675 4
50676 3
50677 2
50678 7
50679 7
50680 6
50681 4
50682 6
50683 6
50684 3
50685 6
50686 6
50687 5
50688 1
50689 3
50690 2
50691 2
50692 4
50693 7
50694 7
50695 3
50696 1
50697 7
50698 6
50699 7
50700 6
50701 5
50702 7
50703 1
50704 4
50705 1
50706 5
50707 4
50708 8
50709 5
50710 0
50711 8
50712 1
50713 0
50714 3
50715 3
50716 1
50717 1
50718 4
50719 5
50720 1
50721 2
50722 6
50723 5
50724 8
50725 6
50726 0
50727 4
50728 5
50729 6
50730 2
50731 3
50732 0
50733 3
50734 5
50735 7
50736 5
50737 4
50738 6
50739 4
50740 7
50741 7
50742 2
50743 6
50744 6
50745 3
50746 4
50747 7
50748 0
50749 6
50750 3
50751 7
50752 5
50753 2
50754 8
50755 5
50756 6
50757 4
50758 4
50759 2
50760 6
50761 4
50762 0
50763 5
50764 4
50765 3
50766 5
50767 3
50768 7
50769 5
50770 4
50771 6
50772 4
50773 5
50774 1
50775 6
50776 2
50777 3
50778 3
50779 3
50780 4
50781 6
50782 0
50783 5
50784 7
50785 3
50786 6
50787 0
50788 5
50789 4
50790 6
50791 1
50792 7
50793 0
50794 6
50795 6
50796 2
50797 8
50798 6
50799 2
50800 5
50801 0
50802 5
50803 2
50804 7
50805 7
50806 7
50807 5
50808 2
50809 7
50810 8
50811 7
50812 3
50813 6
50814 0
50815 6
50816 8
50817 7
50818 1
50819 6
50820 4
50821 4
50822 7
50823 4
50824 5
50825 1
50826 0
50827 8
50828 1
50829 7
50830 6
50831 3
50832 8
50833 5
50834 5
50835 6
50836 7
50837 6
50838 5
50839 0
50840 3
50841 5
50842 8
50843 5
50844 2
50845 8
50846 7
50847 3
50848 0
50849 4
50850 2
50851 6
50852 6
50853 6
50854 0
50855 6
50856 5
50857 5
50858 5
50859 6
50860 9
50861 4
50862 7
50863 4
50864 5
50865 8
50866 6
50867 7
50868 5
50869 5
50870 4
50871 7
50872 1
50873 5
50874 6
50875 2
50876 7
50877 5
50878 1
50879 4
50880 6
50881 7
50882 5
50883 6
50884 7
50885 4
50886 6
50887 3
50888 0
50889 7
50890 4
50891 6
50892 6
50893 4
50894 3
50895 6
50896 6
50897 5
50898 0
50899 3
50900 6
50901 6
50902 5
50903 2
50904 6
50905 4
50906 5
50907 6
50908 0
50909 0
50910 7
50911 4
50912 8
50913 4
50914 7
50915 4
50916 4
50917 4
50918 8
50919 3
50920 1
50921 4
50922 0
50923 4
50924 2
50925 6
50926 3
50927 3
50928 8
50929 5
50930 5
50931 3
50932 5
50933 7
50934 6
50935 6
50936 5
50937 1
50938 7
50939 6
50940 2
50941 4
50942 3
50943 5
50944 3
50945 2
50946 5
50947 7
50948 7
50949 5
50950 0
50951 7
50952 6
50953 7
50954 5
50955 5
50956 6
50957 1
50958 2
50959 7
50960 0
50961 7
50962 2
50963 5
50964 2
50965 0
50966 2
50967 2
50968 5
50969 6
50970 7
50971 3
50972 1
50973 5
50974 5
50975 1
50976 5
50977 7
50978 3
50979 5
50980 7
50981 6
50982 5
50983 3
50984 2
50985 3
50986 3
50987 7
50988 7
50989 3
50990 4
50991 6
50992 3
50993 7
50994 5
50995 5
50996 1
50997 5
50998 3
50999 3
51000 5
51001 1
51002 3
51003 6
51004 7
51005 7
51006 8
51007 5
51008 4
51009 5
51010 6
51011 6
51012 0
51013 6
51014 5
51015 8
51016 6
51017 6
51018 5
51019 0
51020 0
51021 2
51022 6
51023 8
51024 1
51025 1
51026 6
51027 6
51028 3
51029 0
51030 7
51031 5
51032 1
51033 7
51034 7
51035 6
51036 3
51037 7
51038 3
51039 3
51040 7
51041 4
51042 1
51043 4
51044 8
51045 0
51046 7
51047 6
51048 8
51049 3
51050 3
51051 0
51052 6
51053 7
51054 3
51055 6
51056 7
51057 6
51058 7
51059 5
51060 8
51061 5
51062 5
51063 6
51064 0
51065 0
51066 5
51067 2
51068 7
51069 5
51070 6
51071 4
51072 6
51073 2
51074 7
51075 6
51076 3
51077 2
51078 6
51079 6
51080 8
51081 1
51082 2
51083 8
51084 6
51085 8
51086 5
51087 6
51088 8
51089 3
51090 0
51091 0
51092 6
51093 2
51094 5
51095 4
51096 4
51097 6
51098 4
51099 6
51100 5
51101 0
51102 6
51103 4
51104 7
51105 2
51106 5
51107 5
51108 0
51109 6
51110 7
51111 2
51112 3
51113 2
51114 3
51115 2
51116 1
51117 8
51118 7
51119 1
51120 2
51121 6
51122 0
51123 0
51124 2
51125 6
51126 5
51127 1
51128 7
51129 5
51130 2
51131 3
51132 3
51133 8
51134 3
51135 5
51136 6
51137 7
51138 4
51139 7
51140 4
51141 7
51142 1
51143 7
51144 1
51145 6
51146 7
51147 4
51148 1
51149 3
51150 0
51151 6
51152 5
51153 8
51154 4
51155 7
51156 6
51157 6
51158 6
51159 3
51160 5
51161 0
51162 6
51163 1
51164 3
51165 3
51166 2
51167 6
51168 4
51169 4
51170 4
51171 7
51172 4
51173 4
51174 3
51175 7
51176 4
51177 6
51178 2
51179 5
51180 3
51181 2
51182 4
51183 8
51184 4
51185 5
51186 5
51187 0
51188 7
51189 7
51190 8
51191 7
51192 7
51193 3
51194 5
51195 1
51196 7
51197 1
51198 4
51199 5
51200 6
51201 8
51202 6
51203 3
51204 1
51205 6
51206 7
51207 4
51208 6
51209 2
51210 3
51211 2
51212 5
51213 1
51214 7
51215 2
51216 1
51217 5
51218 0
51219 4
51220 0
51221 3
51222 4
51223 5
51224 6
51225 4
51226 3
51227 3
51228 7
51229 6
51230 6
51231 3
51232 2
51233 5
51234 4
51235 8
51236 5
51237 8
51238 5
51239 3
51240 4
51241 6
51242 2
51243 4
51244 3
51245 0
51246 7
51247 2
51248 3
51249 7
51250 6
51251 5
51252 5
51253 4
51254 7
51255 4
51256 1
51257 5
51258 6
51259 3
51260 5
51261 8
51262 6
51263 0
51264 4
51265 5
51266 3
51267 6
51268 0
51269 6
51270 5
51271 4
51272 5
51273 3
51274 4
51275 3
51276 6
51277 3
51278 3
51279 4
51280 1
51281 6
51282 4
51283 2
51284 4
51285 0
51286 0
51287 2
51288 3
51289 8
51290 6
51291 7
51292 3
51293 6
51294 6
51295 2
51296 6
51297 5
51298 7
51299 2
51300 3
51301 1
51302 5
51303 0
51304 6
51305 5
51306 7
51307 8
51308 7
51309 4
51310 4
51311 0
51312 5
51313 6
51314 4
51315 6
51316 5
51317 3
51318 7
51319 6
51320 6
51321 5
51322 2
51323 7
51324 6
51325 6
51326 4
51327 6
51328 4
51329 2
51330 4
51331 2
51332 7
51333 3
51334 3
51335 0
51336 7
51337 5
51338 5
51339 5
51340 3
51341 5
51342 6
51343 3
51344 6
51345 8
51346 6
51347 3
51348 4
51349 5
51350 8
51351 5
51352 2
51353 0
51354 4
51355 7
51356 3
51357 4
51358 3
51359 4
51360 6
51361 6
51362 5
51363 6
51364 6
51365 4
51366 3
51367 2
51368 4
51369 6
51370 6
51371 2
51372 5
51373 3
51374 5
51375 6
51376 0
51377 7
51378 6
51379 0
51380 2
51381 2
51382 6
51383 4
51384 3
51385 5
51386 2
51387 4
51388 3
51389 4
51390 1
51391 3
51392 6
51393 5
51394 7
51395 7
51396 3
51397 7
51398 5
51399 0
51400 5
51401 5
51402 0
51403 6
51404 3
51405 4
51406 6
51407 7
51408 5
51409 4
51410 7
51411 4
51412 5
51413 0
51414 4
51415 6
51416 1
51417 5
51418 7
51419 4
51420 5
51421 6
51422 0
51423 5
51424 5
51425 4
51426 4
51427 1
51428 2
51429 4
51430 2
51431 0
51432 2
51433 7
51434 6
51435 6
51436 4
51437 4
51438 0
51439 6
51440 4
51441 4
51442 0
51443 0
51444 1
51445 6
51446 7
51447 7
51448 0
51449 6
51450 1
51451 7
51452 8
51453 7
51454 5
51455 7
51456 0
51457 7
51458 7
51459 5
51460 4
51461 7
51462 7
51463 7
51464 6
51465 6
51466 6
51467 3
51468 2
51469 4
51470 7
51471 6
51472 5
51473 2
51474 3
51475 7
51476 2
51477 7
51478 4
51479 0
51480 7
51481 4
51482 6
51483 4
51484 2
51485 8
51486 8
51487 0
51488 4
51489 3
51490 6
51491 2
51492 5
51493 4
51494 7
51495 3
51496 5
51497 7
51498 7
51499 6
51500 5
51501 7
51502 3
51503 6
51504 7
51505 1
51506 4
51507 2
51508 0
51509 5
51510 5
51511 8
51512 1
51513 6
51514 3
51515 8
51516 2
51517 3
51518 7
51519 8
51520 4
51521 8
51522 7
51523 6
51524 5
51525 7
51526 4
51527 4
51528 2
51529 3
51530 6
51531 5
51532 7
51533 7
51534 7
51535 6
51536 8
51537 7
51538 6
51539 4
51540 2
51541 2
51542 4
51543 1
51544 3
51545 5
51546 8
51547 3
51548 5
51549 7
51550 5
51551 5
51552 4
51553 5
51554 6
51555 7
51556 5
51557 2
51558 2
51559 3
51560 2
51561 6
51562 7
51563 7
51564 7
51565 3
51566 7
51567 2
51568 4
51569 7
51570 7
51571 7
51572 8
51573 7
51574 3
51575 6
51576 4
51577 7
51578 4
51579 4
51580 8
51581 6
51582 3
51583 0
51584 6
51585 5
51586 4
51587 7
51588 5
51589 2
51590 2
51591 8
51592 6
51593 8
51594 7
51595 5
51596 7
51597 7
51598 7
51599 2
51600 6
51601 6
51602 4
51603 7
51604 1
51605 0
51606 7
51607 7
51608 3
51609 6
51610 5
51611 6
51612 0
51613 3
51614 6
51615 1
51616 4
51617 4
51618 1
51619 7
51620 8
51621 2
51622 6
51623 5
51624 5
51625 6
51626 3
51627 6
51628 5
51629 1
51630 7
51631 7
51632 6
51633 3
51634 7
51635 1
51636 1
51637 1
51638 6
51639 7
51640 5
51641 5
51642 4
51643 6
51644 5
51645 1
51646 6
51647 6
51648 0
51649 1
51650 6
51651 6
51652 4
51653 5
51654 5
51655 0
51656 4
51657 3
51658 6
51659 7
51660 0
51661 4
51662 8
51663 1
51664 4
51665 6
51666 7
51667 1
51668 5
51669 7
51670 4
51671 4
51672 7
51673 7
51674 7
51675 7
51676 5
51677 3
51678 6
51679 7
51680 5
51681 7
51682 3
51683 4
51684 4
51685 0
51686 6
51687 7
51688 6
51689 2
51690 3
51691 7
51692 2
51693 4
51694 6
51695 4
51696 4
51697 3
51698 7
51699 5
51700 5
51701 5
51702 3
51703 4
51704 3
51705 8
51706 7
51707 7
51708 5
51709 5
51710 6
51711 7
51712 7
51713 5
51714 6
51715 7
51716 0
51717 4
51718 7
51719 6
51720 4
51721 1
51722 4
51723 5
51724 3
51725 2
51726 6
51727 6
51728 6
51729 8
51730 5
51731 3
51732 2
51733 5
51734 2
51735 5
51736 4
51737 6
51738 0
51739 2
51740 7
51741 7
51742 6
51743 1
51744 1
51745 3
51746 2
51747 7
51748 2
51749 6
51750 6
51751 7
51752 7
51753 2
51754 7
51755 6
51756 3
51757 0
51758 1
51759 6
51760 3
51761 4
51762 6
51763 5
51764 7
51765 0
51766 6
51767 5
51768 6
51769 1
51770 3
51771 4
51772 5
51773 2
51774 6
51775 7
51776 2
51777 1
51778 5
51779 8
51780 5
51781 6
51782 0
51783 4
51784 2
51785 0
51786 6
51787 5
51788 7
51789 1
51790 6
51791 6
51792 8
51793 7
51794 4
51795 6
51796 7
51797 4
51798 3
51799 6
51800 4
51801 7
51802 3
51803 8
51804 4
51805 7
51806 5
51807 7
51808 7
51809 7
51810 1
51811 5
51812 4
51813 6
51814 6
51815 4
51816 2
51817 2
51818 6
51819 3
51820 7
51821 0
51822 5
51823 7
51824 6
51825 1
51826 4
51827 7
51828 3
51829 7
51830 1
51831 2
51832 2
51833 6
51834 7
51835 1
51836 7
51837 8
51838 2
51839 3
51840 6
51841 3
51842 8
51843 8
51844 8
51845 7
51846 3
51847 6
51848 5
51849 6
51850 3
51851 3
51852 4
51853 1
51854 5
51855 8
51856 3
51857 4
51858 1
51859 5
51860 0
51861 2
51862 8
51863 5
51864 5
51865 1
51866 5
51867 3
51868 4
51869 6
51870 5
51871 4
51872 2
51873 0
51874 7
51875 4
51876 2
51877 0
51878 4
51879 3
51880 6
51881 7
51882 8
51883 5
51884 1
51885 5
51886 4
51887 3
51888 5
51889 6
51890 8
51891 2
51892 4
51893 6
51894 6
51895 0
51896 0
51897 7
51898 3
51899 3
51900 2
51901 7
51902 5
51903 4
51904 3
51905 3
51906 1
51907 7
51908 5
51909 5
51910 5
51911 4
51912 4
51913 6
51914 5
51915 6
51916 6
51917 7
51918 3
51919 4
51920 7
51921 0
51922 0
51923 5
51924 6
51925 4
51926 7
51927 2
51928 1
51929 1
51930 4
51931 7
51932 7
51933 1
51934 4
51935 8
51936 6
51937 7
51938 4
51939 2
51940 7
51941 0
51942 7
51943 7
51944 0
51945 0
51946 0
51947 5
51948 5
51949 0
51950 5
51951 5
51952 5
51953 0
51954 6
51955 5
51956 0
51957 7
51958 5
51959 7
51960 0
51961 6
51962 4
51963 0
51964 8
51965 6
51966 4
51967 7
51968 3
51969 1
51970 3
51971 6
51972 3
51973 3
51974 4
51975 3
51976 8
51977 0
51978 5
51979 2
51980 5
51981 8
51982 2
51983 7
51984 6
51985 4
51986 4
51987 3
51988 0
51989 8
51990 4
51991 5
51992 5
51993 7
51994 1
51995 3
51996 1
51997 1
51998 6
51999 7
52000 7
52001 6
52002 5
52003 1
52004 0
52005 8
52006 7
52007 7
52008 3
52009 5
52010 1
52011 6
52012 3
52013 7
52014 4
52015 6
52016 7
52017 7
52018 5
52019 7
52020 6
52021 4
52022 5
52023 7
52024 2
52025 5
52026 7
52027 5
52028 5
52029 4
52030 4
52031 5
52032 4
52033 4
52034 0
52035 8
52036 0
52037 7
52038 7
52039 8
52040 3
52041 1
52042 7
52043 7
52044 5
52045 3
52046 6
52047 0
52048 2
52049 6
52050 1
52051 6
52052 0
52053 6
52054 5
52055 5
52056 7
52057 3
52058 6
52059 3
52060 4
52061 1
52062 7
52063 5
52064 6
52065 0
52066 7
52067 5
52068 1
52069 7
52070 7
52071 4
52072 4
52073 2
52074 7
52075 5
52076 4
52077 4
52078 2
52079 1
52080 2
52081 7
52082 7
52083 5
52084 6
52085 3
52086 2
52087 6
52088 6
52089 5
52090 2
52091 5
52092 6
52093 4
52094 4
52095 3
52096 5
52097 5
52098 2
52099 6
52100 8
52101 5
52102 5
52103 6
52104 8
52105 5
52106 6
52107 2
52108 7
52109 8
52110 7
52111 5
52112 3
52113 0
52114 2
52115 0
52116 0
52117 5
52118 0
52119 4
52120 1
52121 3
52122 1
52123 1
52124 3
52125 4
52126 3
52127 6
52128 3
52129 3
52130 4
52131 4
52132 7
52133 5
52134 2
52135 5
52136 7
52137 1
52138 0
52139 1
52140 2
52141 7
52142 0
52143 6
52144 5
52145 2
52146 7
52147 5
52148 6
52149 5
52150 5
52151 3
52152 8
52153 2
52154 7
52155 7
52156 4
52157 6
52158 8
52159 3
52160 6
52161 5
52162 5
52163 5
52164 4
52165 6
52166 6
52167 2
52168 4
52169 3
52170 2
52171 5
52172 0
52173 2
52174 6
52175 4
52176 7
52177 1
52178 2
52179 1
52180 5
52181 3
52182 6
52183 7
52184 4
52185 6
52186 4
52187 7
52188 6
52189 5
52190 8
52191 7
52192 1
52193 0
52194 2
52195 2
52196 3
52197 5
52198 3
52199 6
52200 2
52201 1
52202 6
52203 2
52204 7
52205 7
52206 5
52207 2
52208 2
52209 3
52210 0
52211 7
52212 3
52213 7
52214 6
52215 4
52216 6
52217 5
52218 0
52219 6
52220 4
52221 4
52222 6
52223 2
52224 6
52225 4
52226 3
52227 0
52228 3
52229 5
52230 5
52231 5
52232 5
52233 8
52234 3
52235 7
52236 2
52237 6
52238 7
52239 4
52240 1
52241 7
52242 8
52243 6
52244 5
52245 1
52246 7
52247 7
52248 6
52249 7
52250 5
52251 4
52252 4
52253 6
52254 2
52255 3
52256 7
52257 2
52258 6
52259 2
52260 0
52261 7
52262 6
52263 4
52264 6
52265 1
52266 3
52267 4
52268 7
52269 5
52270 0
52271 7
52272 7
52273 5
52274 1
52275 8
52276 5
52277 1
52278 7
52279 6
52280 4
52281 3
52282 6
52283 3
52284 2
52285 4
52286 4
52287 2
52288 8
52289 6
52290 2
52291 3
52292 4
52293 2
52294 2
52295 2
52296 6
52297 5
52298 5
52299 8
52300 4
52301 6
52302 3
52303 7
52304 1
52305 1
52306 6
52307 6
52308 7
52309 5
52310 4
52311 7
52312 5
52313 2
52314 6
52315 7
52316 8
52317 8
52318 5
52319 5
52320 2
52321 6
52322 2
52323 7
52324 2
52325 5
52326 7
52327 7
52328 7
52329 5
52330 0
52331 1
52332 3
52333 2
52334 4
52335 7
52336 1
52337 7
52338 5
52339 5
52340 1
52341 5
52342 6
52343 6
52344 5
52345 1
52346 2
52347 6
52348 4
52349 7
52350 0
52351 0
52352 7
52353 7
52354 8
52355 5
52356 0
52357 7
52358 4
52359 8
52360 3
52361 4
52362 8
52363 4
52364 5
52365 3
52366 5
52367 2
52368 1
52369 6
52370 2
52371 3
52372 6
52373 7
52374 2
52375 4
52376 4
52377 5
52378 2
52379 5
52380 6
52381 6
52382 7
52383 5
52384 4
52385 8
52386 4
52387 5
52388 4
52389 3
52390 6
52391 5
52392 6
52393 4
52394 4
52395 0
52396 4
52397 3
52398 2
52399 3
52400 7
52401 5
52402 6
52403 5
52404 5
52405 6
52406 5
52407 6
52408 3
52409 6
52410 3
52411 0
52412 7
52413 5
52414 0
52415 3
52416 4
52417 7
52418 6
52419 2
52420 6
52421 0
52422 5
52423 8
52424 3
52425 7
52426 6
52427 7
52428 1
52429 8
52430 7
52431 4
52432 6
52433 4
52434 2
52435 6
52436 4
52437 3
52438 8
52439 6
52440 7
52441 7
52442 8
52443 5
52444 5
52445 0
52446 6
52447 7
52448 2
52449 7
52450 8
52451 7
52452 3
52453 6
52454 5
52455 6
52456 1
52457 0
52458 1
52459 6
52460 5
52461 4
52462 4
52463 7
52464 5
52465 4
52466 5
52467 6
52468 0
52469 7
52470 5
52471 2
52472 6
52473 2
52474 1
52475 1
52476 8
52477 7
52478 6
52479 3
52480 7
52481 8
52482 8
52483 6
52484 3
52485 4
52486 2
52487 7
52488 4
52489 5
52490 6
52491 4
52492 7
52493 7
52494 7
52495 5
52496 8
52497 0
52498 4
52499 8
52500 4
52501 2
52502 3
52503 6
52504 7
52505 4
52506 2
52507 4
52508 7
52509 7
52510 2
52511 5
52512 4
52513 6
52514 0
52515 5
52516 1
52517 6
52518 6
52519 4
52520 3
52521 8
52522 3
52523 5
52524 5
52525 2
52526 0
52527 4
52528 7
52529 5
52530 8
52531 6
52532 9
52533 5
52534 3
52535 1
52536 7
52537 0
52538 8
52539 4
52540 4
52541 1
52542 0
52543 3
52544 7
52545 4
52546 9
52547 0
52548 3
52549 6
52550 5
52551 0
52552 1
52553 3
52554 6
52555 7
52556 7
52557 7
52558 3
52559 2
52560 6
52561 6
52562 7
52563 3
52564 0
52565 3
52566 3
52567 3
52568 5
52569 1
52570 2
52571 6
52572 8
52573 4
52574 7
52575 8
52576 0
52577 7
52578 6
52579 6
52580 7
52581 7
52582 3
52583 7
52584 6
52585 4
52586 6
52587 2
52588 5
52589 6
52590 7
52591 7
52592 2
52593 5
52594 4
52595 3
52596 4
52597 2
52598 4
52599 6
52600 3
52601 0
52602 2
52603 3
52604 6
52605 7
52606 0
52607 1
52608 3
52609 6
52610 0
52611 5
52612 4
52613 8
52614 0
52615 7
52616 4
52617 5
52618 5
52619 5
52620 0
52621 7
52622 5
52623 3
52624 4
52625 7
52626 1
52627 7
52628 4
52629 2
52630 2
52631 7
52632 7
52633 6
52634 7
52635 5
52636 3
52637 4
52638 1
52639 4
52640 2
52641 6
52642 6
52643 6
52644 7
52645 7
52646 4
52647 5
52648 5
52649 6
52650 5
52651 6
52652 3
52653 4
52654 7
52655 5
52656 4
52657 6
52658 8
52659 5
52660 6
52661 6
52662 1
52663 2
52664 4
52665 3
52666 5
52667 4
52668 1
52669 4
52670 6
52671 7
52672 5
52673 3
52674 1
52675 0
52676 1
52677 7
52678 4
52679 7
52680 6
52681 4
52682 5
52683 3
52684 6
52685 4
52686 3
52687 7
52688 7
52689 8
52690 7
52691 3
52692 3
52693 5
52694 5
52695 7
52696 4
52697 6
52698 8
52699 6
52700 6
52701 3
52702 6
52703 4
52704 1
52705 1
52706 8
52707 5
52708 6
52709 1
52710 7
52711 2
52712 6
52713 7
52714 1
52715 5
52716 4
52717 2
52718 6
52719 0
52720 6
52721 2
52722 8
52723 2
52724 5
52725 4
52726 5
52727 1
52728 6
52729 6
52730 5
52731 5
52732 6
52733 1
52734 7
52735 3
52736 2
52737 1
52738 4
52739 5
52740 2
52741 7
52742 1
52743 0
52744 8
52745 3
52746 7
52747 7
52748 6
52749 7
52750 5
52751 7
52752 2
52753 2
52754 7
52755 7
52756 6
52757 5
52758 2
52759 2
52760 7
52761 4
52762 0
52763 5
52764 1
52765 7
52766 1
52767 7
52768 5
52769 6
52770 0
52771 5
52772 6
52773 5
52774 5
52775 5
52776 5
52777 8
52778 3
52779 3
52780 5
52781 3
52782 7
52783 5
52784 6
52785 7
52786 7
52787 4
52788 8
52789 4
52790 3
52791 5
52792 5
52793 5
52794 7
52795 6
52796 0
52797 5
52798 1
52799 6
52800 3
52801 3
52802 8
52803 7
52804 5
52805 4
52806 5
52807 4
52808 3
52809 6
52810 4
52811 2
52812 5
52813 7
52814 8
52815 7
52816 5
52817 4
52818 2
52819 7
52820 4
52821 3
52822 7
52823 7
52824 6
52825 7
52826 2
52827 7
52828 5
52829 7
52830 5
52831 0
52832 4
52833 5
52834 3
52835 1
52836 9
52837 7
52838 6
52839 7
52840 6
52841 7
52842 1
52843 3
52844 6
52845 1
52846 7
52847 3
52848 6
52849 6
52850 6
52851 2
52852 7
52853 6
52854 4
52855 4
52856 4
52857 5
52858 0
52859 4
52860 5
52861 4
52862 8
52863 7
52864 4
52865 2
52866 7
52867 7
52868 5
52869 5
52870 2
52871 6
52872 2
52873 6
52874 6
52875 6
52876 8
52877 1
52878 2
52879 4
52880 6
52881 5
52882 7
52883 0
52884 8
52885 5
52886 4
52887 1
52888 2
52889 0
52890 5
52891 2
52892 4
52893 5
52894 6
52895 2
52896 1
52897 8
52898 6
52899 5
52900 7
52901 0
52902 2
52903 1
52904 7
52905 5
52906 1
52907 2
52908 1
52909 6
52910 2
52911 1
52912 5
52913 3
52914 7
52915 2
52916 0
52917 6
52918 3
52919 0
52920 3
52921 1
52922 6
52923 9
52924 4
52925 2
52926 7
52927 7
52928 5
52929 4
52930 1
52931 7
52932 3
52933 4
52934 2
52935 5
52936 8
52937 1
52938 2
52939 8
52940 4
52941 0
52942 0
52943 3
52944 1
52945 6
52946 3
52947 2
52948 0
52949 0
52950 3
52951 5
52952 5
52953 7
52954 7
52955 1
52956 5
52957 2
52958 0
52959 6
52960 7
52961 4
52962 2
52963 6
52964 7
52965 6
52966 7
52967 7
52968 6
52969 5
52970 1
52971 4
52972 6
52973 1
52974 5
52975 5
52976 8
52977 6
52978 1
52979 5
52980 3
52981 3
52982 5
52983 7
52984 4
52985 5
52986 3
52987 6
52988 7
52989 3
52990 8
52991 4
52992 4
52993 6
52994 5
52995 5
52996 6
52997 8
52998 7
52999 7
53000 6
53001 1
53002 5
53003 4
53004 3
53005 5
53006 5
53007 4
53008 4
53009 2
53010 5
53011 2
53012 3
53013 6
53014 0
53015 5
53016 6
53017 1
53018 5
53019 3
53020 5
53021 7
53022 5
53023 4
53024 6
53025 7
53026 5
53027 5
53028 4
53029 3
53030 7
53031 6
53032 3
53033 3
53034 6
53035 6
53036 5
53037 3
53038 7
53039 5
53040 0
53041 4
53042 1
53043 4
53044 1
53045 0
53046 7
53047 1
53048 3
53049 8
53050 5
53051 7
53052 7
53053 6
53054 6
53055 7
53056 2
53057 6
53058 8
53059 6
53060 1
53061 6
53062 7
53063 7
53064 7
53065 7
53066 3
53067 5
53068 5
53069 6
53070 3
53071 2
53072 8
53073 6
53074 0
53075 1
53076 5
53077 8
53078 8
53079 0
53080 3
53081 6
53082 4
53083 7
53084 3
53085 3
53086 4
53087 5
53088 7
53089 6
53090 5
53091 4
53092 4
53093 5
53094 5
53095 4
53096 5
53097 7
53098 7
53099 3
53100 7
53101 6
53102 5
53103 5
53104 3
53105 5
53106 1
53107 6
53108 5
53109 4
53110 2
53111 8
53112 1
53113 7
53114 5
53115 4
53116 7
53117 7
53118 3
53119 8
53120 6
53121 5
53122 8
53123 7
53124 0
53125 2
53126 5
53127 7
53128 7
53129 2
53130 6
53131 4
53132 5
53133 7
53134 0
53135 6
53136 8
53137 4
53138 7
53139 3
53140 5
53141 0
53142 6
53143 4
53144 2
53145 4
53146 3
53147 2
53148 8
53149 6
53150 4
53151 4
53152 2
53153 5
53154 6
53155 3
53156 7
53157 4
53158 6
53159 1
53160 1
53161 4
53162 6
53163 5
53164 5
53165 1
53166 2
53167 7
53168 7
53169 5
53170 1
53171 6
53172 7
53173 3
53174 6
53175 4
53176 1
53177 6
53178 5
53179 6
53180 5
53181 6
53182 7
53183 4
53184 8
53185 5
53186 5
53187 6
53188 6
53189 6
53190 6
53191 6
53192 4
53193 3
53194 7
53195 7
53196 4
53197 6
53198 4
53199 0
53200 1
53201 0
53202 8
53203 6
53204 6
53205 5
53206 7
53207 5
53208 6
53209 4
53210 2
53211 2
53212 5
53213 4
53214 0
53215 0
53216 7
53217 3
53218 6
53219 5
53220 4
53221 7
53222 6
53223 6
53224 5
53225 1
53226 7
53227 3
53228 6
53229 1
53230 1
53231 5
53232 7
53233 0
53234 8
53235 6
53236 7
53237 7
53238 6
53239 7
53240 2
53241 0
53242 7
53243 2
53244 0
53245 0
53246 1
53247 6
53248 0
53249 5
53250 6
53251 7
53252 1
53253 3
53254 5
53255 0
53256 7
53257 2
53258 5
53259 6
53260 6
53261 8
53262 2
53263 6
53264 8
53265 4
53266 8
53267 0
53268 8
53269 6
53270 8
53271 2
53272 1
53273 6
53274 5
53275 6
53276 2
53277 5
53278 0
53279 3
53280 6
53281 3
53282 7
53283 2
53284 1
53285 3
53286 5
53287 5
53288 7
53289 8
53290 7
53291 2
53292 3
53293 4
53294 2
53295 5
53296 5
53297 7
53298 7
53299 7
53300 7
53301 6
53302 7
53303 4
53304 5
53305 6
53306 5
53307 3
53308 3
53309 5
53310 6
53311 6
53312 6
53313 0
53314 5
53315 2
53316 7
53317 1
53318 6
53319 3
53320 7
53321 2
53322 5
53323 2
53324 7
53325 7
53326 4
53327 6
53328 3
53329 3
53330 7
53331 7
53332 3
53333 2
53334 2
53335 4
53336 7
53337 7
53338 4
53339 5
53340 3
53341 4
53342 9
53343 3
53344 2
53345 5
53346 3
53347 7
53348 3
53349 4
53350 0
53351 6
53352 1
53353 5
53354 6
53355 6
53356 4
53357 1
53358 3
53359 5
53360 5
53361 4
53362 8
53363 4
53364 4
53365 4
53366 8
53367 4
53368 1
53369 2
53370 8
53371 4
53372 3
53373 4
53374 0
53375 5
53376 4
53377 5
53378 5
53379 8
53380 7
53381 3
53382 4
53383 7
53384 2
53385 4
53386 7
53387 7
53388 7
53389 1
53390 5
53391 6
53392 0
53393 5
53394 3
53395 3
53396 7
53397 2
53398 4
53399 6
53400 6
53401 1
53402 7
53403 2
53404 1
53405 9
53406 1
53407 3
53408 3
53409 3
53410 1
53411 3
53412 7
53413 3
53414 4
53415 7
53416 7
53417 2
53418 5
53419 0
53420 4
53421 6
53422 7
53423 1
53424 4
53425 5
53426 6
53427 8
53428 7
53429 5
53430 4
53431 7
53432 0
53433 2
53434 3
53435 5
53436 7
53437 6
53438 2
53439 3
53440 4
53441 0
53442 7
53443 3
53444 5
53445 6
53446 5
53447 6
53448 0
53449 6
53450 7
53451 3
53452 5
53453 7
53454 5
53455 0
53456 6
53457 3
53458 5
53459 6
53460 3
53461 8
53462 3
53463 1
53464 5
53465 8
53466 1
53467 8
53468 2
53469 5
53470 6
53471 6
53472 8
53473 6
53474 5
53475 3
53476 3
53477 1
53478 4
53479 7
53480 5
53481 6
53482 4
53483 4
53484 7
53485 4
53486 8
53487 1
53488 5
53489 6
53490 3
53491 8
53492 0
53493 5
53494 6
53495 4
53496 0
53497 7
53498 4
53499 8
53500 6
53501 7
53502 4
53503 1
53504 7
53505 0
53506 4
53507 2
53508 4
53509 7
53510 6
53511 6
53512 5
53513 2
53514 2
53515 0
53516 6
53517 6
53518 3
53519 6
53520 6
53521 7
53522 7
53523 6
53524 2
53525 8
53526 7
53527 2
53528 7
53529 1
53530 6
53531 8
53532 5
53533 3
53534 6
53535 7
53536 5
53537 8
53538 3
53539 1
53540 8
53541 6
53542 6
53543 1
53544 6
53545 7
53546 7
53547 3
53548 3
53549 8
53550 7
53551 6
53552 4
53553 3
53554 3
53555 3
53556 3
53557 5
53558 6
53559 6
53560 5
53561 0
53562 6
53563 5
53564 5
53565 3
53566 5
53567 3
53568 5
53569 5
53570 7
53571 4
53572 2
53573 2
53574 2
53575 4
53576 7
53577 7
53578 4
53579 4
53580 0
53581 2
53582 4
53583 6
53584 1
53585 5
53586 4
53587 1
53588 6
53589 2
53590 1
53591 2
53592 0
53593 4
53594 6
53595 8
53596 5
53597 2
53598 6
53599 3
53600 0
53601 7
53602 6
53603 2
53604 7
53605 5
53606 4
53607 3
53608 1
53609 3
53610 7
53611 2
53612 1
53613 0
53614 5
53615 7
53616 1
53617 2
53618 8
53619 7
53620 3
53621 0
53622 6
53623 7
53624 5
53625 6
53626 6
53627 8
53628 7
53629 7
53630 2
53631 6
53632 7
53633 2
53634 6
53635 5
53636 4
53637 7
53638 2
53639 4
53640 2
53641 5
53642 4
53643 7
53644 6
53645 8
53646 7
53647 8
53648 8
53649 4
53650 1
53651 1
53652 6
53653 7
53654 4
53655 2
53656 4
53657 6
53658 0
53659 3
53660 5
53661 6
53662 3
53663 5
53664 0
53665 8
53666 7
53667 7
53668 7
53669 0
53670 7
53671 3
53672 6
53673 5
53674 5
53675 7
53676 5
53677 1
53678 5
53679 0
53680 1
53681 3
53682 8
53683 7
53684 2
53685 8
53686 6
53687 5
53688 1
53689 7
53690 7
53691 8
53692 1
53693 2
53694 6
53695 3
53696 3
53697 1
53698 8
53699 7
53700 0
53701 7
53702 7
53703 7
53704 4
53705 1
53706 0
53707 8
53708 3
53709 6
53710 8
53711 6
53712 5
53713 3
53714 6
53715 4
53716 5
53717 0
53718 8
53719 4
53720 5
53721 7
53722 4
53723 4
53724 5
53725 3
53726 6
53727 7
53728 6
53729 7
53730 4
53731 1
53732 5
53733 5
53734 6
53735 0
53736 5
53737 0
53738 5
53739 7
53740 7
53741 5
53742 5
53743 3
53744 2
53745 7
53746 7
53747 6
53748 8
53749 8
53750 7
53751 0
53752 3
53753 5
53754 8
53755 4
53756 3
53757 2
53758 5
53759 5
53760 5
53761 5
53762 5
53763 5
53764 2
53765 6
53766 6
53767 0
53768 2
53769 3
53770 5
53771 6
53772 7
53773 6
53774 2
53775 6
53776 6
53777 2
53778 4
53779 7
53780 3
53781 2
53782 5
53783 2
53784 6
53785 6
53786 7
53787 1
53788 0
53789 7
53790 5
53791 0
53792 4
53793 6
53794 6
53795 5
53796 1
53797 5
53798 2
53799 7
53800 3
53801 6
53802 8
53803 7
53804 1
53805 3
53806 5
53807 6
53808 9
53809 7
53810 6
53811 7
53812 5
53813 8
53814 8
53815 6
53816 4
53817 6
53818 5
53819 7
53820 4
53821 6
53822 6
53823 8
53824 6
53825 9
53826 4
53827 1
53828 1
53829 4
53830 7
53831 7
53832 1
53833 6
53834 1
53835 3
53836 3
53837 4
53838 1
53839 7
53840 5
53841 5
53842 5
53843 0
53844 8
53845 2
53846 7
53847 7
53848 5
53849 3
53850 5
53851 4
53852 6
53853 3
53854 7
53855 1
53856 3
53857 2
53858 7
53859 7
53860 7
53861 5
53862 2
53863 9
53864 8
53865 5
53866 6
53867 4
53868 7
53869 1
53870 2
53871 4
53872 2
53873 5
53874 2
53875 6
53876 8
53877 8
53878 6
53879 7
53880 3
53881 4
53882 5
53883 4
53884 7
53885 8
53886 4
53887 5
53888 8
53889 4
53890 7
53891 6
53892 1
53893 0
53894 6
53895 3
53896 2
53897 3
53898 1
53899 1
53900 5
53901 8
53902 1
53903 1
53904 2
53905 4
53906 7
53907 1
53908 5
53909 2
53910 0
53911 8
53912 1
53913 3
53914 7
53915 1
53916 2
53917 3
53918 3
53919 5
53920 4
53921 9
53922 5
53923 3
53924 8
53925 7
53926 5
53927 6
53928 5
53929 6
53930 6
53931 6
53932 5
53933 6
53934 4
53935 6
53936 7
53937 8
53938 3
53939 6
53940 5
53941 4
53942 1
53943 3
53944 7
53945 3
53946 6
53947 2
53948 2
53949 6
53950 6
53951 9
53952 4
53953 5
53954 1
53955 0
53956 3
53957 5
53958 7
53959 2
53960 2
53961 6
53962 6
53963 8
53964 5
53965 7
53966 8
53967 8
53968 6
53969 8
53970 5
53971 6
53972 6
53973 0
53974 0
53975 1
53976 7
53977 4
53978 5
53979 5
53980 5
53981 6
53982 7
53983 7
53984 9
53985 2
53986 2
53987 2
53988 4
53989 6
53990 7
53991 4
53992 3
53993 4
53994 8
53995 7
53996 4
53997 7
53998 6
53999 1
54000 0
54001 6
54002 7
54003 7
54004 3
54005 4
54006 1
54007 5
54008 5
54009 4
54010 0
54011 5
54012 2
54013 4
54014 5
54015 0
54016 6
54017 0
54018 2
54019 8
54020 5
54021 4
54022 1
54023 3
54024 0
54025 1
54026 7
54027 3
54028 2
54029 5
54030 3
54031 7
54032 5
54033 4
54034 1
54035 0
54036 0
54037 3
54038 5
54039 9
54040 4
54041 3
54042 1
54043 2
54044 7
54045 4
54046 6
54047 5
54048 5
54049 1
54050 8
54051 7
54052 4
54053 5
54054 2
54055 7
54056 4
54057 5
54058 2
54059 7
54060 2
54061 3
54062 4
54063 8
54064 4
54065 3
54066 7
54067 8
54068 7
54069 1
54070 3
54071 1
54072 3
54073 1
54074 3
54075 8
54076 3
54077 8
54078 8
54079 6
54080 0
54081 3
54082 3
54083 3
54084 6
54085 1
54086 5
54087 6
54088 4
54089 4
54090 6
54091 6
54092 5
54093 5
54094 3
54095 8
54096 1
54097 6
54098 6
54099 4
54100 6
54101 5
54102 0
54103 5
54104 2
54105 5
54106 7
54107 8
54108 0
54109 6
54110 9
54111 2
54112 4
54113 9
54114 4
54115 6
54116 0
54117 6
54118 3
54119 6
54120 7
54121 1
54122 1
54123 2
54124 6
54125 7
54126 6
54127 6
54128 0
54129 5
54130 5
54131 7
54132 2
54133 7
54134 0
54135 1
54136 7
54137 7
54138 6
54139 4
54140 7
54141 4
54142 7
54143 7
54144 5
54145 4
54146 4
54147 3
54148 4
54149 6
54150 5
54151 1
54152 7
54153 0
54154 6
54155 7
54156 8
54157 7
54158 6
54159 6
54160 7
54161 7
54162 7
54163 8
54164 5
54165 7
54166 5
54167 0
54168 4
54169 5
54170 1
54171 7
54172 6
54173 1
54174 9
54175 5
54176 8
54177 7
54178 1
54179 6
54180 4
54181 6
54182 8
54183 6
54184 1
54185 7
54186 0
54187 0
54188 0
54189 8
54190 5
54191 0
54192 7
54193 3
54194 3
54195 7
54196 1
54197 7
54198 4
54199 6
54200 4
54201 7
54202 8
54203 3
54204 5
54205 1
54206 7
54207 4
54208 5
54209 3
54210 6
54211 8
54212 8
54213 8
54214 7
54215 1
54216 6
54217 4
54218 7
54219 7
54220 0
54221 0
54222 0
54223 5
54224 7
54225 4
54226 8
54227 0
54228 3
54229 7
54230 4
54231 5
54232 1
54233 5
54234 5
54235 5
54236 0
54237 8
54238 0
54239 8
54240 6
54241 3
54242 2
54243 8
54244 4
54245 4
54246 4
54247 6
54248 7
54249 8
54250 8
54251 7
54252 5
54253 6
54254 7
54255 5
54256 3
54257 8
54258 5
54259 8
54260 0
54261 2
54262 7
54263 6
54264 7
54265 4
54266 1
54267 4
54268 9
54269 4
54270 7
54271 6
54272 6
54273 6
54274 2
54275 6
54276 6
54277 5
54278 0
54279 6
54280 6
54281 6
54282 4
54283 7
54284 2
54285 7
54286 5
54287 6
54288 4
54289 7
54290 3
54291 2
54292 7
54293 6
54294 4
54295 1
54296 1
54297 4
54298 5
54299 6
54300 7
54301 3
54302 5
54303 6
54304 6
54305 5
54306 0
54307 5
54308 6
54309 3
54310 7
54311 7
54312 6
54313 5
54314 6
54315 4
54316 5
54317 8
54318 3
54319 8
54320 1
54321 7
54322 4
54323 3
54324 4
54325 3
54326 3
54327 6
54328 6
54329 4
54330 6
54331 5
54332 1
54333 0
54334 4
54335 3
54336 6
54337 5
54338 7
54339 0
54340 6
54341 7
54342 0
54343 1
54344 2
54345 9
54346 6
54347 7
54348 6
54349 5
54350 7
54351 8
54352 3
54353 1
54354 6
54355 8
54356 6
54357 5
54358 6
54359 4
54360 6
54361 2
54362 7
54363 7
54364 2
54365 6
54366 7
54367 6
54368 8
54369 4
54370 5
54371 8
54372 5
54373 1
54374 5
54375 6
54376 4
54377 6
54378 1
54379 6
54380 4
54381 8
54382 0
54383 7
54384 8
54385 5
54386 5
54387 1
54388 5
54389 5
54390 4
54391 0
54392 3
54393 4
54394 1
54395 5
54396 2
54397 4
54398 5
54399 3
54400 8
54401 7
54402 7
54403 5
54404 1
54405 5
54406 1
54407 6
54408 8
54409 5
54410 7
54411 6
54412 7
54413 5
54414 2
54415 5
54416 5
54417 5
54418 5
54419 1
54420 8
54421 4
54422 4
54423 6
54424 4
54425 7
54426 4
54427 5
54428 4
54429 8
54430 2
54431 7
54432 2
54433 3
54434 6
54435 5
54436 8
54437 5
54438 2
54439 7
54440 5
54441 8
54442 8
54443 0
54444 7
54445 4
54446 2
54447 5
54448 5
54449 4
54450 6
54451 3
54452 8
54453 5
54454 8
54455 1
54456 4
54457 4
54458 4
54459 6
54460 7
54461 0
54462 6
54463 4
54464 7
54465 3
54466 1
54467 3
54468 6
54469 0
54470 7
54471 2
54472 6
54473 5
54474 4
54475 4
54476 7
54477 6
54478 4
54479 5
54480 3
54481 3
54482 2
54483 5
54484 3
54485 8
54486 6
54487 6
54488 5
54489 6
54490 2
54491 4
54492 5
54493 1
54494 5
54495 5
54496 4
54497 5
54498 1
54499 6
54500 7
54501 6
54502 4
54503 6
54504 0
54505 6
54506 7
54507 3
54508 3
54509 3
54510 3
54511 6
54512 7
54513 4
54514 7
54515 5
54516 4
54517 6
54518 6
54519 3
54520 4
54521 4
54522 7
54523 3
54524 6
54525 6
54526 5
54527 3
54528 6
54529 3
54530 6
54531 7
54532 7
54533 2
54534 1
54535 6
54536 3
54537 6
54538 8
54539 8
54540 8
54541 8
54542 9
54543 5
54544 6
54545 7
54546 5
54547 5
54548 7
54549 6
54550 8
54551 5
54552 4
54553 3
54554 6
54555 3
54556 3
54557 3
54558 8
54559 7
54560 2
54561 6
54562 4
54563 4
54564 0
54565 3
54566 0
54567 5
54568 2
54569 3
54570 7
54571 7
54572 5
54573 7
54574 4
54575 4
54576 3
54577 0
54578 6
54579 0
54580 0
54581 5
54582 3
54583 7
54584 7
54585 7
54586 5
54587 7
54588 5
54589 6
54590 6
54591 0
54592 6
54593 6
54594 7
54595 6
54596 0
54597 6
54598 5
54599 0
54600 0
54601 5
54602 7
54603 6
54604 1
54605 6
54606 7
54607 7
54608 4
54609 5
54610 8
54611 5
54612 7
54613 3
54614 5
54615 5
54616 2
54617 9
54618 5
54619 2
54620 6
54621 6
54622 7
54623 1
54624 4
54625 6
54626 4
54627 6
54628 3
54629 7
54630 1
54631 2
54632 6
54633 1
54634 2
54635 2
54636 2
54637 6
54638 5
54639 7
54640 2
54641 3
54642 1
54643 7
54644 8
54645 4
54646 5
54647 6
54648 4
54649 5
54650 3
54651 4
54652 4
54653 0
54654 2
54655 6
54656 7
54657 5
54658 6
54659 6
54660 0
54661 8
54662 8
54663 3
54664 7
54665 6
54666 7
54667 7
54668 6
54669 6
54670 0
54671 4
54672 0
54673 2
54674 3
54675 4
54676 6
54677 3
54678 1
54679 2
54680 6
54681 1
54682 7
54683 5
54684 2
54685 5
54686 9
54687 2
54688 2
54689 2
54690 1
54691 5
54692 0
54693 7
54694 5
54695 6
54696 6
54697 5
54698 8
54699 8
54700 8
54701 3
54702 1
54703 6
54704 5
54705 6
54706 2
54707 8
54708 6
54709 2
54710 6
54711 4
54712 6
54713 5
54714 6
54715 0
54716 2
54717 7
54718 3
54719 7
54720 6
54721 8
54722 5
54723 4
54724 4
54725 7
54726 7
54727 8
54728 7
54729 6
54730 6
54731 3
54732 1
54733 8
54734 1
54735 5
54736 8
54737 3
54738 4
54739 7
54740 3
54741 6
54742 1
54743 1
54744 6
54745 7
54746 2
54747 4
54748 2
54749 2
54750 7
54751 7
54752 7
54753 7
54754 5
54755 2
54756 5
54757 1
54758 1
54759 8
54760 3
54761 6
54762 4
54763 4
54764 1
54765 8
54766 7
54767 8
54768 5
54769 7
54770 6
54771 7
54772 6
54773 3
54774 2
54775 6
54776 6
54777 5
54778 7
54779 0
54780 3
54781 1
54782 4
54783 7
54784 8
54785 4
54786 8
54787 8
54788 4
54789 2
54790 7
54791 0
54792 7
54793 8
54794 3
54795 6
54796 0
54797 8
54798 5
54799 1
54800 5
54801 8
54802 6
54803 5
54804 6
54805 7
54806 0
54807 5
54808 7
54809 6
54810 7
54811 4
54812 8
54813 8
54814 6
54815 7
54816 0
54817 1
54818 5
54819 6
54820 6
54821 7
54822 0
54823 7
54824 7
54825 4
54826 6
54827 7
54828 2
54829 7
54830 6
54831 5
54832 6
54833 5
54834 6
54835 2
54836 4
54837 4
54838 3
54839 8
54840 8
54841 7
54842 2
54843 5
54844 5
54845 8
54846 5
54847 4
54848 5
54849 3
54850 2
54851 4
54852 4
54853 6
54854 4
54855 5
54856 8
54857 5
54858 1
54859 7
54860 5
54861 0
54862 3
54863 5
54864 4
54865 4
54866 6
54867 5
54868 0
54869 5
54870 6
54871 5
54872 4
54873 2
54874 1
54875 7
54876 0
54877 8
54878 8
54879 6
54880 7
54881 1
54882 6
54883 4
54884 7
54885 0
54886 6
54887 4
54888 3
54889 5
54890 8
54891 8
54892 5
54893 5
54894 2
54895 7
54896 6
54897 4
54898 6
54899 4
54900 8
54901 6
54902 7
54903 7
54904 6
54905 6
54906 4
54907 2
54908 6
54909 7
54910 2
54911 7
54912 4
54913 3
54914 7
54915 7
54916 6
54917 6
54918 5
54919 6
54920 0
54921 1
54922 6
54923 6
54924 5
54925 7
54926 6
54927 6
54928 7
54929 7
54930 6
54931 8
54932 3
54933 1
54934 7
54935 8
54936 1
54937 4
54938 4
54939 5
54940 7
54941 8
54942 1
54943 7
54944 2
54945 5
54946 2
54947 0
54948 6
54949 4
54950 1
54951 6
54952 3
54953 6
54954 2
54955 3
54956 0
54957 2
54958 7
54959 5
54960 3
54961 5
54962 6
54963 3
54964 2
54965 1
54966 5
54967 5
54968 1
54969 4
54970 6
54971 7
54972 5
54973 7
54974 6
54975 1
54976 5
54977 5
54978 5
54979 6
54980 1
54981 1
54982 0
54983 6
54984 5
54985 1
54986 2
54987 3
54988 7
54989 2
54990 5
54991 6
54992 4
54993 3
54994 8
54995 6
54996 8
54997 8
54998 0
54999 8
55000 8
55001 7
55002 6
55003 5
55004 6
55005 8
55006 5
55007 3
55008 6
55009 5
55010 1
55011 6
55012 4
55013 7
55014 0
55015 6
55016 5
55017 2
55018 4
55019 8
55020 6
55021 9
55022 1
55023 7
55024 8
55025 2
55026 6
55027 1
55028 2
55029 6
55030 7
55031 2
55032 9
55033 3
55034 5
55035 1
55036 4
55037 3
55038 4
55039 5
55040 5
55041 5
55042 0
55043 1
55044 6
55045 2
55046 6
55047 7
55048 1
55049 5
55050 4
55051 8
55052 6
55053 4
55054 1
55055 8
55056 5
55057 0
55058 8
55059 0
55060 6
55061 4
55062 7
55063 8
55064 2
55065 3
55066 7
55067 0
55068 7
55069 7
55070 1
55071 0
55072 2
55073 6
55074 8
55075 3
55076 7
55077 7
55078 8
55079 2
55080 4
55081 7
55082 8
55083 7
55084 7
55085 8
55086 1
55087 6
55088 3
55089 5
55090 6
55091 8
55092 4
55093 7
55094 5
55095 5
55096 8
55097 1
55098 3
55099 5
55100 1
55101 7
55102 3
55103 1
55104 5
55105 7
55106 7
55107 7
55108 9
55109 3
55110 9
55111 8
55112 6
55113 7
55114 5
55115 4
55116 1
55117 3
55118 2
55119 2
55120 7
55121 3
55122 5
55123 8
55124 8
55125 8
55126 0
55127 0
55128 8
55129 3
55130 6
55131 0
55132 2
55133 7
55134 5
55135 7
55136 4
55137 4
55138 6
55139 4
55140 0
55141 4
55142 4
55143 1
55144 1
55145 5
55146 8
55147 5
55148 6
55149 7
55150 3
55151 6
55152 5
55153 5
55154 0
55155 7
55156 0
55157 0
55158 1
55159 7
55160 6
55161 8
55162 0
55163 0
55164 1
55165 7
55166 7
55167 6
55168 3
55169 3
55170 4
55171 5
55172 5
55173 7
55174 8
55175 4
55176 5
55177 8
55178 3
55179 4
55180 5
55181 4
55182 1
55183 6
55184 4
55185 6
55186 0
55187 2
55188 5
55189 1
55190 8
55191 7
55192 1
55193 6
55194 4
55195 6
55196 7
55197 4
55198 6
55199 6
55200 0
55201 0
55202 5
55203 7
55204 6
55205 5
55206 4
55207 8
55208 3
55209 3
55210 4
55211 4
55212 1
55213 5
55214 8
55215 5
55216 8
55217 6
55218 2
55219 7
55220 5
55221 4
55222 6
55223 1
55224 3
55225 1
55226 5
55227 8
55228 0
55229 6
55230 7
55231 5
55232 6
55233 4
55234 7
55235 4
55236 5
55237 7
55238 5
55239 6
55240 1
55241 4
55242 5
55243 6
55244 7
55245 5
55246 5
55247 5
55248 5
55249 4
55250 6
55251 5
55252 7
55253 5
55254 0
55255 1
55256 6
55257 5
55258 3
55259 7
55260 3
55261 0
55262 7
55263 6
55264 6
55265 3
55266 5
55267 7
55268 8
55269 4
55270 8
55271 4
55272 2
55273 1
55274 4
55275 4
55276 5
55277 8
55278 6
55279 0
55280 4
55281 4
55282 1
55283 0
55284 8
55285 1
55286 8
55287 7
55288 2
55289 1
55290 0
55291 6
55292 6
55293 8
55294 1
55295 1
55296 6
55297 7
55298 1
55299 9
55300 7
55301 1
55302 2
55303 8
55304 0
55305 4
55306 0
55307 5
55308 0
55309 7
55310 1
55311 0
55312 6
55313 5
55314 8
55315 6
55316 0
55317 5
55318 0
55319 6
55320 1
55321 6
55322 3
55323 6
55324 8
55325 7
55326 3
55327 5
55328 1
55329 1
55330 4
55331 6
55332 0
55333 0
55334 8
55335 6
55336 3
55337 4
55338 5
55339 3
55340 2
55341 6
55342 7
55343 7
55344 6
55345 7
55346 6
55347 8
55348 6
55349 0
55350 1
55351 7
55352 3
55353 7
55354 1
55355 2
55356 3
55357 6
55358 6
55359 5
55360 5
55361 7
55362 3
55363 7
55364 6
55365 7
55366 9
55367 5
55368 5
55369 3
55370 3
55371 3
55372 7
55373 5
55374 4
55375 0
55376 7
55377 5
55378 6
55379 1
55380 2
55381 2
55382 6
55383 1
55384 6
55385 8
55386 5
55387 5
55388 6
55389 7
55390 7
55391 6
55392 6
55393 6
55394 7
55395 5
55396 2
55397 7
55398 4
55399 5
55400 1
55401 6
55402 0
55403 8
55404 5
55405 7
55406 4
55407 6
55408 3
55409 3
55410 0
55411 9
55412 3
55413 8
55414 7
55415 5
55416 6
55417 5
55418 5
55419 7
55420 4
55421 7
55422 0
55423 5
55424 0
55425 3
55426 2
55427 0
55428 7
55429 0
55430 4
55431 2
55432 0
55433 4
55434 9
55435 8
55436 6
55437 6
55438 0
55439 7
55440 3
55441 1
55442 6
55443 9
55444 5
55445 4
55446 0
55447 5
55448 0
55449 3
55450 4
55451 3
55452 1
55453 6
55454 7
55455 4
55456 7
55457 5
55458 5
55459 5
55460 7
55461 8
55462 5
55463 0
55464 0
55465 1
55466 6
55467 8
55468 7
55469 1
55470 9
55471 0
55472 6
55473 3
55474 7
55475 2
55476 7
55477 0
55478 2
55479 7
55480 6
55481 1
55482 5
55483 0
55484 0
55485 7
55486 7
55487 6
55488 4
55489 4
55490 7
55491 3
55492 8
55493 0
55494 6
55495 8
55496 2
55497 4
55498 7
55499 4
55500 4
55501 5
55502 7
55503 7
55504 5
55505 7
55506 5
55507 4
55508 1
55509 4
55510 0
55511 0
55512 2
55513 3
55514 5
55515 4
55516 3
55517 7
55518 3
55519 5
55520 7
55521 6
55522 7
55523 5
55524 9
55525 8
55526 7
55527 8
55528 5
55529 2
55530 7
55531 8
55532 7
55533 3
55534 0
55535 1
55536 1
55537 7
55538 4
55539 6
55540 6
55541 1
55542 6
55543 4
55544 2
55545 6
55546 6
55547 6
55548 6
55549 5
55550 3
55551 2
55552 0
55553 5
55554 8
55555 8
55556 5
55557 3
55558 8
55559 7
55560 6
55561 2
55562 8
55563 1
55564 7
55565 5
55566 5
55567 3
55568 7
55569 3
55570 7
55571 8
55572 3
55573 2
55574 3
55575 2
55576 7
55577 7
55578 6
55579 7
55580 4
55581 4
55582 0
55583 5
55584 6
55585 7
55586 5
55587 3
55588 4
55589 7
55590 0
55591 6
55592 4
55593 5
55594 6
55595 2
55596 7
55597 7
55598 6
55599 6
55600 1
55601 5
55602 6
55603 7
55604 1
55605 7
55606 1
55607 0
55608 0
55609 7
55610 5
55611 7
55612 7
55613 3
55614 4
55615 7
55616 7
55617 6
55618 2
55619 3
55620 7
55621 7
55622 8
55623 1
55624 5
55625 5
55626 6
55627 7
55628 0
55629 6
55630 5
55631 0
55632 0
55633 6
55634 7
55635 8
55636 8
55637 5
55638 1
55639 4
55640 3
55641 6
55642 6
55643 6
55644 6
55645 8
55646 0
55647 0
55648 3
55649 8
55650 7
55651 6
55652 4
55653 3
55654 5
55655 2
55656 0
55657 6
55658 1
55659 5
55660 7
55661 2
55662 8
55663 1
55664 5
55665 1
55666 2
55667 0
55668 5
55669 3
55670 8
55671 4
55672 6
55673 7
55674 6
55675 2
55676 4
55677 7
55678 8
55679 3
55680 8
55681 7
55682 5
55683 7
55684 6
55685 5
55686 5
55687 8
55688 7
55689 1
55690 4
55691 8
55692 4
55693 8
55694 1
55695 6
55696 4
55697 8
55698 8
55699 4
55700 2
55701 6
55702 7
55703 9
55704 1
55705 0
55706 7
55707 7
55708 5
55709 3
55710 6
55711 1
55712 2
55713 7
55714 7
55715 6
55716 0
55717 5
55718 3
55719 6
55720 5
55721 4
55722 1
55723 6
55724 6
55725 4
55726 4
55727 3
55728 6
55729 4
55730 7
55731 7
55732 9
55733 2
55734 4
55735 3
55736 5
55737 7
55738 2
55739 2
55740 2
55741 6
55742 2
55743 3
55744 0
55745 4
55746 6
55747 8
55748 5
55749 8
55750 7
55751 3
55752 6
55753 2
55754 5
55755 7
55756 4
55757 7
55758 2
55759 5
55760 8
55761 8
55762 0
55763 4
55764 4
55765 3
55766 5
55767 0
55768 2
55769 7
55770 5
55771 1
55772 3
55773 7
55774 6
55775 1
55776 2
55777 2
55778 7
55779 5
55780 7
55781 5
55782 5
55783 4
55784 0
55785 6
55786 3
55787 8
55788 8
55789 5
55790 6
55791 1
55792 8
55793 8
55794 3
55795 2
55796 6
55797 6
55798 5
55799 6
55800 1
55801 7
55802 6
55803 5
55804 4
55805 2
55806 1
55807 2
55808 0
55809 5
55810 6
55811 2
55812 2
55813 5
55814 2
55815 5
55816 1
55817 3
55818 4
55819 2
55820 4
55821 7
55822 4
55823 7
55824 6
55825 7
55826 6
55827 5
55828 3
55829 7
55830 5
55831 6
55832 7
55833 1
55834 6
55835 8
55836 3
55837 5
55838 4
55839 3
55840 3
55841 8
55842 3
55843 8
55844 6
55845 5
55846 8
55847 5
55848 4
55849 7
55850 4
55851 7
55852 8
55853 7
55854 7
55855 8
55856 5
55857 2
55858 5
55859 7
55860 6
55861 2
55862 6
55863 2
55864 5
55865 2
55866 3
55867 3
55868 5
55869 1
55870 0
55871 7
55872 5
55873 2
55874 3
55875 6
55876 7
55877 5
55878 4
55879 4
55880 6
55881 1
55882 6
55883 5
55884 7
55885 2
55886 6
55887 5
55888 5
55889 8
55890 3
55891 1
55892 2
55893 6
55894 1
55895 6
55896 3
55897 5
55898 6
55899 5
55900 4
55901 3
55902 3
55903 8
55904 3
55905 6
55906 8
55907 1
55908 1
55909 5
55910 7
55911 6
55912 3
55913 7
55914 1
55915 3
55916 4
55917 7
55918 5
55919 7
55920 3
55921 7
55922 4
55923 2
55924 2
55925 3
55926 2
55927 6
55928 2
55929 7
55930 9
55931 3
55932 2
55933 3
55934 5
55935 0
55936 7
55937 4
55938 4
55939 9
55940 9
55941 8
55942 5
55943 5
55944 7
55945 4
55946 2
55947 4
55948 5
55949 7
55950 1
55951 6
55952 7
55953 8
55954 2
55955 5
55956 7
55957 6
55958 4
55959 7
55960 6
55961 3
55962 0
55963 6
55964 0
55965 5
55966 8
55967 4
55968 7
55969 5
55970 2
55971 5
55972 1
55973 1
55974 5
55975 6
55976 3
55977 7
55978 3
55979 0
55980 6
55981 7
55982 6
55983 1
55984 9
55985 7
55986 0
55987 3
55988 1
55989 6
55990 8
55991 3
55992 8
55993 1
55994 6
55995 0
55996 3
55997 3
55998 5
55999 3
56000 5
56001 2
56002 0
56003 4
56004 1
56005 5
56006 5
56007 8
56008 7
56009 9
56010 7
56011 7
56012 9
56013 8
56014 1
56015 2
56016 4
56017 8
56018 4
56019 7
56020 9
56021 6
56022 4
56023 6
56024 3
56025 6
56026 6
56027 4
56028 3
56029 6
56030 9
56031 4
56032 6
56033 7
56034 7
56035 7
56036 6
56037 2
56038 7
56039 1
56040 5
56041 4
56042 7
56043 2
56044 3
56045 6
56046 7
56047 7
56048 5
56049 8
56050 5
56051 0
56052 9
56053 6
56054 7
56055 5
56056 4
56057 7
56058 6
56059 2
56060 6
56061 2
56062 3
56063 7
56064 2
56065 5
56066 2
56067 9
56068 2
56069 1
56070 8
56071 6
56072 8
56073 2
56074 3
56075 7
56076 8
56077 8
56078 5
56079 8
56080 3
56081 8
56082 5
56083 0
56084 3
56085 3
56086 2
56087 5
56088 4
56089 8
56090 1
56091 7
56092 2
56093 7
56094 6
56095 5
56096 7
56097 6
56098 6
56099 6
56100 0
56101 7
56102 7
56103 7
56104 1
56105 4
56106 5
56107 9
56108 6
56109 8
56110 6
56111 5
56112 6
56113 4
56114 0
56115 3
56116 4
56117 6
56118 1
56119 1
56120 8
56121 6
56122 6
56123 4
56124 7
56125 4
56126 3
56127 6
56128 1
56129 8
56130 8
56131 7
56132 7
56133 0
56134 8
56135 7
56136 5
56137 7
56138 6
56139 8
56140 1
56141 1
56142 8
56143 1
56144 0
56145 6
56146 6
56147 8
56148 0
56149 3
56150 7
56151 6
56152 5
56153 3
56154 3
56155 5
56156 6
56157 3
56158 6
56159 6
56160 7
56161 8
56162 8
56163 7
56164 6
56165 3
56166 0
56167 4
56168 3
56169 5
56170 2
56171 4
56172 6
56173 8
56174 5
56175 8
56176 2
56177 7
56178 7
56179 8
56180 8
56181 2
56182 4
56183 6
56184 7
56185 5
56186 4
56187 5
56188 1
56189 9
56190 4
56191 5
56192 3
56193 5
56194 2
56195 2
56196 2
56197 8
56198 1
56199 6
56200 9
56201 6
56202 5
56203 0
56204 6
56205 7
56206 5
56207 6
56208 3
56209 4
56210 7
56211 6
56212 7
56213 6
56214 6
56215 0
56216 2
56217 2
56218 5
56219 5
56220 6
56221 7
56222 3
56223 1
56224 6
56225 6
56226 1
56227 8
56228 5
56229 5
56230 4
56231 6
56232 3
56233 6
56234 8
56235 5
56236 3
56237 7
56238 4
56239 6
56240 6
56241 6
56242 2
56243 4
56244 2
56245 3
56246 8
56247 4
56248 7
56249 6
56250 4
56251 3
56252 5
56253 6
56254 5
56255 1
56256 2
56257 6
56258 6
56259 5
56260 5
56261 8
56262 7
56263 4
56264 6
56265 7
56266 3
56267 5
56268 7
56269 6
56270 5
56271 5
56272 5
56273 8
56274 2
56275 3
56276 2
56277 7
56278 7
56279 3
56280 6
56281 3
56282 3
56283 8
56284 4
56285 5
56286 7
56287 7
56288 0
56289 6
56290 6
56291 6
56292 7
56293 8
56294 4
56295 1
56296 0
56297 4
56298 4
56299 6
56300 9
56301 0
56302 4
56303 0
56304 5
56305 6
56306 4
56307 2
56308 0
56309 1
56310 8
56311 3
56312 5
56313 4
56314 3
56315 1
56316 4
56317 8
56318 7
56319 4
56320 7
56321 6
56322 7
56323 6
56324 2
56325 6
56326 6
56327 8
56328 7
56329 8
56330 7
56331 7
56332 5
56333 8
56334 2
56335 5
56336 6
56337 7
56338 7
56339 2
56340 3
56341 8
56342 5
56343 3
56344 8
56345 6
56346 7
56347 5
56348 6
56349 5
56350 8
56351 7
56352 2
56353 6
56354 3
56355 0
56356 6
56357 8
56358 8
56359 7
56360 3
56361 5
56362 5
56363 5
56364 7
56365 8
56366 8
56367 5
56368 8
56369 4
56370 7
56371 2
56372 4
56373 8
56374 1
56375 3
56376 4
56377 7
56378 1
56379 6
56380 7
56381 7
56382 4
56383 5
56384 3
56385 9
56386 8
56387 1
56388 8
56389 1
56390 4
56391 4
56392 7
56393 4
56394 6
56395 9
56396 1
56397 3
56398 7
56399 4
56400 1
56401 6
56402 5
56403 7
56404 3
56405 8
56406 7
56407 5
56408 3
56409 7
56410 9
56411 7
56412 3
56413 7
56414 4
56415 6
56416 2
56417 2
56418 1
56419 4
56420 8
56421 8
56422 2
56423 6
56424 3
56425 7
56426 6
56427 5
56428 8
56429 7
56430 2
56431 1
56432 3
56433 3
56434 2
56435 6
56436 1
56437 5
56438 8
56439 3
56440 4
56441 3
56442 8
56443 2
56444 6
56445 0
56446 7
56447 8
56448 4
56449 3
56450 1
56451 7
56452 4
56453 3
56454 5
56455 6
56456 3
56457 6
56458 4
56459 8
56460 6
56461 4
56462 6
56463 3
56464 7
56465 5
56466 5
56467 4
56468 1
56469 6
56470 4
56471 6
56472 5
56473 7
56474 5
56475 7
56476 5
56477 5
56478 5
56479 1
56480 2
56481 2
56482 6
56483 5
56484 4
56485 7
56486 5
56487 7
56488 7
56489 2
56490 8
56491 2
56492 1
56493 8
56494 8
56495 8
56496 7
56497 5
56498 6
56499 7
56500 3
56501 3
56502 3
56503 2
56504 6
56505 4
56506 8
56507 7
56508 6
56509 4
56510 9
56511 5
56512 7
56513 2
56514 3
56515 6
56516 1
56517 4
56518 8
56519 7
56520 7
56521 1
56522 6
56523 1
56524 4
56525 6
56526 1
56527 5
56528 5
56529 7
56530 3
56531 3
56532 6
56533 5
56534 7
56535 8
56536 0
56537 5
56538 0
56539 5
56540 3
56541 6
56542 7
56543 3
56544 8
56545 1
56546 6
56547 7
56548 7
56549 5
56550 8
56551 2
56552 7
56553 3
56554 9
56555 3
56556 6
56557 7
56558 6
56559 3
56560 2
56561 6
56562 5
56563 3
56564 7
56565 7
56566 2
56567 7
56568 5
56569 7
56570 7
56571 5
56572 4
56573 5
56574 4
56575 7
56576 1
56577 4
56578 6
56579 6
56580 5
56581 7
56582 4
56583 7
56584 7
56585 4
56586 7
56587 6
56588 5
56589 6
56590 3
56591 8
56592 3
56593 5
56594 3
56595 8
56596 5
56597 6
56598 1
56599 2
56600 4
56601 8
56602 8
56603 6
56604 6
56605 1
56606 5
56607 7
56608 0
56609 0
56610 8
56611 7
56612 6
56613 5
56614 5
56615 6
56616 5
56617 8
56618 1
56619 6
56620 4
56621 7
56622 4
56623 1
56624 7
56625 1
56626 2
56627 5
56628 4
56629 6
56630 5
56631 8
56632 3
56633 8
56634 6
56635 1
56636 6
56637 2
56638 7
56639 2
56640 3
56641 4
56642 2
56643 5
56644 7
56645 7
56646 0
56647 2
56648 1
56649 6
56650 0
56651 7
56652 7
56653 6
56654 4
56655 3
56656 2
56657 9
56658 8
56659 5
56660 7
56661 4
56662 4
56663 4
56664 4
56665 7
56666 1
56667 5
56668 5
56669 5
56670 6
56671 4
56672 3
56673 0
56674 1
56675 3
56676 8
56677 7
56678 9
56679 5
56680 2
56681 2
56682 6
56683 7
56684 7
56685 0
56686 5
56687 5
56688 1
56689 7
56690 4
56691 6
56692 4
56693 6
56694 1
56695 0
56696 7
56697 0
56698 6
56699 2
56700 4
56701 4
56702 6
56703 6
56704 6
56705 6
56706 2
56707 7
56708 7
56709 8
56710 5
56711 8
56712 4
56713 2
56714 1
56715 5
56716 5
56717 0
56718 8
56719 3
56720 4
56721 2
56722 6
56723 6
56724 4
56725 0
56726 5
56727 0
56728 7
56729 7
56730 6
56731 5
56732 8
56733 4
56734 2
56735 5
56736 4
56737 8
56738 7
56739 6
56740 9
56741 7
56742 6
56743 8
56744 7
56745 8
56746 8
56747 8
56748 5
56749 7
56750 6
56751 8
56752 2
56753 4
56754 5
56755 2
56756 0
56757 2
56758 4
56759 5
56760 5
56761 8
56762 9
56763 4
56764 7
56765 4
56766 4
56767 8
56768 3
56769 1
56770 2
56771 3
56772 9
56773 7
56774 4
56775 3
56776 0
56777 7
56778 7
56779 7
56780 6
56781 2
56782 2
56783 4
56784 6
56785 5
56786 4
56787 7
56788 5
56789 7
56790 7
56791 2
56792 7
56793 7
56794 6
56795 2
56796 0
56797 3
56798 5
56799 8
56800 5
56801 6
56802 7
56803 3
56804 6
56805 3
56806 5
56807 2
56808 2
56809 2
56810 4
56811 0
56812 6
56813 0
56814 5
56815 7
56816 3
56817 4
56818 7
56819 8
56820 2
56821 7
56822 8
56823 9
56824 1
56825 5
56826 3
56827 2
56828 2
56829 7
56830 6
56831 5
56832 5
56833 0
56834 5
56835 6
56836 5
56837 0
56838 2
56839 8
56840 1
56841 7
56842 5
56843 5
56844 8
56845 8
56846 7
56847 1
56848 1
56849 7
56850 6
56851 6
56852 6
56853 4
56854 3
56855 4
56856 6
56857 7
56858 1
56859 7
56860 2
56861 6
56862 2
56863 6
56864 2
56865 4
56866 7
56867 8
56868 7
56869 1
56870 4
56871 5
56872 7
56873 6
56874 3
56875 1
56876 8
56877 7
56878 6
56879 2
56880 5
56881 8
56882 8
56883 7
56884 5
56885 6
56886 6
56887 8
56888 6
56889 8
56890 6
56891 5
56892 2
56893 5
56894 9
56895 7
56896 1
56897 8
56898 8
56899 6
56900 5
56901 0
56902 2
56903 7
56904 5
56905 6
56906 5
56907 6
56908 9
56909 7
56910 2
56911 4
56912 5
56913 7
56914 2
56915 6
56916 4
56917 4
56918 8
56919 1
56920 9
56921 7
56922 0
56923 8
56924 4
56925 5
56926 3
56927 3
56928 8
56929 7
56930 8
56931 0
56932 5
56933 7
56934 8
56935 8
56936 1
56937 4
56938 5
56939 7
56940 6
56941 6
56942 1
56943 8
56944 3
56945 8
56946 5
56947 0
56948 7
56949 2
56950 6
56951 1
56952 1
56953 8
56954 0
56955 3
56956 6
56957 6
56958 7
56959 6
56960 3
56961 3
56962 0
56963 4
56964 3
56965 7
56966 7
56967 6
56968 7
56969 5
56970 8
56971 0
56972 3
56973 5
56974 5
56975 8
56976 7
56977 6
56978 3
56979 6
56980 6
56981 5
56982 7
56983 6
56984 6
56985 3
56986 4
56987 0
56988 7
56989 7
56990 7
56991 2
56992 7
56993 2
56994 5
56995 7
56996 6
56997 5
56998 3
56999 7
57000 5
57001 4
57002 1
57003 8
57004 4
57005 4
57006 6
57007 9
57008 3
57009 6
57010 7
57011 2
57012 8
57013 5
57014 7
57015 9
57016 7
57017 5
57018 3
57019 3
57020 5
57021 3
57022 6
57023 5
57024 3
57025 1
57026 4
57027 6
57028 4
57029 7
57030 7
57031 4
57032 6
57033 6
57034 8
57035 6
57036 2
57037 7
57038 7
57039 7
57040 7
57041 7
57042 3
57043 6
57044 4
57045 0
57046 6
57047 7
57048 7
57049 5
57050 8
57051 8
57052 6
57053 8
57054 2
57055 6
57056 5
57057 4
57058 1
57059 6
57060 8
57061 1
57062 5
57063 8
57064 1
57065 6
57066 0
57067 7
57068 5
57069 5
57070 7
57071 8
57072 8
57073 7
57074 6
57075 4
57076 2
57077 5
57078 3
57079 7
57080 7
57081 7
57082 7
57083 7
57084 5
57085 8
57086 8
57087 8
57088 2
57089 7
57090 5
57091 6
57092 5
57093 5
57094 1
57095 7
57096 4
57097 4
57098 1
57099 8
57100 1
57101 3
57102 5
57103 3
57104 7
57105 6
57106 3
57107 6
57108 8
57109 3
57110 2
57111 8
57112 6
57113 5
57114 4
57115 2
57116 0
57117 4
57118 3
57119 7
57120 5
57121 6
57122 8
57123 5
57124 4
57125 1
57126 9
57127 4
57128 8
57129 8
57130 6
57131 6
57132 4
57133 6
57134 0
57135 4
57136 0
57137 2
57138 1
57139 2
57140 5
57141 7
57142 7
57143 3
57144 0
57145 6
57146 6
57147 4
57148 4
57149 8
57150 6
57151 2
57152 8
57153 4
57154 7
57155 4
57156 4
57157 7
57158 8
57159 3
57160 7
57161 6
57162 0
57163 1
57164 3
57165 5
57166 6
57167 4
57168 4
57169 5
57170 7
57171 3
57172 5
57173 9
57174 2
57175 9
57176 7
57177 4
57178 5
57179 2
57180 6
57181 4
57182 8
57183 7
57184 5
57185 5
57186 1
57187 6
57188 6
57189 0
57190 5
57191 8
57192 0
57193 8
57194 7
57195 7
57196 3
57197 8
57198 6
57199 4
57200 5
57201 7
57202 5
57203 6
57204 8
57205 3
57206 4
57207 5
57208 3
57209 6
57210 7
57211 4
57212 7
57213 5
57214 7
57215 6
57216 1
57217 7
57218 6
57219 7
57220 7
57221 4
57222 0
57223 3
57224 8
57225 8
57226 5
57227 2
57228 7
57229 1
57230 7
57231 7
57232 0
57233 5
57234 1
57235 5
57236 6
57237 2
57238 5
57239 2
57240 0
57241 0
57242 5
57243 7
57244 6
57245 6
57246 6
57247 6
57248 0
57249 2
57250 7
57251 5
57252 3
57253 8
57254 6
57255 7
57256 8
57257 4
57258 6
57259 5
57260 4
57261 2
57262 2
57263 3
57264 8
57265 0
57266 4
57267 2
57268 4
57269 5
57270 5
57271 5
57272 7
57273 6
57274 3
57275 6
57276 7
57277 3
57278 0
57279 4
57280 5
57281 7
57282 0
57283 4
57284 7
57285 8
57286 1
57287 8
57288 6
57289 5
57290 3
57291 8
57292 7
57293 4
57294 6
57295 5
57296 4
57297 6
57298 7
57299 4
57300 5
57301 4
57302 7
57303 6
57304 5
57305 6
57306 7
57307 7
57308 0
57309 0
57310 0
57311 6
57312 1
57313 2
57314 8
57315 7
57316 6
57317 6
57318 8
57319 3
57320 4
57321 7
57322 6
57323 5
57324 0
57325 7
57326 4
57327 6
57328 6
57329 3
57330 7
57331 6
57332 7
57333 2
57334 9
57335 1
57336 4
57337 7
57338 4
57339 6
57340 1
57341 8
57342 6
57343 8
57344 7
57345 5
57346 6
57347 7
57348 6
57349 4
57350 7
57351 4
57352 6
57353 2
57354 3
57355 7
57356 7
57357 6
57358 3
57359 8
57360 7
57361 3
57362 0
57363 7
57364 1
57365 1
57366 5
57367 7
57368 3
57369 5
57370 4
57371 5
57372 5
57373 1
57374 7
57375 4
57376 7
57377 2
57378 7
57379 8
57380 1
57381 1
57382 2
57383 3
57384 7
57385 3
57386 7
57387 0
57388 1
57389 6
57390 1
57391 7
57392 4
57393 5
57394 7
57395 4
57396 9
57397 7
57398 5
57399 5
57400 9
57401 3
57402 0
57403 8
57404 7
57405 6
57406 7
57407 7
57408 8
57409 1
57410 5
57411 6
57412 6
57413 7
57414 7
57415 3
57416 2
57417 8
57418 5
57419 4
57420 8
57421 6
57422 6
57423 8
57424 8
57425 5
57426 3
57427 5
57428 6
57429 6
57430 3
57431 4
57432 8
57433 3
57434 7
57435 7
57436 3
57437 8
57438 6
57439 8
57440 0
57441 8
57442 5
57443 5
57444 5
57445 5
57446 9
57447 0
57448 3
57449 0
57450 3
57451 7
57452 2
57453 3
57454 7
57455 7
57456 8
57457 0
57458 4
57459 6
57460 8
57461 8
57462 3
57463 2
57464 8
57465 6
57466 0
57467 8
57468 2
57469 2
57470 4
57471 8
57472 7
57473 6
57474 8
57475 7
57476 2
57477 5
57478 7
57479 8
57480 2
57481 1
57482 0
57483 9
57484 7
57485 6
57486 6
57487 6
57488 4
57489 6
57490 0
57491 6
57492 0
57493 7
57494 7
57495 5
57496 5
57497 4
57498 7
57499 6
57500 3
57501 8
57502 4
57503 6
57504 6
57505 4
57506 5
57507 8
57508 5
57509 6
57510 6
57511 4
57512 7
57513 7
57514 8
57515 2
57516 7
57517 4
57518 2
57519 7
57520 2
57521 6
57522 1
57523 5
57524 0
57525 6
57526 0
57527 6
57528 5
57529 2
57530 7
57531 7
57532 6
57533 4
57534 7
57535 4
57536 7
57537 9
57538 0
57539 4
57540 7
57541 8
57542 8
57543 1
57544 6
57545 3
57546 5
57547 6
57548 8
57549 0
57550 0
57551 3
57552 4
57553 3
57554 6
57555 5
57556 8
57557 6
57558 7
57559 2
57560 1
57561 8
57562 6
57563 2
57564 5
57565 1
57566 6
57567 4
57568 6
57569 3
57570 6
57571 4
57572 6
57573 8
57574 6
57575 8
57576 7
57577 1
57578 3
57579 7
57580 7
57581 6
57582 5
57583 6
57584 7
57585 6
57586 2
57587 7
57588 4
57589 4
57590 7
57591 5
57592 5
57593 5
57594 7
57595 7
57596 9
57597 8
57598 4
57599 5
57600 8
57601 4
57602 8
57603 4
57604 0
57605 7
57606 8
57607 0
57608 5
57609 6
57610 5
57611 3
57612 1
57613 7
57614 0
57615 5
57616 7
57617 7
57618 4
57619 0
57620 4
57621 7
57622 6
57623 0
57624 0
57625 2
57626 7
57627 9
57628 4
57629 6
57630 5
57631 8
57632 1
57633 5
57634 6
57635 6
57636 2
57637 1
57638 7
57639 8
57640 4
57641 4
57642 6
57643 2
57644 8
57645 9
57646 0
57647 2
57648 7
57649 4
57650 7
57651 6
57652 8
57653 8
57654 6
57655 4
57656 7
57657 6
57658 8
57659 5
57660 7
57661 8
57662 4
57663 6
57664 6
57665 7
57666 8
57667 6
57668 7
57669 2
57670 6
57671 2
57672 1
57673 5
57674 7
57675 5
57676 6
57677 5
57678 1
57679 4
57680 0
57681 2
57682 6
57683 1
57684 6
57685 7
57686 5
57687 6
57688 4
57689 8
57690 6
57691 5
57692 7
57693 9
57694 4
57695 5
57696 5
57697 2
57698 6
57699 6
57700 0
57701 2
57702 4
57703 7
57704 5
57705 6
57706 7
57707 2
57708 1
57709 2
57710 3
57711 0
57712 3
57713 9
57714 6
57715 7
57716 1
57717 3
57718 3
57719 6
57720 7
57721 0
57722 0
57723 3
57724 7
57725 3
57726 3
57727 2
57728 3
57729 6
57730 3
57731 7
57732 8
57733 8
57734 2
57735 7
57736 5
57737 8
57738 8
57739 0
57740 9
57741 0
57742 8
57743 4
57744 6
57745 3
57746 4
57747 7
57748 6
57749 7
57750 6
57751 7
57752 0
57753 1
57754 7
57755 8
57756 6
57757 6
57758 9
57759 8
57760 6
57761 4
57762 7
57763 6
57764 6
57765 6
57766 7
57767 6
57768 0
57769 0
57770 4
57771 5
57772 5
57773 2
57774 5
57775 4
57776 8
57777 0
57778 3
57779 5
57780 2
57781 8
57782 0
57783 7
57784 8
57785 6
57786 1
57787 1
57788 7
57789 4
57790 5
57791 4
57792 6
57793 5
57794 4
57795 8
57796 4
57797 0
57798 4
57799 6
57800 7
57801 4
57802 3
57803 7
57804 8
57805 4
57806 3
57807 4
57808 8
57809 6
57810 0
57811 9
57812 8
57813 7
57814 6
57815 7
57816 3
57817 7
57818 2
57819 5
57820 7
57821 6
57822 7
57823 5
57824 5
57825 3
57826 3
57827 3
57828 6
57829 7
57830 8
57831 4
57832 6
57833 2
57834 8
57835 7
57836 3
57837 5
57838 5
57839 4
57840 2
57841 6
57842 4
57843 6
57844 6
57845 7
57846 5
57847 3
57848 2
57849 5
57850 2
57851 0
57852 7
57853 5
57854 2
57855 6
57856 6
57857 8
57858 8
57859 7
57860 5
57861 0
57862 4
57863 8
57864 4
57865 5
57866 4
57867 6
57868 0
57869 1
57870 2
57871 4
57872 7
57873 3
57874 6
57875 9
57876 3
57877 7
57878 1
57879 7
57880 7
57881 7
57882 3
57883 6
57884 0
57885 6
57886 1
57887 7
57888 4
57889 7
57890 7
57891 8
57892 7
57893 3
57894 6
57895 2
57896 6
57897 0
57898 6
57899 7
57900 0
57901 4
57902 3
57903 2
57904 8
57905 5
57906 9
57907 1
57908 5
57909 2
57910 8
57911 3
57912 6
57913 4
57914 4
57915 0
57916 3
57917 1
57918 7
57919 1
57920 3
57921 7
57922 4
57923 8
57924 0
57925 9
57926 7
57927 6
57928 5
57929 6
57930 8
57931 2
57932 1
57933 4
57934 6
57935 8
57936 5
57937 4
57938 1
57939 6
57940 6
57941 5
57942 7
57943 7
57944 6
57945 8
57946 5
57947 9
57948 5
57949 8
57950 5
57951 3
57952 4
57953 4
57954 1
57955 8
57956 7
57957 4
57958 3
57959 7
57960 6
57961 6
57962 6
57963 8
57964 7
57965 8
57966 5
57967 4
57968 0
57969 5
57970 5
57971 0
57972 8
57973 4
57974 4
57975 3
57976 0
57977 0
57978 5
57979 5
57980 6
57981 1
57982 8
57983 6
57984 5
57985 7
57986 9
57987 6
57988 8
57989 1
57990 8
57991 1
57992 2
57993 6
57994 8
57995 3
57996 4
57997 2
57998 7
57999 7
58000 3
58001 1
58002 7
58003 3
58004 6
58005 1
58006 8
58007 0
58008 8
58009 6
58010 4
58011 6
58012 6
58013 3
58014 8
58015 5
58016 6
58017 7
58018 6
58019 7
58020 7
58021 2
58022 3
58023 8
58024 9
58025 1
58026 4
58027 4
58028 7
58029 7
58030 6
58031 8
58032 5
58033 2
58034 5
58035 8
58036 4
58037 6
58038 4
58039 8
58040 5
58041 2
58042 8
58043 7
58044 8
58045 5
58046 5
58047 5
58048 3
58049 5
58050 6
58051 5
58052 1
58053 7
58054 5
58055 2
58056 5
58057 0
58058 0
58059 6
58060 1
58061 2
58062 6
58063 2
58064 5
58065 4
58066 5
58067 1
58068 3
58069 5
58070 0
58071 0
58072 8
58073 6
58074 2
58075 7
58076 5
58077 6
58078 1
58079 3
58080 2
58081 8
58082 0
58083 7
58084 5
58085 1
58086 4
58087 5
58088 8
58089 8
58090 4
58091 3
58092 2
58093 4
58094 3
58095 9
58096 5
58097 7
58098 3
58099 7
58100 2
58101 5
58102 4
58103 0
58104 1
58105 7
58106 8
58107 6
58108 8
58109 1
58110 5
58111 7
58112 9
58113 8
58114 8
58115 6
58116 6
58117 6
58118 4
58119 6
58120 5
58121 0
58122 6
58123 7
58124 8
58125 2
58126 4
58127 8
58128 3
58129 1
58130 5
58131 6
58132 8
58133 7
58134 0
58135 0
58136 6
58137 6
58138 6
58139 1
58140 9
58141 3
58142 0
58143 3
58144 6
58145 8
58146 0
58147 1
58148 3
58149 7
58150 7
58151 7
58152 3
58153 5
58154 8
58155 5
58156 7
58157 6
58158 6
58159 8
58160 6
58161 7
58162 4
58163 2
58164 7
58165 8
58166 5
58167 7
58168 7
58169 2
58170 5
58171 8
58172 1
58173 2
58174 4
58175 6
58176 3
58177 7
58178 8
58179 9
58180 6
58181 1
58182 3
58183 6
58184 4
58185 6
58186 3
58187 7
58188 4
58189 8
58190 8
58191 8
58192 6
58193 3
58194 5
58195 5
58196 7
58197 7
58198 6
58199 6
58200 8
58201 3
58202 8
58203 7
58204 8
58205 2
58206 7
58207 8
58208 5
58209 7
58210 7
58211 9
58212 5
58213 8
58214 8
58215 7
58216 3
58217 8
58218 3
58219 7
58220 2
58221 6
58222 6
58223 8
58224 2
58225 9
58226 7
58227 1
58228 8
58229 8
58230 5
58231 8
58232 8
58233 6
58234 3
58235 3
58236 7
58237 0
58238 5
58239 2
58240 8
58241 7
58242 7
58243 5
58244 7
58245 7
58246 6
58247 6
58248 7
58249 7
58250 7
58251 2
58252 6
58253 6
58254 7
58255 6
58256 0
58257 4
58258 3
58259 5
58260 8
58261 6
58262 2
58263 5
58264 7
58265 2
58266 5
58267 4
58268 8
58269 9
58270 8
58271 7
58272 4
58273 8
58274 4
58275 8
58276 2
58277 0
58278 3
58279 8
58280 8
58281 5
58282 6
58283 1
58284 3
58285 7
58286 3
58287 6
58288 3
58289 6
58290 1
58291 4
58292 1
58293 7
58294 7
58295 2
58296 7
58297 6
58298 3
58299 8
58300 6
58301 6
58302 4
58303 6
58304 6
58305 3
58306 3
58307 0
58308 8
58309 7
58310 8
58311 7
58312 9
58313 9
58314 5
58315 6
58316 8
58317 7
58318 8
58319 7
58320 6
58321 3
58322 4
58323 4
58324 6
58325 0
58326 7
58327 2
58328 4
58329 5
58330 2
58331 0
58332 3
58333 6
58334 1
58335 7
58336 9
58337 8
58338 2
58339 8
58340 0
58341 7
58342 2
58343 0
58344 5
58345 6
58346 9
58347 7
58348 0
58349 8
58350 5
58351 8
58352 2
58353 7
58354 3
58355 5
58356 8
58357 8
58358 7
58359 2
58360 5
58361 5
58362 0
58363 0
58364 6
58365 3
58366 7
58367 9
58368 3
58369 8
58370 7
58371 6
58372 4
58373 4
58374 4
58375 2
58376 8
58377 7
58378 2
58379 6
58380 10
58381 8
58382 2
58383 2
58384 6
58385 7
58386 7
58387 2
58388 0
58389 7
58390 7
58391 4
58392 8
58393 7
58394 2
58395 3
58396 5
58397 6
58398 6
58399 0
58400 6
58401 0
58402 4
58403 5
58404 8
58405 2
58406 4
58407 8
58408 1
58409 4
58410 2
58411 0
58412 8
58413 5
58414 4
58415 8
58416 7
58417 8
58418 6
58419 6
58420 7
58421 9
58422 8
58423 5
58424 5
58425 4
58426 2
58427 0
58428 5
58429 7
58430 0
58431 7
58432 0
58433 4
58434 7
58435 0
58436 6
58437 7
58438 2
58439 2
58440 1
58441 5
58442 4
58443 5
58444 3
58445 3
58446 5
58447 7
58448 8
58449 8
58450 7
58451 6
58452 8
58453 4
58454 8
58455 7
58456 0
58457 8
58458 9
58459 6
58460 6
58461 1
58462 8
58463 3
58464 1
58465 6
58466 6
58467 4
58468 9
58469 5
58470 5
58471 6
58472 6
58473 8
58474 4
58475 3
58476 3
58477 6
58478 6
58479 3
58480 4
58481 7
58482 5
58483 8
58484 4
58485 5
58486 7
58487 5
58488 8
58489 7
58490 4
58491 4
58492 6
58493 1
58494 7
58495 2
58496 5
58497 7
58498 6
58499 4
58500 7
58501 1
58502 7
58503 7
58504 0
58505 7
58506 3
58507 2
58508 4
58509 7
58510 6
58511 3
58512 6
58513 5
58514 0
58515 4
58516 3
58517 6
58518 0
58519 5
58520 7
58521 6
58522 4
58523 8
58524 6
58525 4
58526 6
58527 9
58528 8
58529 3
58530 7
58531 4
58532 5
58533 5
58534 3
58535 2
58536 1
58537 7
58538 5
58539 6
58540 6
58541 2
58542 7
58543 3
58544 8
58545 5
58546 8
58547 7
58548 6
58549 1
58550 3
58551 8
58552 7
58553 2
58554 9
58555 5
58556 4
58557 4
58558 3
58559 6
58560 2
58561 1
58562 7
58563 2
58564 7
58565 3
58566 7
58567 7
58568 7
58569 7
58570 8
58571 1
58572 0
58573 6
58574 3
58575 2
58576 8
58577 8
58578 6
58579 8
58580 1
58581 5
58582 8
58583 8
58584 4
58585 6
58586 6
58587 6
58588 9
58589 6
58590 7
58591 4
58592 5
58593 6
58594 7
58595 9
58596 7
58597 3
58598 4
58599 0
58600 6
58601 4
58602 7
58603 0
58604 4
58605 7
58606 8
58607 3
58608 5
58609 7
58610 9
58611 6
58612 5
58613 6
58614 7
58615 1
58616 1
58617 6
58618 7
58619 4
58620 7
58621 4
58622 1
58623 3
58624 8
58625 3
58626 6
58627 6
58628 5
58629 7
58630 6
58631 8
58632 3
58633 1
58634 7
58635 6
58636 0
58637 2
58638 8
58639 4
58640 3
58641 7
58642 4
58643 5
58644 8
58645 4
58646 2
58647 3
58648 7
58649 5
58650 2
58651 4
58652 0
58653 1
58654 5
58655 5
58656 3
58657 8
58658 5
58659 3
58660 6
58661 5
58662 7
58663 2
58664 7
58665 8
58666 7
58667 3
58668 8
58669 6
58670 2
58671 8
58672 1
58673 7
58674 2
58675 5
58676 5
58677 8
58678 0
58679 7
58680 2
58681 2
58682 8
58683 5
58684 8
58685 8
58686 7
58687 9
58688 3
58689 6
58690 7
58691 4
58692 0
58693 7
58694 7
58695 9
58696 0
58697 5
58698 5
58699 7
58700 5
58701 8
58702 7
58703 6
58704 5
58705 8
58706 8
58707 4
58708 1
58709 2
58710 7
58711 3
58712 7
58713 1
58714 6
58715 3
58716 5
58717 8
58718 8
58719 7
58720 5
58721 6
58722 7
58723 3
58724 8
58725 6
58726 3
58727 4
58728 7
58729 2
58730 7
58731 6
58732 8
58733 3
58734 7
58735 7
58736 4
58737 2
58738 1
58739 3
58740 2
58741 6
58742 8
58743 6
58744 4
58745 0
58746 5
58747 8
58748 4
58749 0
58750 6
58751 6
58752 2
58753 0
58754 4
58755 3
58756 6
58757 6
58758 4
58759 0
58760 5
58761 2
58762 5
58763 6
58764 4
58765 7
58766 4
58767 8
58768 6
58769 7
58770 5
58771 6
58772 0
58773 8
58774 7
58775 8
58776 4
58777 2
58778 5
58779 8
58780 2
58781 0
58782 2
58783 3
58784 6
58785 6
58786 5
58787 8
58788 7
58789 0
58790 5
58791 2
58792 8
58793 4
58794 7
58795 1
58796 6
58797 2
58798 0
58799 6
58800 6
58801 8
58802 6
58803 5
58804 7
58805 7
58806 2
58807 6
58808 3
58809 5
58810 6
58811 5
58812 1
58813 3
58814 3
58815 8
58816 5
58817 6
58818 4
58819 7
58820 5
58821 2
58822 7
58823 0
58824 7
58825 3
58826 7
58827 5
58828 3
58829 0
58830 7
58831 0
58832 7
58833 1
58834 5
58835 3
58836 8
58837 4
58838 0
58839 7
58840 6
58841 1
58842 5
58843 6
58844 7
58845 4
58846 8
58847 7
58848 8
58849 8
58850 7
58851 3
58852 4
58853 3
58854 2
58855 8
58856 7
58857 2
58858 7
58859 6
58860 1
58861 1
58862 2
58863 6
58864 1
58865 1
58866 7
58867 3
58868 8
58869 5
58870 5
58871 7
58872 7
58873 7
58874 1
58875 7
58876 7
58877 7
58878 5
58879 6
58880 8
58881 6
58882 6
58883 1
58884 0
58885 4
58886 7
58887 1
58888 7
58889 3
58890 4
58891 8
58892 6
58893 3
58894 8
58895 8
58896 0
58897 7
58898 8
58899 7
58900 8
58901 2
58902 7
58903 7
58904 2
58905 6
58906 7
58907 6
58908 3
58909 4
58910 2
58911 7
58912 1
58913 2
58914 7
58915 6
58916 3
58917 1
58918 6
58919 3
58920 9
58921 0
58922 2
58923 8
58924 1
58925 2
58926 6
58927 5
58928 4
58929 2
58930 6
58931 6
58932 3
58933 7
58934 6
58935 6
58936 3
58937 8
58938 6
58939 8
58940 2
58941 8
58942 3
58943 6
58944 8
58945 5
58946 8
58947 6
58948 1
58949 2
58950 6
58951 2
58952 6
58953 8
58954 6
58955 8
58956 9
58957 7
58958 6
58959 8
58960 7
58961 1
58962 0
58963 8
58964 9
58965 8
58966 3
58967 8
58968 8
58969 3
58970 3
58971 6
58972 8
58973 8
58974 4
58975 3
58976 7
58977 5
58978 6
58979 2
58980 8
58981 7
58982 4
58983 7
58984 0
58985 0
58986 6
58987 6
58988 5
58989 5
58990 8
58991 0
58992 6
58993 3
58994 4
58995 9
58996 5
58997 6
58998 9
58999 1
59000 4
59001 6
59002 2
59003 3
59004 5
59005 5
59006 6
59007 1
59008 4
59009 4
59010 6
59011 2
59012 2
59013 6
59014 6
59015 4
59016 5
59017 7
59018 2
59019 2
59020 3
59021 4
59022 5
59023 6
59024 5
59025 8
59026 3
59027 0
59028 8
59029 4
59030 7
59031 7
59032 9
59033 2
59034 1
59035 7
59036 7
59037 2
59038 6
59039 6
59040 2
59041 6
59042 7
59043 7
59044 6
59045 5
59046 4
59047 2
59048 0
59049 1
59050 8
59051 6
59052 1
59053 3
59054 4
59055 7
59056 2
59057 6
59058 3
59059 7
59060 2
59061 3
59062 2
59063 6
59064 1
59065 2
59066 8
59067 9
59068 7
59069 9
59070 7
59071 2
59072 7
59073 3
59074 6
59075 5
59076 7
59077 7
59078 6
59079 7
59080 0
59081 8
59082 0
59083 7
59084 6
59085 3
59086 3
59087 5
59088 0
59089 4
59090 8
59091 5
59092 7
59093 9
59094 2
59095 1
59096 5
59097 6
59098 3
59099 5
59100 6
59101 1
59102 7
59103 1
59104 2
59105 4
59106 4
59107 8
59108 7
59109 4
59110 2
59111 5
59112 5
59113 7
59114 7
59115 7
59116 7
59117 8
59118 7
59119 2
59120 4
59121 8
59122 5
59123 7
59124 5
59125 7
59126 7
59127 5
59128 8
59129 3
59130 9
59131 3
59132 2
59133 3
59134 3
59135 1
59136 4
59137 2
59138 4
59139 5
59140 6
59141 7
59142 6
59143 2
59144 5
59145 3
59146 5
59147 7
59148 7
59149 4
59150 1
59151 4
59152 6
59153 2
59154 7
59155 7
59156 6
59157 8
59158 7
59159 3
59160 6
59161 2
59162 7
59163 7
59164 4
59165 5
59166 2
59167 6
59168 7
59169 3
59170 4
59171 5
59172 4
59173 4
59174 5
59175 0
59176 7
59177 7
59178 6
59179 5
59180 0
59181 2
59182 9
59183 7
59184 7
59185 5
59186 3
59187 3
59188 0
59189 8
59190 6
59191 4
59192 1
59193 2
59194 6
59195 3
59196 8
59197 7
59198 5
59199 8
59200 6
59201 4
59202 3
59203 3
59204 0
59205 8
59206 5
59207 8
59208 1
59209 8
59210 0
59211 3
59212 8
59213 8
59214 5
59215 2
59216 4
59217 3
59218 4
59219 4
59220 7
59221 5
59222 8
59223 0
59224 8
59225 8
59226 2
59227 6
59228 8
59229 2
59230 8
59231 6
59232 8
59233 8
59234 4
59235 7
59236 0
59237 6
59238 9
59239 8
59240 3
59241 0
59242 4
59243 8
59244 3
59245 7
59246 5
59247 8
59248 3
59249 4
59250 7
59251 3
59252 5
59253 4
59254 3
59255 5
59256 5
59257 4
59258 3
59259 4
59260 4
59261 0
59262 6
59263 4
59264 5
59265 5
59266 3
59267 5
59268 9
59269 5
59270 8
59271 5
59272 7
59273 6
59274 2
59275 7
59276 4
59277 3
59278 0
59279 0
59280 1
59281 1
59282 7
59283 6
59284 8
59285 1
59286 6
59287 6
59288 7
59289 2
59290 6
59291 7
59292 7
59293 0
59294 5
59295 1
59296 8
59297 0
59298 6
59299 6
59300 5
59301 3
59302 4
59303 2
59304 5
59305 2
59306 4
59307 7
59308 4
59309 0
59310 6
59311 7
59312 6
59313 5
59314 0
59315 7
59316 8
59317 4
59318 6
59319 1
59320 4
59321 8
59322 6
59323 3
59324 1
59325 8
59326 0
59327 5
59328 4
59329 6
59330 3
59331 6
59332 6
59333 7
59334 6
59335 6
59336 2
59337 2
59338 7
59339 7
59340 2
59341 4
59342 5
59343 8
59344 7
59345 2
59346 7
59347 9
59348 5
59349 8
59350 6
59351 1
59352 6
59353 5
59354 4
59355 9
59356 8
59357 6
59358 8
59359 6
59360 4
59361 9
59362 2
59363 0
59364 9
59365 5
59366 8
59367 4
59368 7
59369 3
59370 6
59371 6
59372 8
59373 5
59374 6
59375 5
59376 7
59377 6
59378 7
59379 6
59380 8
59381 2
59382 7
59383 8
59384 8
59385 4
59386 2
59387 6
59388 6
59389 4
59390 5
59391 6
59392 1
59393 5
59394 9
59395 2
59396 1
59397 7
59398 7
59399 8
59400 4
59401 6
59402 0
59403 2
59404 7
59405 8
59406 6
59407 8
59408 5
59409 3
59410 6
59411 6
59412 4
59413 6
59414 8
59415 0
59416 3
59417 6
59418 7
59419 1
59420 7
59421 7
59422 6
59423 2
59424 7
59425 1
59426 1
59427 2
59428 6
59429 1
59430 4
59431 1
59432 4
59433 5
59434 8
59435 4
59436 8
59437 7
59438 2
59439 7
59440 6
59441 8
59442 3
59443 6
59444 2
59445 7
59446 8
59447 5
59448 0
59449 0
59450 1
59451 1
59452 5
59453 9
59454 2
59455 8
59456 8
59457 2
59458 6
59459 7
59460 2
59461 7
59462 3
59463 6
59464 8
59465 5
59466 8
59467 7
59468 0
59469 5
59470 5
59471 8
59472 7
59473 4
59474 2
59475 0
59476 6
59477 4
59478 6
59479 7
59480 1
59481 5
59482 3
59483 8
59484 7
59485 6
59486 5
59487 8
59488 5
59489 2
59490 6
59491 7
59492 1
59493 0
59494 0
59495 0
59496 3
59497 6
59498 5
59499 9
59500 5
59501 7
59502 7
59503 0
59504 2
59505 8
59506 8
59507 5
59508 5
59509 5
59510 4
59511 7
59512 3
59513 7
59514 1
59515 7
59516 0
59517 5
59518 5
59519 1
59520 5
59521 2
59522 7
59523 2
59524 4
59525 8
59526 3
59527 6
59528 6
59529 1
59530 7
59531 0
59532 2
59533 5
59534 7
59535 8
59536 7
59537 8
59538 1
59539 7
59540 6
59541 4
59542 6
59543 5
59544 2
59545 6
59546 6
59547 7
59548 5
59549 6
59550 1
59551 5
59552 6
59553 5
59554 7
59555 6
59556 4
59557 2
59558 7
59559 4
59560 7
59561 3
59562 7
59563 7
59564 5
59565 6
59566 9
59567 8
59568 6
59569 8
59570 5
59571 0
59572 7
59573 1
59574 1
59575 6
59576 1
59577 0
59578 7
59579 6
59580 6
59581 2
59582 3
59583 4
59584 4
59585 4
59586 6
59587 2
59588 3
59589 6
59590 7
59591 8
59592 6
59593 4
59594 1
59595 6
59596 1
59597 8
59598 3
59599 1
59600 2
59601 0
59602 9
59603 0
59604 3
59605 6
59606 7
59607 6
59608 7
59609 5
59610 9
59611 3
59612 2
59613 4
59614 6
59615 8
59616 5
59617 4
59618 1
59619 8
59620 7
59621 6
59622 8
59623 5
59624 8
59625 7
59626 0
59627 3
59628 0
59629 4
59630 9
59631 3
59632 7
59633 5
59634 5
59635 2
59636 8
59637 8
59638 1
59639 6
59640 4
59641 5
59642 8
59643 7
59644 0
59645 2
59646 6
59647 5
59648 5
59649 2
59650 2
59651 2
59652 0
59653 3
59654 3
59655 1
59656 6
59657 7
59658 3
59659 0
59660 5
59661 6
59662 2
59663 7
59664 5
59665 2
59666 1
59667 5
59668 6
59669 5
59670 6
59671 8
59672 2
59673 8
59674 2
59675 5
59676 5
59677 7
59678 5
59679 1
59680 4
59681 6
59682 8
59683 6
59684 6
59685 6
59686 4
59687 5
59688 6
59689 7
59690 7
59691 6
59692 6
59693 5
59694 6
59695 0
59696 7
59697 1
59698 3
59699 5
59700 0
59701 7
59702 6
59703 1
59704 6
59705 8
59706 4
59707 4
59708 1
59709 8
59710 2
59711 2
59712 8
59713 7
59714 6
59715 7
59716 8
59717 6
59718 0
59719 7
59720 2
59721 6
59722 6
59723 2
59724 2
59725 7
59726 3
59727 3
59728 2
59729 8
59730 8
59731 8
59732 8
59733 0
59734 6
59735 5
59736 7
59737 6
59738 4
59739 0
59740 9
59741 7
59742 1
59743 5
59744 7
59745 4
59746 2
59747 4
59748 2
59749 6
59750 7
59751 8
59752 6
59753 6
59754 6
59755 7
59756 4
59757 8
59758 7
59759 7
59760 6
59761 3
59762 7
59763 2
59764 8
59765 9
59766 9
59767 9
59768 6
59769 7
59770 5
59771 3
59772 2
59773 6
59774 3
59775 7
59776 0
59777 7
59778 4
59779 8
59780 6
59781 0
59782 0
59783 5
59784 3
59785 4
59786 6
59787 6
59788 7
59789 7
59790 7
59791 4
59792 1
59793 8
59794 5
59795 7
59796 8
59797 6
59798 7
59799 6
59800 6
59801 6
59802 5
59803 2
59804 6
59805 2
59806 8
59807 0
59808 8
59809 3
59810 7
59811 4
59812 7
59813 4
59814 1
59815 3
59816 0
59817 6
59818 0
59819 9
59820 3
59821 2
59822 7
59823 1
59824 6
59825 5
59826 3
59827 5
59828 8
59829 8
59830 4
59831 4
59832 7
59833 0
59834 0
59835 5
59836 5
59837 2
59838 5
59839 6
59840 2
59841 0
59842 8
59843 3
59844 2
59845 3
59846 6
59847 9
59848 5
59849 6
59850 7
59851 7
59852 1
59853 0
59854 6
59855 5
59856 9
59857 0
59858 1
59859 8
59860 8
59861 0
59862 7
59863 3
59864 6
59865 8
59866 1
59867 7
59868 7
59869 7
59870 8
59871 2
59872 9
59873 6
59874 7
59875 8
59876 4
59877 8
59878 0
59879 5
59880 3
59881 5
59882 8
59883 8
59884 3
59885 4
59886 8
59887 7
59888 3
59889 4
59890 5
59891 6
59892 1
59893 5
59894 6
59895 6
59896 3
59897 1
59898 10
59899 8
59900 5
59901 6
59902 0
59903 4
59904 6
59905 9
59906 5
59907 3
59908 3
59909 8
59910 7
59911 2
59912 4
59913 7
59914 8
59915 6
59916 9
59917 6
59918 5
59919 6
59920 2
59921 6
59922 4
59923 7
59924 5
59925 3
59926 2
59927 1
59928 2
59929 4
59930 0
59931 7
59932 5
59933 4
59934 8
59935 8
59936 5
59937 8
59938 6
59939 3
59940 6
59941 7
59942 6
59943 8
59944 8
59945 5
59946 0
59947 3
59948 7
59949 0
59950 5
59951 8
59952 6
59953 8
59954 6
59955 6
59956 5
59957 4
59958 5
59959 8
59960 5
59961 5
59962 2
59963 6
59964 4
59965 6
59966 4
59967 9
59968 0
59969 5
59970 7
59971 2
59972 0
59973 0
59974 6
59975 5
59976 5
59977 1
59978 8
59979 6
59980 8
59981 2
59982 8
59983 0
59984 8
59985 5
59986 3
59987 6
59988 5
59989 8
59990 8
59991 1
59992 1
59993 7
59994 7
59995 3
59996 6
59997 5
59998 7
59999 5
60000 4
60001 1
60002 4
60003 7
60004 5
60005 6
60006 9
60007 6
60008 5
60009 3
60010 2
60011 5
60012 3
60013 8
60014 4
60015 7
60016 8
60017 6
60018 7
60019 1
60020 0
60021 6
60022 6
60023 6
60024 7
60025 7
60026 6
60027 6
60028 7
60029 2
60030 6
60031 6
60032 9
60033 3
60034 4
60035 6
60036 5
60037 4
60038 8
60039 7
60040 6
60041 7
60042 6
60043 6
60044 7
60045 2
60046 7
60047 7
60048 7
60049 8
60050 8
60051 7
60052 6
60053 6
60054 6
60055 8
60056 2
60057 8
60058 9
60059 2
60060 6
60061 6
60062 5
60063 8
60064 8
60065 2
60066 6
60067 8
60068 7
60069 7
60070 2
60071 8
60072 6
60073 6
60074 4
60075 8
60076 5
60077 9
60078 8
60079 6
60080 7
60081 8
60082 3
60083 3
60084 6
60085 5
60086 4
60087 4
60088 8
60089 1
60090 5
60091 1
60092 0
60093 9
60094 2
60095 7
60096 5
60097 9
60098 4
60099 4
60100 7
60101 3
60102 4
60103 4
60104 5
60105 2
60106 3
60107 8
60108 8
60109 6
60110 4
60111 6
60112 2
60113 8
60114 8
60115 5
60116 1
60117 4
60118 2
60119 6
60120 3
60121 2
60122 7
60123 2
60124 0
60125 6
60126 8
60127 7
60128 7
60129 3
60130 6
60131 6
60132 7
60133 2
60134 6
60135 8
60136 2
60137 6
60138 3
60139 2
60140 9
60141 6
60142 4
60143 8
60144 0
60145 5
60146 6
60147 7
60148 4
60149 3
60150 5
60151 1
60152 5
60153 0
60154 6
60155 6
60156 9
60157 9
60158 6
60159 6
60160 5
60161 7
60162 3
60163 4
60164 9
60165 3
60166 8
60167 8
60168 7
60169 1
60170 1
60171 6
60172 6
60173 1
60174 3
60175 0
60176 1
60177 8
60178 6
60179 6
60180 2
60181 7
60182 4
60183 4
60184 0
60185 7
60186 7
60187 4
60188 4
60189 3
60190 8
60191 5
60192 6
60193 0
60194 3
60195 8
60196 5
60197 5
60198 6
60199 6
60200 3
60201 6
60202 6
60203 2
60204 5
60205 7
60206 4
60207 3
60208 4
60209 4
60210 9
60211 1
60212 1
60213 6
60214 5
60215 1
60216 5
60217 4
60218 1
60219 5
60220 8
60221 1
60222 7
60223 5
60224 6
60225 3
60226 3
60227 8
60228 9
60229 7
60230 8
60231 4
60232 3
60233 7
60234 6
60235 8
60236 1
60237 8
60238 2
60239 4
60240 7
60241 9
60242 8
60243 4
60244 2
60245 8
60246 6
60247 4
60248 1
60249 6
60250 5
60251 2
60252 4
60253 7
60254 8
60255 8
60256 0
60257 1
60258 6
60259 0
60260 8
60261 1
60262 8
60263 6
60264 7
60265 1
60266 8
60267 3
60268 5
60269 4
60270 8
60271 7
60272 0
60273 0
60274 3
60275 2
60276 1
60277 1
60278 1
60279 6
60280 6
60281 4
60282 6
60283 9
60284 8
60285 2
60286 6
60287 8
60288 7
60289 6
60290 7
60291 7
60292 7
60293 4
60294 8
60295 5
60296 2
60297 7
60298 6
60299 3
60300 6
60301 4
60302 3
60303 7
60304 8
60305 8
60306 3
60307 7
60308 1
60309 3
60310 5
60311 6
60312 2
60313 8
60314 2
60315 2
60316 8
60317 2
60318 5
60319 3
60320 2
60321 4
60322 4
60323 7
60324 5
60325 7
60326 7
60327 2
60328 5
60329 3
60330 8
60331 4
60332 1
60333 6
60334 8
60335 7
60336 4
60337 0
60338 4
60339 5
60340 0
60341 8
60342 6
60343 6
60344 7
60345 4
60346 8
60347 5
60348 8
60349 2
60350 9
60351 1
60352 1
60353 8
60354 5
60355 6
60356 6
60357 8
60358 9
60359 8
60360 1
60361 6
60362 1
60363 4
60364 5
60365 8
60366 6
60367 6
60368 7
60369 5
60370 8
60371 5
60372 9
60373 7
60374 6
60375 6
60376 1
60377 3
60378 7
60379 4
60380 2
60381 8
60382 7
60383 6
60384 8
60385 5
60386 3
60387 3
60388 6
60389 6
60390 9
60391 7
60392 4
60393 9
60394 8
60395 5
60396 5
60397 9
60398 4
60399 4
60400 8
60401 3
60402 3
60403 1
60404 8
60405 8
60406 9
60407 6
60408 8
60409 7
60410 1
60411 1
60412 5
60413 6
60414 3
60415 8
60416 6
60417 3
60418 5
60419 1
60420 5
60421 7
60422 1
60423 5
60424 7
60425 4
60426 3
60427 7
60428 9
60429 6
60430 6
60431 7
60432 8
60433 6
60434 6
60435 4
60436 7
60437 6
60438 4
60439 4
60440 5
60441 4
60442 7
60443 8
60444 6
60445 6
60446 2
60447 7
60448 0
60449 6
60450 6
60451 7
60452 7
60453 3
60454 5
60455 3
60456 6
60457 8
60458 9
60459 8
60460 9
60461 3
60462 6
60463 8
60464 0
60465 3
60466 0
60467 4
60468 8
60469 6
60470 1
60471 2
60472 4
60473 6
60474 3
60475 1
60476 0
60477 8
60478 0
60479 4
60480 6
60481 9
60482 0
60483 7
60484 4
60485 4
60486 7
60487 4
60488 8
60489 4
60490 6
60491 6
60492 3
60493 8
60494 8
60495 4
60496 1
60497 7
60498 5
60499 3
60500 3
60501 7
60502 7
60503 8
60504 6
60505 1
60506 0
60507 6
60508 9
60509 2
60510 8
60511 6
60512 4
60513 7
60514 7
60515 0
60516 2
60517 7
60518 7
60519 5
60520 5
60521 9
60522 5
60523 6
60524 8
60525 3
60526 7
60527 6
60528 7
60529 9
60530 7
60531 3
60532 7
60533 6
60534 0
60535 5
60536 7
60537 5
60538 8
60539 2
60540 4
60541 7
60542 6
60543 9
60544 6
60545 1
60546 5
60547 5
60548 6
60549 6
60550 8
60551 7
60552 3
60553 1
60554 6
60555 6
60556 4
60557 6
60558 5
60559 3
60560 8
60561 3
60562 8
60563 5
60564 7
60565 0
60566 8
60567 6
60568 0
60569 9
60570 7
60571 4
60572 7
60573 6
60574 0
60575 6
60576 6
60577 8
60578 4
60579 6
60580 3
60581 7
60582 7
60583 5
60584 3
60585 4
60586 8
60587 3
60588 4
60589 8
60590 5
60591 7
60592 3
60593 1
60594 9
60595 6
60596 7
60597 8
60598 6
60599 2
60600 2
60601 2
60602 3
60603 6
60604 5
60605 8
60606 4
60607 9
60608 6
60609 8
60610 7
60611 0
60612 5
60613 7
60614 8
60615 9
60616 9
60617 8
60618 2
60619 7
60620 6
60621 6
60622 3
60623 6
60624 7
60625 6
60626 5
60627 4
60628 8
60629 8
60630 4
60631 4
60632 7
60633 5
60634 4
60635 6
60636 7
60637 8
60638 2
60639 0
60640 6
60641 6
60642 8
60643 5
60644 2
60645 3
60646 8
60647 7
60648 1
60649 2
60650 4
60651 8
60652 7
60653 7
60654 9
60655 6
60656 0
60657 7
60658 9
60659 4
60660 0
60661 4
60662 6
60663 8
60664 7
60665 3
60666 5
60667 2
60668 9
60669 4
60670 7
60671 6
60672 4
60673 0
60674 7
60675 8
60676 8
60677 5
60678 7
60679 7
60680 6
60681 2
60682 0
60683 3
60684 4
60685 2
60686 1
60687 6
60688 1
60689 8
60690 4
60691 4
60692 3
60693 7
60694 6
60695 2
60696 7
60697 0
60698 4
60699 7
60700 5
60701 7
60702 8
60703 7
60704 6
60705 5
60706 0
60707 7
60708 7
60709 7
60710 6
60711 2
60712 8
60713 3
60714 2
60715 7
60716 5
60717 8
60718 5
60719 7
60720 1
60721 7
60722 5
60723 2
60724 1
60725 5
60726 3
60727 6
60728 6
60729 7
60730 2
60731 5
60732 7
60733 7
60734 4
60735 7
60736 6
60737 4
60738 3
60739 0
60740 4
60741 4
60742 7
60743 9
60744 3
60745 4
60746 9
60747 0
60748 3
60749 9
60750 4
60751 6
60752 5
60753 5
60754 4
60755 8
60756 6
60757 6
60758 5
60759 1
60760 6
60761 4
60762 7
60763 7
60764 5
60765 3
60766 9
60767 9
60768 7
60769 5
60770 2
60771 4
60772 9
60773 4
60774 0
60775 8
60776 4
60777 1
60778 7
60779 8
60780 0
60781 8
60782 5
60783 6
60784 3
60785 2
60786 0
60787 6
60788 7
60789 2
60790 3
60791 6
60792 4
60793 7
60794 5
60795 7
60796 5
60797 4
60798 8
60799 6
60800 4
60801 2
60802 5
60803 4
60804 8
60805 3
60806 3
60807 7
60808 6
60809 3
60810 8
60811 6
60812 8
60813 8
60814 1
60815 5
60816 2
60817 2
60818 2
60819 6
60820 6
60821 7
60822 7
60823 6
60824 7
60825 5
60826 5
60827 4
60828 4
60829 7
60830 3
60831 8
60832 6
60833 1
60834 6
60835 7
60836 1
60837 6
60838 8
60839 1
60840 8
60841 4
60842 0
60843 7
60844 7
60845 6
60846 3
60847 7
60848 5
60849 7
60850 9
60851 6
60852 8
60853 7
60854 8
60855 4
60856 6
60857 1
60858 4
60859 7
60860 8
60861 7
60862 3
60863 7
60864 4
60865 3
60866 0
60867 0
60868 7
60869 7
60870 4
60871 4
60872 2
60873 6
60874 5
60875 8
60876 4
60877 4
60878 8
60879 6
60880 6
60881 8
60882 7
60883 0
60884 2
60885 2
60886 4
60887 2
60888 8
60889 8
60890 7
60891 5
60892 8
60893 7
60894 7
60895 7
60896 5
60897 7
60898 7
60899 8
60900 3
60901 2
60902 8
60903 7
60904 4
60905 7
60906 4
60907 8
60908 2
60909 1
60910 6
60911 9
60912 3
60913 6
60914 0
60915 8
60916 2
60917 7
60918 4
60919 8
60920 1
60921 6
60922 8
60923 5
60924 7
60925 7
60926 3
60927 8
60928 8
60929 5
60930 7
60931 0
60932 8
60933 7
60934 2
60935 8
60936 5
60937 3
60938 1
60939 2
60940 6
60941 9
60942 3
60943 4
60944 8
60945 8
60946 7
60947 3
60948 5
60949 6
60950 8
60951 6
60952 3
60953 5
60954 7
60955 7
60956 4
60957 6
60958 6
60959 6
60960 7
60961 8
60962 9
60963 8
60964 4
60965 9
60966 8
60967 6
60968 5
60969 8
60970 5
60971 6
60972 8
60973 0
60974 7
60975 7
60976 8
60977 1
60978 3
60979 7
60980 0
60981 3
60982 6
60983 5
60984 6
60985 5
60986 8
60987 3
60988 8
60989 4
60990 0
60991 2
60992 7
60993 4
60994 1
60995 6
60996 4
60997 7
60998 7
60999 9
61000 6
61001 6
61002 7
61003 8
61004 1
61005 4
61006 5
61007 9
61008 9
61009 5
61010 5
61011 8
61012 8
61013 5
61014 9
61015 7
61016 4
61017 5
61018 1
61019 8
61020 3
61021 1
61022 7
61023 6
61024 7
61025 3
61026 8
61027 5
61028 9
61029 1
61030 7
61031 9
61032 4
61033 8
61034 7
61035 6
61036 6
61037 3
61038 5
61039 8
61040 8
61041 9
61042 7
61043 3
61044 9
61045 6
61046 1
61047 4
61048 0
61049 6
61050 1
61051 8
61052 0
61053 5
61054 6
61055 9
61056 8
61057 4
61058 6
61059 0
61060 8
61061 8
61062 6
61063 5
61064 7
61065 0
61066 8
61067 10
61068 4
61069 7
61070 3
61071 5
61072 6
61073 2
61074 6
61075 3
61076 7
61077 2
61078 9
61079 6
61080 5
61081 8
61082 0
61083 4
61084 3
61085 8
61086 1
61087 0
61088 4
61089 6
61090 2
61091 3
61092 1
61093 7
61094 0
61095 9
61096 5
61097 9
61098 0
61099 6
61100 6
61101 2
61102 7
61103 3
61104 1
61105 4
61106 5
61107 0
61108 4
61109 9
61110 2
61111 8
61112 3
61113 8
61114 4
61115 6
61116 0
61117 4
61118 4
61119 8
61120 7
61121 0
61122 4
61123 7
61124 2
61125 7
61126 7
61127 7
61128 6
61129 7
61130 6
61131 8
61132 8
61133 8
61134 7
61135 4
61136 0
61137 9
61138 7
61139 7
61140 2
61141 7
61142 8
61143 7
61144 6
61145 4
61146 4
61147 5
61148 1
61149 6
61150 6
61151 4
61152 9
61153 2
61154 8
61155 7
61156 1
61157 4
61158 3
61159 4
61160 4
61161 6
61162 7
61163 6
61164 4
61165 6
61166 5
61167 6
61168 7
61169 3
61170 4
61171 7
61172 7
61173 6
61174 4
61175 6
61176 7
61177 6
61178 3
61179 9
61180 4
61181 2
61182 8
61183 6
61184 6
61185 10
61186 1
61187 1
61188 5
61189 5
61190 8
61191 5
61192 7
61193 4
61194 3
61195 7
61196 2
61197 7
61198 8
61199 5
61200 3
61201 4
61202 5
61203 5
61204 3
61205 6
61206 2
61207 5
61208 1
61209 7
61210 8
61211 5
61212 3
61213 0
61214 5
61215 4
61216 7
61217 8
61218 2
61219 6
61220 6
61221 3
61222 7
61223 1
61224 4
61225 7
61226 7
61227 8
61228 0
61229 4
61230 5
61231 4
61232 0
61233 8
61234 5
61235 5
61236 8
61237 3
61238 7
61239 2
61240 4
61241 5
61242 8
61243 8
61244 6
61245 7
61246 1
61247 6
61248 8
61249 9
61250 8
61251 1
61252 5
61253 6
61254 8
61255 7
61256 4
61257 2
61258 5
61259 4
61260 6
61261 9
61262 7
61263 1
61264 3
61265 3
61266 7
61267 0
61268 7
61269 9
61270 9
61271 3
61272 3
61273 6
61274 3
61275 0
61276 8
61277 0
61278 9
61279 6
61280 7
61281 7
61282 9
61283 7
61284 4
61285 5
61286 8
61287 7
61288 7
61289 8
61290 4
61291 4
61292 2
61293 7
61294 5
61295 5
61296 9
61297 7
61298 7
61299 8
61300 8
61301 1
61302 6
61303 7
61304 7
61305 1
61306 2
61307 9
61308 3
61309 4
61310 4
61311 7
61312 4
61313 5
61314 7
61315 9
61316 6
61317 2
61318 0
61319 8
61320 8
61321 2
61322 8
61323 8
61324 6
61325 9
61326 9
61327 8
61328 7
61329 8
61330 0
61331 8
61332 0
61333 5
61334 6
61335 3
61336 8
61337 9
61338 8
61339 7
61340 3
61341 9
61342 5
61343 3
61344 6
61345 5
61346 6
61347 8
61348 2
61349 0
61350 4
61351 6
61352 2
61353 8
61354 3
61355 3
61356 6
61357 5
61358 5
61359 9
61360 0
61361 8
61362 4
61363 3
61364 3
61365 2
61366 8
61367 8
61368 0
61369 6
61370 6
61371 1
61372 8
61373 4
61374 7
61375 0
61376 3
61377 6
61378 6
61379 9
61380 4
61381 0
61382 5
61383 7
61384 0
61385 6
61386 7
61387 5
61388 9
61389 7
61390 7
61391 2
61392 7
61393 6
61394 6
61395 8
61396 7
61397 8
61398 6
61399 3
61400 7
61401 0
61402 6
61403 4
61404 8
61405 6
61406 3
61407 6
61408 2
61409 2
61410 5
61411 0
61412 8
61413 1
61414 7
61415 5
61416 1
61417 4
61418 4
61419 7
61420 6
61421 9
61422 1
61423 9
61424 10
61425 5
61426 8
61427 1
61428 5
61429 5
61430 6
61431 6
61432 3
61433 0
61434 9
61435 6
61436 6
61437 4
61438 5
61439 4
61440 6
61441 3
61442 8
61443 6
61444 8
61445 5
61446 6
61447 7
61448 6
61449 8
61450 3
61451 7
61452 9
61453 7
61454 5
61455 6
61456 3
61457 9
61458 7
61459 4
61460 6
61461 6
61462 3
61463 5
61464 6
61465 2
61466 3
61467 8
61468 3
61469 6
61470 4
61471 0
61472 4
61473 6
61474 5
61475 10
61476 0
61477 9
61478 6
61479 8
61480 8
61481 2
61482 6
61483 7
61484 3
61485 5
61486 3
61487 5
61488 8
61489 8
61490 8
61491 9
61492 2
61493 7
61494 0
61495 8
61496 8
61497 7
61498 4
61499 3
61500 7
61501 4
61502 5
61503 3
61504 5
61505 8
61506 0
61507 8
61508 5
61509 5
61510 6
61511 2
61512 5
61513 7
61514 3
61515 5
61516 7
61517 5
61518 7
61519 6
61520 7
61521 1
61522 7
61523 8
61524 1
61525 2
61526 3
61527 2
61528 1
61529 8
61530 9
61531 4
61532 1
61533 5
61534 8
61535 7
61536 6
61537 3
61538 7
61539 2
61540 3
61541 1
61542 6
61543 1
61544 6
61545 8
61546 8
61547 4
61548 7
61549 0
61550 3
61551 8
61552 7
61553 6
61554 6
61555 5
61556 3
61557 3
61558 5
61559 7
61560 4
61561 9
61562 8
61563 1
61564 0
61565 3
61566 3
61567 4
61568 0
61569 2
61570 4
61571 3
61572 4
61573 0
61574 0
61575 0
61576 3
61577 1
61578 9
61579 8
61580 8
61581 8
61582 8
61583 3
61584 8
61585 8
61586 0
61587 8
61588 8
61589 8
61590 8
61591 5
61592 6
61593 6
61594 1
61595 5
61596 7
61597 8
61598 5
61599 3
61600 6
61601 8
61602 7
61603 8
61604 4
61605 6
61606 6
61607 8
61608 2
61609 2
61610 8
61611 7
61612 4
61613 1
61614 6
61615 9
61616 5
61617 6
61618 4
61619 0
61620 3
61621 8
61622 6
61623 5
61624 5
61625 9
61626 4
61627 8
61628 1
61629 5
61630 4
61631 8
61632 4
61633 8
61634 6
61635 9
61636 8
61637 7
61638 6
61639 2
61640 5
61641 8
61642 8
61643 3
61644 7
61645 6
61646 9
61647 7
61648 6
61649 7
61650 8
61651 7
61652 6
61653 8
61654 7
61655 5
61656 5
61657 2
61658 7
61659 9
61660 9
61661 5
61662 4
61663 8
61664 7
61665 2
61666 0
61667 7
61668 6
61669 5
61670 2
61671 7
61672 7
61673 1
61674 5
61675 7
61676 1
61677 8
61678 2
61679 3
61680 5
61681 7
61682 6
61683 6
61684 3
61685 7
61686 1
61687 7
61688 8
61689 6
61690 6
61691 5
61692 7
61693 5
61694 7
61695 8
61696 6
61697 6
61698 5
61699 7
61700 5
61701 9
61702 2
61703 0
61704 6
61705 5
61706 3
61707 4
61708 6
61709 4
61710 3
61711 6
61712 0
61713 1
61714 4
61715 7
61716 0
61717 7
61718 4
61719 7
61720 9
61721 0
61722 5
61723 8
61724 6
61725 4
61726 0
61727 6
61728 8
61729 0
61730 6
61731 7
61732 4
61733 7
61734 4
61735 7
61736 3
61737 1
61738 4
61739 5
61740 7
61741 8
61742 4
61743 3
61744 8
61745 8
61746 6
61747 7
61748 6
61749 8
61750 6
61751 3
61752 4
61753 4
61754 8
61755 6
61756 4
61757 5
61758 8
61759 0
61760 6
61761 6
61762 6
61763 7
61764 8
61765 2
61766 4
61767 7
61768 5
61769 3
61770 0
61771 9
61772 6
61773 7
61774 8
61775 8
61776 1
61777 9
61778 4
61779 3
61780 7
61781 8
61782 4
61783 6
61784 3
61785 7
61786 1
61787 8
61788 5
61789 7
61790 7
61791 3
61792 7
61793 6
61794 8
61795 8
61796 7
61797 4
61798 6
61799 5
61800 4
61801 5
61802 3
61803 3
61804 3
61805 6
61806 3
61807 6
61808 6
61809 3
61810 8
61811 5
61812 9
61813 6
61814 8
61815 5
61816 9
61817 5
61818 9
61819 7
61820 7
61821 4
61822 7
61823 6
61824 5
61825 7
61826 3
61827 8
61828 7
61829 4
61830 5
61831 1
61832 6
61833 7
61834 8
61835 7
61836 6
61837 2
61838 5
61839 8
61840 10
61841 6
61842 7
61843 7
61844 1
61845 3
61846 5
61847 7
61848 8
61849 6
61850 4
61851 7
61852 8
61853 3
61854 1
61855 4
61856 6
61857 9
61858 4
61859 8
61860 0
61861 7
61862 9
61863 2
61864 7
61865 0
61866 3
61867 2
61868 5
61869 6
61870 0
61871 3
61872 6
61873 2
61874 8
61875 8
61876 6
61877 4
61878 4
61879 1
61880 9
61881 9
61882 7
61883 5
61884 8
61885 5
61886 8
61887 7
61888 0
61889 5
61890 7
61891 7
61892 1
61893 1
61894 7
61895 8
61896 7
61897 4
61898 4
61899 9
61900 4
61901 7
61902 6
61903 6
61904 10
61905 0
61906 8
61907 8
61908 8
61909 2
61910 5
61911 2
61912 0
61913 5
61914 0
61915 4
61916 0
61917 7
61918 3
61919 5
61920 3
61921 8
61922 8
61923 2
61924 3
61925 1
61926 8
61927 6
61928 1
61929 8
61930 8
61931 5
61932 8
61933 5
61934 4
61935 2
61936 5
61937 6
61938 7
61939 3
61940 6
61941 1
61942 7
61943 0
61944 7
61945 7
61946 9
61947 6
61948 8
61949 4
61950 0
61951 7
61952 7
61953 1
61954 3
61955 4
61956 7
61957 8
61958 5
61959 8
61960 0
61961 2
61962 9
61963 1
61964 4
61965 2
61966 6
61967 3
61968 0
61969 3
61970 8
61971 8
61972 6
61973 8
61974 8
61975 7
61976 1
61977 9
61978 7
61979 5
61980 5
61981 3
61982 3
61983 7
61984 5
61985 6
61986 10
61987 2
61988 8
61989 1
61990 8
61991 8
61992 7
61993 9
61994 1
61995 9
61996 1
61997 4
61998 7
61999 7
62000 1
62001 8
62002 6
62003 7
62004 8
62005 6
62006 6
62007 6
62008 3
62009 8
62010 6
62011 5
62012 8
62013 8
62014 8
62015 5
62016 7
62017 3
62018 8
62019 5
62020 4
62021 4
62022 2
62023 3
62024 4
62025 7
62026 1
62027 6
62028 7
62029 8
62030 5
62031 6
62032 5
62033 8
62034 8
62035 5
62036 2
62037 0
62038 5
62039 3
62040 7
62041 6
62042 7
62043 1
62044 1
62045 4
62046 9
62047 4
62048 4
62049 7
62050 2
62051 0
62052 3
62053 9
62054 6
62055 4
62056 2
62057 3
62058 7
62059 2
62060 7
62061 7
62062 5
62063 6
62064 8
62065 0
62066 7
62067 4
62068 8
62069 9
62070 7
62071 5
62072 8
62073 8
62074 3
62075 8
62076 9
62077 5
62078 7
62079 9
62080 9
62081 5
62082 3
62083 8
62084 1
62085 6
62086 6
62087 0
62088 5
62089 1
62090 9
62091 8
62092 3
62093 5
62094 2
62095 2
62096 6
62097 3
62098 7
62099 1
62100 0
62101 7
62102 8
62103 4
62104 9
62105 7
62106 0
62107 7
62108 6
62109 7
62110 6
62111 5
62112 8
62113 2
62114 4
62115 5
62116 10
62117 3
62118 2
62119 5
62120 5
62121 5
62122 7
62123 7
62124 3
62125 3
62126 5
62127 4
62128 4
62129 9
62130 0
62131 6
62132 3
62133 7
62134 0
62135 4
62136 8
62137 7
62138 8
62139 7
62140 4
62141 7
62142 8
62143 5
62144 0
62145 7
62146 7
62147 1
62148 7
62149 3
62150 9
62151 0
62152 5
62153 3
62154 0
62155 8
62156 7
62157 4
62158 9
62159 3
62160 1
62161 4
62162 4
62163 7
62164 2
62165 5
62166 8
62167 0
62168 9
62169 6
62170 5
62171 7
62172 1
62173 6
62174 8
62175 3
62176 6
62177 0
62178 7
62179 4
62180 8
62181 6
62182 4
62183 8
62184 5
62185 8
62186 6
62187 8
62188 7
62189 5
62190 8
62191 1
62192 1
62193 8
62194 5
62195 3
62196 7
62197 8
62198 6
62199 8
62200 9
62201 9
62202 4
62203 8
62204 2
62205 0
62206 0
62207 6
62208 7
62209 4
62210 2
62211 3
62212 8
62213 3
62214 5
62215 6
62216 3
62217 2
62218 5
62219 1
62220 9
62221 8
62222 3
62223 0
62224 8
62225 7
62226 8
62227 6
62228 8
62229 4
62230 8
62231 2
62232 8
62233 2
62234 7
62235 3
62236 1
62237 8
62238 4
62239 5
62240 6
62241 8
62242 8
62243 3
62244 9
62245 4
62246 6
62247 9
62248 5
62249 7
62250 5
62251 7
62252 0
62253 9
62254 7
62255 8
62256 6
62257 9
62258 8
62259 8
62260 5
62261 7
62262 2
62263 2
62264 8
62265 8
62266 4
62267 5
62268 4
62269 6
62270 2
62271 7
62272 2
62273 5
62274 8
62275 7
62276 7
62277 1
62278 2
62279 5
62280 8
62281 10
62282 8
62283 2
62284 3
62285 3
62286 8
62287 7
62288 5
62289 1
62290 6
62291 3
62292 4
62293 8
62294 3
62295 6
62296 3
62297 7
62298 3
62299 6
62300 5
62301 5
62302 0
62303 1
62304 6
62305 4
62306 8
62307 1
62308 4
62309 5
62310 8
62311 2
62312 9
62313 2
62314 4
62315 5
62316 6
62317 4
62318 6
62319 9
62320 3
62321 6
62322 9
62323 3
62324 1
62325 0
62326 6
62327 7
62328 0
62329 6
62330 8
62331 4
62332 3
62333 5
62334 6
62335 5
62336 6
62337 3
62338 9
62339 3
62340 2
62341 5
62342 8
62343 4
62344 7
62345 3
62346 3
62347 4
62348 7
62349 7
62350 2
62351 5
62352 6
62353 9
62354 7
62355 4
62356 8
62357 7
62358 0
62359 2
62360 7
62361 7
62362 7
62363 7
62364 5
62365 6
62366 3
62367 8
62368 8
62369 9
62370 3
62371 8
62372 7
62373 8
62374 6
62375 6
62376 1
62377 7
62378 2
62379 1
62380 6
62381 8
62382 7
62383 8
62384 5
62385 3
62386 0
62387 9
62388 8
62389 5
62390 8
62391 6
62392 8
62393 2
62394 2
62395 2
62396 1
62397 5
62398 5
62399 4
62400 4
62401 7
62402 3
62403 7
62404 7
62405 2
62406 1
62407 8
62408 9
62409 9
62410 1
62411 3
62412 5
62413 6
62414 4
62415 7
62416 2
62417 7
62418 9
62419 6
62420 0
62421 6
62422 7
62423 6
62424 7
62425 6
62426 1
62427 5
62428 4
62429 9
62430 6
62431 8
62432 8
62433 3
62434 4
62435 5
62436 5
62437 9
62438 4
62439 3
62440 6
62441 9
62442 8
62443 5
62444 1
62445 6
62446 2
62447 3
62448 6
62449 7
62450 8
62451 8
62452 0
62453 2
62454 6
62455 8
62456 7
62457 6
62458 5
62459 1
62460 3
62461 7
62462 7
62463 7
62464 7
62465 6
62466 6
62467 0
62468 6
62469 0
62470 6
62471 0
62472 5
62473 9
62474 8
62475 8
62476 6
62477 8
62478 4
62479 8
62480 6
62481 6
62482 2
62483 6
62484 3
62485 9
62486 7
62487 7
62488 5
62489 6
62490 7
62491 5
62492 1
62493 6
62494 5
62495 6
62496 8
62497 8
62498 1
62499 7
62500 3
62501 3
62502 7
62503 5
62504 8
62505 7
62506 8
62507 8
62508 6
62509 2
62510 4
62511 3
62512 4
62513 6
62514 1
62515 8
62516 8
62517 6
62518 7
62519 2
62520 1
62521 4
62522 8
62523 5
62524 9
62525 1
62526 8
62527 1
62528 2
62529 7
62530 7
62531 8
62532 9
62533 7
62534 7
62535 5
62536 0
62537 9
62538 5
62539 9
62540 7
62541 4
62542 1
62543 7
62544 8
62545 4
62546 7
62547 7
62548 6
62549 5
62550 7
62551 5
62552 10
62553 1
62554 7
62555 3
62556 4
62557 4
62558 1
62559 6
62560 7
62561 8
62562 7
62563 7
62564 8
62565 2
62566 0
62567 1
62568 8
62569 8
62570 9
62571 5
62572 2
62573 4
62574 7
62575 9
62576 7
62577 7
62578 8
62579 10
62580 8
62581 5
62582 6
62583 7
62584 4
62585 8
62586 3
62587 7
62588 1
62589 6
62590 2
62591 6
62592 0
62593 8
62594 4
62595 2
62596 8
62597 5
62598 2
62599 7
62600 0
62601 7
62602 6
62603 8
62604 3
62605 5
62606 8
62607 7
62608 5
62609 7
62610 9
62611 7
62612 5
62613 5
62614 6
62615 3
62616 6
62617 6
62618 1
62619 6
62620 8
62621 4
62622 5
62623 0
62624 0
62625 9
62626 5
62627 8
62628 7
62629 9
62630 4
62631 7
62632 0
62633 8
62634 9
62635 8
62636 6
62637 7
62638 7
62639 9
62640 7
62641 7
62642 7
62643 6
62644 9
62645 8
62646 7
62647 2
62648 6
62649 3
62650 7
62651 4
62652 7
62653 4
62654 7
62655 8
62656 2
62657 4
62658 5
62659 8
62660 9
62661 9
62662 3
62663 8
62664 6
62665 1
62666 6
62667 6
62668 5
62669 3
62670 10
62671 9
62672 7
62673 8
62674 7
62675 1
62676 3
62677 5
62678 1
62679 7
62680 0
62681 1
62682 8
62683 8
62684 8
62685 5
62686 1
62687 4
62688 6
62689 10
62690 7
62691 0
62692 5
62693 8
62694 5
62695 4
62696 9
62697 9
62698 4
62699 6
62700 7
62701 8
62702 4
62703 8
62704 9
62705 5
62706 4
62707 5
62708 7
62709 5
62710 8
62711 5
62712 4
62713 7
62714 8
62715 7
62716 2
62717 3
62718 5
62719 9
62720 7
62721 7
62722 6
62723 5
62724 8
62725 6
62726 5
62727 6
62728 9
62729 7
62730 1
62731 6
62732 6
62733 8
62734 6
62735 3
62736 4
62737 1
62738 3
62739 2
62740 4
62741 8
62742 5
62743 7
62744 7
62745 2
62746 8
62747 6
62748 6
62749 6
62750 8
62751 8
62752 4
62753 7
62754 7
62755 4
62756 2
62757 9
62758 7
62759 7
62760 5
62761 2
62762 8
62763 2
62764 6
62765 9
62766 2
62767 9
62768 8
62769 0
62770 6
62771 5
62772 1
62773 7
62774 7
62775 8
62776 4
62777 8
62778 0
62779 2
62780 9
62781 8
62782 8
62783 3
62784 7
62785 7
62786 7
62787 8
62788 1
62789 5
62790 9
62791 7
62792 3
62793 1
62794 7
62795 3
62796 5
62797 9
62798 6
62799 3
62800 1
62801 5
62802 4
62803 7
62804 5
62805 8
62806 8
62807 8
62808 0
62809 4
62810 4
62811 0
62812 3
62813 2
62814 6
62815 8
62816 4
62817 4
62818 7
62819 7
62820 8
62821 6
62822 9
62823 6
62824 7
62825 1
62826 7
62827 8
62828 9
62829 7
62830 5
62831 2
62832 3
62833 2
62834 3
62835 2
62836 4
62837 9
62838 5
62839 6
62840 3
62841 7
62842 2
62843 6
62844 8
62845 3
62846 10
62847 3
62848 8
62849 9
62850 5
62851 5
62852 2
62853 6
62854 2
62855 9
62856 2
62857 4
62858 6
62859 2
62860 7
62861 6
62862 5
62863 7
62864 4
62865 6
62866 3
62867 0
62868 4
62869 9
62870 5
62871 8
62872 4
62873 4
62874 5
62875 3
62876 4
62877 8
62878 9
62879 5
62880 0
62881 1
62882 9
62883 9
62884 9
62885 8
62886 8
62887 0
62888 8
62889 6
62890 7
62891 3
62892 4
62893 6
62894 7
62895 8
62896 5
62897 1
62898 2
62899 9
62900 8
62901 7
62902 5
62903 7
62904 7
62905 7
62906 7
62907 4
62908 2
62909 8
62910 5
62911 6
62912 0
62913 5
62914 1
62915 4
62916 7
62917 8
62918 4
62919 8
62920 9
62921 8
62922 1
62923 7
62924 0
62925 1
62926 7
62927 8
62928 1
62929 3
62930 6
62931 5
62932 0
62933 4
62934 8
62935 9
62936 6
62937 4
62938 4
62939 6
62940 2
62941 9
62942 5
62943 4
62944 7
62945 7
62946 8
62947 9
62948 9
62949 7
62950 9
62951 5
62952 2
62953 5
62954 9
62955 7
62956 7
62957 4
62958 9
62959 6
62960 6
62961 8
62962 3
62963 8
62964 4
62965 0
62966 7
62967 2
62968 8
62969 7
62970 8
62971 8
62972 8
62973 5
62974 9
62975 5
62976 6
62977 9
62978 6
62979 7
62980 3
62981 8
62982 2
62983 4
62984 4
62985 1
62986 5
62987 9
62988 5
62989 6
62990 5
62991 5
62992 8
62993 4
62994 0
62995 7
62996 5
62997 1
62998 8
62999 2
63000 5
63001 9
63002 6
63003 8
63004 7
63005 8
63006 6
63007 7
63008 4
63009 8
63010 9
63011 2
63012 0
63013 9
63014 2
63015 6
63016 7
63017 6
63018 2
63019 3
63020 2
63021 3
63022 8
63023 2
63024 1
63025 5
63026 10
63027 1
63028 3
63029 0
63030 2
63031 3
63032 6
63033 0
63034 9
63035 3
63036 8
63037 4
63038 3
63039 5
63040 5
63041 3
63042 5
63043 7
63044 8
63045 4
63046 2
63047 1
63048 4
63049 6
63050 7
63051 1
63052 3
63053 9
63054 7
63055 4
63056 8
63057 8
63058 2
63059 8
63060 7
63061 3
63062 8
63063 7
63064 6
63065 7
63066 3
63067 5
63068 3
63069 2
63070 7
63071 6
63072 0
63073 5
63074 7
63075 5
63076 8
63077 9
63078 8
63079 5
63080 3
63081 4
63082 7
63083 7
63084 3
63085 5
63086 6
63087 7
63088 7
63089 9
63090 8
63091 2
63092 7
63093 7
63094 3
63095 8
63096 8
63097 1
63098 8
63099 4
63100 5
63101 8
63102 5
63103 9
63104 7
63105 6
63106 8
63107 6
63108 6
63109 6
63110 3
63111 0
63112 7
63113 2
63114 6
63115 5
63116 5
63117 6
63118 2
63119 1
63120 9
63121 5
63122 6
63123 4
63124 4
63125 1
63126 8
63127 0
63128 3
63129 9
63130 9
63131 8
63132 6
63133 3
63134 7
63135 1
63136 4
63137 9
63138 5
63139 2
63140 7
63141 1
63142 7
63143 5
63144 5
63145 2
63146 4
63147 8
63148 7
63149 9
63150 8
63151 6
63152 7
63153 6
63154 4
63155 6
63156 3
63157 6
63158 5
63159 5
63160 9
63161 7
63162 7
63163 6
63164 7
63165 9
63166 5
63167 7
63168 8
63169 6
63170 6
63171 6
63172 6
63173 9
63174 9
63175 8
63176 5
63177 8
63178 3
63179 8
63180 1
63181 7
63182 7
63183 8
63184 9
63185 6
63186 8
63187 6
63188 0
63189 3
63190 8
63191 6
63192 3
63193 7
63194 5
63195 6
63196 0
63197 8
63198 7
63199 7
63200 1
63201 3
63202 9
63203 8
63204 5
63205 4
63206 5
63207 2
63208 9
63209 0
63210 7
63211 6
63212 2
63213 8
63214 1
63215 2
63216 8
63217 4
63218 0
63219 8
63220 5
63221 4
63222 6
63223 3
63224 8
63225 4
63226 4
63227 7
63228 8
63229 4
63230 2
63231 7
63232 4
63233 9
63234 8
63235 6
63236 3
63237 8
63238 0
63239 8
63240 7
63241 10
63242 1
63243 0
63244 4
63245 3
63246 3
63247 3
63248 5
63249 9
63250 4
63251 0
63252 9
63253 6
63254 5
63255 3
63256 2
63257 2
63258 8
63259 0
63260 4
63261 6
63262 8
63263 9
63264 4
63265 9
63266 7
63267 8
63268 8
63269 9
63270 0
63271 5
63272 6
63273 8
63274 6
63275 1
63276 4
63277 5
63278 3
63279 5
63280 1
63281 8
63282 6
63283 5
63284 9
63285 6
63286 3
63287 1
63288 7
63289 9
63290 6
63291 2
63292 7
63293 6
63294 3
63295 3
63296 2
63297 5
63298 3
63299 7
63300 1
63301 9
63302 7
63303 0
63304 0
63305 3
63306 5
63307 8
63308 4
63309 6
63310 0
63311 5
63312 4
63313 6
63314 4
63315 0
63316 5
63317 5
63318 7
63319 7
63320 7
63321 4
63322 8
63323 3
63324 8
63325 2
63326 5
63327 0
63328 7
63329 7
63330 9
63331 7
63332 3
63333 7
63334 4
63335 7
63336 6
63337 6
63338 6
63339 7
63340 2
63341 8
63342 7
63343 8
63344 7
63345 8
63346 5
63347 4
63348 5
63349 7
63350 4
63351 6
63352 5
63353 0
63354 9
63355 7
63356 3
63357 4
63358 8
63359 3
63360 5
63361 9
63362 6
63363 5
63364 0
63365 2
63366 7
63367 5
63368 6
63369 8
63370 8
63371 4
63372 7
63373 8
63374 3
63375 6
63376 4
63377 8
63378 1
63379 4
63380 8
63381 6
63382 6
63383 6
63384 4
63385 9
63386 6
63387 5
63388 0
63389 8
63390 5
63391 4
63392 1
63393 6
63394 6
63395 8
63396 0
63397 7
63398 5
63399 2
63400 8
63401 4
63402 3
63403 4
63404 7
63405 2
63406 2
63407 8
63408 5
63409 6
63410 5
63411 7
63412 4
63413 8
63414 1
63415 8
63416 7
63417 4
63418 5
63419 0
63420 4
63421 4
63422 1
63423 0
63424 0
63425 5
63426 7
63427 6
63428 4
63429 0
63430 7
63431 7
63432 4
63433 4
63434 4
63435 8
63436 3
63437 8
63438 8
63439 2
63440 9
63441 7
63442 8
63443 4
63444 2
63445 3
63446 6
63447 7
63448 1
63449 5
63450 8
63451 7
63452 4
63453 6
63454 2
63455 8
63456 5
63457 6
63458 2
63459 0
63460 4
63461 4
63462 8
63463 3
63464 6
63465 5
63466 8
63467 0
63468 7
63469 1
63470 4
63471 5
63472 2
63473 7
63474 7
63475 7
63476 3
63477 8
63478 0
63479 7
63480 6
63481 4
63482 7
63483 9
63484 4
63485 6
63486 3
63487 4
63488 4
63489 4
63490 8
63491 7
63492 5
63493 9
63494 6
63495 7
63496 6
63497 6
63498 8
63499 6
63500 5
63501 9
63502 4
63503 6
63504 7
63505 4
63506 8
63507 0
63508 6
63509 2
63510 7
63511 5
63512 5
63513 3
63514 7
63515 1
63516 7
63517 8
63518 7
63519 10
63520 3
63521 2
63522 7
63523 7
63524 7
63525 3
63526 7
63527 1
63528 5
63529 2
63530 2
63531 7
63532 7
63533 5
63534 5
63535 8
63536 7
63537 8
63538 5
63539 4
63540 8
63541 5
63542 2
63543 1
63544 6
63545 1
63546 8
63547 3
63548 9
63549 5
63550 6
63551 6
63552 8
63553 7
63554 1
63555 1
63556 6
63557 6
63558 6
63559 7
63560 7
63561 9
63562 9
63563 4
63564 7
63565 4
63566 6
63567 2
63568 8
63569 0
63570 0
63571 0
63572 4
63573 5
63574 8
63575 8
63576 8
63577 7
63578 3
63579 8
63580 8
63581 4
63582 8
63583 4
63584 8
63585 7
63586 7
63587 6
63588 2
63589 6
63590 9
63591 3
63592 4
63593 8
63594 6
63595 2
63596 2
63597 1
63598 8
63599 4
63600 4
63601 3
63602 6
63603 5
63604 8
63605 7
63606 6
63607 6
63608 7
63609 8
63610 7
63611 8
63612 3
63613 6
63614 7
63615 7
63616 2
63617 1
63618 8
63619 9
63620 8
63621 1
63622 5
63623 7
63624 6
63625 1
63626 9
63627 4
63628 2
63629 2
63630 7
63631 0
63632 4
63633 6
63634 8
63635 6
63636 7
63637 0
63638 8
63639 0
63640 6
63641 2
63642 9
63643 5
63644 3
63645 3
63646 2
63647 7
63648 2
63649 8
63650 7
63651 0
63652 6
63653 7
63654 4
63655 8
63656 6
63657 3
63658 8
63659 5
63660 5
63661 4
63662 7
63663 5
63664 7
63665 7
63666 5
63667 8
63668 10
63669 8
63670 5
63671 6
63672 4
63673 7
63674 8
63675 8
63676 5
63677 2
63678 5
63679 6
63680 7
63681 9
63682 4
63683 5
63684 5
63685 6
63686 0
63687 6
63688 3
63689 1
63690 5
63691 6
63692 3
63693 5
63694 3
63695 7
63696 5
63697 3
63698 3
63699 5
63700 5
63701 6
63702 7
63703 8
63704 1
63705 6
63706 8
63707 8
63708 9
63709 0
63710 5
63711 4
63712 2
63713 0
63714 1
63715 2
63716 6
63717 0
63718 0
63719 5
63720 3
63721 6
63722 9
63723 9
63724 2
63725 2
63726 6
63727 7
63728 8
63729 5
63730 4
63731 8
63732 4
63733 9
63734 7
63735 6
63736 0
63737 4
63738 8
63739 2
63740 8
63741 0
63742 5
63743 5
63744 8
63745 6
63746 4
63747 0
63748 8
63749 1
63750 9
63751 3
63752 1
63753 2
63754 7
63755 1
63756 5
63757 5
63758 6
63759 7
63760 7
63761 5
63762 3
63763 5
63764 9
63765 5
63766 5
63767 0
63768 6
63769 2
63770 3
63771 8
63772 6
63773 2
63774 8
63775 8
63776 6
63777 6
63778 9
63779 4
63780 4
63781 7
63782 7
63783 8
63784 7
63785 7
63786 6
63787 0
63788 5
63789 6
63790 8
63791 5
63792 3
63793 4
63794 7
63795 0
63796 5
63797 8
63798 3
63799 4
63800 8
63801 9
63802 1
63803 1
63804 9
63805 3
63806 0
63807 1
63808 9
63809 0
63810 8
63811 7
63812 9
63813 4
63814 7
63815 4
63816 8
63817 2
63818 4
63819 6
63820 9
63821 6
63822 9
63823 9
63824 4
63825 8
63826 5
63827 1
63828 5
63829 6
63830 8
63831 8
63832 8
63833 7
63834 4
63835 6
63836 6
63837 6
63838 5
63839 1
63840 7
63841 6
63842 2
63843 5
63844 7
63845 6
63846 6
63847 10
63848 8
63849 10
63850 8
63851 8
63852 6
63853 5
63854 7
63855 1
63856 7
63857 6
63858 8
63859 8
63860 7
63861 3
63862 6
63863 9
63864 8
63865 4
63866 7
63867 7
63868 6
63869 2
63870 0
63871 8
63872 5
63873 6
63874 8
63875 6
63876 7
63877 4
63878 8
63879 8
63880 4
63881 8
63882 2
63883 9
63884 4
63885 7
63886 4
63887 2
63888 6
63889 5
63890 3
63891 5
63892 2
63893 2
63894 0
63895 9
63896 4
63897 8
63898 4
63899 3
63900 2
63901 2
63902 8
63903 8
63904 4
63905 4
63906 8
63907 5
63908 5
63909 2
63910 6
63911 3
63912 7
63913 3
63914 0
63915 6
63916 1
63917 4
63918 4
63919 6
63920 6
63921 8
63922 7
63923 7
63924 7
63925 8
63926 9
63927 8
63928 1
63929 4
63930 8
63931 10
63932 4
63933 0
63934 2
63935 7
63936 7
63937 2
63938 8
63939 7
63940 4
63941 8
63942 5
63943 3
63944 4
63945 7
63946 4
63947 4
63948 9
63949 7
63950 5
63951 2
63952 9
63953 5
63954 8
63955 8
63956 9
63957 5
63958 2
63959 7
63960 8
63961 5
63962 5
63963 3
63964 6
63965 8
63966 5
63967 2
63968 9
63969 1
63970 5
63971 8
63972 6
63973 8
63974 1
63975 4
63976 7
63977 1
63978 9
63979 3
63980 7
63981 6
63982 8
63983 8
63984 5
63985 9
63986 0
63987 8
63988 4
63989 5
63990 8
63991 5
63992 7
63993 5
63994 6
63995 4
63996 2
63997 3
63998 6
63999 0
64000 6
64001 9
64002 0
64003 2
64004 9
64005 9
64006 4
64007 2
64008 7
64009 9
64010 3
64011 1
64012 6
64013 6
64014 3
64015 8
64016 7
64017 9
64018 5
64019 7
64020 1
64021 8
64022 1
64023 9
64024 2
64025 8
64026 0
64027 7
64028 0
64029 7
64030 2
64031 7
64032 5
64033 7
64034 1
64035 6
64036 7
64037 8
64038 8
64039 0
64040 2
64041 7
64042 1
64043 5
64044 6
64045 6
64046 9
64047 4
64048 5
64049 5
64050 8
64051 6
64052 1
64053 2
64054 5
64055 6
64056 1
64057 5
64058 7
64059 0
64060 1
64061 5
64062 6
64063 3
64064 7
64065 9
64066 2
64067 4
64068 0
64069 3
64070 1
64071 7
64072 9
64073 6
64074 8
64075 0
64076 7
64077 2
64078 4
64079 8
64080 3
64081 1
64082 9
64083 0
64084 5
64085 5
64086 3
64087 5
64088 2
64089 1
64090 5
64091 2
64092 8
64093 6
64094 4
64095 8
64096 5
64097 0
64098 1
64099 8
64100 7
64101 1
64102 6
64103 9
64104 3
64105 4
64106 8
64107 7
64108 4
64109 6
64110 9
64111 3
64112 7
64113 9
64114 5
64115 8
64116 7
64117 10
64118 7
64119 3
64120 3
64121 3
64122 2
64123 8
64124 6
64125 6
64126 7
64127 6
64128 4
64129 2
64130 6
64131 1
64132 3
64133 7
64134 9
64135 8
64136 0
64137 8
64138 7
64139 4
64140 1
64141 4
64142 1
64143 0
64144 8
64145 4
64146 4
64147 0
64148 2
64149 2
64150 6
64151 2
64152 1
64153 6
64154 6
64155 7
64156 9
64157 8
64158 7
64159 10
64160 4
64161 1
64162 7
64163 1
64164 4
64165 9
64166 7
64167 7
64168 1
64169 9
64170 8
64171 8
64172 6
64173 3
64174 4
64175 7
64176 1
64177 8
64178 8
64179 7
64180 7
64181 4
64182 8
64183 7
64184 7
64185 9
64186 6
64187 5
64188 9
64189 3
64190 5
64191 9
64192 8
64193 9
64194 8
64195 7
64196 0
64197 8
64198 5
64199 7
64200 8
64201 7
64202 9
64203 0
64204 9
64205 5
64206 8
64207 5
64208 4
64209 7
64210 8
64211 8
64212 2
64213 7
64214 8
64215 7
64216 8
64217 0
64218 7
64219 3
64220 5
64221 9
64222 2
64223 2
64224 5
64225 5
64226 9
64227 6
64228 4
64229 7
64230 6
64231 7
64232 7
64233 9
64234 5
64235 0
64236 3
64237 2
64238 7
64239 2
64240 9
64241 5
64242 6
64243 3
64244 6
64245 6
64246 1
64247 8
64248 2
64249 7
64250 6
64251 7
64252 4
64253 8
64254 1
64255 9
64256 5
64257 6
64258 5
64259 9
64260 9
64261 2
64262 5
64263 8
64264 9
64265 6
64266 4
64267 2
64268 1
64269 7
64270 4
64271 7
64272 5
64273 2
64274 2
64275 5
64276 5
64277 7
64278 5
64279 2
64280 8
64281 9
64282 7
64283 6
64284 5
64285 9
64286 7
64287 6
64288 5
64289 7
64290 8
64291 4
64292 9
64293 8
64294 4
64295 4
64296 7
64297 9
64298 7
64299 5
64300 6
64301 6
64302 8
64303 5
64304 6
64305 7
64306 4
64307 6
64308 7
64309 5
64310 6
64311 8
64312 4
64313 7
64314 0
64315 6
64316 9
64317 8
64318 7
64319 2
64320 5
64321 9
64322 9
64323 2
64324 8
64325 1
64326 5
64327 9
64328 7
64329 9
64330 2
64331 2
64332 8
64333 8
64334 9
64335 8
64336 3
64337 0
64338 4
64339 8
64340 6
64341 7
64342 7
64343 6
64344 3
64345 5
64346 6
64347 8
64348 3
64349 1
64350 7
64351 9
64352 6
64353 7
64354 8
64355 8
64356 4
64357 7
64358 2
64359 7
64360 2
64361 5
64362 7
64363 6
64364 5
64365 3
64366 8
64367 1
64368 7
64369 3
64370 4
64371 9
64372 8
64373 7
64374 4
64375 8
64376 1
64377 8
64378 8
64379 5
64380 3
64381 7
64382 3
64383 1
64384 5
64385 7
64386 3
64387 0
64388 4
64389 7
64390 2
64391 3
64392 6
64393 6
64394 7
64395 9
64396 3
64397 4
64398 2
64399 1
64400 0
64401 7
64402 5
64403 3
64404 5
64405 4
64406 8
64407 9
64408 5
64409 8
64410 2
64411 7
64412 1
64413 8
64414 7
64415 6
64416 6
64417 1
64418 7
64419 2
64420 8
64421 8
64422 9
64423 3
64424 1
64425 6
64426 6
64427 4
64428 4
64429 6
64430 6
64431 1
64432 8
64433 7
64434 1
64435 8
64436 2
64437 5
64438 6
64439 1
64440 6
64441 4
64442 8
64443 8
64444 3
64445 3
64446 2
64447 5
64448 10
64449 7
64450 9
64451 6
64452 2
64453 7
64454 5
64455 7
64456 7
64457 5
64458 4
64459 4
64460 9
64461 0
64462 1
64463 9
64464 8
64465 4
64466 8
64467 6
64468 5
64469 5
64470 6
64471 7
64472 8
64473 9
64474 8
64475 3
64476 1
64477 7
64478 0
64479 4
64480 5
64481 2
64482 9
64483 4
64484 4
64485 6
64486 3
64487 7
64488 8
64489 9
64490 10
64491 8
64492 8
64493 7
64494 6
64495 4
64496 6
64497 7
64498 4
64499 3
64500 8
64501 8
64502 4
64503 3
64504 8
64505 0
64506 6
64507 3
64508 7
64509 6
64510 3
64511 5
64512 0
64513 6
64514 6
64515 9
64516 5
64517 9
64518 5
64519 8
64520 2
64521 5
64522 5
64523 6
64524 6
64525 2
64526 10
64527 6
64528 6
64529 8
64530 2
64531 7
64532 8
64533 9
64534 4
64535 5
64536 3
64537 4
64538 5
64539 0
64540 4
64541 2
64542 7
64543 8
64544 7
64545 8
64546 6
64547 8
64548 6
64549 6
64550 4
64551 0
64552 9
64553 7
64554 6
64555 9
64556 8
64557 0
64558 5
64559 9
64560 5
64561 9
64562 8
64563 6
64564 4
64565 1
64566 4
64567 4
64568 9
64569 9
64570 7
64571 8
64572 9
64573 2
64574 7
64575 6
64576 8
64577 5
64578 5
64579 0
64580 7
64581 9
64582 8
64583 7
64584 0
64585 8
64586 4
64587 2
64588 6
64589 3
64590 5
64591 4
64592 4
64593 7
64594 7
64595 3
64596 6
64597 9
64598 8
64599 4
64600 8
64601 8
64602 0
64603 0
64604 7
64605 1
64606 10
64607 3
64608 3
64609 4
64610 4
64611 5
64612 9
64613 8
64614 3
64615 5
64616 7
64617 5
64618 9
64619 5
64620 7
64621 2
64622 0
64623 6
64624 6
64625 9
64626 3
64627 4
64628 4
64629 8
64630 7
64631 9
64632 5
64633 3
64634 3
64635 3
64636 7
64637 4
64638 5
64639 6
64640 8
64641 6
64642 8
64643 8
64644 7
64645 8
64646 3
64647 3
64648 9
64649 7
64650 5
64651 4
64652 6
64653 6
64654 4
64655 6
64656 3
64657 2
64658 5
64659 6
64660 7
64661 7
64662 9
64663 1
64664 4
64665 7
64666 9
64667 8
64668 7
64669 7
64670 6
64671 1
64672 7
64673 5
64674 8
64675 4
64676 6
64677 9
64678 1
64679 5
64680 6
64681 0
64682 8
64683 3
64684 7
64685 7
64686 8
64687 4
64688 8
64689 3
64690 7
64691 7
64692 3
64693 9
64694 3
64695 0
64696 4
64697 1
64698 6
64699 6
64700 5
64701 7
64702 7
64703 2
64704 4
64705 4
64706 5
64707 7
64708 9
64709 9
64710 0
64711 6
64712 5
64713 9
64714 8
64715 3
64716 7
64717 8
64718 7
64719 5
64720 3
64721 2
64722 4
64723 2
64724 7
64725 2
64726 3
64727 7
64728 7
64729 8
64730 6
64731 8
64732 6
64733 8
64734 8
64735 7
64736 7
64737 9
64738 7
64739 7
64740 6
64741 8
64742 8
64743 8
64744 4
64745 9
64746 7
64747 7
64748 8
64749 7
64750 9
64751 3
64752 3
64753 7
64754 8
64755 8
64756 0
64757 9
64758 5
64759 5
64760 1
64761 2
64762 8
64763 9
64764 0
64765 2
64766 9
64767 9
64768 9
64769 3
64770 5
64771 8
64772 9
64773 6
64774 7
64775 7
64776 8
64777 2
64778 7
64779 8
64780 8
64781 3
64782 2
64783 2
64784 6
64785 5
64786 6
64787 6
64788 8
64789 8
64790 7
64791 3
64792 6
64793 6
64794 6
64795 8
64796 1
64797 0
64798 1
64799 6
64800 6
64801 6
64802 3
64803 8
64804 1
64805 8
64806 3
64807 3
64808 0
64809 4
64810 10
64811 1
64812 5
64813 7
64814 6
64815 5
64816 9
64817 8
64818 5
64819 8
64820 7
64821 6
64822 3
64823 7
64824 5
64825 7
64826 3
64827 4
64828 8
64829 4
64830 9
64831 5
64832 1
64833 0
64834 9
64835 5
64836 6
64837 6
64838 6
64839 1
64840 3
64841 3
64842 3
64843 5
64844 6
64845 2
64846 0
64847 4
64848 7
64849 6
64850 7
64851 4
64852 8
64853 1
64854 4
64855 4
64856 1
64857 1
64858 6
64859 7
64860 5
64861 0
64862 7
64863 8
64864 2
64865 7
64866 5
64867 8
64868 3
64869 0
64870 6
64871 5
64872 9
64873 7
64874 5
64875 2
64876 9
64877 5
64878 6
64879 5
64880 7
64881 0
64882 8
64883 1
64884 6
64885 1
64886 0
64887 8
64888 7
64889 4
64890 6
64891 9
64892 5
64893 6
64894 7
64895 7
64896 5
64897 8
64898 6
64899 9
64900 4
64901 9
64902 8
64903 0
64904 7
64905 5
64906 9
64907 7
64908 4
64909 7
64910 4
64911 8
64912 7
64913 4
64914 6
64915 9
64916 5
64917 4
64918 5
64919 1
64920 7
64921 7
64922 0
64923 8
64924 9
64925 6
64926 8
64927 4
64928 4
64929 7
64930 9
64931 8
64932 5
64933 3
64934 6
64935 4
64936 8
64937 6
64938 6
64939 9
64940 3
64941 4
64942 0
64943 5
64944 0
64945 2
64946 8
64947 4
64948 7
64949 1
64950 5
64951 2
64952 6
64953 3
64954 8
64955 10
64956 5
64957 2
64958 6
64959 8
64960 7
64961 2
64962 2
64963 8
64964 6
64965 6
64966 5
64967 7
64968 7
64969 2
64970 6
64971 3
64972 4
64973 4
64974 0
64975 2
64976 9
64977 6
64978 8
64979 4
64980 6
64981 9
64982 5
64983 5
64984 7
64985 4
64986 4
64987 1
64988 7
64989 5
64990 7
64991 8
64992 8
64993 6
64994 0
64995 7
64996 9
64997 8
64998 5
64999 8
65000 9
65001 4
65002 9
65003 5
65004 4
65005 7
65006 9
65007 0
65008 6
65009 0
65010 4
65011 8
65012 5
65013 6
65014 7
65015 1
65016 1
65017 10
65018 4
65019 10
65020 7
65021 9
65022 8
65023 4
65024 7
65025 1
65026 8
65027 4
65028 6
65029 6
65030 6
65031 3
65032 5
65033 2
65034 7
65035 2
65036 4
65037 9
65038 9
65039 9
65040 1
65041 7
65042 0
65043 3
65044 4
65045 0
65046 5
65047 7
65048 5
65049 7
65050 1
65051 1
65052 5
65053 5
65054 1
65055 2
65056 4
65057 6
65058 0
65059 1
65060 6
65061 8
65062 7
65063 6
65064 4
65065 9
65066 1
65067 5
65068 7
65069 8
65070 6
65071 6
65072 4
65073 7
65074 8
65075 0
65076 8
65077 7
65078 4
65079 5
65080 9
65081 4
65082 7
65083 9
65084 8
65085 1
65086 3
65087 8
65088 3
65089 2
65090 7
65091 1
65092 9
65093 9
65094 2
65095 6
65096 4
65097 8
65098 5
65099 7
65100 0
65101 9
65102 7
65103 2
65104 9
65105 1
65106 1
65107 2
65108 4
65109 5
65110 8
65111 8
65112 8
65113 6
65114 4
65115 8
65116 5
65117 7
65118 2
65119 6
65120 8
65121 0
65122 5
65123 6
65124 9
65125 2
65126 3
65127 7
65128 6
65129 7
65130 7
65131 3
65132 3
65133 3
65134 9
65135 5
65136 2
65137 8
65138 6
65139 2
65140 6
65141 3
65142 0
65143 8
65144 2
65145 1
65146 8
65147 6
65148 7
65149 9
65150 1
65151 8
65152 5
65153 2
65154 7
65155 7
65156 5
65157 0
65158 5
65159 5
65160 5
65161 6
65162 9
65163 2
65164 8
65165 7
65166 0
65167 7
65168 7
65169 5
65170 7
65171 1
65172 6
65173 6
65174 0
65175 7
65176 8
65177 1
65178 4
65179 6
65180 8
65181 4
65182 5
65183 5
65184 4
65185 0
65186 8
65187 2
65188 7
65189 5
65190 0
65191 3
65192 3
65193 7
65194 1
65195 3
65196 3
65197 9
65198 2
65199 8
65200 7
65201 2
65202 8
65203 7
65204 8
65205 6
65206 6
65207 6
65208 8
65209 4
65210 4
65211 0
65212 0
65213 4
65214 7
65215 6
65216 7
65217 6
65218 9
65219 3
65220 5
65221 7
65222 6
65223 4
65224 6
65225 2
65226 6
65227 7
65228 3
65229 7
65230 6
65231 2
65232 2
65233 7
65234 5
65235 1
65236 9
65237 6
65238 7
65239 3
65240 3
65241 5
65242 4
65243 6
65244 9
65245 3
65246 5
65247 5
65248 7
65249 5
65250 1
65251 7
65252 8
65253 1
65254 5
65255 3
65256 5
65257 9
65258 7
65259 9
65260 9
65261 7
65262 5
65263 3
65264 5
65265 5
65266 9
65267 6
65268 10
65269 5
65270 8
65271 8
65272 7
65273 2
65274 5
65275 4
65276 6
65277 5
65278 1
65279 7
65280 2
65281 9
65282 3
65283 5
65284 3
65285 5
65286 5
65287 6
65288 5
65289 7
65290 8
65291 3
65292 6
65293 7
65294 8
65295 7
65296 9
65297 5
65298 2
65299 5
65300 8
65301 8
65302 7
65303 0
65304 9
65305 7
65306 6
65307 5
65308 5
65309 3
65310 9
65311 8
65312 9
65313 6
65314 2
65315 4
65316 2
65317 3
65318 0
65319 6
65320 3
65321 8
65322 6
65323 4
65324 4
65325 6
65326 8
65327 9
65328 6
65329 10
65330 4
65331 7
65332 6
65333 6
65334 9
65335 8
65336 1
65337 10
65338 4
65339 4
65340 5
65341 2
65342 6
65343 2
65344 5
65345 10
65346 9
65347 6
65348 7
65349 5
65350 6
65351 2
65352 1
65353 5
65354 5
65355 0
65356 8
65357 6
65358 1
65359 6
65360 3
65361 5
65362 6
65363 5
65364 8
65365 6
65366 5
65367 7
65368 5
65369 7
65370 0
65371 2
65372 5
65373 7
65374 7
65375 3
65376 5
65377 4
65378 4
65379 3
65380 8
65381 7
65382 2
65383 8
65384 6
65385 5
65386 3
65387 6
65388 1
65389 7
65390 9
65391 3
65392 7
65393 7
65394 9
65395 7
65396 8
65397 4
65398 4
65399 7
65400 6
65401 3
65402 3
65403 1
65404 6
65405 6
65406 4
65407 7
65408 9
65409 6
65410 6
65411 1
65412 7
65413 7
65414 6
65415 5
65416 8
65417 8
65418 5
65419 4
65420 4
65421 4
65422 6
65423 1
65424 7
65425 7
65426 2
65427 3
65428 7
65429 1
65430 5
65431 7
65432 3
65433 6
65434 9
65435 0
65436 9
65437 2
65438 6
65439 5
65440 8
65441 7
65442 6
65443 6
65444 6
65445 5
65446 0
65447 6
65448 6
65449 7
65450 6
65451 9
65452 8
65453 5
65454 1
65455 7
65456 5
65457 5
65458 5
65459 8
65460 1
65461 2
65462 7
65463 3
65464 1
65465 1
65466 3
65467 1
65468 8
65469 0
65470 9
65471 7
65472 9
65473 1
65474 7
65475 6
65476 6
65477 9
65478 2
65479 9
65480 3
65481 7
65482 8
65483 0
65484 7
65485 1
65486 7
65487 4
65488 4
65489 8
65490 9
65491 9
65492 8
65493 7
65494 4
65495 9
65496 1
65497 8
65498 8
65499 2
65500 6
65501 8
65502 8
65503 5
65504 9
65505 6
65506 3
65507 0
65508 4
65509 7
65510 2
65511 10
65512 4
65513 8
65514 5
65515 6
65516 4
65517 6
65518 4
65519 5
65520 0
65521 7
65522 8
65523 4
65524 4
65525 3
65526 8
65527 6
65528 7
65529 9
65530 10
65531 3
65532 5
65533 7
65534 8
65535 7
65536 0
65537 8
65538 9
65539 2
65540 7
65541 0
65542 7
65543 3
65544 5
65545 9
65546 6
65547 5
65548 5
65549 9
65550 8
65551 7
65552 6
65553 9
65554 5
65555 5
65556 8
65557 9
65558 0
65559 9
65560 7
65561 0
65562 7
65563 6
65564 5
65565 10
65566 7
65567 7
65568 3
65569 5
65570 5
65571 2
65572 3
65573 7
65574 8
65575 8
65576 3
65577 8
65578 3
65579 2
65580 9
65581 2
65582 1
65583 6
65584 6
65585 7
65586 1
65587 6
65588 0
65589 8
65590 2
65591 3
65592 5
65593 4
65594 7
65595 6
65596 4
65597 7
65598 6
65599 7
65600 5
65601 7
65602 6
65603 4
65604 5
65605 3
65606 1
65607 3
65608 8
65609 7
65610 8
65611 8
65612 7
65613 6
65614 5
65615 9
65616 8
65617 8
65618 3
65619 8
65620 4
65621 6
65622 4
65623 6
65624 8
65625 0
65626 7
65627 2
65628 1
65629 2
65630 8
65631 9
65632 7
65633 8
65634 0
65635 5
65636 6
65637 7
65638 6
65639 7
65640 6
65641 2
65642 8
65643 2
65644 5
65645 7
65646 7
65647 7
65648 9
65649 5
65650 6
65651 7
65652 7
65653 1
65654 8
65655 6
65656 2
65657 9
65658 5
65659 9
65660 8
65661 1
65662 7
65663 6
65664 8
65665 4
65666 6
65667 6
65668 7
65669 10
65670 0
65671 8
65672 1
65673 7
65674 2
65675 10
65676 7
65677 8
65678 3
65679 1
65680 9
65681 9
65682 6
65683 8
65684 8
65685 0
65686 5
65687 8
65688 8
65689 6
65690 8
65691 8
65692 6
65693 8
65694 1
65695 8
65696 0
65697 8
65698 5
65699 2
65700 8
65701 6
65702 8
65703 8
65704 0
65705 6
65706 5
65707 7
65708 7
65709 7
65710 8
65711 6
65712 6
65713 7
65714 8
65715 6
65716 1
65717 8
65718 0
65719 1
65720 5
65721 5
65722 6
65723 9
65724 8
65725 3
65726 9
65727 8
65728 8
65729 5
65730 2
65731 9
65732 8
65733 3
65734 2
65735 9
65736 6
65737 0
65738 5
65739 8
65740 1
65741 1
65742 8
65743 4
65744 7
65745 6
65746 8
65747 5
65748 8
65749 6
65750 0
65751 1
65752 9
65753 6
65754 7
65755 1
65756 0
65757 7
65758 9
65759 6
65760 3
65761 7
65762 2
65763 9
65764 6
65765 6
65766 7
65767 7
65768 8
65769 1
65770 9
65771 0
65772 9
65773 3
65774 7
65775 8
65776 8
65777 8
65778 3
65779 3
65780 6
65781 4
65782 1
65783 5
65784 6
65785 0
65786 8
65787 6
65788 6
65789 5
65790 3
65791 2
65792 4
65793 6
65794 9
65795 0
65796 5
65797 8
65798 3
65799 5
65800 5
65801 8
65802 7
65803 3
65804 1
65805 7
65806 8
65807 6
65808 4
65809 0
65810 8
65811 8
65812 9
65813 6
65814 3
65815 6
65816 7
65817 6
65818 7
65819 2
65820 5
65821 7
65822 7
65823 5
65824 4
65825 3
65826 8
65827 5
65828 8
65829 4
65830 7
65831 5
65832 1
65833 7
65834 7
65835 7
65836 8
65837 0
65838 3
65839 8
65840 5
65841 5
65842 7
65843 6
65844 8
65845 0
65846 8
65847 8
65848 1
65849 3
65850 8
65851 7
65852 3
65853 2
65854 1
65855 7
65856 0
65857 0
65858 6
65859 6
65860 1
65861 1
65862 0
65863 3
65864 8
65865 3
65866 9
65867 5
65868 9
65869 5
65870 7
65871 4
65872 9
65873 6
65874 7
65875 2
65876 7
65877 5
65878 5
65879 8
65880 1
65881 8
65882 3
65883 6
65884 7
65885 2
65886 3
65887 3
65888 8
65889 8
65890 7
65891 1
65892 2
65893 7
65894 5
65895 3
65896 5
65897 5
65898 8
65899 2
65900 8
65901 8
65902 7
65903 9
65904 1
65905 2
65906 7
65907 5
65908 5
65909 2
65910 4
65911 7
65912 8
65913 7
65914 9
65915 6
65916 4
65917 9
65918 8
65919 7
65920 7
65921 8
65922 7
65923 9
65924 4
65925 3
65926 9
65927 9
65928 1
65929 7
65930 8
65931 8
65932 7
65933 5
65934 8
65935 6
65936 7
65937 6
65938 7
65939 5
65940 6
65941 5
65942 4
65943 2
65944 8
65945 7
65946 6
65947 8
65948 6
65949 6
65950 5
65951 8
65952 5
65953 9
65954 6
65955 8
65956 7
65957 8
65958 6
65959 0
65960 3
65961 1
65962 6
65963 9
65964 7
65965 8
65966 2
65967 6
65968 4
65969 4
65970 7
65971 7
65972 2
65973 5
65974 9
65975 2
65976 6
65977 4
65978 7
65979 4
65980 4
65981 1
65982 8
65983 8
65984 7
65985 5
65986 0
65987 5
65988 5
65989 8
65990 1
65991 8
65992 8
65993 1
65994 10
65995 6
65996 2
65997 8
65998 8
65999 7
66000 6
66001 5
66002 6
66003 8
66004 1
66005 9
66006 6
66007 7
66008 7
66009 8
66010 8
66011 5
66012 4
66013 3
66014 8
66015 7
66016 6
66017 8
66018 8
66019 1
66020 6
66021 6
66022 9
66023 7
66024 7
66025 0
66026 6
66027 9
66028 8
66029 4
66030 5
66031 8
66032 10
66033 2
66034 2
66035 3
66036 5
66037 8
66038 3
66039 6
66040 7
66041 3
66042 6
66043 9
66044 2
66045 7
66046 8
66047 2
66048 7
66049 7
66050 8
66051 8
66052 3
66053 2
66054 6
66055 8
66056 4
66057 7
66058 3
66059 4
66060 9
66061 8
66062 5
66063 2
66064 8
66065 6
66066 6
66067 9
66068 8
66069 2
66070 8
66071 6
66072 9
66073 7
66074 7
66075 9
66076 7
66077 6
66078 9
66079 7
66080 7
66081 9
66082 5
66083 8
66084 1
66085 1
66086 6
66087 1
66088 8
66089 5
66090 5
66091 8
66092 4
66093 5
66094 1
66095 8
66096 9
66097 9
66098 8
66099 4
66100 5
66101 7
66102 1
66103 3
66104 6
66105 7
66106 2
66107 6
66108 4
66109 5
66110 8
66111 8
66112 4
66113 4
66114 8
66115 2
66116 6
66117 6
66118 9
66119 9
66120 2
66121 2
66122 3
66123 3
66124 4
66125 0
66126 5
66127 9
66128 4
66129 4
66130 10
66131 0
66132 5
66133 5
66134 5
66135 0
66136 3
66137 2
66138 8
66139 8
66140 3
66141 0
66142 6
66143 5
66144 9
66145 6
66146 2
66147 8
66148 10
66149 9
66150 7
66151 5
66152 4
66153 6
66154 2
66155 9
66156 9
66157 7
66158 6
66159 4
66160 9
66161 6
66162 2
66163 3
66164 6
66165 7
66166 1
66167 7
66168 4
66169 7
66170 6
66171 5
66172 4
66173 4
66174 8
66175 8
66176 8
66177 9
66178 9
66179 8
66180 8
66181 4
66182 9
66183 8
66184 6
66185 6
66186 7
66187 7
66188 3
66189 9
66190 4
66191 2
66192 7
66193 7
66194 6
66195 7
66196 9
66197 5
66198 2
66199 9
66200 0
66201 0
66202 7
66203 1
66204 8
66205 1
66206 2
66207 4
66208 6
66209 6
66210 6
66211 6
66212 8
66213 7
66214 8
66215 6
66216 0
66217 5
66218 5
66219 6
66220 7
66221 6
66222 6
66223 1
66224 6
66225 7
66226 9
66227 9
66228 6
66229 8
66230 10
66231 10
66232 3
66233 1
66234 5
66235 3
66236 10
66237 5
66238 1
66239 7
66240 5
66241 4
66242 10
66243 7
66244 1
66245 0
66246 2
66247 7
66248 8
66249 9
66250 6
66251 3
66252 6
66253 8
66254 5
66255 3
66256 5
66257 7
66258 7
66259 6
66260 2
66261 8
66262 5
66263 8
66264 0
66265 8
66266 8
66267 6
66268 3
66269 8
66270 9
66271 8
66272 8
66273 7
66274 7
66275 3
66276 1
66277 1
66278 9
66279 8
66280 3
66281 6
66282 8
66283 9
66284 4
66285 2
66286 2
66287 7
66288 3
66289 9
66290 5
66291 0
66292 9
66293 6
66294 3
66295 8
66296 8
66297 6
66298 6
66299 8
66300 8
66301 7
66302 6
66303 7
66304 6
66305 1
66306 3
66307 4
66308 4
66309 8
66310 8
66311 8
66312 5
66313 4
66314 8
66315 7
66316 4
66317 0
66318 3
66319 4
66320 8
66321 3
66322 3
66323 5
66324 8
66325 8
66326 8
66327 6
66328 5
66329 3
66330 1
66331 8
66332 3
66333 7
66334 1
66335 2
66336 6
66337 5
66338 5
66339 1
66340 8
66341 8
66342 7
66343 1
66344 10
66345 1
66346 3
66347 8
66348 7
66349 5
66350 7
66351 3
66352 7
66353 8
66354 6
66355 4
66356 1
66357 7
66358 2
66359 8
66360 0
66361 7
66362 7
66363 2
66364 5
66365 6
66366 6
66367 6
66368 0
66369 7
66370 10
66371 8
66372 9
66373 6
66374 6
66375 9
66376 8
66377 7
66378 6
66379 5
66380 8
66381 6
66382 9
66383 5
66384 5
66385 7
66386 8
66387 7
66388 4
66389 6
66390 1
66391 3
66392 9
66393 2
66394 5
66395 1
66396 8
66397 5
66398 3
66399 1
66400 6
66401 0
66402 7
66403 7
66404 7
66405 0
66406 6
66407 6
66408 4
66409 8
66410 8
66411 8
66412 8
66413 9
66414 6
66415 3
66416 7
66417 7
66418 7
66419 9
66420 2
66421 3
66422 3
66423 2
66424 7
66425 5
66426 7
66427 7
66428 7
66429 8
66430 7
66431 3
66432 6
66433 3
66434 9
66435 4
66436 0
66437 7
66438 1
66439 9
66440 7
66441 0
66442 0
66443 8
66444 4
66445 7
66446 3
66447 4
66448 4
66449 3
66450 5
66451 9
66452 7
66453 5
66454 5
66455 4
66456 1
66457 9
66458 7
66459 8
66460 6
66461 4
66462 6
66463 4
66464 1
66465 2
66466 5
66467 7
66468 1
66469 9
66470 4
66471 9
66472 7
66473 6
66474 2
66475 1
66476 7
66477 8
66478 2
66479 6
66480 0
66481 5
66482 7
66483 3
66484 5
66485 4
66486 2
66487 3
66488 6
66489 6
66490 7
66491 4
66492 9
66493 9
66494 9
66495 6
66496 6
66497 1
66498 8
66499 0
66500 7
66501 8
66502 7
66503 7
66504 0
66505 2
66506 9
66507 6
66508 8
66509 7
66510 9
66511 9
66512 5
66513 0
66514 6
66515 4
66516 7
66517 6
66518 7
66519 2
66520 1
66521 1
66522 5
66523 5
66524 5
66525 6
66526 0
66527 8
66528 7
66529 7
66530 5
66531 3
66532 8
66533 0
66534 7
66535 7
66536 6
66537 7
66538 8
66539 3
66540 3
66541 5
66542 8
66543 5
66544 9
66545 6
66546 6
66547 7
66548 8
66549 6
66550 7
66551 3
66552 3
66553 5
66554 5
66555 7
66556 3
66557 9
66558 3
66559 8
66560 2
66561 8
66562 8
66563 5
66564 8
66565 9
66566 7
66567 5
66568 7
66569 5
66570 3
66571 0
66572 9
66573 5
66574 7
66575 4
66576 6
66577 6
66578 9
66579 5
66580 8
66581 5
66582 9
66583 5
66584 0
66585 2
66586 6
66587 0
66588 0
66589 6
66590 8
66591 9
66592 3
66593 6
66594 5
66595 7
66596 6
66597 9
66598 6
66599 6
66600 6
66601 7
66602 3
66603 9
66604 0
66605 5
66606 8
66607 4
66608 5
66609 6
66610 6
66611 7
66612 8
66613 7
66614 8
66615 5
66616 8
66617 1
66618 9
66619 8
66620 5
66621 0
66622 3
66623 7
66624 2
66625 3
66626 5
66627 7
66628 6
66629 8
66630 3
66631 9
66632 5
66633 10
66634 7
66635 8
66636 9
66637 1
66638 8
66639 4
66640 9
66641 0
66642 8
66643 1
66644 1
66645 7
66646 8
66647 9
66648 0
66649 7
66650 7
66651 8
66652 7
66653 4
66654 2
66655 8
66656 9
66657 5
66658 7
66659 2
66660 4
66661 7
66662 4
66663 3
66664 8
66665 9
66666 7
66667 3
66668 8
66669 4
66670 0
66671 7
66672 0
66673 9
66674 7
66675 5
66676 4
66677 7
66678 2
66679 1
66680 4
66681 9
66682 5
66683 5
66684 9
66685 5
66686 9
66687 8
66688 8
66689 7
66690 3
66691 4
66692 7
66693 5
66694 9
66695 4
66696 7
66697 2
66698 3
66699 3
66700 7
66701 7
66702 3
66703 7
66704 8
66705 10
66706 8
66707 5
66708 1
66709 7
66710 4
66711 8
66712 5
66713 0
66714 7
66715 7
66716 2
66717 6
66718 4
66719 9
66720 9
66721 1
66722 8
66723 6
66724 9
66725 0
66726 5
66727 3
66728 8
66729 7
66730 7
66731 5
66732 1
66733 2
66734 1
66735 7
66736 6
66737 3
66738 3
66739 5
66740 8
66741 7
66742 2
66743 2
66744 8
66745 4
66746 8
66747 9
66748 4
66749 0
66750 7
66751 7
66752 8
66753 5
66754 1
66755 0
66756 1
66757 9
66758 9
66759 2
66760 10
66761 7
66762 7
66763 3
66764 8
66765 4
66766 5
66767 11
66768 7
66769 0
66770 2
66771 9
66772 8
66773 8
66774 6
66775 7
66776 6
66777 6
66778 7
66779 8
66780 6
66781 7
66782 8
66783 7
66784 6
66785 6
66786 6
66787 8
66788 6
66789 9
66790 6
66791 9
66792 8
66793 2
66794 1
66795 4
66796 6
66797 8
66798 8
66799 6
66800 8
66801 7
66802 4
66803 2
66804 6
66805 9
66806 2
66807 4
66808 9
66809 7
66810 6
66811 8
66812 2
66813 8
66814 9
66815 0
66816 7
66817 5
66818 6
66819 3
66820 1
66821 8
66822 3
66823 7
66824 9
66825 7
66826 3
66827 3
66828 6
66829 2
66830 5
66831 7
66832 6
66833 9
66834 1
66835 7
66836 8
66837 7
66838 6
66839 7
66840 6
66841 4
66842 5
66843 7
66844 4
66845 5
66846 8
66847 1
66848 7
66849 4
66850 6
66851 4
66852 7
66853 7
66854 3
66855 3
66856 7
66857 8
66858 10
66859 6
66860 2
66861 4
66862 7
66863 8
66864 8
66865 9
66866 8
66867 7
66868 8
66869 6
66870 8
66871 4
66872 7
66873 7
66874 1
66875 3
66876 6
66877 6
66878 2
66879 0
66880 5
66881 9
66882 3
66883 1
66884 8
66885 9
66886 9
66887 1
66888 6
66889 5
66890 7
66891 4
66892 1
66893 5
66894 8
66895 4
66896 8
66897 7
66898 4
66899 9
66900 9
66901 6
66902 1
66903 3
66904 7
66905 1
66906 7
66907 7
66908 1
66909 9
66910 4
66911 5
66912 5
66913 8
66914 3
66915 6
66916 9
66917 4
66918 8
66919 6
66920 3
66921 0
66922 7
66923 7
66924 0
66925 6
66926 2
66927 6
66928 0
66929 9
66930 5
66931 8
66932 2
66933 7
66934 8
66935 6
66936 2
66937 4
66938 9
66939 9
66940 8
66941 7
66942 8
66943 8
66944 8
66945 4
66946 2
66947 5
66948 9
66949 9
66950 7
66951 8
66952 8
66953 2
66954 8
66955 8
66956 6
66957 8
66958 7
66959 4
66960 4
66961 0
66962 10
66963 6
66964 5
66965 6
66966 9
66967 2
66968 8
66969 7
66970 4
66971 6
66972 9
66973 6
66974 8
66975 8
66976 2
66977 5
66978 9
66979 1
66980 2
66981 9
66982 6
66983 4
66984 2
66985 1
66986 4
66987 5
66988 7
66989 1
66990 2
66991 3
66992 5
66993 5
66994 8
66995 6
66996 8
66997 8
66998 6
66999 8
67000 5
67001 1
67002 8
67003 6
67004 6
67005 6
67006 7
67007 8
67008 6
67009 6
67010 7
67011 2
67012 6
67013 5
67014 6
67015 9
67016 3
67017 6
67018 3
67019 3
67020 8
67021 3
67022 6
67023 3
67024 7
67025 6
67026 2
67027 6
67028 4
67029 8
67030 2
67031 7
67032 5
67033 6
67034 8
67035 8
67036 8
67037 8
67038 4
67039 7
67040 1
67041 6
67042 7
67043 6
67044 4
67045 8
67046 6
67047 6
67048 8
67049 0
67050 0
67051 5
67052 2
67053 8
67054 8
67055 8
67056 5
67057 6
67058 7
67059 1
67060 9
67061 6
67062 3
67063 3
67064 4
67065 2
67066 7
67067 0
67068 7
67069 3
67070 8
67071 5
67072 6
67073 8
67074 4
67075 8
67076 8
67077 7
67078 4
67079 7
67080 5
67081 8
67082 7
67083 2
67084 6
67085 4
67086 7
67087 9
67088 5
67089 5
67090 7
67091 9
67092 6
67093 7
67094 4
67095 3
67096 6
67097 4
67098 2
67099 2
67100 5
67101 8
67102 8
67103 6
67104 5
67105 3
67106 3
67107 2
67108 8
67109 7
67110 8
67111 6
67112 4
67113 5
67114 8
67115 8
67116 5
67117 3
67118 5
67119 8
67120 8
67121 7
67122 8
67123 8
67124 8
67125 7
67126 7
67127 3
67128 6
67129 8
67130 5
67131 8
67132 8
67133 3
67134 3
67135 6
67136 1
67137 2
67138 5
67139 7
67140 9
67141 5
67142 6
67143 7
67144 3
67145 8
67146 4
67147 8
67148 2
67149 1
67150 9
67151 5
67152 10
67153 7
67154 6
67155 4
67156 6
67157 2
67158 8
67159 7
67160 8
67161 8
67162 9
67163 5
67164 2
67165 9
67166 9
67167 6
67168 6
67169 8
67170 7
67171 8
67172 3
67173 8
67174 9
67175 9
67176 0
67177 6
67178 9
67179 8
67180 4
67181 8
67182 8
67183 0
67184 2
67185 8
67186 4
67187 3
67188 2
67189 5
67190 4
67191 2
67192 9
67193 9
67194 7
67195 1
67196 7
67197 4
67198 4
67199 1
67200 9
67201 1
67202 2
67203 9
67204 6
67205 9
67206 5
67207 10
67208 5
67209 7
67210 8
67211 5
67212 7
67213 4
67214 9
67215 8
67216 8
67217 2
67218 9
67219 0
67220 7
67221 7
67222 9
67223 0
67224 6
67225 9
67226 7
67227 9
67228 8
67229 3
67230 9
67231 8
67232 0
67233 1
67234 8
67235 10
67236 7
67237 8
67238 3
67239 5
67240 1
67241 6
67242 9
67243 7
67244 7
67245 1
67246 0
67247 0
67248 7
67249 6
67250 5
67251 2
67252 5
67253 5
67254 5
67255 5
67256 7
67257 8
67258 5
67259 9
67260 3
67261 9
67262 5
67263 8
67264 6
67265 5
67266 5
67267 9
67268 4
67269 5
67270 6
67271 4
67272 9
67273 6
67274 4
67275 10
67276 1
67277 8
67278 7
67279 3
67280 9
67281 9
67282 7
67283 8
67284 3
67285 5
67286 6
67287 9
67288 5
67289 3
67290 4
67291 7
67292 3
67293 4
67294 5
67295 3
67296 4
67297 5
67298 8
67299 6
67300 3
67301 4
67302 6
67303 8
67304 0
67305 7
67306 0
67307 8
67308 5
67309 5
67310 5
67311 8
67312 4
67313 7
67314 4
67315 9
67316 5
67317 0
67318 7
67319 0
67320 4
67321 5
67322 8
67323 4
67324 7
67325 4
67326 8
67327 9
67328 0
67329 5
67330 4
67331 7
67332 5
67333 6
67334 1
67335 8
67336 8
67337 5
67338 8
67339 4
67340 6
67341 4
67342 2
67343 4
67344 9
67345 4
67346 6
67347 1
67348 8
67349 9
67350 9
67351 1
67352 6
67353 8
67354 2
67355 8
67356 5
67357 7
67358 1
67359 6
67360 6
67361 4
67362 5
67363 7
67364 9
67365 0
67366 4
67367 9
67368 0
67369 5
67370 2
67371 6
67372 3
67373 9
67374 9
67375 4
67376 4
67377 5
67378 7
67379 5
67380 5
67381 9
67382 8
67383 8
67384 5
67385 5
67386 8
67387 4
67388 7
67389 7
67390 4
67391 8
67392 4
67393 0
67394 2
67395 5
67396 8
67397 8
67398 1
67399 0
67400 8
67401 3
67402 7
67403 5
67404 7
67405 3
67406 7
67407 7
67408 4
67409 5
67410 4
67411 0
67412 9
67413 5
67414 9
67415 3
67416 6
67417 9
67418 6
67419 7
67420 7
67421 6
67422 4
67423 6
67424 10
67425 5
67426 1
67427 7
67428 9
67429 5
67430 6
67431 8
67432 5
67433 7
67434 8
67435 0
67436 6
67437 1
67438 0
67439 6
67440 6
67441 4
67442 8
67443 6
67444 0
67445 5
67446 2
67447 9
67448 7
67449 4
67450 8
67451 5
67452 7
67453 1
67454 3
67455 2
67456 5
67457 10
67458 2
67459 0
67460 7
67461 0
67462 7
67463 3
67464 6
67465 5
67466 6
67467 3
67468 8
67469 8
67470 8
67471 7
67472 4
67473 3
67474 1
67475 8
67476 8
67477 5
67478 9
67479 7
67480 3
67481 7
67482 2
67483 5
67484 1
67485 1
67486 8
67487 7
67488 9
67489 0
67490 7
67491 9
67492 5
67493 7
67494 6
67495 1
67496 4
67497 7
67498 5
67499 3
67500 8
67501 7
67502 5
67503 2
67504 7
67505 8
67506 5
67507 7
67508 2
67509 2
67510 0
67511 3
67512 8
67513 7
67514 8
67515 8
67516 4
67517 2
67518 5
67519 4
67520 9
67521 7
67522 4
67523 3
67524 1
67525 7
67526 2
67527 4
67528 6
67529 11
67530 1
67531 5
67532 8
67533 6
67534 7
67535 6
67536 7
67537 7
67538 8
67539 4
67540 7
67541 7
67542 5
67543 8
67544 5
67545 8
67546 8
67547 7
67548 6
67549 8
67550 9
67551 3
67552 9
67553 7
67554 7
67555 9
67556 7
67557 8
67558 8
67559 5
67560 7
67561 9
67562 7
67563 1
67564 9
67565 1
67566 1
67567 9
67568 7
67569 7
67570 7
67571 10
67572 5
67573 6
67574 7
67575 10
67576 7
67577 8
67578 6
67579 2
67580 8
67581 5
67582 0
67583 0
67584 8
67585 6
67586 8
67587 9
67588 8
67589 6
67590 3
67591 2
67592 1
67593 6
67594 8
67595 7
67596 7
67597 7
67598 5
67599 7
67600 2
67601 3
67602 2
67603 6
67604 1
67605 7
67606 3
67607 3
67608 5
67609 2
67610 9
67611 3
67612 3
67613 4
67614 6
67615 4
67616 7
67617 6
67618 5
67619 2
67620 10
67621 8
67622 2
67623 3
67624 2
67625 4
67626 2
67627 7
67628 7
67629 6
67630 7
67631 6
67632 7
67633 0
67634 5
67635 3
67636 9
67637 7
67638 7
67639 9
67640 2
67641 6
67642 2
67643 1
67644 7
67645 9
67646 8
67647 6
67648 1
67649 7
67650 6
67651 5
67652 0
67653 6
67654 6
67655 6
67656 9
67657 8
67658 3
67659 7
67660 7
67661 9
67662 4
67663 5
67664 4
67665 4
67666 8
67667 9
67668 6
67669 1
67670 8
67671 8
67672 2
67673 9
67674 3
67675 2
67676 3
67677 5
67678 1
67679 2
67680 4
67681 7
67682 7
67683 8
67684 0
67685 6
67686 3
67687 3
67688 7
67689 9
67690 7
67691 9
67692 8
67693 0
67694 1
67695 2
67696 8
67697 5
67698 8
67699 1
67700 6
67701 6
67702 8
67703 9
67704 4
67705 3
67706 7
67707 10
67708 10
67709 9
67710 2
67711 6
67712 1
67713 9
67714 4
67715 6
67716 6
67717 5
67718 2
67719 4
67720 8
67721 9
67722 2
67723 6
67724 3
67725 1
67726 9
67727 9
67728 8
67729 4
67730 5
67731 5
67732 8
67733 2
67734 3
67735 0
67736 5
67737 8
67738 5
67739 3
67740 7
67741 9
67742 8
67743 4
67744 6
67745 4
67746 5
67747 3
67748 8
67749 7
67750 0
67751 3
67752 3
67753 6
67754 5
67755 6
67756 0
67757 6
67758 6
67759 5
67760 7
67761 3
67762 8
67763 6
67764 4
67765 1
67766 2
67767 9
67768 7
67769 5
67770 7
67771 3
67772 8
67773 0
67774 9
67775 7
67776 8
67777 6
67778 9
67779 5
67780 7
67781 7
67782 1
67783 7
67784 7
67785 3
67786 9
67787 9
67788 6
67789 2
67790 6
67791 6
67792 6
67793 2
67794 3
67795 6
67796 9
67797 4
67798 6
67799 4
67800 0
67801 6
67802 6
67803 4
67804 7
67805 6
67806 4
67807 4
67808 4
67809 9
67810 4
67811 7
67812 10
67813 9
67814 4
67815 8
67816 9
67817 9
67818 1
67819 7
67820 10
67821 9
67822 6
67823 9
67824 5
67825 9
67826 5
67827 4
67828 9
67829 8
67830 7
67831 1
67832 7
67833 4
67834 1
67835 6
67836 8
67837 7
67838 8
67839 6
67840 7
67841 7
67842 5
67843 7
67844 2
67845 3
67846 8
67847 2
67848 5
67849 1
67850 2
67851 5
67852 7
67853 2
67854 8
67855 4
67856 5
67857 8
67858 7
67859 8
67860 1
67861 3
67862 10
67863 8
67864 3
67865 6
67866 4
67867 2
67868 2
67869 4
67870 2
67871 8
67872 8
67873 6
67874 6
67875 4
67876 6
67877 9
67878 10
67879 6
67880 1
67881 9
67882 9
67883 10
67884 8
67885 0
67886 4
67887 5
67888 3
67889 8
67890 6
67891 9
67892 2
67893 9
67894 8
67895 9
67896 7
67897 8
67898 7
67899 2
67900 2
67901 3
67902 6
67903 7
67904 4
67905 8
67906 2
67907 6
67908 8
67909 9
67910 6
67911 0
67912 6
67913 2
67914 1
67915 5
67916 6
67917 8
67918 2
67919 9
67920 2
67921 5
67922 5
67923 7
67924 5
67925 8
67926 5
67927 8
67928 9
67929 9
67930 8
67931 6
67932 3
67933 6
67934 2
67935 1
67936 7
67937 1
67938 7
67939 2
67940 6
67941 8
67942 5
67943 5
67944 6
67945 5
67946 3
67947 6
67948 7
67949 2
67950 7
67951 7
67952 8
67953 5
67954 6
67955 6
67956 4
67957 2
67958 4
67959 3
67960 6
67961 9
67962 9
67963 3
67964 3
67965 6
67966 2
67967 7
67968 3
67969 5
67970 4
67971 6
67972 5
67973 4
67974 7
67975 6
67976 7
67977 8
67978 4
67979 1
67980 1
67981 10
67982 8
67983 2
67984 6
67985 7
67986 10
67987 6
67988 7
67989 8
67990 8
67991 4
67992 4
67993 6
67994 4
67995 5
67996 5
67997 3
67998 3
67999 6
68000 9
68001 7
68002 4
68003 2
68004 5
68005 4
68006 3
68007 8
68008 2
68009 4
68010 8
68011 7
68012 7
68013 2
68014 4
68015 9
68016 7
68017 7
68018 6
68019 3
68020 4
68021 5
68022 8
68023 2
68024 7
68025 7
68026 8
68027 6
68028 6
68029 2
68030 3
68031 7
68032 7
68033 6
68034 3
68035 9
68036 6
68037 5
68038 2
68039 6
68040 2
68041 5
68042 0
68043 8
68044 7
68045 8
68046 8
68047 9
68048 8
68049 6
68050 9
68051 5
68052 9
68053 7
68054 5
68055 5
68056 9
68057 9
68058 5
68059 8
68060 6
68061 2
68062 3
68063 1
68064 5
68065 2
68066 4
68067 2
68068 5
68069 8
68070 1
68071 4
68072 9
68073 2
68074 6
68075 8
68076 9
68077 7
68078 5
68079 0
68080 10
68081 2
68082 3
68083 8
68084 7
68085 3
68086 4
68087 10
68088 2
68089 3
68090 5
68091 8
68092 3
68093 1
68094 2
68095 8
68096 10
68097 4
68098 8
68099 7
68100 2
68101 4
68102 4
68103 8
68104 1
68105 8
68106 6
68107 6
68108 5
68109 6
68110 6
68111 8
68112 4
68113 6
68114 10
68115 7
68116 5
68117 5
68118 2
68119 1
68120 0
68121 0
68122 4
68123 1
68124 8
68125 7
68126 9
68127 4
68128 2
68129 0
68130 5
68131 8
68132 6
68133 6
68134 2
68135 8
68136 8
68137 8
68138 9
68139 7
68140 9
68141 9
68142 0
68143 7
68144 8
68145 0
68146 3
68147 5
68148 8
68149 2
68150 6
68151 3
68152 8
68153 1
68154 0
68155 8
68156 4
68157 8
68158 9
68159 10
68160 7
68161 3
68162 4
68163 2
68164 7
68165 3
68166 3
68167 7
68168 6
68169 10
68170 6
68171 7
68172 5
68173 9
68174 9
68175 8
68176 6
68177 10
68178 9
68179 5
68180 8
68181 1
68182 9
68183 4
68184 8
68185 4
68186 9
68187 8
68188 0
68189 1
68190 7
68191 9
68192 1
68193 6
68194 1
68195 8
68196 4
68197 8
68198 9
68199 0
68200 7
68201 9
68202 0
68203 2
68204 0
68205 7
68206 0
68207 10
68208 8
68209 0
68210 5
68211 3
68212 7
68213 6
68214 6
68215 6
68216 2
68217 9
68218 1
68219 6
68220 6
68221 7
68222 1
68223 8
68224 4
68225 9
68226 10
68227 8
68228 3
68229 8
68230 3
68231 7
68232 7
68233 9
68234 9
68235 3
68236 9
68237 2
68238 8
68239 9
68240 6
68241 4
68242 6
68243 5
68244 8
68245 8
68246 9
68247 5
68248 7
68249 0
68250 1
68251 0
68252 5
68253 8
68254 8
68255 4
68256 8
68257 10
68258 9
68259 5
68260 9
68261 10
68262 8
68263 8
68264 0
68265 7
68266 9
68267 6
68268 6
68269 5
68270 6
68271 0
68272 6
68273 2
68274 7
68275 7
68276 1
68277 4
68278 4
68279 3
68280 0
68281 6
68282 4
68283 6
68284 6
68285 4
68286 5
68287 4
68288 8
68289 8
68290 3
68291 7
68292 3
68293 7
68294 0
68295 7
68296 7
68297 0
68298 6
68299 4
68300 6
68301 1
68302 1
68303 4
68304 7
68305 2
68306 3
68307 8
68308 6
68309 0
68310 5
68311 9
68312 6
68313 7
68314 8
68315 0
68316 7
68317 1
68318 1
68319 9
68320 7
68321 8
68322 4
68323 4
68324 6
68325 2
68326 9
68327 1
68328 6
68329 6
68330 4
68331 8
68332 3
68333 2
68334 4
68335 0
68336 8
68337 3
68338 5
68339 3
68340 5
68341 6
68342 9
68343 6
68344 7
68345 7
68346 8
68347 6
68348 8
68349 4
68350 4
68351 9
68352 9
68353 3
68354 0
68355 4
68356 6
68357 4
68358 7
68359 0
68360 5
68361 2
68362 5
68363 6
68364 6
68365 5
68366 4
68367 9
68368 3
68369 6
68370 7
68371 9
68372 6
68373 2
68374 2
68375 6
68376 5
68377 9
68378 8
68379 8
68380 8
68381 7
68382 4
68383 4
68384 4
68385 9
68386 8
68387 7
68388 7
68389 1
68390 9
68391 6
68392 7
68393 8
68394 7
68395 6
68396 5
68397 3
68398 8
68399 0
68400 6
68401 7
68402 4
68403 3
68404 8
68405 8
68406 4
68407 8
68408 6
68409 0
68410 3
68411 5
68412 8
68413 6
68414 5
68415 5
68416 5
68417 8
68418 4
68419 7
68420 6
68421 7
68422 8
68423 5
68424 1
68425 6
68426 5
68427 3
68428 6
68429 4
68430 1
68431 6
68432 8
68433 8
68434 7
68435 6
68436 7
68437 9
68438 3
68439 1
68440 6
68441 7
68442 3
68443 9
68444 1
68445 2
68446 4
68447 1
68448 3
68449 7
68450 6
68451 3
68452 3
68453 7
68454 3
68455 4
68456 9
68457 9
68458 0
68459 0
68460 2
68461 6
68462 8
68463 7
68464 5
68465 10
68466 6
68467 7
68468 1
68469 6
68470 8
68471 7
68472 0
68473 1
68474 5
68475 8
68476 7
68477 7
68478 3
68479 5
68480 3
68481 2
68482 9
68483 3
68484 5
68485 9
68486 5
68487 8
68488 6
68489 8
68490 8
68491 8
68492 10
68493 3
68494 5
68495 1
68496 7
68497 5
68498 7
68499 6
68500 1
68501 4
68502 7
68503 7
68504 3
68505 1
68506 10
68507 5
68508 0
68509 8
68510 5
68511 9
68512 10
68513 6
68514 5
68515 7
68516 9
68517 6
68518 10
68519 2
68520 4
68521 7
68522 2
68523 5
68524 8
68525 0
68526 9
68527 8
68528 8
68529 7
68530 8
68531 6
68532 0
68533 7
68534 1
68535 1
68536 8
68537 7
68538 2
68539 5
68540 3
68541 8
68542 4
68543 7
68544 8
68545 9
68546 1
68547 6
68548 5
68549 6
68550 8
68551 8
68552 5
68553 3
68554 1
68555 7
68556 3
68557 3
68558 7
68559 2
68560 9
68561 7
68562 6
68563 7
68564 4
68565 8
68566 8
68567 3
68568 9
68569 7
68570 8
68571 5
68572 8
68573 1
68574 5
68575 5
68576 7
68577 9
68578 2
68579 1
68580 8
68581 8
68582 7
68583 9
68584 10
68585 6
68586 7
68587 2
68588 6
68589 7
68590 0
68591 8
68592 7
68593 7
68594 9
68595 9
68596 7
68597 7
68598 7
68599 7
68600 9
68601 10
68602 2
68603 7
68604 8
68605 9
68606 5
68607 8
68608 6
68609 7
68610 10
68611 7
68612 2
68613 8
68614 6
68615 4
68616 6
68617 1
68618 0
68619 8
68620 7
68621 3
68622 7
68623 8
68624 8
68625 6
68626 5
68627 8
68628 1
68629 0
68630 2
68631 4
68632 9
68633 4
68634 8
68635 8
68636 6
68637 9
68638 2
68639 10
68640 6
68641 1
68642 4
68643 8
68644 8
68645 5
68646 0
68647 7
68648 4
68649 7
68650 4
68651 7
68652 8
68653 8
68654 8
68655 6
68656 8
68657 10
68658 8
68659 3
68660 4
68661 9
68662 8
68663 9
68664 4
68665 8
68666 7
68667 2
68668 5
68669 8
68670 6
68671 0
68672 7
68673 8
68674 8
68675 6
68676 0
68677 3
68678 7
68679 8
68680 7
68681 5
68682 0
68683 4
68684 8
68685 1
68686 7
68687 2
68688 2
68689 5
68690 3
68691 2
68692 8
68693 1
68694 8
68695 8
68696 6
68697 8
68698 9
68699 4
68700 7
68701 4
68702 3
68703 5
68704 10
68705 8
68706 0
68707 6
68708 6
68709 2
68710 3
68711 9
68712 6
68713 7
68714 9
68715 9
68716 9
68717 3
68718 0
68719 8
68720 3
68721 3
68722 3
68723 6
68724 9
68725 1
68726 10
68727 4
68728 7
68729 2
68730 4
68731 4
68732 0
68733 3
68734 9
68735 4
68736 7
68737 7
68738 4
68739 9
68740 0
68741 5
68742 7
68743 7
68744 5
68745 9
68746 5
68747 5
68748 0
68749 7
68750 1
68751 7
68752 6
68753 8
68754 3
68755 8
68756 5
68757 3
68758 10
68759 4
68760 0
68761 7
68762 3
68763 2
68764 8
68765 9
68766 5
68767 8
68768 3
68769 6
68770 9
68771 8
68772 8
68773 0
68774 4
68775 8
68776 6
68777 8
68778 4
68779 7
68780 9
68781 4
68782 3
68783 3
68784 7
68785 5
68786 1
68787 8
68788 9
68789 8
68790 3
68791 4
68792 0
68793 2
68794 9
68795 10
68796 9
68797 0
68798 5
68799 1
68800 3
68801 6
68802 3
68803 3
68804 8
68805 7
68806 9
68807 7
68808 7
68809 3
68810 7
68811 6
68812 2
68813 0
68814 8
68815 8
68816 6
68817 8
68818 2
68819 8
68820 6
68821 9
68822 7
68823 8
68824 2
68825 8
68826 5
68827 9
68828 5
68829 8
68830 9
68831 5
68832 5
68833 6
68834 9
68835 8
68836 5
68837 9
68838 6
68839 6
68840 2
68841 0
68842 9
68843 1
68844 9
68845 5
68846 4
68847 6
68848 1
68849 8
68850 0
68851 4
68852 0
68853 5
68854 2
68855 8
68856 7
68857 5
68858 10
68859 8
68860 8
68861 2
68862 8
68863 6
68864 7
68865 8
68866 7
68867 8
68868 3
68869 1
68870 9
68871 7
68872 1
68873 7
68874 0
68875 7
68876 5
68877 7
68878 1
68879 4
68880 6
68881 4
68882 1
68883 8
68884 7
68885 3
68886 4
68887 6
68888 8
68889 6
68890 8
68891 9
68892 7
68893 7
68894 9
68895 2
68896 4
68897 7
68898 7
68899 5
68900 7
68901 9
68902 3
68903 5
68904 3
68905 8
68906 7
68907 7
68908 8
68909 6
68910 1
68911 8
68912 8
68913 6
68914 8
68915 7
68916 0
68917 7
68918 8
68919 5
68920 0
68921 4
68922 8
68923 5
68924 7
68925 6
68926 8
68927 4
68928 2
68929 1
68930 7
68931 5
68932 4
68933 9
68934 4
68935 8
68936 4
68937 9
68938 5
68939 5
68940 3
68941 6
68942 3
68943 4
68944 6
68945 10
68946 1
68947 4
68948 9
68949 6
68950 2
68951 8
68952 9
68953 2
68954 0
68955 2
68956 4
68957 8
68958 7
68959 2
68960 7
68961 9
68962 2
68963 1
68964 5
68965 5
68966 3
68967 9
68968 2
68969 7
68970 9
68971 5
68972 8
68973 5
68974 9
68975 1
68976 9
68977 4
68978 5
68979 9
68980 4
68981 6
68982 8
68983 8
68984 5
68985 6
68986 5
68987 9
68988 8
68989 5
68990 6
68991 9
68992 9
68993 5
68994 8
68995 7
68996 8
68997 6
68998 8
68999 6
69000 0
69001 5
69002 9
69003 2
69004 8
69005 4
69006 4
69007 5
69008 8
69009 8
69010 1
69011 7
69012 6
69013 7
69014 8
69015 4
69016 5
69017 7
69018 0
69019 6
69020 3
69021 7
69022 2
69023 9
69024 4
69025 4
69026 7
69027 8
69028 10
69029 7
69030 9
69031 5
69032 3
69033 4
69034 4
69035 7
69036 4
69037 10
69038 5
69039 6
69040 0
69041 8
69042 8
69043 9
69044 7
69045 6
69046 7
69047 4
69048 9
69049 7
69050 6
69051 8
69052 9
69053 6
69054 7
69055 2
69056 4
69057 9
69058 5
69059 7
69060 9
69061 9
69062 6
69063 8
69064 9
69065 9
69066 7
69067 10
69068 9
69069 6
69070 7
69071 3
69072 8
69073 3
69074 0
69075 9
69076 7
69077 9
69078 7
69079 5
69080 6
69081 5
69082 1
69083 4
69084 3
69085 8
69086 8
69087 8
69088 9
69089 1
69090 3
69091 9
69092 5
69093 2
69094 9
69095 3
69096 4
69097 2
69098 5
69099 9
69100 3
69101 9
69102 0
69103 1
69104 9
69105 8
69106 5
69107 10
69108 5
69109 9
69110 8
69111 10
69112 8
69113 7
69114 8
69115 5
69116 2
69117 8
69118 6
69119 10
69120 9
69121 8
69122 6
69123 3
69124 4
69125 5
69126 6
69127 1
69128 8
69129 8
69130 8
69131 2
69132 3
69133 8
69134 6
69135 4
69136 3
69137 8
69138 6
69139 8
69140 7
69141 9
69142 4
69143 6
69144 6
69145 9
69146 3
69147 7
69148 9
69149 4
69150 8
69151 4
69152 4
69153 7
69154 4
69155 3
69156 0
69157 5
69158 9
69159 7
69160 10
69161 4
69162 9
69163 7
69164 0
69165 4
69166 8
69167 8
69168 6
69169 8
69170 1
69171 7
69172 0
69173 3
69174 9
69175 1
69176 2
69177 6
69178 3
69179 3
69180 7
69181 3
69182 4
69183 5
69184 8
69185 9
69186 4
69187 9
69188 9
69189 2
69190 5
69191 9
69192 6
69193 7
69194 3
69195 6
69196 9
69197 9
69198 5
69199 0
69200 9
69201 7
69202 0
69203 5
69204 2
69205 6
69206 4
69207 6
69208 4
69209 6
69210 10
69211 7
69212 1
69213 1
69214 1
69215 10
69216 2
69217 1
69218 9
69219 9
69220 3
69221 8
69222 0
69223 1
69224 3
69225 6
69226 4
69227 5
69228 6
69229 7
69230 0
69231 1
69232 2
69233 10
69234 9
69235 1
69236 0
69237 9
69238 2
69239 2
69240 2
69241 9
69242 8
69243 8
69244 5
69245 6
69246 4
69247 7
69248 5
69249 0
69250 2
69251 7
69252 8
69253 9
69254 2
69255 8
69256 1
69257 9
69258 3
69259 6
69260 9
69261 7
69262 5
69263 6
69264 3
69265 6
69266 4
69267 9
69268 8
69269 6
69270 3
69271 6
69272 4
69273 9
69274 4
69275 4
69276 1
69277 4
69278 0
69279 4
69280 2
69281 4
69282 9
69283 6
69284 8
69285 7
69286 1
69287 6
69288 9
69289 6
69290 4
69291 2
69292 5
69293 7
69294 1
69295 8
69296 1
69297 3
69298 8
69299 3
69300 2
69301 7
69302 4
69303 6
69304 9
69305 0
69306 8
69307 9
69308 3
69309 6
69310 10
69311 8
69312 2
69313 8
69314 3
69315 8
69316 1
69317 6
69318 4
69319 4
69320 6
69321 4
69322 8
69323 6
69324 4
69325 8
69326 5
69327 10
69328 0
69329 6
69330 8
69331 8
69332 9
69333 0
69334 1
69335 7
69336 6
69337 1
69338 3
69339 4
69340 8
69341 8
69342 6
69343 8
69344 8
69345 0
69346 3
69347 10
69348 3
69349 6
69350 8
69351 8
69352 9
69353 0
69354 7
69355 9
69356 4
69357 5
69358 7
69359 7
69360 7
69361 0
69362 6
69363 5
69364 0
69365 6
69366 3
69367 2
69368 10
69369 1
69370 8
69371 4
69372 4
69373 7
69374 4
69375 7
69376 6
69377 7
69378 7
69379 1
69380 1
69381 7
69382 7
69383 9
69384 9
69385 7
69386 9
69387 3
69388 9
69389 8
69390 8
69391 7
69392 1
69393 7
69394 8
69395 7
69396 8
69397 7
69398 10
69399 7
69400 4
69401 7
69402 7
69403 4
69404 1
69405 3
69406 4
69407 9
69408 7
69409 8
69410 5
69411 7
69412 9
69413 2
69414 5
69415 7
69416 8
69417 5
69418 5
69419 1
69420 1
69421 7
69422 8
69423 8
69424 10
69425 9
69426 1
69427 8
69428 7
69429 8
69430 8
69431 5
69432 9
69433 8
69434 6
69435 1
69436 1
69437 10
69438 7
69439 0
69440 9
69441 8
69442 1
69443 6
69444 8
69445 7
69446 5
69447 8
69448 7
69449 7
69450 4
69451 3
69452 5
69453 6
69454 2
69455 5
69456 6
69457 3
69458 2
69459 0
69460 7
69461 1
69462 7
69463 2
69464 8
69465 5
69466 7
69467 8
69468 4
69469 8
69470 4
69471 7
69472 2
69473 6
69474 1
69475 8
69476 5
69477 6
69478 0
69479 8
69480 6
69481 9
69482 1
69483 4
69484 4
69485 2
69486 5
69487 8
69488 6
69489 7
69490 9
69491 8
69492 4
69493 8
69494 6
69495 0
69496 1
69497 7
69498 9
69499 4
69500 6
69501 9
69502 5
69503 3
69504 2
69505 2
69506 8
69507 0
69508 6
69509 8
69510 1
69511 7
69512 3
69513 8
69514 3
69515 7
69516 5
69517 7
69518 6
69519 6
69520 6
69521 4
69522 8
69523 8
69524 10
69525 6
69526 6
69527 4
69528 9
69529 6
69530 8
69531 7
69532 8
69533 7
69534 1
69535 7
69536 4
69537 0
69538 4
69539 8
69540 6
69541 9
69542 8
69543 7
69544 9
69545 9
69546 9
69547 8
69548 5
69549 7
69550 9
69551 4
69552 5
69553 7
69554 0
69555 3
69556 3
69557 2
69558 8
69559 5
69560 7
69561 4
69562 7
69563 7
69564 0
69565 7
69566 5
69567 0
69568 0
69569 9
69570 6
69571 9
69572 9
69573 7
69574 2
69575 5
69576 5
69577 6
69578 0
69579 9
69580 4
69581 7
69582 4
69583 2
69584 7
69585 6
69586 2
69587 1
69588 8
69589 7
69590 8
69591 7
69592 4
69593 6
69594 3
69595 5
69596 4
69597 9
69598 7
69599 6
69600 9
69601 10
69602 9
69603 9
69604 8
69605 1
69606 6
69607 9
69608 7
69609 8
69610 8
69611 2
69612 4
69613 8
69614 9
69615 7
69616 3
69617 9
69618 3
69619 6
69620 8
69621 6
69622 9
69623 5
69624 7
69625 6
69626 1
69627 9
69628 6
69629 8
69630 9
69631 9
69632 3
69633 7
69634 2
69635 3
69636 6
69637 0
69638 6
69639 6
69640 6
69641 2
69642 5
69643 3
69644 7
69645 9
69646 9
69647 8
69648 9
69649 8
69650 2
69651 5
69652 9
69653 10
69654 10
69655 1
69656 8
69657 8
69658 0
69659 7
69660 9
69661 4
69662 9
69663 8
69664 2
69665 6
69666 8
69667 7
69668 8
69669 4
69670 8
69671 7
69672 6
69673 3
69674 5
69675 4
69676 3
69677 0
69678 6
69679 9
69680 8
69681 4
69682 3
69683 10
69684 9
69685 5
69686 8
69687 6
69688 8
69689 6
69690 10
69691 7
69692 8
69693 7
69694 2
69695 6
69696 0
69697 9
69698 4
69699 3
69700 5
69701 3
69702 3
69703 6
69704 7
69705 9
69706 8
69707 2
69708 2
69709 8
69710 2
69711 9
69712 8
69713 5
69714 0
69715 7
69716 3
69717 1
69718 1
69719 3
69720 4
69721 3
69722 8
69723 3
69724 7
69725 9
69726 5
69727 8
69728 8
69729 9
69730 8
69731 9
69732 9
69733 9
69734 2
69735 6
69736 7
69737 7
69738 0
69739 7
69740 4
69741 5
69742 3
69743 7
69744 7
69745 4
69746 5
69747 9
69748 2
69749 2
69750 6
69751 2
69752 9
69753 8
69754 7
69755 6
69756 9
69757 9
69758 2
69759 5
69760 6
69761 2
69762 6
69763 7
69764 6
69765 8
69766 9
69767 1
69768 6
69769 9
69770 5
69771 0
69772 8
69773 9
69774 8
69775 2
69776 1
69777 8
69778 9
69779 9
69780 2
69781 9
69782 7
69783 8
69784 7
69785 7
69786 5
69787 5
69788 4
69789 8
69790 2
69791 9
69792 8
69793 2
69794 7
69795 7
69796 1
69797 6
69798 7
69799 7
69800 5
69801 1
69802 7
69803 8
69804 0
69805 10
69806 0
69807 5
69808 10
69809 3
69810 8
69811 6
69812 2
69813 0
69814 8
69815 4
69816 9
69817 4
69818 6
69819 8
69820 1
69821 10
69822 8
69823 4
69824 9
69825 5
69826 5
69827 4
69828 9
69829 8
69830 6
69831 7
69832 8
69833 9
69834 8
69835 9
69836 9
69837 6
69838 5
69839 7
69840 4
69841 9
69842 4
69843 8
69844 0
69845 4
69846 4
69847 7
69848 5
69849 4
69850 2
69851 5
69852 6
69853 8
69854 8
69855 8
69856 1
69857 2
69858 2
69859 6
69860 6
69861 7
69862 3
69863 7
69864 8
69865 9
69866 5
69867 2
69868 8
69869 7
69870 5
69871 5
69872 3
69873 9
69874 7
69875 5
69876 0
69877 1
69878 8
69879 2
69880 0
69881 8
69882 7
69883 7
69884 9
69885 8
69886 10
69887 10
69888 0
69889 7
69890 7
69891 4
69892 2
69893 10
69894 9
69895 6
69896 1
69897 6
69898 8
69899 5
69900 0
69901 4
69902 3
69903 7
69904 1
69905 10
69906 7
69907 7
69908 7
69909 6
69910 1
69911 8
69912 4
69913 3
69914 9
69915 7
69916 3
69917 7
69918 0
69919 8
69920 5
69921 2
69922 1
69923 5
69924 8
69925 6
69926 10
69927 2
69928 0
69929 1
69930 8
69931 5
69932 6
69933 2
69934 5
69935 7
69936 8
69937 9
69938 5
69939 7
69940 4
69941 10
69942 5
69943 9
69944 6
69945 8
69946 5
69947 5
69948 9
69949 4
69950 7
69951 1
69952 2
69953 8
69954 2
69955 9
69956 9
69957 8
69958 8
69959 7
69960 4
69961 9
69962 8
69963 9
69964 1
69965 7
69966 8
69967 6
69968 7
69969 10
69970 2
69971 5
69972 4
69973 8
69974 9
69975 7
69976 7
69977 0
69978 9
69979 8
69980 3
69981 4
69982 6
69983 9
69984 8
69985 5
69986 3
69987 7
69988 9
69989 4
69990 1
69991 7
69992 5
69993 8
69994 2
69995 7
69996 9
69997 3
69998 4
69999 5
70000 6
70001 8
70002 7
70003 9
70004 8
70005 5
70006 8
70007 5
70008 5
70009 0
70010 2
70011 7
70012 1
70013 4
70014 5
70015 5
70016 0
70017 8
70018 2
70019 4
70020 6
70021 3
70022 4
70023 8
70024 4
70025 8
70026 7
70027 9
70028 5
70029 9
70030 4
70031 9
70032 4
70033 7
70034 9
70035 8
70036 5
70037 5
70038 8
70039 7
70040 2
70041 9
70042 0
70043 4
70044 7
70045 4
70046 5
70047 3
70048 6
70049 6
70050 4
70051 4
70052 3
70053 9
70054 3
70055 5
70056 7
70057 9
70058 8
70059 9
70060 1
70061 9
70062 5
70063 3
70064 8
70065 9
70066 7
70067 7
70068 9
70069 6
70070 9
70071 10
70072 9
70073 9
70074 10
70075 6
70076 7
70077 8
70078 7
70079 2
70080 9
70081 7
70082 3
70083 4
70084 1
70085 5
70086 7
70087 5
70088 3
70089 6
70090 3
70091 8
70092 6
70093 1
70094 6
70095 9
70096 4
70097 4
70098 1
70099 2
70100 3
70101 3
70102 0
70103 10
70104 7
70105 8
70106 2
70107 10
70108 6
70109 0
70110 3
70111 0
70112 7
70113 7
70114 8
70115 2
70116 7
70117 8
70118 8
70119 7
70120 1
70121 5
70122 5
70123 9
70124 8
70125 4
70126 8
70127 7
70128 5
70129 0
70130 8
70131 3
70132 7
70133 7
70134 7
70135 2
70136 9
70137 9
70138 7
70139 5
70140 2
70141 5
70142 6
70143 7
70144 10
70145 5
70146 8
70147 2
70148 0
70149 7
70150 6
70151 7
70152 3
70153 8
70154 2
70155 8
70156 2
70157 1
70158 2
70159 7
70160 9
70161 4
70162 9
70163 5
70164 9
70165 4
70166 4
70167 9
70168 7
70169 7
70170 3
70171 3
70172 7
70173 10
70174 8
70175 5
70176 3
70177 8
70178 5
70179 9
70180 8
70181 0
70182 8
70183 4
70184 6
70185 8
70186 1
70187 4
70188 1
70189 2
70190 9
70191 6
70192 3
70193 6
70194 2
70195 7
70196 7
70197 5
70198 6
70199 10
70200 9
70201 8
70202 9
70203 9
70204 2
70205 4
70206 7
70207 6
70208 4
70209 2
70210 10
70211 5
70212 9
70213 4
70214 9
70215 2
70216 6
70217 7
70218 7
70219 2
70220 6
70221 4
70222 6
70223 9
70224 10
70225 4
70226 5
70227 7
70228 9
70229 2
70230 7
70231 10
70232 8
70233 4
70234 2
70235 6
70236 5
70237 6
70238 1
70239 5
70240 7
70241 2
70242 0
70243 5
70244 7
70245 2
70246 3
70247 5
70248 7
70249 7
70250 5
70251 9
70252 6
70253 2
70254 10
70255 0
70256 9
70257 6
70258 2
70259 8
70260 7
70261 2
70262 1
70263 4
70264 10
70265 7
70266 3
70267 5
70268 8
70269 8
70270 7
70271 7
70272 1
70273 0
70274 7
70275 5
70276 6
70277 7
70278 6
70279 7
70280 9
70281 9
70282 4
70283 4
70284 1
70285 5
70286 4
70287 5
70288 7
70289 9
70290 9
70291 5
70292 7
70293 8
70294 7
70295 4
70296 8
70297 10
70298 9
70299 4
70300 7
70301 7
70302 8
70303 2
70304 6
70305 9
70306 3
70307 4
70308 8
70309 9
70310 1
70311 3
70312 10
70313 7
70314 3
70315 8
70316 7
70317 5
70318 10
70319 4
70320 10
70321 6
70322 5
70323 9
70324 8
70325 9
70326 9
70327 1
70328 8
70329 8
70330 8
70331 9
70332 10
70333 9
70334 9
70335 8
70336 5
70337 8
70338 7
70339 9
70340 8
70341 6
70342 7
70343 10
70344 1
70345 9
70346 7
70347 4
70348 8
70349 7
70350 9
70351 7
70352 6
70353 1
70354 9
70355 8
70356 5
70357 9
70358 9
70359 5
70360 6
70361 9
70362 8
70363 4
70364 7
70365 9
70366 6
70367 6
70368 4
70369 5
70370 9
70371 3
70372 1
70373 2
70374 3
70375 10
70376 7
70377 8
70378 9
70379 4
70380 4
70381 1
70382 4
70383 10
70384 0
70385 4
70386 8
70387 9
70388 2
70389 8
70390 3
70391 5
70392 5
70393 7
70394 7
70395 7
70396 8
70397 5
70398 7
70399 5
70400 4
70401 2
70402 7
70403 3
70404 5
70405 4
70406 4
70407 2
70408 8
70409 8
70410 8
70411 8
70412 4
70413 2
70414 7
70415 3
70416 8
70417 8
70418 7
70419 1
70420 4
70421 8
70422 4
70423 8
70424 6
70425 6
70426 3
70427 8
70428 5
70429 8
70430 3
70431 4
70432 6
70433 9
70434 0
70435 8
70436 3
70437 5
70438 9
70439 2
70440 3
70441 6
70442 9
70443 6
70444 5
70445 7
70446 4
70447 5
70448 4
70449 3
70450 0
70451 4
70452 8
70453 5
70454 3
70455 9
70456 8
70457 10
70458 8
70459 9
70460 7
70461 7
70462 4
70463 7
70464 6
70465 6
70466 4
70467 9
70468 3
70469 6
70470 3
70471 9
70472 1
70473 6
70474 3
70475 9
70476 5
70477 3
70478 7
70479 2
70480 10
70481 5
70482 8
70483 7
70484 8
70485 8
70486 8
70487 0
70488 9
70489 6
70490 4
70491 8
70492 7
70493 3
70494 8
70495 6
70496 8
70497 9
70498 7
70499 7
70500 6
70501 4
70502 7
70503 7
70504 8
70505 7
70506 3
70507 9
70508 6
70509 2
70510 9
70511 1
70512 3
70513 8
70514 10
70515 7
70516 5
70517 8
70518 10
70519 9
70520 1
70521 9
70522 3
70523 9
70524 8
70525 9
70526 6
70527 0
70528 0
70529 0
70530 2
70531 3
70532 9
70533 3
70534 1
70535 8
70536 6
70537 8
70538 7
70539 5
70540 9
70541 7
70542 8
70543 1
70544 10
70545 8
70546 3
70547 5
70548 7
70549 6
70550 7
70551 8
70552 1
70553 5
70554 9
70555 7
70556 9
70557 2
70558 3
70559 6
70560 6
70561 9
70562 3
70563 11
70564 6
70565 8
70566 4
70567 5
70568 10
70569 8
70570 7
70571 6
70572 1
70573 9
70574 7
70575 8
70576 6
70577 6
70578 6
70579 1
70580 1
70581 0
70582 7
70583 9
70584 9
70585 7
70586 6
70587 6
70588 8
70589 6
70590 0
70591 9
70592 10
70593 7
70594 5
70595 7
70596 9
70597 6
70598 5
70599 8
70600 0
70601 7
70602 9
70603 9
70604 7
70605 0
70606 10
70607 2
70608 3
70609 3
70610 6
70611 8
70612 9
70613 9
70614 7
70615 8
70616 10
70617 3
70618 9
70619 5
70620 6
70621 6
70622 7
70623 9
70624 1
70625 7
70626 7
70627 2
70628 3
70629 7
70630 6
70631 0
70632 9
70633 3
70634 6
70635 10
70636 5
70637 9
70638 9
70639 2
70640 7
70641 6
70642 3
70643 7
70644 2
70645 0
70646 8
70647 7
70648 2
70649 5
70650 10
70651 6
70652 3
70653 6
70654 9
70655 3
70656 0
70657 7
70658 6
70659 8
70660 9
70661 7
70662 7
70663 8
70664 5
70665 6
70666 5
70667 6
70668 5
70669 0
70670 3
70671 3
70672 6
70673 1
70674 5
70675 6
70676 1
70677 6
70678 3
70679 3
70680 7
70681 0
70682 9
70683 7
70684 9
70685 6
70686 6
70687 6
70688 2
70689 10
70690 8
70691 2
70692 6
70693 7
70694 10
70695 8
70696 6
70697 8
70698 8
70699 9
70700 7
70701 10
70702 7
70703 8
70704 9
70705 9
70706 4
70707 0
70708 9
70709 8
70710 4
70711 8
70712 5
70713 6
70714 3
70715 2
70716 10
70717 0
70718 8
70719 7
70720 7
70721 7
70722 0
70723 1
70724 4
70725 7
70726 2
70727 9
70728 8
70729 5
70730 0
70731 7
70732 4
70733 1
70734 10
70735 8
70736 7
70737 6
70738 3
70739 7
70740 8
70741 5
70742 7
70743 9
70744 2
70745 2
70746 9
70747 4
70748 8
70749 8
70750 2
70751 9
70752 1
70753 3
70754 9
70755 6
70756 10
70757 7
70758 7
70759 4
70760 7
70761 7
70762 9
70763 8
70764 8
70765 3
70766 8
70767 5
70768 5
70769 8
70770 10
70771 9
70772 6
70773 5
70774 3
70775 0
70776 9
70777 7
70778 3
70779 6
70780 8
70781 8
70782 10
70783 0
70784 0
70785 8
70786 7
70787 0
70788 2
70789 7
70790 6
70791 5
70792 1
70793 9
70794 7
70795 9
70796 4
70797 3
70798 9
70799 5
70800 5
70801 7
70802 5
70803 1
70804 5
70805 8
70806 0
70807 3
70808 5
70809 6
70810 6
70811 5
70812 7
70813 6
70814 4
70815 8
70816 6
70817 8
70818 5
70819 7
70820 3
70821 2
70822 0
70823 3
70824 7
70825 5
70826 8
70827 8
70828 8
70829 3
70830 7
70831 9
70832 6
70833 4
70834 0
70835 5
70836 9
70837 3
70838 10
70839 0
70840 6
70841 7
70842 7
70843 2
70844 8
70845 9
70846 5
70847 9
70848 7
70849 7
70850 4
70851 3
70852 8
70853 0
70854 4
70855 0
70856 0
70857 5
70858 7
70859 4
70860 4
70861 5
70862 9
70863 4
70864 8
70865 0
70866 2
70867 3
70868 3
70869 9
70870 8
70871 7
70872 1
70873 7
70874 10
70875 6
70876 3
70877 9
70878 2
70879 0
70880 1
70881 9
70882 9
70883 5
70884 8
70885 4
70886 7
70887 4
70888 11
70889 4
70890 9
70891 9
70892 8
70893 7
70894 7
70895 2
70896 8
70897 9
70898 0
70899 9
70900 9
70901 6
70902 7
70903 10
70904 7
70905 3
70906 8
70907 6
70908 8
70909 9
70910 9
70911 2
70912 8
70913 10
70914 4
70915 7
70916 7
70917 4
70918 7
70919 3
70920 4
70921 5
70922 8
70923 7
70924 8
70925 4
70926 8
70927 1
70928 6
70929 10
70930 3
70931 9
70932 3
70933 7
70934 6
70935 10
70936 7
70937 9
70938 1
70939 2
70940 7
70941 7
70942 8
70943 5
70944 9
70945 8
70946 6
70947 7
70948 7
70949 8
70950 7
70951 4
70952 7
70953 2
70954 3
70955 9
70956 6
70957 9
70958 4
70959 9
70960 7
70961 1
70962 1
70963 5
70964 9
70965 5
70966 2
70967 8
70968 2
70969 3
70970 6
70971 1
70972 9
70973 11
70974 8
70975 0
70976 3
70977 3
70978 8
70979 8
70980 8
70981 8
70982 9
70983 8
70984 5
70985 2
70986 6
70987 4
70988 10
70989 8
70990 8
70991 7
70992 2
70993 5
70994 4
70995 4
70996 8
70997 6
70998 8
70999 8
71000 7
71001 1
71002 3
71003 4
71004 10
71005 8
71006 1
71007 7
71008 5
71009 6
71010 0
71011 7
71012 8
71013 7
71014 3
71015 6
71016 8
71017 6
71018 6
71019 7
71020 9
71021 5
71022 8
71023 7
71024 4
71025 5
71026 7
71027 10
71028 2
71029 7
71030 4
71031 7
71032 9
71033 2
71034 3
71035 7
71036 7
71037 8
71038 9
71039 2
71040 10
71041 6
71042 4
71043 3
71044 8
71045 7
71046 11
71047 8
71048 8
71049 0
71050 5
71051 10
71052 10
71053 10
71054 8
71055 9
71056 8
71057 0
71058 7
71059 5
71060 5
71061 6
71062 1
71063 9
71064 3
71065 7
71066 8
71067 8
71068 4
71069 4
71070 6
71071 5
71072 3
71073 7
71074 7
71075 2
71076 9
71077 9
71078 9
71079 4
71080 4
71081 8
71082 8
71083 5
71084 6
71085 5
71086 7
71087 1
71088 3
71089 4
71090 6
71091 6
71092 6
71093 3
71094 9
71095 6
71096 2
71097 3
71098 8
71099 8
71100 5
71101 5
71102 2
71103 4
71104 9
71105 9
71106 6
71107 10
71108 0
71109 7
71110 1
71111 10
71112 1
71113 8
71114 6
71115 7
71116 6
71117 5
71118 6
71119 6
71120 10
71121 6
71122 3
71123 8
71124 0
71125 0
71126 0
71127 2
71128 2
71129 3
71130 5
71131 4
71132 8
71133 7
71134 10
71135 6
71136 9
71137 7
71138 6
71139 9
71140 4
71141 2
71142 0
71143 9
71144 6
71145 7
71146 6
71147 11
71148 3
71149 1
71150 7
71151 3
71152 5
71153 3
71154 7
71155 6
71156 9
71157 6
71158 10
71159 0
71160 6
71161 7
71162 7
71163 6
71164 6
71165 7
71166 8
71167 10
71168 8
71169 9
71170 7
71171 8
71172 7
71173 7
71174 8
71175 8
71176 2
71177 4
71178 4
71179 5
71180 9
71181 1
71182 9
71183 5
71184 3
71185 9
71186 7
71187 1
71188 4
71189 9
71190 7
71191 10
71192 9
71193 9
71194 6
71195 9
71196 4
71197 0
71198 6
71199 7
71200 3
71201 1
71202 9
71203 5
71204 4
71205 7
71206 7
71207 7
71208 10
71209 3
71210 9
71211 0
71212 5
71213 2
71214 8
71215 7
71216 7
71217 7
71218 6
71219 3
71220 0
71221 7
71222 5
71223 7
71224 1
71225 10
71226 3
71227 8
71228 10
71229 0
71230 0
71231 6
71232 3
71233 10
71234 2
71235 9
71236 10
71237 4
71238 4
71239 4
71240 0
71241 9
71242 8
71243 7
71244 4
71245 3
71246 6
71247 5
71248 5
71249 9
71250 9
71251 4
71252 9
71253 8
71254 5
71255 7
71256 6
71257 7
71258 1
71259 8
71260 1
71261 7
71262 7
71263 5
71264 2
71265 7
71266 9
71267 7
71268 9
71269 7
71270 8
71271 1
71272 0
71273 6
71274 5
71275 5
71276 5
71277 10
71278 6
71279 6
71280 0
71281 1
71282 0
71283 9
71284 7
71285 6
71286 7
71287 4
71288 8
71289 2
71290 3
71291 1
71292 6
71293 8
71294 7
71295 7
71296 2
71297 3
71298 9
71299 7
71300 2
71301 9
71302 6
71303 7
71304 4
71305 2
71306 7
71307 6
71308 1
71309 1
71310 7
71311 7
71312 0
71313 9
71314 0
71315 1
71316 8
71317 8
71318 4
71319 5
71320 8
71321 7
71322 9
71323 6
71324 7
71325 7
71326 10
71327 9
71328 6
71329 7
71330 3
71331 9
71332 6
71333 6
71334 8
71335 7
71336 3
71337 1
71338 9
71339 6
71340 8
71341 8
71342 9
71343 2
71344 5
71345 7
71346 7
71347 6
71348 7
71349 8
71350 0
71351 6
71352 7
71353 10
71354 7
71355 9
71356 6
71357 0
71358 3
71359 3
71360 5
71361 0
71362 4
71363 5
71364 2
71365 8
71366 10
71367 5
71368 3
71369 2
71370 8
71371 5
71372 9
71373 9
71374 9
71375 3
71376 9
71377 2
71378 1
71379 6
71380 7
71381 9
71382 3
71383 7
71384 1
71385 6
71386 8
71387 5
71388 4
71389 2
71390 10
71391 4
71392 4
71393 9
71394 4
71395 0
71396 7
71397 9
71398 5
71399 7
71400 9
71401 8
71402 9
71403 0
71404 6
71405 7
71406 2
71407 9
71408 5
71409 2
71410 7
71411 6
71412 6
71413 7
71414 6
71415 8
71416 2
71417 9
71418 1
71419 3
71420 2
71421 2
71422 7
71423 7
71424 6
71425 4
71426 9
71427 6
71428 3
71429 7
71430 5
71431 2
71432 0
71433 6
71434 2
71435 2
71436 9
71437 0
71438 8
71439 5
71440 5
71441 3
71442 6
71443 6
71444 8
71445 4
71446 6
71447 9
71448 9
71449 10
71450 9
71451 5
71452 8
71453 10
71454 10
71455 0
71456 4
71457 8
71458 4
71459 3
71460 9
71461 5
71462 6
71463 8
71464 1
71465 8
71466 8
71467 8
71468 6
71469 5
71470 8
71471 6
71472 7
71473 8
71474 7
71475 6
71476 7
71477 9
71478 6
71479 5
71480 9
71481 8
71482 9
71483 3
71484 4
71485 9
71486 4
71487 2
71488 8
71489 8
71490 3
71491 8
71492 10
71493 1
71494 5
71495 4
71496 6
71497 0
71498 10
71499 9
71500 8
71501 0
71502 8
71503 10
71504 7
71505 2
71506 9
71507 5
71508 9
71509 9
71510 7
71511 7
71512 0
71513 9
71514 6
71515 9
71516 7
71517 1
71518 7
71519 7
71520 6
71521 9
71522 6
71523 5
71524 5
71525 9
71526 10
71527 2
71528 8
71529 8
71530 9
71531 6
71532 7
71533 2
71534 2
71535 7
71536 0
71537 6
71538 8
71539 5
71540 9
71541 2
71542 10
71543 6
71544 4
71545 9
71546 4
71547 8
71548 9
71549 7
71550 7
71551 9
71552 8
71553 0
71554 8
71555 8
71556 9
71557 3
71558 4
71559 7
71560 0
71561 9
71562 2
71563 9
71564 6
71565 8
71566 5
71567 1
71568 5
71569 7
71570 9
71571 6
71572 9
71573 6
71574 6
71575 2
71576 10
71577 9
71578 8
71579 6
71580 6
71581 6
71582 7
71583 0
71584 8
71585 1
71586 8
71587 5
71588 7
71589 9
71590 2
71591 4
71592 3
71593 3
71594 10
71595 3
71596 10
71597 7
71598 7
71599 6
71600 8
71601 2
71602 8
71603 4
71604 4
71605 2
71606 0
71607 8
71608 10
71609 3
71610 3
71611 4
71612 9
71613 3
71614 5
71615 6
71616 3
71617 8
71618 8
71619 3
71620 4
71621 4
71622 2
71623 8
71624 6
71625 8
71626 9
71627 3
71628 7
71629 5
71630 7
71631 5
71632 6
71633 8
71634 6
71635 10
71636 6
71637 9
71638 8
71639 8
71640 8
71641 8
71642 6
71643 8
71644 5
71645 9
71646 2
71647 8
71648 6
71649 3
71650 2
71651 4
71652 4
71653 9
71654 2
71655 5
71656 3
71657 9
71658 1
71659 7
71660 5
71661 8
71662 7
71663 8
71664 0
71665 6
71666 8
71667 7
71668 8
71669 3
71670 4
71671 2
71672 5
71673 4
71674 7
71675 5
71676 6
71677 7
71678 5
71679 7
71680 0
71681 10
71682 8
71683 8
71684 4
71685 7
71686 3
71687 5
71688 6
71689 6
71690 7
71691 7
71692 9
71693 8
71694 3
71695 9
71696 6
71697 6
71698 10
71699 5
71700 6
71701 10
71702 7
71703 4
71704 7
71705 7
71706 7
71707 3
71708 7
71709 8
71710 5
71711 6
71712 6
71713 5
71714 1
71715 5
71716 2
71717 9
71718 5
71719 7
71720 8
71721 4
71722 7
71723 6
71724 9
71725 2
71726 5
71727 0
71728 9
71729 9
71730 2
71731 8
71732 0
71733 3
71734 3
71735 9
71736 6
71737 9
71738 0
71739 4
71740 1
71741 8
71742 6
71743 9
71744 3
71745 9
71746 3
71747 4
71748 8
71749 6
71750 4
71751 5
71752 8
71753 6
71754 8
71755 8
71756 9
71757 8
71758 7
71759 2
71760 2
71761 9
71762 5
71763 7
71764 4
71765 5
71766 3
71767 6
71768 8
71769 8
71770 8
71771 9
71772 8
71773 9
71774 9
71775 0
71776 0
71777 5
71778 1
71779 9
71780 8
71781 5
71782 6
71783 5
71784 7
71785 9
71786 9
71787 8
71788 3
71789 8
71790 1
71791 7
71792 6
71793 8
71794 8
71795 4
71796 0
71797 3
71798 7
71799 4
71800 1
71801 4
71802 8
71803 1
71804 6
71805 0
71806 9
71807 3
71808 9
71809 9
71810 6
71811 7
71812 5
71813 9
71814 9
71815 6
71816 4
71817 4
71818 9
71819 7
71820 7
71821 8
71822 1
71823 9
71824 8
71825 9
71826 6
71827 9
71828 9
71829 8
71830 1
71831 7
71832 9
71833 7
71834 2
71835 8
71836 8
71837 5
71838 1
71839 4
71840 3
71841 4
71842 5
71843 6
71844 4
71845 5
71846 4
71847 9
71848 7
71849 2
71850 7
71851 8
71852 7
71853 4
71854 3
71855 8
71856 7
71857 10
71858 3
71859 6
71860 6
71861 6
71862 5
71863 6
71864 3
71865 2
71866 4
71867 4
71868 5
71869 9
71870 8
71871 4
71872 1
71873 9
71874 4
71875 5
71876 6
71877 6
71878 9
71879 7
71880 0
71881 9
71882 8
71883 9
71884 4
71885 9
71886 5
71887 7
71888 8
71889 9
71890 9
71891 7
71892 10
71893 9
71894 8
71895 2
71896 5
71897 9
71898 2
71899 10
71900 1
71901 3
71902 8
71903 7
71904 8
71905 0
71906 3
71907 4
71908 8
71909 2
71910 7
71911 5
71912 7
71913 5
71914 3
71915 7
71916 5
71917 9
71918 8
71919 5
71920 10
71921 1
71922 7
71923 8
71924 7
71925 5
71926 6
71927 9
71928 3
71929 7
71930 3
71931 6
71932 5
71933 5
71934 5
71935 7
71936 4
71937 9
71938 8
71939 5
71940 10
71941 5
71942 4
71943 8
71944 2
71945 10
71946 7
71947 5
71948 4
71949 3
71950 4
71951 3
71952 9
71953 4
71954 3
71955 3
71956 5
71957 8
71958 2
71959 8
71960 8
71961 8
71962 9
71963 10
71964 8
71965 4
71966 3
71967 8
71968 2
71969 7
71970 8
71971 6
71972 8
71973 8
71974 1
71975 10
71976 8
71977 8
71978 11
71979 5
71980 0
71981 1
71982 2
71983 1
71984 9
71985 10
71986 2
71987 7
71988 9
71989 1
71990 5
71991 11
71992 1
71993 6
71994 9
71995 7
71996 7
71997 4
71998 6
71999 3
72000 7
72001 9
72002 10
72003 0
72004 5
72005 9
72006 7
72007 3
72008 9
72009 11
72010 7
72011 0
72012 4
72013 7
72014 0
72015 4
72016 7
72017 3
72018 3
72019 0
72020 7
72021 7
72022 9
72023 7
72024 9
72025 0
72026 7
72027 8
72028 5
72029 4
72030 7
72031 4
72032 7
72033 9
72034 2
72035 4
72036 0
72037 6
72038 6
72039 9
72040 6
72041 7
72042 8
72043 8
72044 8
72045 3
72046 7
72047 8
72048 9
72049 6
72050 5
72051 9
72052 8
72053 4
72054 10
72055 7
72056 6
72057 6
72058 3
72059 6
72060 7
72061 3
72062 8
72063 9
72064 9
72065 8
72066 3
72067 2
72068 0
72069 9
72070 0
72071 2
72072 8
72073 5
72074 0
72075 6
72076 6
72077 5
72078 4
72079 3
72080 6
72081 5
72082 5
72083 8
72084 7
72085 0
72086 4
72087 1
72088 9
72089 9
72090 9
72091 3
72092 5
72093 3
72094 8
72095 8
72096 8
72097 1
72098 0
72099 7
72100 5
72101 3
72102 6
72103 7
72104 6
72105 3
72106 5
72107 10
72108 4
72109 8
72110 2
72111 4
72112 8
72113 1
72114 3
72115 9
72116 8
72117 2
72118 7
72119 10
72120 6
72121 9
72122 9
72123 4
72124 2
72125 1
72126 7
72127 7
72128 9
72129 10
72130 8
72131 4
72132 9
72133 6
72134 8
72135 9
72136 5
72137 3
72138 8
72139 4
72140 6
72141 8
72142 3
72143 5
72144 8
72145 0
72146 0
72147 9
72148 10
72149 7
72150 7
72151 5
72152 9
72153 8
72154 6
72155 6
72156 8
72157 10
72158 1
72159 7
72160 6
72161 4
72162 5
72163 2
72164 6
72165 1
72166 5
72167 8
72168 3
72169 10
72170 1
72171 8
72172 8
72173 10
72174 6
72175 4
72176 3
72177 6
72178 3
72179 1
72180 7
72181 10
72182 8
72183 7
72184 7
72185 2
72186 8
72187 6
72188 7
72189 7
72190 6
72191 10
72192 9
72193 3
72194 3
72195 2
72196 10
72197 1
72198 7
72199 3
72200 7
72201 3
72202 6
72203 10
72204 9
72205 10
72206 10
72207 8
72208 6
72209 9
72210 5
72211 0
72212 6
72213 1
72214 10
72215 8
72216 5
72217 6
72218 1
72219 5
72220 9
72221 4
72222 2
72223 5
72224 9
72225 6
72226 7
72227 7
72228 9
72229 9
72230 9
72231 9
72232 5
72233 8
72234 7
72235 9
72236 9
72237 8
72238 1
72239 4
72240 7
72241 9
72242 6
72243 8
72244 10
72245 10
72246 1
72247 6
72248 1
72249 3
72250 6
72251 6
72252 10
72253 7
72254 5
72255 8
72256 1
72257 3
72258 7
72259 8
72260 3
72261 8
72262 8
72263 7
72264 6
72265 9
72266 3
72267 0
72268 10
72269 4
72270 9
72271 6
72272 7
72273 10
72274 1
72275 8
72276 7
72277 0
72278 4
72279 4
72280 6
72281 8
72282 4
72283 10
72284 8
72285 9
72286 10
72287 8
72288 5
72289 8
72290 0
72291 8
72292 2
72293 6
72294 3
72295 8
72296 9
72297 6
72298 0
72299 4
72300 0
72301 7
72302 8
72303 1
72304 3
72305 7
72306 2
72307 0
72308 8
72309 2
72310 4
72311 0
72312 6
72313 9
72314 3
72315 5
72316 7
72317 6
72318 9
72319 4
72320 6
72321 4
72322 7
72323 3
72324 3
72325 8
72326 8
72327 8
72328 4
72329 8
72330 2
72331 2
72332 2
72333 6
72334 4
72335 9
72336 2
72337 10
72338 4
72339 9
72340 9
72341 2
72342 5
72343 8
72344 3
72345 9
72346 6
72347 9
72348 6
72349 8
72350 8
72351 9
72352 4
72353 9
72354 8
72355 1
72356 4
72357 7
72358 9
72359 6
72360 4
72361 8
72362 4
72363 8
72364 7
72365 5
72366 3
72367 4
72368 7
72369 5
72370 7
72371 9
72372 9
72373 5
72374 6
72375 6
72376 8
72377 8
72378 9
72379 8
72380 6
72381 11
72382 6
72383 7
72384 1
72385 4
72386 2
72387 5
72388 7
72389 5
72390 9
72391 6
72392 5
72393 2
72394 7
72395 3
72396 0
72397 4
72398 0
72399 6
72400 7
72401 10
72402 9
72403 0
72404 9
72405 6
72406 4
72407 9
72408 4
72409 5
72410 8
72411 6
72412 5
72413 4
72414 8
72415 9
72416 5
72417 7
72418 3
72419 8
72420 3
72421 7
72422 4
72423 7
72424 4
72425 5
72426 8
72427 2
72428 7
72429 4
72430 9
72431 0
72432 7
72433 2
72434 7
72435 4
72436 3
72437 1
72438 8
72439 7
72440 3
72441 5
72442 6
72443 9
72444 5
72445 10
72446 8
72447 9
72448 4
72449 9
72450 7
72451 4
72452 5
72453 5
72454 2
72455 3
72456 6
72457 7
72458 0
72459 7
72460 1
72461 9
72462 8
72463 3
72464 8
72465 5
72466 5
72467 8
72468 9
72469 9
72470 1
72471 5
72472 9
72473 3
72474 7
72475 4
72476 0
72477 8
72478 6
72479 3
72480 2
72481 9
72482 9
72483 9
72484 7
72485 9
72486 8
72487 9
72488 2
72489 8
72490 5
72491 5
72492 8
72493 8
72494 5
72495 7
72496 8
72497 9
72498 9
72499 7
72500 7
72501 10
72502 5
72503 9
72504 7
72505 2
72506 0
72507 9
72508 7
72509 8
72510 7
72511 3
72512 4
72513 2
72514 5
72515 0
72516 8
72517 5
72518 8
72519 7
72520 8
72521 2
72522 7
72523 5
72524 3
72525 8
72526 2
72527 6
72528 3
72529 10
72530 0
72531 8
72532 10
72533 9
72534 6
72535 1
72536 9
72537 4
72538 2
72539 9
72540 10
72541 10
72542 7
72543 2
72544 0
72545 2
72546 8
72547 3
72548 4
72549 8
72550 4
72551 0
72552 9
72553 7
72554 9
72555 6
72556 1
72557 10
72558 5
72559 9
72560 8
72561 3
72562 8
72563 8
72564 4
72565 8
72566 9
72567 1
72568 10
72569 4
72570 5
72571 2
72572 2
72573 2
72574 9
72575 4
72576 9
72577 8
72578 9
72579 5
72580 8
72581 9
72582 10
72583 6
72584 5
72585 4
72586 6
72587 5
72588 7
72589 9
72590 5
72591 8
72592 6
72593 7
72594 8
72595 9
72596 1
72597 8
72598 4
72599 3
72600 9
72601 3
72602 3
72603 6
72604 8
72605 0
72606 8
72607 10
72608 5
72609 2
72610 7
72611 7
72612 5
72613 9
72614 3
72615 9
72616 4
72617 7
72618 7
72619 4
72620 2
72621 8
72622 6
72623 10
72624 10
72625 9
72626 8
72627 3
72628 3
72629 8
72630 5
72631 9
72632 5
72633 6
72634 7
72635 8
72636 9
72637 3
72638 10
72639 8
72640 9
72641 7
72642 8
72643 9
72644 5
72645 1
72646 10
72647 5
72648 4
72649 8
72650 8
72651 10
72652 4
72653 6
72654 7
72655 8
72656 3
72657 7
72658 10
72659 10
72660 3
72661 10
72662 1
72663 10
72664 5
72665 9
72666 9
72667 6
72668 7
72669 5
72670 9
72671 8
72672 7
72673 6
72674 10
72675 8
72676 9
72677 6
72678 1
72679 4
72680 5
72681 0
72682 10
72683 9
72684 10
72685 9
72686 5
72687 9
72688 7
72689 8
72690 7
72691 9
72692 8
72693 10
72694 8
72695 6
72696 7
72697 11
72698 5
72699 8
72700 6
72701 4
72702 2
72703 6
72704 7
72705 7
72706 9
72707 10
72708 7
72709 9
72710 7
72711 8
72712 7
72713 9
72714 9
72715 1
72716 7
72717 5
72718 9
72719 1
72720 8
72721 7
72722 3
72723 3
72724 1
72725 8
72726 9
72727 6
72728 8
72729 2
72730 9
72731 7
72732 7
72733 8
72734 9
72735 8
72736 6
72737 3
72738 1
72739 8
72740 10
72741 1
72742 5
72743 2
72744 8
72745 4
72746 5
72747 9
72748 7
72749 5
72750 8
72751 3
72752 10
72753 8
72754 3
72755 1
72756 3
72757 8
72758 9
72759 6
72760 7
72761 6
72762 6
72763 2
72764 9
72765 5
72766 4
72767 10
72768 8
72769 0
72770 1
72771 3
72772 4
72773 6
72774 5
72775 8
72776 6
72777 8
72778 6
72779 6
72780 9
72781 10
72782 5
72783 5
72784 1
72785 5
72786 6
72787 1
72788 5
72789 9
72790 10
72791 8
72792 7
72793 6
72794 5
72795 10
72796 8
72797 4
72798 6
72799 7
72800 7
72801 6
72802 5
72803 2
72804 4
72805 9
72806 9
72807 4
72808 4
72809 6
72810 9
72811 8
72812 9
72813 7
72814 6
72815 7
72816 4
72817 7
72818 5
72819 5
72820 7
72821 2
72822 6
72823 10
72824 9
72825 3
72826 9
72827 6
72828 7
72829 7
72830 4
72831 4
72832 7
72833 8
72834 1
72835 2
72836 9
72837 4
72838 10
72839 10
72840 1
72841 8
72842 6
72843 8
72844 2
72845 2
72846 1
72847 6
72848 9
72849 0
72850 9
72851 1
72852 5
72853 2
72854 8
72855 8
72856 9
72857 4
72858 5
72859 8
72860 0
72861 5
72862 5
72863 8
72864 9
72865 8
72866 2
72867 4
72868 8
72869 0
72870 7
72871 9
72872 2
72873 6
72874 8
72875 2
72876 8
72877 9
72878 9
72879 8
72880 8
72881 7
72882 5
72883 9
72884 8
72885 0
72886 1
72887 6
72888 10
72889 5
72890 10
72891 8
72892 10
72893 7
72894 8
72895 8
72896 7
72897 9
72898 6
72899 0
72900 2
72901 7
72902 8
72903 4
72904 4
72905 9
72906 10
72907 4
72908 1
72909 9
72910 7
72911 6
72912 8
72913 3
72914 0
72915 9
72916 4
72917 4
72918 7
72919 8
72920 7
72921 1
72922 9
72923 9
72924 8
72925 5
72926 9
72927 10
72928 8
72929 10
72930 6
72931 3
72932 7
72933 1
72934 5
72935 5
72936 2
72937 7
72938 7
72939 3
72940 4
72941 1
72942 7
72943 8
72944 7
72945 7
72946 0
72947 6
72948 9
72949 7
72950 7
72951 8
72952 6
72953 7
72954 10
72955 3
72956 7
72957 4
72958 5
72959 7
72960 4
72961 4
72962 9
72963 6
72964 10
72965 7
72966 10
72967 8
72968 9
72969 2
72970 3
72971 6
72972 8
72973 9
72974 2
72975 7
72976 3
72977 4
72978 9
72979 8
72980 1
72981 7
72982 8
72983 8
72984 7
72985 4
72986 1
72987 4
72988 5
72989 5
72990 8
72991 8
72992 6
72993 5
72994 6
72995 7
72996 10
72997 9
72998 6
72999 7
73000 7
73001 9
73002 7
73003 7
73004 7
73005 6
73006 2
73007 6
73008 8
73009 7
73010 0
73011 8
73012 8
73013 10
73014 8
73015 6
73016 7
73017 7
73018 7
73019 10
73020 8
73021 4
73022 7
73023 5
73024 1
73025 9
73026 7
73027 0
73028 5
73029 4
73030 2
73031 7
73032 2
73033 6
73034 9
73035 8
73036 9
73037 3
73038 8
73039 8
73040 8
73041 7
73042 9
73043 8
73044 0
73045 1
73046 5
73047 5
73048 7
73049 9
73050 5
73051 10
73052 9
73053 7
73054 7
73055 5
73056 8
73057 5
73058 9
73059 2
73060 5
73061 9
73062 7
73063 10
73064 7
73065 9
73066 5
73067 1
73068 10
73069 6
73070 9
73071 8
73072 5
73073 3
73074 8
73075 10
73076 0
73077 7
73078 7
73079 4
73080 9
73081 1
73082 4
73083 3
73084 7
73085 5
73086 8
73087 3
73088 8
73089 0
73090 8
73091 5
73092 5
73093 0
73094 10
73095 4
73096 4
73097 7
73098 4
73099 6
73100 2
73101 3
73102 7
73103 8
73104 6
73105 9
73106 7
73107 6
73108 6
73109 6
73110 7
73111 9
73112 4
73113 9
73114 5
73115 1
73116 8
73117 0
73118 1
73119 8
73120 9
73121 1
73122 7
73123 5
73124 2
73125 2
73126 6
73127 6
73128 4
73129 7
73130 10
73131 3
73132 7
73133 9
73134 3
73135 1
73136 2
73137 8
73138 3
73139 3
73140 9
73141 2
73142 6
73143 5
73144 7
73145 5
73146 2
73147 6
73148 7
73149 5
73150 7
73151 9
73152 5
73153 8
73154 9
73155 1
73156 6
73157 7
73158 5
73159 8
73160 7
73161 4
73162 3
73163 8
73164 7
73165 4
73166 10
73167 7
73168 7
73169 1
73170 6
73171 8
73172 7
73173 1
73174 6
73175 10
73176 8
73177 9
73178 7
73179 9
73180 8
73181 3
73182 8
73183 0
73184 9
73185 7
73186 1
73187 4
73188 3
73189 9
73190 9
73191 8
73192 8
73193 6
73194 3
73195 3
73196 9
73197 8
73198 1
73199 5
73200 9
73201 6
73202 9
73203 8
73204 7
73205 9
73206 3
73207 6
73208 9
73209 10
73210 6
73211 8
73212 7
73213 4
73214 0
73215 9
73216 10
73217 9
73218 8
73219 6
73220 4
73221 6
73222 5
73223 8
73224 6
73225 8
73226 4
73227 5
73228 7
73229 0
73230 6
73231 8
73232 6
73233 7
73234 4
73235 4
73236 4
73237 8
73238 7
73239 4
73240 9
73241 4
73242 7
73243 7
73244 4
73245 8
73246 8
73247 6
73248 8
73249 1
73250 0
73251 9
73252 7
73253 8
73254 5
73255 1
73256 6
73257 9
73258 8
73259 4
73260 7
73261 2
73262 10
73263 3
73264 7
73265 2
73266 6
73267 8
73268 0
73269 7
73270 6
73271 5
73272 6
73273 9
73274 5
73275 8
73276 8
73277 4
73278 4
73279 9
73280 6
73281 8
73282 6
73283 2
73284 8
73285 0
73286 1
73287 7
73288 9
73289 5
73290 9
73291 10
73292 4
73293 5
73294 1
73295 6
73296 7
73297 6
73298 10
73299 6
73300 7
73301 1
73302 10
73303 7
73304 9
73305 5
73306 8
73307 6
73308 9
73309 3
73310 1
73311 1
73312 7
73313 6
73314 5
73315 8
73316 8
73317 8
73318 7
73319 9
73320 4
73321 6
73322 10
73323 6
73324 2
73325 8
73326 7
73327 5
73328 10
73329 9
73330 5
73331 10
73332 5
73333 0
73334 5
73335 5
73336 8
73337 8
73338 4
73339 7
73340 3
73341 2
73342 8
73343 2
73344 7
73345 2
73346 7
73347 6
73348 7
73349 3
73350 7
73351 10
73352 9
73353 5
73354 6
73355 8
73356 1
73357 8
73358 6
73359 10
73360 9
73361 3
73362 6
73363 2
73364 10
73365 9
73366 9
73367 10
73368 7
73369 6
73370 8
73371 2
73372 9
73373 6
73374 8
73375 10
73376 9
73377 6
73378 1
73379 6
73380 9
73381 4
73382 3
73383 9
73384 7
73385 11
73386 5
73387 8
73388 8
73389 9
73390 6
73391 9
73392 7
73393 10
73394 4
73395 9
73396 6
73397 8
73398 9
73399 3
73400 5
73401 9
73402 7
73403 0
73404 6
73405 10
73406 9
73407 5
73408 7
73409 1
73410 6
73411 9
73412 10
73413 7
73414 5
73415 8
73416 8
73417 9
73418 6
73419 7
73420 6
73421 2
73422 9
73423 6
73424 10
73425 9
73426 5
73427 6
73428 7
73429 3
73430 8
73431 6
73432 9
73433 8
73434 6
73435 3
73436 7
73437 5
73438 10
73439 9
73440 7
73441 5
73442 3
73443 0
73444 5
73445 7
73446 6
73447 6
73448 2
73449 9
73450 9
73451 8
73452 7
73453 6
73454 5
73455 8
73456 9
73457 8
73458 2
73459 4
73460 8
73461 2
73462 6
73463 5
73464 8
73465 8
73466 1
73467 5
73468 6
73469 9
73470 7
73471 6
73472 6
73473 9
73474 4
73475 2
73476 0
73477 6
73478 10
73479 6
73480 9
73481 4
73482 8
73483 3
73484 4
73485 5
73486 8
73487 6
73488 1
73489 8
73490 2
73491 4
73492 9
73493 3
73494 7
73495 8
73496 7
73497 8
73498 10
73499 9
73500 0
73501 9
73502 8
73503 10
73504 9
73505 8
73506 6
73507 4
73508 10
73509 8
73510 6
73511 1
73512 3
73513 10
73514 8
73515 7
73516 7
73517 9
73518 7
73519 8
73520 2
73521 6
73522 8
73523 4
73524 9
73525 6
73526 9
73527 2
73528 2
73529 3
73530 6
73531 9
73532 3
73533 6
73534 9
73535 7
73536 0
73537 8
73538 5
73539 3
73540 8
73541 7
73542 5
73543 6
73544 5
73545 10
73546 9
73547 5
73548 6
73549 3
73550 1
73551 9
73552 6
73553 6
73554 2
73555 1
73556 8
73557 4
73558 5
73559 5
73560 7
73561 8
73562 7
73563 10
73564 9
73565 7
73566 5
73567 8
73568 5
73569 8
73570 8
73571 8
73572 4
73573 8
73574 8
73575 4
73576 8
73577 3
73578 6
73579 10
73580 9
73581 8
73582 6
73583 9
73584 2
73585 5
73586 8
73587 10
73588 1
73589 9
73590 3
73591 9
73592 6
73593 8
73594 0
73595 2
73596 8
73597 8
73598 6
73599 4
73600 8
73601 9
73602 7
73603 8
73604 8
73605 1
73606 3
73607 9
73608 10
73609 8
73610 6
73611 5
73612 8
73613 7
73614 3
73615 6
73616 8
73617 6
73618 1
73619 6
73620 9
73621 9
73622 4
73623 4
73624 1
73625 4
73626 2
73627 2
73628 9
73629 7
73630 10
73631 0
73632 1
73633 8
73634 8
73635 9
73636 3
73637 5
73638 9
73639 7
73640 6
73641 8
73642 6
73643 6
73644 2
73645 6
73646 9
73647 9
73648 6
73649 8
73650 7
73651 7
73652 2
73653 5
73654 2
73655 6
73656 9
73657 6
73658 5
73659 10
73660 9
73661 9
73662 10
73663 5
73664 0
73665 3
73666 9
73667 8
73668 8
73669 8
73670 7
73671 3
73672 8
73673 8
73674 6
73675 10
73676 5
73677 9
73678 9
73679 7
73680 9
73681 2
73682 5
73683 9
73684 5
73685 10
73686 0
73687 5
73688 8
73689 6
73690 2
73691 5
73692 4
73693 8
73694 8
73695 5
73696 7
73697 9
73698 9
73699 5
73700 6
73701 9
73702 9
73703 9
73704 4
73705 5
73706 2
73707 4
73708 9
73709 10
73710 6
73711 2
73712 9
73713 5
73714 4
73715 1
73716 1
73717 6
73718 0
73719 8
73720 8
73721 0
73722 1
73723 7
73724 4
73725 9
73726 7
73727 8
73728 8
73729 9
73730 8
73731 3
73732 5
73733 4
73734 9
73735 5
73736 9
73737 0
73738 8
73739 9
73740 6
73741 9
73742 9
73743 8
73744 8
73745 6
73746 1
73747 6
73748 7
73749 9
73750 6
73751 9
73752 7
73753 9
73754 5
73755 5
73756 10
73757 6
73758 9
73759 2
73760 5
73761 4
73762 3
73763 4
73764 2
73765 6
73766 7
73767 9
73768 2
73769 10
73770 5
73771 2
73772 3
73773 5
73774 9
73775 2
73776 6
73777 7
73778 7
73779 7
73780 3
73781 5
73782 5
73783 7
73784 3
73785 3
73786 6
73787 8
73788 6
73789 5
73790 8
73791 4
73792 2
73793 6
73794 8
73795 6
73796 9
73797 2
73798 6
73799 9
73800 6
73801 7
73802 8
73803 5
73804 7
73805 2
73806 7
73807 8
73808 2
73809 8
73810 4
73811 4
73812 0
73813 7
73814 9
73815 0
73816 5
73817 9
73818 9
73819 9
73820 3
73821 9
73822 4
73823 1
73824 2
73825 5
73826 4
73827 6
73828 8
73829 5
73830 7
73831 8
73832 6
73833 9
73834 1
73835 5
73836 11
73837 8
73838 9
73839 4
73840 7
73841 7
73842 0
73843 6
73844 8
73845 10
73846 5
73847 3
73848 9
73849 1
73850 3
73851 9
73852 4
73853 7
73854 5
73855 4
73856 11
73857 8
73858 2
73859 2
73860 2
73861 4
73862 9
73863 8
73864 5
73865 3
73866 8
73867 0
73868 7
73869 9
73870 10
73871 3
73872 6
73873 4
73874 3
73875 10
73876 4
73877 2
73878 7
73879 5
73880 5
73881 4
73882 7
73883 4
73884 1
73885 8
73886 8
73887 9
73888 1
73889 2
73890 5
73891 4
73892 10
73893 7
73894 4
73895 3
73896 7
73897 6
73898 5
73899 8
73900 9
73901 4
73902 10
73903 1
73904 5
73905 6
73906 1
73907 8
73908 6
73909 8
73910 9
73911 2
73912 1
73913 3
73914 0
73915 5
73916 9
73917 9
73918 8
73919 3
73920 6
73921 9
73922 3
73923 5
73924 1
73925 3
73926 8
73927 4
73928 7
73929 6
73930 4
73931 9
73932 6
73933 9
73934 11
73935 0
73936 5
73937 0
73938 2
73939 7
73940 8
73941 10
73942 1
73943 8
73944 6
73945 0
73946 5
73947 10
73948 5
73949 7
73950 0
73951 5
73952 4
73953 0
73954 7
73955 5
73956 9
73957 9
73958 5
73959 8
73960 5
73961 7
73962 7
73963 8
73964 2
73965 8
73966 8
73967 9
73968 10
73969 1
73970 6
73971 6
73972 6
73973 10
73974 7
73975 10
73976 6
73977 8
73978 8
73979 8
73980 8
73981 5
73982 3
73983 8
73984 8
73985 7
73986 7
73987 2
73988 9
73989 5
73990 2
73991 9
73992 1
73993 0
73994 7
73995 9
73996 2
73997 6
73998 8
73999 7
74000 8
74001 5
74002 5
74003 9
74004 10
74005 6
74006 7
74007 2
74008 1
74009 6
74010 0
74011 7
74012 8
74013 0
74014 3
74015 8
74016 5
74017 1
74018 4
74019 9
74020 10
74021 1
74022 3
74023 5
74024 7
74025 5
74026 8
74027 1
74028 0
74029 7
74030 9
74031 3
74032 4
74033 8
74034 0
74035 7
74036 4
74037 9
74038 2
74039 1
74040 6
74041 9
74042 2
74043 7
74044 8
74045 8
74046 6
74047 4
74048 9
74049 7
74050 4
74051 2
74052 0
74053 8
74054 8
74055 8
74056 6
74057 10
74058 1
74059 6
74060 7
74061 2
74062 9
74063 9
74064 8
74065 9
74066 6
74067 7
74068 9
74069 10
74070 7
74071 0
74072 7
74073 10
74074 6
74075 7
74076 2
74077 9
74078 3
74079 7
74080 6
74081 7
74082 9
74083 1
74084 2
74085 4
74086 7
74087 2
74088 0
74089 0
74090 2
74091 0
74092 8
74093 6
74094 8
74095 7
74096 5
74097 0
74098 10
74099 8
74100 2
74101 8
74102 10
74103 0
74104 1
74105 7
74106 7
74107 6
74108 6
74109 3
74110 9
74111 9
74112 3
74113 1
74114 6
74115 6
74116 4
74117 10
74118 10
74119 2
74120 0
74121 9
74122 8
74123 10
74124 9
74125 1
74126 8
74127 8
74128 9
74129 1
74130 8
74131 9
74132 2
74133 9
74134 4
74135 4
74136 4
74137 0
74138 4
74139 3
74140 8
74141 6
74142 8
74143 5
74144 2
74145 7
74146 6
74147 9
74148 5
74149 10
74150 5
74151 4
74152 2
74153 7
74154 8
74155 4
74156 8
74157 6
74158 3
74159 6
74160 4
74161 0
74162 5
74163 5
74164 9
74165 9
74166 6
74167 5
74168 7
74169 9
74170 5
74171 7
74172 1
74173 4
74174 9
74175 6
74176 9
74177 3
74178 6
74179 7
74180 8
74181 10
74182 9
74183 9
74184 2
74185 9
74186 9
74187 7
74188 5
74189 8
74190 7
74191 9
74192 9
74193 8
74194 7
74195 9
74196 6
74197 7
74198 7
74199 6
74200 7
74201 9
74202 9
74203 7
74204 7
74205 2
74206 6
74207 8
74208 6
74209 5
74210 9
74211 9
74212 5
74213 7
74214 9
74215 6
74216 8
74217 10
74218 2
74219 9
74220 5
74221 3
74222 7
74223 4
74224 6
74225 9
74226 8
74227 3
74228 3
74229 4
74230 10
74231 2
74232 3
74233 8
74234 7
74235 9
74236 8
74237 4
74238 7
74239 0
74240 6
74241 9
74242 7
74243 6
74244 7
74245 10
74246 0
74247 7
74248 1
74249 2
74250 6
74251 7
74252 9
74253 0
74254 9
74255 7
74256 1
74257 3
74258 8
74259 3
74260 9
74261 8
74262 6
74263 3
74264 7
74265 1
74266 8
74267 6
74268 9
74269 4
74270 6
74271 6
74272 8
74273 9
74274 4
74275 4
74276 9
74277 8
74278 7
74279 9
74280 4
74281 9
74282 10
74283 8
74284 9
74285 9
74286 8
74287 4
74288 9
74289 0
74290 1
74291 3
74292 7
74293 7
74294 9
74295 1
74296 9
74297 3
74298 8
74299 3
74300 1
74301 9
74302 9
74303 7
74304 6
74305 10
74306 9
74307 5
74308 10
74309 8
74310 7
74311 6
74312 7
74313 8
74314 9
74315 4
74316 10
74317 9
74318 3
74319 9
74320 0
74321 6
74322 0
74323 7
74324 8
74325 10
74326 10
74327 3
74328 9
74329 2
74330 11
74331 7
74332 6
74333 5
74334 8
74335 8
74336 6
74337 9
74338 2
74339 5
74340 6
74341 0
74342 9
74343 7
74344 5
74345 4
74346 9
74347 3
74348 9
74349 9
74350 8
74351 7
74352 5
74353 5
74354 5
74355 4
74356 8
74357 7
74358 0
74359 7
74360 6
74361 6
74362 6
74363 3
74364 1
74365 5
74366 2
74367 10
74368 8
74369 5
74370 5
74371 7
74372 4
74373 6
74374 0
74375 4
74376 9
74377 2
74378 8
74379 9
74380 4
74381 10
74382 4
74383 4
74384 9
74385 6
74386 2
74387 7
74388 0
74389 0
74390 7
74391 3
74392 3
74393 8
74394 9
74395 8
74396 9
74397 5
74398 10
74399 7
74400 10
74401 4
74402 4
74403 7
74404 6
74405 3
74406 8
74407 4
74408 5
74409 6
74410 9
74411 9
74412 10
74413 8
74414 1
74415 1
74416 8
74417 10
74418 9
74419 2
74420 11
74421 9
74422 6
74423 8
74424 4
74425 9
74426 3
74427 2
74428 7
74429 9
74430 2
74431 6
74432 5
74433 2
74434 9
74435 9
74436 8
74437 8
74438 8
74439 7
74440 0
74441 3
74442 1
74443 8
74444 5
74445 8
74446 10
74447 8
74448 8
74449 2
74450 4
74451 9
74452 9
74453 8
74454 0
74455 7
74456 6
74457 5
74458 10
74459 1
74460 9
74461 5
74462 4
74463 2
74464 4
74465 5
74466 1
74467 9
74468 9
74469 8
74470 2
74471 5
74472 9
74473 4
74474 6
74475 2
74476 2
74477 3
74478 10
74479 3
74480 4
74481 9
74482 1
74483 7
74484 7
74485 9
74486 6
74487 9
74488 8
74489 9
74490 4
74491 6
74492 7
74493 2
74494 6
74495 0
74496 2
74497 4
74498 1
74499 9
74500 7
74501 2
74502 7
74503 9
74504 9
74505 8
74506 5
74507 9
74508 3
74509 5
74510 5
74511 9
74512 2
74513 3
74514 7
74515 10
74516 9
74517 6
74518 0
74519 6
74520 0
74521 5
74522 2
74523 9
74524 3
74525 1
74526 0
74527 8
74528 8
74529 10
74530 8
74531 3
74532 9
74533 8
74534 6
74535 6
74536 2
74537 6
74538 9
74539 4
74540 8
74541 8
74542 9
74543 7
74544 7
74545 7
74546 8
74547 4
74548 5
74549 8
74550 0
74551 10
74552 8
74553 8
74554 8
74555 6
74556 2
74557 3
74558 9
74559 5
74560 7
74561 8
74562 2
74563 8
74564 7
74565 1
74566 1
74567 5
74568 7
74569 9
74570 8
74571 7
74572 5
74573 9
74574 7
74575 8
74576 4
74577 6
74578 5
74579 1
74580 10
74581 8
74582 8
74583 10
74584 0
74585 7
74586 4
74587 7
74588 10
74589 10
74590 9
74591 1
74592 9
74593 7
74594 6
74595 1
74596 7
74597 8
74598 10
74599 4
74600 7
74601 9
74602 3
74603 7
74604 9
74605 7
74606 0
74607 6
74608 7
74609 8
74610 8
74611 5
74612 5
74613 8
74614 10
74615 2
74616 9
74617 7
74618 4
74619 0
74620 9
74621 5
74622 10
74623 7
74624 10
74625 6
74626 7
74627 7
74628 9
74629 3
74630 4
74631 10
74632 9
74633 6
74634 1
74635 4
74636 10
74637 6
74638 5
74639 6
74640 3
74641 3
74642 7
74643 6
74644 0
74645 5
74646 7
74647 9
74648 10
74649 8
74650 8
74651 1
74652 7
74653 8
74654 4
74655 4
74656 10
74657 5
74658 10
74659 4
74660 8
74661 9
74662 9
74663 8
74664 5
74665 9
74666 5
74667 1
74668 5
74669 8
74670 5
74671 3
74672 9
74673 5
74674 6
74675 3
74676 8
74677 8
74678 3
74679 5
74680 6
74681 9
74682 9
74683 9
74684 2
74685 9
74686 9
74687 8
74688 8
74689 7
74690 10
74691 8
74692 2
74693 9
74694 3
74695 0
74696 1
74697 8
74698 2
74699 2
74700 8
74701 8
74702 6
74703 0
74704 10
74705 2
74706 8
74707 9
74708 4
74709 5
74710 9
74711 5
74712 3
74713 0
74714 7
74715 2
74716 3
74717 7
74718 9
74719 5
74720 9
74721 8
74722 7
74723 1
74724 9
74725 2
74726 8
74727 2
74728 10
74729 9
74730 10
74731 1
74732 10
74733 5
74734 8
74735 6
74736 5
74737 9
74738 7
74739 2
74740 8
74741 3
74742 1
74743 9
74744 7
74745 8
74746 2
74747 5
74748 4
74749 9
74750 6
74751 8
74752 3
74753 2
74754 7
74755 4
74756 8
74757 5
74758 5
74759 9
74760 5
74761 8
74762 9
74763 8
74764 8
74765 7
74766 3
74767 8
74768 7
74769 9
74770 4
74771 6
74772 8
74773 9
74774 7
74775 8
74776 9
74777 2
74778 2
74779 9
74780 6
74781 10
74782 4
74783 7
74784 9
74785 3
74786 4
74787 8
74788 6
74789 9
74790 1
74791 6
74792 6
74793 10
74794 4
74795 9
74796 9
74797 4
74798 7
74799 4
74800 3
74801 0
74802 8
74803 8
74804 7
74805 5
74806 9
74807 8
74808 3
74809 1
74810 9
74811 10
74812 9
74813 3
74814 8
74815 10
74816 6
74817 6
74818 3
74819 8
74820 9
74821 5
74822 2
74823 2
74824 6
74825 6
74826 7
74827 0
74828 7
74829 8
74830 5
74831 7
74832 3
74833 3
74834 6
74835 9
74836 7
74837 6
74838 7
74839 6
74840 3
74841 6
74842 8
74843 8
74844 1
74845 10
74846 6
74847 5
74848 5
74849 7
74850 11
74851 0
74852 0
74853 9
74854 2
74855 1
74856 8
74857 9
74858 7
74859 5
74860 7
74861 10
74862 8
74863 5
74864 5
74865 11
74866 9
74867 8
74868 2
74869 3
74870 4
74871 4
74872 7
74873 9
74874 10
74875 7
74876 0
74877 9
74878 10
74879 6
74880 1
74881 8
74882 5
74883 6
74884 8
74885 3
74886 6
74887 6
74888 9
74889 2
74890 10
74891 9
74892 7
74893 8
74894 3
74895 6
74896 0
74897 8
74898 8
74899 4
74900 5
74901 6
74902 6
74903 1
74904 9
74905 10
74906 4
74907 8
74908 0
74909 4
74910 10
74911 8
74912 8
74913 11
74914 9
74915 10
74916 7
74917 5
74918 7
74919 8
74920 10
74921 7
74922 4
74923 9
74924 8
74925 1
74926 7
74927 7
74928 9
74929 4
74930 1
74931 6
74932 8
74933 9
74934 4
74935 2
74936 9
74937 7
74938 8
74939 9
74940 6
74941 8
74942 8
74943 9
74944 0
74945 7
74946 7
74947 9
74948 10
74949 0
74950 5
74951 1
74952 2
74953 9
74954 5
74955 9
74956 0
74957 9
74958 10
74959 9
74960 2
74961 7
74962 10
74963 9
74964 7
74965 6
74966 8
74967 8
74968 4
74969 4
74970 7
74971 1
74972 10
74973 1
74974 10
74975 9
74976 3
74977 9
74978 3
74979 2
74980 7
74981 1
74982 9
74983 7
74984 8
74985 10
74986 9
74987 8
74988 10
74989 1
74990 8
74991 4
74992 4
74993 6
74994 8
74995 2
74996 5
74997 4
74998 5
74999 7
75000 5
75001 0
75002 9
75003 6
75004 8
75005 9
75006 10
75007 5
75008 6
75009 9
75010 6
75011 5
75012 9
75013 8
75014 2
75015 7
75016 2
75017 8
75018 4
75019 6
75020 10
75021 10
75022 9
75023 7
75024 7
75025 10
75026 6
75027 5
75028 5
75029 2
75030 10
75031 4
75032 3
75033 7
75034 5
75035 9
75036 5
75037 2
75038 3
75039 6
75040 10
75041 2
75042 6
75043 8
75044 10
75045 7
75046 8
75047 9
75048 4
75049 10
75050 8
75051 6
75052 8
75053 9
75054 8
75055 5
75056 4
75057 5
75058 5
75059 5
75060 6
75061 5
75062 1
75063 4
75064 6
75065 8
75066 1
75067 9
75068 6
75069 10
75070 4
75071 6
75072 4
75073 4
75074 1
75075 9
75076 5
75077 8
75078 2
75079 9
75080 5
75081 6
75082 2
75083 10
75084 8
75085 4
75086 5
75087 8
75088 4
75089 9
75090 10
75091 7
75092 9
75093 9
75094 8
75095 1
75096 3
75097 9
75098 0
75099 9
75100 8
75101 2
75102 9
75103 4
75104 7
75105 6
75106 2
75107 0
75108 9
75109 2
75110 1
75111 3
75112 3
75113 10
75114 8
75115 9
75116 3
75117 9
75118 8
75119 5
75120 6
75121 3
75122 3
75123 6
75124 9
75125 8
75126 9
75127 7
75128 9
75129 8
75130 7
75131 6
75132 5
75133 9
75134 9
75135 8
75136 5
75137 4
75138 8
75139 8
75140 8
75141 5
75142 6
75143 6
75144 4
75145 9
75146 5
75147 4
75148 9
75149 2
75150 6
75151 9
75152 5
75153 8
75154 3
75155 8
75156 9
75157 8
75158 8
75159 10
75160 7
75161 9
75162 0
75163 9
75164 7
75165 4
75166 5
75167 4
75168 9
75169 0
75170 5
75171 0
75172 3
75173 7
75174 6
75175 8
75176 9
75177 8
75178 6
75179 9
75180 7
75181 6
75182 6
75183 2
75184 10
75185 9
75186 9
75187 6
75188 6
75189 5
75190 10
75191 6
75192 4
75193 10
75194 4
75195 8
75196 1
75197 2
75198 1
75199 7
75200 4
75201 1
75202 4
75203 3
75204 6
75205 5
75206 4
75207 6
75208 7
75209 6
75210 8
75211 8
75212 7
75213 4
75214 2
75215 7
75216 9
75217 3
75218 9
75219 0
75220 10
75221 6
75222 3
75223 7
75224 5
75225 2
75226 1
75227 0
75228 9
75229 9
75230 3
75231 0
75232 1
75233 3
75234 6
75235 9
75236 8
75237 1
75238 10
75239 7
75240 9
75241 5
75242 7
75243 9
75244 8
75245 7
75246 9
75247 5
75248 5
75249 1
75250 7
75251 1
75252 6
75253 10
75254 4
75255 8
75256 5
75257 1
75258 8
75259 6
75260 2
75261 6
75262 10
75263 9
75264 2
75265 8
75266 4
75267 8
75268 1
75269 9
75270 8
75271 7
75272 10
75273 8
75274 4
75275 3
75276 4
75277 9
75278 1
75279 2
75280 6
75281 9
75282 6
75283 6
75284 6
75285 10
75286 4
75287 8
75288 10
75289 7
75290 6
75291 9
75292 10
75293 3
75294 4
75295 9
75296 5
75297 10
75298 10
75299 10
75300 7
75301 3
75302 1
75303 6
75304 8
75305 1
75306 7
75307 7
75308 9
75309 9
75310 10
75311 5
75312 6
75313 7
75314 10
75315 3
75316 6
75317 9
75318 8
75319 3
75320 1
75321 4
75322 8
75323 6
75324 3
75325 4
75326 9
75327 9
75328 4
75329 3
75330 8
75331 3
75332 9
75333 4
75334 4
75335 2
75336 6
75337 7
75338 8
75339 7
75340 10
75341 10
75342 9
75343 9
75344 1
75345 8
75346 7
75347 9
75348 6
75349 8
75350 6
75351 9
75352 7
75353 10
75354 8
75355 0
75356 8
75357 4
75358 0
75359 7
75360 6
75361 7
75362 10
75363 3
75364 11
75365 9
75366 10
75367 7
75368 1
75369 5
75370 6
75371 9
75372 8
75373 8
75374 4
75375 9
75376 2
75377 9
75378 5
75379 9
75380 0
75381 10
75382 7
75383 8
75384 0
75385 8
75386 5
75387 10
75388 9
75389 2
75390 1
75391 7
75392 9
75393 4
75394 6
75395 10
75396 10
75397 5
75398 10
75399 0
75400 5
75401 3
75402 4
75403 2
75404 7
75405 9
75406 5
75407 8
75408 0
75409 1
75410 7
75411 8
75412 7
75413 6
75414 7
75415 2
75416 4
75417 9
75418 9
75419 2
75420 7
75421 7
75422 4
75423 8
75424 3
75425 8
75426 1
75427 6
75428 6
75429 1
75430 7
75431 7
75432 8
75433 3
75434 10
75435 7
75436 6
75437 9
75438 1
75439 9
75440 6
75441 10
75442 1
75443 6
75444 8
75445 9
75446 10
75447 6
75448 9
75449 9
75450 9
75451 8
75452 1
75453 8
75454 6
75455 4
75456 6
75457 9
75458 4
75459 3
75460 9
75461 4
75462 10
75463 9
75464 9
75465 2
75466 5
75467 10
75468 7
75469 4
75470 4
75471 9
75472 7
75473 5
75474 3
75475 6
75476 5
75477 10
75478 3
75479 7
75480 10
75481 2
75482 6
75483 9
75484 6
75485 8
75486 6
75487 5
75488 7
75489 8
75490 2
75491 6
75492 2
75493 5
75494 6
75495 6
75496 8
75497 6
75498 4
75499 10
75500 9
75501 5
75502 6
75503 7
75504 7
75505 2
75506 7
75507 6
75508 2
75509 4
75510 2
75511 3
75512 8
75513 11
75514 9
75515 5
75516 8
75517 11
75518 5
75519 6
75520 9
75521 2
75522 0
75523 5
75524 6
75525 7
75526 8
75527 4
75528 9
75529 9
75530 6
75531 6
75532 0
75533 3
75534 7
75535 9
75536 10
75537 0
75538 3
75539 2
75540 9
75541 8
75542 3
75543 8
75544 7
75545 0
75546 6
75547 7
75548 5
75549 9
75550 7
75551 3
75552 2
75553 8
75554 8
75555 1
75556 0
75557 3
75558 4
75559 6
75560 8
75561 9
75562 8
75563 7
75564 9
75565 0
75566 0
75567 11
75568 5
75569 10
75570 8
75571 9
75572 6
75573 3
75574 7
75575 9
75576 4
75577 7
75578 7
75579 8
75580 5
75581 4
75582 9
75583 3
75584 8
75585 1
75586 4
75587 9
75588 9
75589 6
75590 5
75591 7
75592 8
75593 9
75594 9
75595 9
75596 9
75597 10
75598 2
75599 9
75600 8
75601 10
75602 7
75603 3
75604 7
75605 11
75606 8
75607 8
75608 5
75609 7
75610 8
75611 6
75612 7
75613 8
75614 5
75615 5
75616 0
75617 5
75618 8
75619 8
75620 8
75621 5
75622 3
75623 4
75624 9
75625 5
75626 6
75627 9
75628 8
75629 6
75630 5
75631 9
75632 2
75633 9
75634 10
75635 8
75636 8
75637 9
75638 3
75639 8
75640 1
75641 5
75642 8
75643 0
75644 0
75645 10
75646 9
75647 9
75648 2
75649 0
75650 9
75651 9
75652 8
75653 10
75654 6
75655 7
75656 11
75657 3
75658 10
75659 3
75660 6
75661 4
75662 8
75663 8
75664 8
75665 10
75666 9
75667 5
75668 7
75669 1
75670 6
75671 9
75672 0
75673 3
75674 10
75675 7
75676 8
75677 3
75678 2
75679 9
75680 8
75681 3
75682 7
75683 8
75684 3
75685 9
75686 4
75687 8
75688 4
75689 9
75690 9
75691 6
75692 9
75693 4
75694 9
75695 6
75696 10
75697 7
75698 5
75699 10
75700 9
75701 6
75702 9
75703 8
75704 7
75705 8
75706 9
75707 8
75708 10
75709 8
75710 9
75711 10
75712 8
75713 0
75714 8
75715 6
75716 3
75717 4
75718 8
75719 7
75720 4
75721 2
75722 3
75723 9
75724 10
75725 0
75726 10
75727 10
75728 6
75729 7
75730 0
75731 1
75732 8
75733 6
75734 10
75735 9
75736 10
75737 10
75738 5
75739 3
75740 9
75741 5
75742 0
75743 4
75744 8
75745 7
75746 8
75747 9
75748 2
75749 9
75750 0
75751 4
75752 10
75753 7
75754 7
75755 8
75756 9
75757 9
75758 6
75759 9
75760 8
75761 8
75762 9
75763 4
75764 9
75765 1
75766 5
75767 5
75768 4
75769 5
75770 8
75771 10
75772 7
75773 7
75774 3
75775 2
75776 9
75777 6
75778 9
75779 3
75780 10
75781 4
75782 9
75783 2
75784 4
75785 7
75786 6
75787 8
75788 4
75789 9
75790 1
75791 6
75792 5
75793 4
75794 5
75795 6
75796 4
75797 9
75798 8
75799 9
75800 10
75801 7
75802 9
75803 10
75804 10
75805 6
75806 1
75807 4
75808 7
75809 10
75810 9
75811 9
75812 1
75813 8
75814 9
75815 1
75816 6
75817 1
75818 5
75819 10
75820 6
75821 4
75822 7
75823 7
75824 8
75825 0
75826 4
75827 6
75828 8
75829 8
75830 4
75831 6
75832 8
75833 7
75834 0
75835 7
75836 9
75837 8
75838 7
75839 8
75840 8
75841 6
75842 3
75843 8
75844 6
75845 3
75846 6
75847 10
75848 5
75849 7
75850 9
75851 5
75852 8
75853 7
75854 9
75855 7
75856 7
75857 5
75858 8
75859 10
75860 2
75861 7
75862 2
75863 4
75864 4
75865 1
75866 8
75867 3
75868 2
75869 8
75870 9
75871 8
75872 8
75873 2
75874 5
75875 2
75876 7
75877 9
75878 3
75879 9
75880 8
75881 9
75882 1
75883 4
75884 7
75885 4
75886 0
75887 10
75888 5
75889 8
75890 6
75891 10
75892 9
75893 8
75894 8
75895 5
75896 4
75897 7
75898 8
75899 6
75900 3
75901 5
75902 4
75903 6
75904 0
75905 9
75906 9
75907 9
75908 0
75909 6
75910 8
75911 5
75912 7
75913 7
75914 9
75915 7
75916 3
75917 7
75918 8
75919 2
75920 8
75921 10
75922 5
75923 6
75924 10
75925 3
75926 1
75927 7
75928 1
75929 1
75930 2
75931 6
75932 1
75933 1
75934 9
75935 10
75936 7
75937 8
75938 0
75939 8
75940 2
75941 6
75942 8
75943 4
75944 2
75945 8
75946 2
75947 6
75948 7
75949 7
75950 6
75951 9
75952 7
75953 8
75954 8
75955 0
75956 9
75957 10
75958 2
75959 6
75960 9
75961 8
75962 6
75963 6
75964 4
75965 1
75966 7
75967 8
75968 5
75969 0
75970 6
75971 7
75972 6
75973 1
75974 8
75975 4
75976 9
75977 8
75978 10
75979 7
75980 8
75981 7
75982 9
75983 10
75984 7
75985 1
75986 8
75987 4
75988 4
75989 6
75990 8
75991 2
75992 2
75993 4
75994 4
75995 2
75996 5
75997 2
75998 9
75999 11
76000 5
76001 8
76002 8
76003 5
76004 1
76005 8
76006 9
76007 7
76008 8
76009 2
76010 10
76011 4
76012 0
76013 7
76014 9
76015 4
76016 0
76017 5
76018 9
76019 6
76020 5
76021 10
76022 6
76023 3
76024 10
76025 9
76026 5
76027 1
76028 1
76029 9
76030 8
76031 4
76032 5
76033 6
76034 7
76035 6
76036 5
76037 10
76038 3
76039 9
76040 7
76041 2
76042 4
76043 6
76044 3
76045 9
76046 9
76047 1
76048 8
76049 5
76050 8
76051 7
76052 5
76053 1
76054 4
76055 1
76056 7
76057 3
76058 10
76059 7
76060 7
76061 9
76062 8
76063 2
76064 4
76065 5
76066 7
76067 6
76068 5
76069 9
76070 8
76071 5
76072 8
76073 7
76074 5
76075 4
76076 9
76077 5
76078 9
76079 2
76080 9
76081 10
76082 4
76083 10
76084 8
76085 6
76086 9
76087 9
76088 0
76089 3
76090 7
76091 1
76092 4
76093 9
76094 2
76095 9
76096 10
76097 0
76098 4
76099 7
76100 9
76101 5
76102 10
76103 9
76104 3
76105 1
76106 3
76107 1
76108 9
76109 3
76110 10
76111 8
76112 7
76113 7
76114 0
76115 8
76116 6
76117 3
76118 8
76119 5
76120 1
76121 6
76122 8
76123 10
76124 8
76125 9
76126 3
76127 9
76128 9
76129 8
76130 3
76131 7
76132 2
76133 10
76134 10
76135 4
76136 3
76137 10
76138 5
76139 10
76140 6
76141 10
76142 10
76143 8
76144 8
76145 5
76146 10
76147 3
76148 3
76149 7
76150 9
76151 0
76152 9
76153 9
76154 9
76155 7
76156 7
76157 10
76158 2
76159 5
76160 6
76161 0
76162 10
76163 0
76164 5
76165 1
76166 10
76167 7
76168 9
76169 7
76170 7
76171 5
76172 8
76173 3
76174 9
76175 5
76176 5
76177 7
76178 1
76179 5
76180 6
76181 9
76182 9
76183 4
76184 8
76185 8
76186 7
76187 6
76188 2
76189 8
76190 9
76191 2
76192 10
76193 7
76194 1
76195 0
76196 3
76197 5
76198 8
76199 0
76200 9
76201 5
76202 7
76203 7
76204 9
76205 5
76206 7
76207 8
76208 7
76209 2
76210 6
76211 8
76212 9
76213 6
76214 2
76215 5
76216 4
76217 8
76218 8
76219 2
76220 6
76221 8
76222 9
76223 8
76224 6
76225 6
76226 6
76227 8
76228 9
76229 2
76230 1
76231 8
76232 5
76233 8
76234 0
76235 8
76236 4
76237 1
76238 3
76239 8
76240 8
76241 7
76242 9
76243 5
76244 6
76245 11
76246 8
76247 8
76248 9
76249 8
76250 4
76251 0
76252 1
76253 2
76254 8
76255 5
76256 5
76257 7
76258 7
76259 5
76260 6
76261 8
76262 7
76263 7
76264 9
76265 6
76266 4
76267 7
76268 5
76269 8
76270 5
76271 8
76272 2
76273 6
76274 9
76275 0
76276 6
76277 6
76278 7
76279 9
76280 10
76281 3
76282 2
76283 10
76284 5
76285 4
76286 9
76287 0
76288 0
76289 3
76290 10
76291 1
76292 5
76293 0
76294 8
76295 8
76296 8
76297 5
76298 8
76299 7
76300 6
76301 10
76302 9
76303 9
76304 7
76305 7
76306 7
76307 5
76308 3
76309 5
76310 0
76311 8
76312 5
76313 5
76314 9
76315 6
76316 6
76317 7
76318 5
76319 9
76320 1
76321 5
76322 7
76323 10
76324 5
76325 7
76326 0
76327 8
76328 8
76329 4
76330 8
76331 7
76332 5
76333 10
76334 9
76335 4
76336 4
76337 9
76338 7
76339 7
76340 6
76341 8
76342 1
76343 8
76344 8
76345 3
76346 5
76347 0
76348 8
76349 7
76350 6
76351 7
76352 7
76353 9
76354 9
76355 0
76356 9
76357 6
76358 10
76359 10
76360 8
76361 3
76362 6
76363 8
76364 7
76365 4
76366 5
76367 3
76368 9
76369 3
76370 8
76371 5
76372 7
76373 9
76374 6
76375 10
76376 4
76377 1
76378 9
76379 7
76380 9
76381 6
76382 8
76383 10
76384 9
76385 8
76386 8
76387 4
76388 8
76389 7
76390 7
76391 5
76392 3
76393 10
76394 9
76395 1
76396 9
76397 8
76398 0
76399 4
76400 8
76401 1
76402 2
76403 8
76404 8
76405 7
76406 7
76407 5
76408 10
76409 9
76410 6
76411 3
76412 5
76413 7
76414 8
76415 6
76416 3
76417 9
76418 4
76419 7
76420 8
76421 1
76422 8
76423 10
76424 6
76425 7
76426 4
76427 8
76428 8
76429 7
76430 0
76431 3
76432 10
76433 8
76434 9
76435 6
76436 9
76437 4
76438 9
76439 0
76440 8
76441 10
76442 5
76443 4
76444 5
76445 6
76446 7
76447 4
76448 6
76449 7
76450 9
76451 11
76452 5
76453 6
76454 9
76455 8
76456 5
76457 8
76458 7
76459 5
76460 8
76461 7
76462 7
76463 8
76464 6
76465 0
76466 10
76467 10
76468 1
76469 7
76470 8
76471 5
76472 9
76473 8
76474 10
76475 2
76476 9
76477 9
76478 8
76479 7
76480 6
76481 8
76482 10
76483 7
76484 6
76485 10
76486 7
76487 4
76488 1
76489 0
76490 9
76491 7
76492 6
76493 6
76494 3
76495 6
76496 8
76497 10
76498 5
76499 9
76500 8
76501 6
76502 8
76503 8
76504 2
76505 7
76506 10
76507 4
76508 7
76509 10
76510 6
76511 6
76512 10
76513 9
76514 10
76515 0
76516 4
76517 6
76518 7
76519 10
76520 3
76521 5
76522 8
76523 6
76524 9
76525 8
76526 6
76527 8
76528 5
76529 10
76530 10
76531 3
76532 2
76533 7
76534 8
76535 4
76536 8
76537 10
76538 6
76539 7
76540 9
76541 8
76542 8
76543 9
76544 9
76545 0
76546 9
76547 5
76548 6
76549 7
76550 5
76551 10
76552 0
76553 10
76554 3
76555 11
76556 4
76557 9
76558 10
76559 7
76560 9
76561 8
76562 10
76563 3
76564 4
76565 8
76566 8
76567 6
76568 8
76569 5
76570 7
76571 10
76572 7
76573 7
76574 5
76575 9
76576 5
76577 8
76578 9
76579 8
76580 1
76581 6
76582 0
76583 6
76584 8
76585 9
76586 0
76587 8
76588 11
76589 2
76590 5
76591 7
76592 10
76593 9
76594 9
76595 7
76596 8
76597 8
76598 3
76599 9
76600 0
76601 7
76602 5
76603 6
76604 8
76605 6
76606 4
76607 7
76608 3
76609 9
76610 3
76611 2
76612 9
76613 5
76614 9
76615 9
76616 4
76617 10
76618 6
76619 4
76620 9
76621 10
76622 8
76623 6
76624 9
76625 5
76626 10
76627 6
76628 8
76629 6
76630 7
76631 8
76632 8
76633 9
76634 8
76635 6
76636 9
76637 2
76638 7
76639 8
76640 2
76641 6
76642 9
76643 8
76644 6
76645 1
76646 7
76647 8
76648 9
76649 9
76650 3
76651 9
76652 9
76653 9
76654 10
76655 3
76656 7
76657 10
76658 10
76659 2
76660 8
76661 3
76662 4
76663 9
76664 7
76665 8
76666 7
76667 7
76668 7
76669 8
76670 8
76671 10
76672 2
76673 7
76674 7
76675 8
76676 5
76677 9
76678 2
76679 3
76680 8
76681 7
76682 3
76683 8
76684 6
76685 3
76686 10
76687 10
76688 3
76689 6
76690 4
76691 5
76692 6
76693 10
76694 6
76695 3
76696 10
76697 9
76698 10
76699 8
76700 7
76701 8
76702 10
76703 9
76704 8
76705 8
76706 2
76707 8
76708 10
76709 9
76710 6
76711 9
76712 1
76713 3
76714 8
76715 7
76716 1
76717 8
76718 1
76719 3
76720 7
76721 4
76722 8
76723 8
76724 7
76725 0
76726 7
76727 8
76728 9
76729 0
76730 2
76731 1
76732 1
76733 0
76734 7
76735 5
76736 2
76737 7
76738 5
76739 8
76740 9
76741 4
76742 10
76743 6
76744 7
76745 7
76746 3
76747 7
76748 6
76749 8
76750 8
76751 8
76752 8
76753 3
76754 7
76755 6
76756 8
76757 7
76758 0
76759 11
76760 10
76761 5
76762 3
76763 9
76764 8
76765 6
76766 2
76767 0
76768 9
76769 9
76770 7
76771 4
76772 5
76773 5
76774 10
76775 8
76776 5
76777 9
76778 11
76779 2
76780 9
76781 7
76782 3
76783 1
76784 10
76785 4
76786 10
76787 3
76788 8
76789 9
76790 10
76791 6
76792 8
76793 6
76794 10
76795 8
76796 10
76797 8
76798 4
76799 4
76800 4
76801 4
76802 5
76803 8
76804 10
76805 1
76806 4
76807 3
76808 10
76809 0
76810 2
76811 7
76812 10
76813 8
76814 9
76815 6
76816 6
76817 7
76818 9
76819 7
76820 1
76821 9
76822 9
76823 0
76824 4
76825 2
76826 10
76827 5
76828 7
76829 8
76830 6
76831 2
76832 3
76833 8
76834 1
76835 5
76836 4
76837 9
76838 7
76839 2
76840 2
76841 7
76842 1
76843 10
76844 3
76845 8
76846 9
76847 9
76848 10
76849 4
76850 7
76851 8
76852 4
76853 0
76854 6
76855 10
76856 6
76857 5
76858 4
76859 6
76860 5
76861 7
76862 1
76863 7
76864 9
76865 5
76866 8
76867 9
76868 4
76869 6
76870 10
76871 0
76872 1
76873 3
76874 3
76875 7
76876 8
76877 4
76878 6
76879 3
76880 5
76881 5
76882 8
76883 9
76884 9
76885 4
76886 1
76887 6
76888 9
76889 1
76890 3
76891 8
76892 1
76893 9
76894 10
76895 8
76896 7
76897 5
76898 7
76899 6
76900 0
76901 1
76902 7
76903 5
76904 9
76905 8
76906 2
76907 1
76908 10
76909 8
76910 10
76911 5
76912 6
76913 8
76914 8
76915 9
76916 10
76917 8
76918 7
76919 6
76920 8
76921 10
76922 4
76923 3
76924 6
76925 10
76926 4
76927 3
76928 7
76929 9
76930 8
76931 9
76932 2
76933 3
76934 10
76935 8
76936 5
76937 2
76938 8
76939 9
76940 0
76941 4
76942 6
76943 6
76944 1
76945 3
76946 10
76947 9
76948 0
76949 10
76950 7
76951 7
76952 8
76953 7
76954 9
76955 6
76956 8
76957 10
76958 8
76959 0
76960 2
76961 11
76962 7
76963 4
76964 8
76965 9
76966 3
76967 8
76968 1
76969 9
76970 9
76971 9
76972 4
76973 7
76974 9
76975 3
76976 10
76977 3
76978 2
76979 6
76980 7
76981 6
76982 4
76983 9
76984 3
76985 4
76986 7
76987 6
76988 4
76989 3
76990 9
76991 9
76992 4
76993 2
76994 5
76995 2
76996 8
76997 9
76998 10
76999 4
77000 8
77001 8
77002 11
77003 10
77004 8
77005 9
77006 7
77007 5
77008 9
77009 0
77010 5
77011 4
77012 6
77013 7
77014 8
77015 6
77016 7
77017 1
77018 8
77019 9
77020 8
77021 9
77022 2
77023 7
77024 0
77025 7
77026 8
77027 10
77028 9
77029 2
77030 0
77031 4
77032 6
77033 1
77034 9
77035 7
77036 7
77037 9
77038 7
77039 5
77040 7
77041 4
77042 3
77043 7
77044 6
77045 7
77046 7
77047 10
77048 11
77049 1
77050 1
77051 3
77052 6
77053 7
77054 6
77055 5
77056 4
77057 8
77058 8
77059 7
77060 7
77061 9
77062 8
77063 9
77064 9
77065 7
77066 6
77067 4
77068 9
77069 8
77070 10
77071 5
77072 2
77073 9
77074 4
77075 8
77076 9
77077 6
77078 8
77079 5
77080 10
77081 2
77082 9
77083 4
77084 7
77085 9
77086 4
77087 6
77088 5
77089 7
77090 10
77091 10
77092 10
77093 2
77094 8
77095 10
77096 1
77097 10
77098 1
77099 0
77100 9
77101 9
77102 10
77103 0
77104 7
77105 7
77106 3
77107 3
77108 4
77109 8
77110 0
77111 1
77112 6
77113 7
77114 10
77115 5
77116 0
77117 3
77118 5
77119 3
77120 8
77121 7
77122 10
77123 4
77124 5
77125 9
77126 7
77127 3
77128 1
77129 4
77130 2
77131 1
77132 4
77133 8
77134 8
77135 7
77136 7
77137 6
77138 6
77139 4
77140 5
77141 8
77142 10
77143 8
77144 9
77145 10
77146 6
77147 9
77148 7
77149 8
77150 6
77151 10
77152 7
77153 9
77154 9
77155 8
77156 6
77157 7
77158 7
77159 7
77160 5
77161 6
77162 8
77163 7
77164 5
77165 7
77166 4
77167 1
77168 8
77169 9
77170 9
77171 3
77172 9
77173 10
77174 5
77175 9
77176 10
77177 5
77178 4
77179 0
77180 7
77181 2
77182 5
77183 5
77184 5
77185 10
77186 6
77187 8
77188 8
77189 4
77190 10
77191 1
77192 6
77193 2
77194 3
77195 8
77196 0
77197 10
77198 4
77199 4
77200 7
77201 7
77202 1
77203 7
77204 0
77205 6
77206 6
77207 7
77208 9
77209 10
77210 8
77211 9
77212 4
77213 4
77214 2
77215 8
77216 9
77217 10
77218 4
77219 7
77220 4
77221 8
77222 8
77223 10
77224 8
77225 5
77226 8
77227 7
77228 9
77229 2
77230 7
77231 10
77232 6
77233 8
77234 8
77235 2
77236 0
77237 7
77238 8
77239 6
77240 6
77241 5
77242 9
77243 4
77244 2
77245 5
77246 8
77247 8
77248 3
77249 7
77250 2
77251 5
77252 7
77253 5
77254 5
77255 10
77256 1
77257 1
77258 2
77259 5
77260 0
77261 6
77262 10
77263 8
77264 8
77265 5
77266 10
77267 3
77268 6
77269 6
77270 5
77271 3
77272 9
77273 10
77274 0
77275 3
77276 5
77277 5
77278 9
77279 11
77280 2
77281 5
77282 10
77283 10
77284 9
77285 10
77286 5
77287 8
77288 2
77289 4
77290 0
77291 7
77292 5
77293 9
77294 9
77295 9
77296 1
77297 4
77298 6
77299 7
77300 4
77301 10
77302 5
77303 2
77304 2
77305 8
77306 8
77307 1
77308 9
77309 9
77310 4
77311 2
77312 6
77313 4
77314 8
77315 5
77316 7
77317 6
77318 4
77319 9
77320 1
77321 5
77322 1
77323 9
77324 6
77325 4
77326 8
77327 11
77328 9
77329 9
77330 8
77331 6
77332 5
77333 3
77334 4
77335 8
77336 7
77337 10
77338 7
77339 7
77340 5
77341 2
77342 7
77343 6
77344 5
77345 0
77346 9
77347 9
77348 5
77349 9
77350 8
77351 0
77352 7
77353 5
77354 6
77355 9
77356 9
77357 7
77358 2
77359 9
77360 6
77361 9
77362 8
77363 8
77364 4
77365 10
77366 5
77367 4
77368 7
77369 6
77370 8
77371 9
77372 4
77373 10
77374 7
77375 1
77376 8
77377 5
77378 5
77379 6
77380 10
77381 5
77382 10
77383 11
77384 9
77385 4
77386 3
77387 9
77388 7
77389 0
77390 4
77391 8
77392 4
77393 5
77394 5
77395 1
77396 6
77397 7
77398 9
77399 9
77400 9
77401 5
77402 9
77403 6
77404 9
77405 10
77406 3
77407 5
77408 9
77409 5
77410 7
77411 7
77412 8
77413 3
77414 8
77415 9
77416 7
77417 4
77418 7
77419 8
77420 9
77421 7
77422 9
77423 5
77424 9
77425 7
77426 9
77427 9
77428 5
77429 4
77430 10
77431 2
77432 1
77433 8
77434 4
77435 9
77436 0
77437 5
77438 4
77439 7
77440 6
77441 8
77442 7
77443 9
77444 7
77445 5
77446 9
77447 7
77448 4
77449 3
77450 6
77451 8
77452 0
77453 6
77454 9
77455 9
77456 3
77457 3
77458 8
77459 6
77460 8
77461 9
77462 6
77463 6
77464 9
77465 10
77466 5
77467 5
77468 0
77469 7
77470 7
77471 9
77472 9
77473 8
77474 3
77475 3
77476 10
77477 8
77478 5
77479 6
77480 8
77481 4
77482 11
77483 9
77484 6
77485 6
77486 9
77487 8
77488 6
77489 8
77490 10
77491 1
77492 7
77493 8
77494 8
77495 1
77496 6
77497 7
77498 10
77499 5
77500 6
77501 4
77502 9
77503 1
77504 9
77505 1
77506 6
77507 7
77508 7
77509 1
77510 5
77511 8
77512 8
77513 7
77514 1
77515 10
77516 10
77517 8
77518 7
77519 2
77520 4
77521 7
77522 7
77523 8
77524 10
77525 7
77526 2
77527 8
77528 11
77529 6
77530 4
77531 8
77532 7
77533 7
77534 3
77535 2
77536 6
77537 0
77538 8
77539 8
77540 2
77541 8
77542 1
77543 9
77544 11
77545 8
77546 6
77547 0
77548 9
77549 10
77550 6
77551 5
77552 6
77553 9
77554 7
77555 10
77556 8
77557 3
77558 2
77559 10
77560 5
77561 7
77562 6
77563 7
77564 10
77565 0
77566 9
77567 5
77568 4
77569 7
77570 4
77571 9
77572 4
77573 6
77574 9
77575 8
77576 10
77577 7
77578 3
77579 8
77580 5
77581 2
77582 10
77583 6
77584 7
77585 3
77586 9
77587 6
77588 6
77589 4
77590 8
77591 2
77592 8
77593 6
77594 10
77595 0
77596 5
77597 4
77598 10
77599 8
77600 8
77601 9
77602 1
77603 5
77604 6
77605 9
77606 5
77607 4
77608 3
77609 8
77610 2
77611 8
77612 7
77613 9
77614 5
77615 6
77616 8
77617 8
77618 0
77619 10
77620 10
77621 7
77622 7
77623 10
77624 8
77625 8
77626 8
77627 10
77628 2
77629 8
77630 8
77631 5
77632 5
77633 9
77634 9
77635 0
77636 3
77637 2
77638 5
77639 7
77640 1
77641 7
77642 5
77643 7
77644 4
77645 5
77646 7
77647 9
77648 9
77649 4
77650 3
77651 1
77652 4
77653 9
77654 10
77655 8
77656 1
77657 5
77658 5
77659 7
77660 11
77661 6
77662 4
77663 7
77664 8
77665 10
77666 10
77667 9
77668 11
77669 9
77670 8
77671 5
77672 8
77673 8
77674 6
77675 9
77676 3
77677 5
77678 1
77679 2
77680 10
77681 9
77682 6
77683 7
77684 9
77685 4
77686 6
77687 10
77688 7
77689 3
77690 9
77691 4
77692 5
77693 5
77694 7
77695 2
77696 9
77697 9
77698 10
77699 4
77700 0
77701 0
77702 3
77703 6
77704 8
77705 9
77706 9
77707 5
77708 7
77709 2
77710 2
77711 8
77712 8
77713 4
77714 7
77715 5
77716 10
77717 7
77718 7
77719 2
77720 7
77721 6
77722 10
77723 4
77724 5
77725 9
77726 0
77727 8
77728 6
77729 6
77730 11
77731 4
77732 2
77733 8
77734 9
77735 9
77736 9
77737 1
77738 10
77739 8
77740 9
77741 2
77742 9
77743 3
77744 9
77745 3
77746 9
77747 1
77748 8
77749 9
77750 9
77751 4
77752 0
77753 10
77754 10
77755 3
77756 2
77757 6
77758 10
77759 9
77760 3
77761 7
77762 7
77763 4
77764 9
77765 5
77766 9
77767 9
77768 8
77769 3
77770 9
77771 10
77772 8
77773 3
77774 9
77775 7
77776 1
77777 2
77778 3
77779 6
77780 0
77781 8
77782 9
77783 9
77784 10
77785 0
77786 8
77787 9
77788 10
77789 9
77790 1
77791 6
77792 7
77793 8
77794 7
77795 9
77796 1
77797 7
77798 8
77799 7
77800 9
77801 4
77802 9
77803 8
77804 6
77805 0
77806 5
77807 4
77808 6
77809 4
77810 7
77811 7
77812 6
77813 8
77814 8
77815 7
77816 3
77817 10
77818 9
77819 10
77820 8
77821 8
77822 5
77823 10
77824 5
77825 4
77826 8
77827 2
77828 4
77829 4
77830 8
77831 0
77832 3
77833 8
77834 5
77835 9
77836 7
77837 6
77838 9
77839 11
77840 10
77841 11
77842 7
77843 3
77844 6
77845 1
77846 4
77847 8
77848 9
77849 1
77850 6
77851 1
77852 3
77853 6
77854 1
77855 5
77856 5
77857 6
77858 6
77859 9
77860 6
77861 5
77862 1
77863 8
77864 1
77865 6
77866 10
77867 5
77868 3
77869 5
77870 8
77871 7
77872 6
77873 9
77874 7
77875 8
77876 9
77877 8
77878 7
77879 7
77880 9
77881 5
77882 4
77883 8
77884 3
77885 7
77886 8
77887 1
77888 7
77889 9
77890 7
77891 8
77892 5
77893 0
77894 8
77895 10
77896 8
77897 8
77898 4
77899 11
77900 6
77901 11
77902 2
77903 0
77904 7
77905 8
77906 9
77907 7
77908 8
77909 5
77910 7
77911 8
77912 10
77913 5
77914 6
77915 8
77916 1
77917 7
77918 9
77919 8
77920 10
77921 3
77922 9
77923 3
77924 4
77925 10
77926 3
77927 0
77928 9
77929 9
77930 7
77931 6
77932 5
77933 5
77934 10
77935 6
77936 8
77937 8
77938 9
77939 0
77940 9
77941 1
77942 6
77943 6
77944 10
77945 4
77946 0
77947 7
77948 5
77949 1
77950 10
77951 9
77952 3
77953 1
77954 10
77955 10
77956 4
77957 6
77958 7
77959 9
77960 4
77961 8
77962 3
77963 3
77964 8
77965 8
77966 9
77967 1
77968 6
77969 4
77970 6
77971 6
77972 9
77973 2
77974 10
77975 3
77976 4
77977 5
77978 10
77979 8
77980 10
77981 3
77982 8
77983 8
77984 9
77985 1
77986 4
77987 6
77988 1
77989 7
77990 9
77991 4
77992 4
77993 6
77994 8
77995 2
77996 4
77997 2
77998 1
77999 10
78000 4
78001 3
78002 8
78003 9
78004 8
78005 0
78006 8
78007 8
78008 11
78009 10
78010 8
78011 8
78012 4
78013 11
78014 11
78015 9
78016 10
78017 8
78018 10
78019 6
78020 6
78021 8
78022 9
78023 3
78024 8
78025 4
78026 10
78027 4
78028 2
78029 2
78030 9
78031 7
78032 3
78033 10
78034 10
78035 6
78036 8
78037 10
78038 10
78039 9
78040 9
78041 2
78042 3
78043 3
78044 8
78045 4
78046 0
78047 7
78048 4
78049 4
78050 9
78051 9
78052 7
78053 5
78054 8
78055 6
78056 2
78057 4
78058 5
78059 6
78060 2
78061 9
78062 2
78063 4
78064 3
78065 4
78066 4
78067 9
78068 8
78069 10
78070 8
78071 8
78072 5
78073 9
78074 9
78075 9
78076 6
78077 10
78078 10
78079 6
78080 11
78081 8
78082 9
78083 10
78084 8
78085 3
78086 10
78087 7
78088 3
78089 3
78090 7
78091 8
78092 5
78093 8
78094 8
78095 9
78096 6
78097 9
78098 9
78099 10
78100 10
78101 9
78102 9
78103 8
78104 8
78105 10
78106 7
78107 7
78108 3
78109 8
78110 0
78111 8
78112 8
78113 10
78114 4
78115 3
78116 4
78117 0
78118 5
78119 1
78120 2
78121 4
78122 9
78123 6
78124 5
78125 7
78126 6
78127 6
78128 4
78129 9
78130 4
78131 6
78132 3
78133 7
78134 6
78135 1
78136 5
78137 9
78138 5
78139 9
78140 8
78141 9
78142 8
78143 3
78144 11
78145 0
78146 1
78147 5
78148 4
78149 7
78150 0
78151 10
78152 7
78153 5
78154 6
78155 5
78156 6
78157 7
78158 3
78159 7
78160 4
78161 10
78162 9
78163 8
78164 7
78165 5
78166 8
78167 5
78168 9
78169 6
78170 5
78171 9
78172 1
78173 7
78174 7
78175 10
78176 8
78177 6
78178 7
78179 7
78180 3
78181 3
78182 3
78183 8
78184 0
78185 6
78186 6
78187 5
78188 6
78189 6
78190 7
78191 5
78192 5
78193 1
78194 0
78195 6
78196 8
78197 1
78198 4
78199 5
78200 8
78201 6
78202 8
78203 7
78204 9
78205 4
78206 3
78207 1
78208 3
78209 5
78210 4
78211 7
78212 0
78213 10
78214 10
78215 5
78216 9
78217 10
78218 10
78219 10
78220 8
78221 5
78222 7
78223 4
78224 7
78225 2
78226 7
78227 5
78228 9
78229 8
78230 7
78231 3
78232 3
78233 10
78234 3
78235 8
78236 2
78237 6
78238 3
78239 0
78240 7
78241 2
78242 4
78243 1
78244 8
78245 1
78246 10
78247 1
78248 7
78249 6
78250 10
78251 9
78252 9
78253 5
78254 2
78255 8
78256 9
78257 9
78258 7
78259 7
78260 9
78261 8
78262 6
78263 3
78264 11
78265 1
78266 7
78267 11
78268 8
78269 10
78270 8
78271 2
78272 8
78273 8
78274 5
78275 8
78276 6
78277 2
78278 9
78279 8
78280 5
78281 6
78282 8
78283 6
78284 5
78285 3
78286 6
78287 9
78288 3
78289 8
78290 2
78291 7
78292 9
78293 9
78294 9
78295 10
78296 9
78297 8
78298 9
78299 4
78300 10
78301 4
78302 4
78303 0
78304 1
78305 8
78306 1
78307 3
78308 11
78309 9
78310 4
78311 8
78312 4
78313 9
78314 4
78315 10
78316 9
78317 0
78318 8
78319 8
78320 8
78321 8
78322 3
78323 9
78324 5
78325 3
78326 8
78327 7
78328 2
78329 1
78330 8
78331 4
78332 1
78333 3
78334 8
78335 9
78336 9
78337 5
78338 8
78339 2
78340 7
78341 9
78342 7
78343 5
78344 8
78345 9
78346 10
78347 5
78348 7
78349 6
78350 7
78351 6
78352 0
78353 5
78354 5
78355 7
78356 6
78357 4
78358 8
78359 2
78360 6
78361 4
78362 6
78363 7
78364 5
78365 8
78366 7
78367 9
78368 6
78369 8
78370 7
78371 8
78372 9
78373 7
78374 3
78375 1
78376 8
78377 8
78378 3
78379 10
78380 9
78381 10
78382 0
78383 7
78384 1
78385 7
78386 8
78387 8
78388 10
78389 2
78390 10
78391 7
78392 9
78393 4
78394 8
78395 9
78396 1
78397 1
78398 7
78399 8
78400 2
78401 9
78402 6
78403 9
78404 7
78405 7
78406 6
78407 6
78408 7
78409 8
78410 9
78411 10
78412 5
78413 7
78414 11
78415 8
78416 9
78417 10
78418 6
78419 9
78420 8
78421 5
78422 10
78423 10
78424 10
78425 9
78426 8
78427 6
78428 1
78429 1
78430 6
78431 8
78432 4
78433 2
78434 5
78435 9
78436 6
78437 8
78438 9
78439 7
78440 10
78441 3
78442 7
78443 7
78444 4
78445 7
78446 7
78447 5
78448 10
78449 6
78450 10
78451 7
78452 8
78453 1
78454 9
78455 5
78456 7
78457 5
78458 9
78459 4
78460 9
78461 5
78462 0
78463 7
78464 8
78465 8
78466 7
78467 6
78468 8
78469 4
78470 7
78471 1
78472 8
78473 8
78474 1
78475 3
78476 8
78477 6
78478 7
78479 10
78480 9
78481 0
78482 7
78483 7
78484 10
78485 9
78486 9
78487 2
78488 7
78489 10
78490 10
78491 6
78492 10
78493 6
78494 1
78495 7
78496 6
78497 5
78498 1
78499 6
78500 1
78501 6
78502 5
78503 11
78504 0
78505 8
78506 10
78507 10
78508 3
78509 10
78510 9
78511 6
78512 9
78513 5
78514 8
78515 9
78516 3
78517 5
78518 7
78519 9
78520 1
78521 6
78522 11
78523 7
78524 9
78525 8
78526 6
78527 8
78528 3
78529 10
78530 6
78531 9
78532 5
78533 10
78534 1
78535 4
78536 8
78537 2
78538 8
78539 9
78540 7
78541 5
78542 10
78543 8
78544 4
78545 4
78546 4
78547 6
78548 2
78549 10
78550 7
78551 7
78552 4
78553 7
78554 8
78555 6
78556 3
78557 11
78558 3
78559 9
78560 4
78561 1
78562 9
78563 0
78564 10
78565 7
78566 10
78567 10
78568 7
78569 5
78570 7
78571 0
78572 8
78573 9
78574 10
78575 8
78576 6
78577 8
78578 2
78579 9
78580 5
78581 2
78582 9
78583 8
78584 4
78585 9
78586 10
78587 9
78588 4
78589 10
78590 10
78591 5
78592 8
78593 8
78594 2
78595 10
78596 3
78597 4
78598 9
78599 7
78600 1
78601 9
78602 7
78603 3
78604 2
78605 0
78606 10
78607 0
78608 10
78609 3
78610 3
78611 4
78612 5
78613 8
78614 7
78615 7
78616 10
78617 10
78618 6
78619 9
78620 5
78621 9
78622 9
78623 0
78624 10
78625 4
78626 8
78627 1
78628 3
78629 7
78630 9
78631 10
78632 10
78633 4
78634 6
78635 3
78636 6
78637 8
78638 9
78639 9
78640 2
78641 10
78642 8
78643 6
78644 8
78645 10
78646 8
78647 9
78648 9
78649 10
78650 7
78651 0
78652 3
78653 6
78654 10
78655 11
78656 9
78657 9
78658 9
78659 8
78660 5
78661 8
78662 9
78663 9
78664 8
78665 7
78666 9
78667 6
78668 7
78669 8
78670 11
78671 9
78672 6
78673 2
78674 8
78675 4
78676 9
78677 8
78678 10
78679 8
78680 0
78681 9
78682 8
78683 7
78684 7
78685 4
78686 9
78687 10
78688 8
78689 8
78690 0
78691 6
78692 3
78693 4
78694 1
78695 0
78696 4
78697 5
78698 0
78699 9
78700 8
78701 6
78702 8
78703 6
78704 9
78705 8
78706 6
78707 7
78708 3
78709 8
78710 4
78711 8
78712 8
78713 1
78714 10
78715 8
78716 9
78717 0
78718 9
78719 9
78720 7
78721 8
78722 10
78723 6
78724 6
78725 7
78726 5
78727 5
78728 2
78729 6
78730 10
78731 9
78732 9
78733 7
78734 8
78735 7
78736 7
78737 8
78738 10
78739 3
78740 3
78741 6
78742 6
78743 9
78744 1
78745 0
78746 3
78747 3
78748 1
78749 4
78750 10
78751 3
78752 9
78753 8
78754 10
78755 7
78756 6
78757 2
78758 8
78759 5
78760 5
78761 11
78762 9
78763 2
78764 4
78765 8
78766 3
78767 8
78768 5
78769 10
78770 8
78771 4
78772 6
78773 7
78774 10
78775 4
78776 6
78777 4
78778 8
78779 6
78780 6
78781 7
78782 5
78783 7
78784 10
78785 6
78786 9
78787 1
78788 7
78789 4
78790 9
78791 9
78792 9
78793 3
78794 8
78795 8
78796 5
78797 10
78798 1
78799 6
78800 10
78801 3
78802 10
78803 5
78804 2
78805 5
78806 1
78807 6
78808 8
78809 0
78810 1
78811 9
78812 8
78813 2
78814 7
78815 6
78816 7
78817 0
78818 10
78819 8
78820 9
78821 0
78822 8
78823 0
78824 10
78825 2
78826 4
78827 10
78828 1
78829 5
78830 7
78831 8
78832 10
78833 6
78834 4
78835 8
78836 6
78837 1
78838 2
78839 7
78840 7
78841 8
78842 5
78843 6
78844 2
78845 3
78846 9
78847 4
78848 3
78849 9
78850 4
78851 6
78852 10
78853 6
78854 10
78855 9
78856 10
78857 8
78858 4
78859 9
78860 6
78861 5
78862 6
78863 11
78864 9
78865 2
78866 8
78867 6
78868 4
78869 5
78870 3
78871 8
78872 8
78873 8
78874 6
78875 4
78876 4
78877 8
78878 9
78879 5
78880 0
78881 2
78882 10
78883 3
78884 10
78885 7
78886 6
78887 8
78888 11
78889 6
78890 8
78891 3
78892 2
78893 2
78894 5
78895 3
78896 2
78897 8
78898 5
78899 7
78900 8
78901 9
78902 11
78903 7
78904 6
78905 1
78906 8
78907 8
78908 1
78909 7
78910 2
78911 5
78912 10
78913 8
78914 5
78915 3
78916 8
78917 9
78918 3
78919 7
78920 8
78921 7
78922 5
78923 9
78924 1
78925 3
78926 1
78927 7
78928 7
78929 3
78930 4
78931 8
78932 7
78933 7
78934 10
78935 9
78936 8
78937 10
78938 9
78939 0
78940 4
78941 5
78942 6
78943 8
78944 11
78945 4
78946 6
78947 8
78948 9
78949 8
78950 2
78951 8
78952 8
78953 0
78954 10
78955 10
78956 7
78957 7
78958 5
78959 8
78960 7
78961 9
78962 1
78963 7
78964 2
78965 0
78966 2
78967 0
78968 6
78969 5
78970 9
78971 8
78972 10
78973 5
78974 5
78975 7
78976 0
78977 7
78978 2
78979 4
78980 6
78981 10
78982 1
78983 7
78984 11
78985 8
78986 1
78987 10
78988 7
78989 7
78990 1
78991 7
78992 6
78993 6
78994 9
78995 2
78996 9
78997 7
78998 9
78999 8
79000 9
79001 6
79002 2
79003 1
79004 8
79005 3
79006 9
79007 4
79008 5
79009 2
79010 8
79011 2
79012 10
79013 6
79014 9
79015 9
79016 5
79017 2
79018 8
79019 2
79020 3
79021 7
79022 10
79023 4
79024 9
79025 9
79026 2
79027 8
79028 8
79029 4
79030 9
79031 1
79032 1
79033 4
79034 3
79035 4
79036 9
79037 11
79038 10
79039 9
79040 1
79041 6
79042 2
79043 6
79044 6
79045 8
79046 0
79047 9
79048 9
79049 8
79050 9
79051 6
79052 8
79053 6
79054 6
79055 6
79056 8
79057 9
79058 3
79059 8
79060 9
79061 8
79062 1
79063 6
79064 10
79065 8
79066 1
79067 8
79068 0
79069 9
79070 5
79071 11
79072 10
79073 8
79074 6
79075 8
79076 6
79077 9
79078 10
79079 0
79080 9
79081 7
79082 8
79083 4
79084 9
79085 10
79086 5
79087 5
79088 10
79089 8
79090 1
79091 10
79092 10
79093 9
79094 5
79095 7
79096 1
79097 9
79098 9
79099 5
79100 10
79101 1
79102 9
79103 9
79104 5
79105 6
79106 6
79107 8
79108 6
79109 0
79110 9
79111 3
79112 8
79113 5
79114 2
79115 10
79116 2
79117 2
79118 1
79119 8
79120 8
79121 8
79122 10
79123 5
79124 7
79125 11
79126 8
79127 4
79128 4
79129 10
79130 0
79131 7
79132 7
79133 8
79134 5
79135 4
79136 3
79137 7
79138 8
79139 7
79140 3
79141 6
79142 2
79143 9
79144 2
79145 8
79146 8
79147 7
79148 10
79149 10
79150 9
79151 3
79152 7
79153 9
79154 3
79155 1
79156 5
79157 7
79158 5
79159 10
79160 10
79161 9
79162 2
79163 10
79164 7
79165 4
79166 2
79167 4
79168 1
79169 4
79170 4
79171 2
79172 7
79173 6
79174 5
79175 9
79176 11
79177 7
79178 9
79179 7
79180 8
79181 7
79182 4
79183 8
79184 3
79185 10
79186 1
79187 8
79188 7
79189 8
79190 6
79191 11
79192 8
79193 7
79194 5
79195 2
79196 8
79197 9
79198 4
79199 1
79200 1
79201 5
79202 7
79203 10
79204 4
79205 2
79206 8
79207 8
79208 7
79209 4
79210 8
79211 7
79212 7
79213 9
79214 2
79215 5
79216 3
79217 9
79218 0
79219 7
79220 7
79221 5
79222 2
79223 2
79224 8
79225 8
79226 2
79227 10
79228 7
79229 8
79230 10
79231 10
79232 6
79233 2
79234 10
79235 4
79236 6
79237 9
79238 3
79239 6
79240 2
79241 0
79242 7
79243 7
79244 5
79245 5
79246 9
79247 2
79248 8
79249 10
79250 10
79251 10
79252 6
79253 6
79254 8
79255 10
79256 6
79257 3
79258 4
79259 7
79260 2
79261 2
79262 1
79263 6
79264 1
79265 5
79266 10
79267 6
79268 9
79269 4
79270 3
79271 3
79272 0
79273 8
79274 4
79275 9
79276 4
79277 11
79278 7
79279 9
79280 1
79281 8
79282 5
79283 7
79284 2
79285 8
79286 10
79287 10
79288 7
79289 1
79290 4
79291 8
79292 1
79293 10
79294 0
79295 9
79296 8
79297 9
79298 4
79299 10
79300 6
79301 9
79302 4
79303 8
79304 10
79305 7
79306 9
79307 8
79308 4
79309 8
79310 7
79311 10
79312 8
79313 1
79314 3
79315 7
79316 8
79317 6
79318 5
79319 6
79320 5
79321 8
79322 5
79323 8
79324 5
79325 4
79326 1
79327 2
79328 2
79329 1
79330 10
79331 9
79332 10
79333 7
79334 10
79335 7
79336 6
79337 6
79338 0
79339 9
79340 8
79341 10
79342 4
79343 9
79344 11
79345 2
79346 6
79347 8
79348 7
79349 10
79350 5
79351 7
79352 10
79353 3
79354 6
79355 3
79356 0
79357 8
79358 2
79359 0
79360 1
79361 10
79362 8
79363 8
79364 4
79365 6
79366 3
79367 3
79368 9
79369 4
79370 5
79371 5
79372 7
79373 7
79374 9
79375 9
79376 6
79377 7
79378 2
79379 5
79380 8
79381 9
79382 9
79383 6
79384 8
79385 8
79386 4
79387 9
79388 10
79389 9
79390 6
79391 8
79392 10
79393 6
79394 9
79395 10
79396 4
79397 9
79398 10
79399 9
79400 6
79401 11
79402 6
79403 8
79404 0
79405 9
79406 0
79407 0
79408 2
79409 7
79410 10
79411 6
79412 8
79413 8
79414 2
79415 10
79416 7
79417 9
79418 7
79419 11
79420 9
79421 7
79422 7
79423 2
79424 1
79425 5
79426 7
79427 3
79428 10
79429 8
79430 1
79431 10
79432 9
79433 1
79434 9
79435 5
79436 8
79437 4
79438 6
79439 7
79440 8
79441 6
79442 9
79443 10
79444 8
79445 5
79446 9
79447 6
79448 3
79449 11
79450 9
79451 3
79452 7
79453 5
79454 7
79455 2
79456 7
79457 4
79458 5
79459 7
79460 9
79461 5
79462 8
79463 8
79464 9
79465 6
79466 8
79467 2
79468 8
79469 8
79470 10
79471 10
79472 8
79473 9
79474 10
79475 4
79476 9
79477 9
79478 7
79479 4
79480 9
79481 7
79482 6
79483 1
79484 8
79485 3
79486 4
79487 10
79488 1
79489 9
79490 1
79491 8
79492 3
79493 9
79494 8
79495 6
79496 5
79497 8
79498 9
79499 10
79500 10
79501 7
79502 8
79503 8
79504 4
79505 10
79506 4
79507 3
79508 9
79509 5
79510 11
79511 7
79512 8
79513 5
79514 4
79515 7
79516 8
79517 10
79518 1
79519 3
79520 1
79521 2
79522 8
79523 10
79524 0
79525 11
79526 9
79527 8
79528 0
79529 8
79530 8
79531 2
79532 11
79533 9
79534 6
79535 1
79536 6
79537 9
79538 10
79539 5
79540 7
79541 7
79542 0
79543 9
79544 9
79545 7
79546 6
79547 2
79548 2
79549 7
79550 10
79551 4
79552 2
79553 7
79554 5
79555 0
79556 1
79557 11
79558 9
79559 1
79560 9
79561 4
79562 4
79563 4
79564 5
79565 5
79566 5
79567 4
79568 9
79569 0
79570 4
79571 9
79572 8
79573 3
79574 10
79575 5
79576 7
79577 7
79578 7
79579 8
79580 7
79581 7
79582 9
79583 9
79584 10
79585 0
79586 8
79587 4
79588 1
79589 9
79590 10
79591 2
79592 1
79593 2
79594 9
79595 2
79596 6
79597 11
79598 1
79599 10
79600 4
79601 8
79602 6
79603 9
79604 6
79605 2
79606 9
79607 1
79608 5
79609 3
79610 5
79611 3
79612 4
79613 10
79614 9
79615 8
79616 8
79617 6
79618 9
79619 9
79620 2
79621 8
79622 6
79623 6
79624 11
79625 6
79626 10
79627 5
79628 6
79629 7
79630 3
79631 8
79632 8
79633 9
79634 7
79635 3
79636 3
79637 5
79638 8
79639 9
79640 9
79641 7
79642 10
79643 2
79644 10
79645 9
79646 2
79647 9
79648 2
79649 8
79650 10
79651 5
79652 8
79653 6
79654 4
79655 6
79656 8
79657 4
79658 8
79659 7
79660 8
79661 7
79662 9
79663 7
79664 8
79665 8
79666 5
79667 8
79668 0
79669 9
79670 5
79671 4
79672 5
79673 10
79674 2
79675 10
79676 7
79677 3
79678 8
79679 5
79680 7
79681 8
79682 10
79683 8
79684 9
79685 8
79686 10
79687 8
79688 10
79689 7
79690 8
79691 4
79692 9
79693 8
79694 11
79695 0
79696 8
79697 6
79698 7
79699 7
79700 7
79701 10
79702 6
79703 4
79704 7
79705 9
79706 8
79707 9
79708 7
79709 4
79710 8
79711 4
79712 2
79713 9
79714 7
79715 9
79716 1
79717 7
79718 9
79719 0
79720 7
79721 10
79722 9
79723 4
79724 4
79725 10
79726 6
79727 8
79728 5
79729 2
79730 10
79731 2
79732 8
79733 6
79734 8
79735 5
79736 10
79737 8
79738 9
79739 5
79740 8
79741 10
79742 8
79743 7
79744 0
79745 6
79746 0
79747 7
79748 4
79749 3
79750 8
79751 6
79752 2
79753 5
79754 8
79755 3
79756 8
79757 6
79758 7
79759 6
79760 6
79761 6
79762 6
79763 10
79764 10
79765 9
79766 7
79767 6
79768 3
79769 11
79770 1
79771 9
79772 9
79773 8
79774 8
79775 6
79776 1
79777 9
79778 11
79779 9
79780 2
79781 8
79782 6
79783 0
79784 6
79785 3
79786 7
79787 7
79788 7
79789 7
79790 6
79791 6
79792 9
79793 9
79794 6
79795 9
79796 4
79797 1
79798 8
79799 8
79800 7
79801 10
79802 7
79803 10
79804 10
79805 4
79806 7
79807 6
79808 6
79809 10
79810 7
79811 6
79812 7
79813 9
79814 6
79815 6
79816 9
79817 9
79818 5
79819 9
79820 5
79821 0
79822 10
79823 3
79824 4
79825 6
79826 10
79827 4
79828 5
79829 7
79830 9
79831 1
79832 6
79833 7
79834 6
79835 0
79836 6
79837 7
79838 10
79839 1
79840 11
79841 8
79842 8
79843 9
79844 9
79845 7
79846 0
79847 0
79848 8
79849 8
79850 4
79851 1
79852 9
79853 5
79854 11
79855 0
79856 9
79857 6
79858 6
79859 9
79860 8
79861 5
79862 3
79863 6
79864 1
79865 8
79866 10
79867 5
79868 9
79869 2
79870 8
79871 4
79872 6
79873 4
79874 5
79875 9
79876 8
79877 11
79878 9
79879 3
79880 9
79881 0
79882 8
79883 10
79884 9
79885 7
79886 9
79887 6
79888 5
79889 3
79890 10
79891 8
79892 8
79893 6
79894 10
79895 5
79896 9
79897 9
79898 10
79899 5
79900 9
79901 8
79902 8
79903 9
79904 9
79905 8
79906 6
79907 5
79908 7
79909 4
79910 7
79911 9
79912 10
79913 9
79914 8
79915 7
79916 10
79917 5
79918 10
79919 10
79920 3
79921 7
79922 10
79923 8
79924 4
79925 4
79926 10
79927 6
79928 8
79929 0
79930 10
79931 1
79932 4
79933 10
79934 8
79935 7
79936 2
79937 4
79938 9
79939 3
79940 7
79941 7
79942 9
79943 10
79944 8
79945 9
79946 7
79947 2
79948 7
79949 3
79950 7
79951 9
79952 1
79953 4
79954 8
79955 9
79956 0
79957 3
79958 7
79959 5
79960 9
79961 9
79962 7
79963 4
79964 9
79965 5
79966 7
79967 1
79968 3
79969 7
79970 9
79971 8
79972 10
79973 9
79974 7
79975 8
79976 9
79977 10
79978 1
79979 10
79980 8
79981 4
79982 3
79983 2
79984 9
79985 7
79986 6
79987 7
79988 9
79989 11
79990 10
79991 9
79992 6
79993 10
79994 9
79995 0
79996 9
79997 8
79998 8
79999 10
80000 8
80001 3
80002 7
80003 9
80004 10
80005 4
80006 2
80007 8
80008 1
80009 1
80010 1
80011 9
80012 2
80013 8
80014 10
80015 8
80016 3
80017 8
80018 2
80019 7
80020 10
80021 10
80022 7
80023 7
80024 4
80025 7
80026 5
80027 7
80028 11
80029 1
80030 6
80031 9
80032 11
80033 4
80034 6
80035 4
80036 10
80037 1
80038 9
80039 11
80040 9
80041 5
80042 1
80043 3
80044 4
80045 10
80046 3
80047 9
80048 0
80049 0
80050 1
80051 4
80052 8
80053 9
80054 10
80055 3
80056 9
80057 2
80058 0
80059 3
80060 10
80061 10
80062 7
80063 11
80064 10
80065 2
80066 8
80067 0
80068 10
80069 7
80070 9
80071 10
80072 4
80073 7
80074 8
80075 9
80076 2
80077 10
80078 7
80079 1
80080 9
80081 5
80082 11
80083 10
80084 2
80085 5
80086 1
80087 7
80088 10
80089 9
80090 5
80091 4
80092 9
80093 0
80094 9
80095 3
80096 2
80097 1
80098 6
80099 9
80100 3
80101 7
80102 5
80103 11
80104 8
80105 6
80106 5
80107 9
80108 5
80109 10
80110 5
80111 6
80112 5
80113 9
80114 10
80115 7
80116 8
80117 9
80118 8
80119 10
80120 1
80121 8
80122 9
80123 8
80124 10
80125 6
80126 8
80127 4
80128 2
80129 11
80130 7
80131 8
80132 9
80133 6
80134 9
80135 9
80136 2
80137 10
80138 8
80139 0
80140 6
80141 9
80142 0
80143 8
80144 8
80145 9
80146 9
80147 6
80148 3
80149 5
80150 0
80151 5
80152 9
80153 9
80154 4
80155 7
80156 4
80157 9
80158 5
80159 8
80160 2
80161 11
80162 8
80163 8
80164 1
80165 9
80166 8
80167 4
80168 8
80169 10
80170 3
80171 10
80172 6
80173 7
80174 10
80175 1
80176 5
80177 12
80178 6
80179 8
80180 8
80181 0
80182 9
80183 9
80184 10
80185 3
80186 3
80187 10
80188 8
80189 7
80190 9
80191 10
80192 9
80193 9
80194 8
80195 8
80196 6
80197 2
80198 7
80199 9
80200 8
80201 0
80202 9
80203 8
80204 5
80205 8
80206 5
80207 2
80208 7
80209 5
80210 8
80211 8
80212 0
80213 6
80214 7
80215 2
80216 8
80217 8
80218 7
80219 8
80220 9
80221 9
80222 2
80223 6
80224 5
80225 6
80226 4
80227 3
80228 4
80229 1
80230 6
80231 10
80232 4
80233 5
80234 5
80235 1
80236 0
80237 9
80238 7
80239 5
80240 2
80241 4
80242 6
80243 2
80244 7
80245 8
80246 7
80247 9
80248 7
80249 8
80250 10
80251 2
80252 0
80253 10
80254 6
80255 3
80256 11
80257 9
80258 10
80259 10
80260 9
80261 6
80262 3
80263 8
80264 1
80265 4
80266 11
80267 4
80268 5
80269 11
80270 8
80271 5
80272 7
80273 8
80274 5
80275 5
80276 9
80277 4
80278 3
80279 7
80280 8
80281 9
80282 6
80283 0
80284 7
80285 6
80286 9
80287 6
80288 10
80289 7
80290 0
80291 4
80292 10
80293 2
80294 8
80295 8
80296 0
80297 3
80298 9
80299 9
80300 7
80301 7
80302 9
80303 7
80304 1
80305 11
80306 8
80307 8
80308 0
80309 1
80310 9
80311 7
80312 9
80313 1
80314 10
80315 8
80316 9
80317 6
80318 11
80319 8
80320 8
80321 6
80322 11
80323 8
80324 8
80325 11
80326 2
80327 2
80328 9
80329 2
80330 3
80331 6
80332 8
80333 10
80334 5
80335 7
80336 8
80337 9
80338 10
80339 7
80340 8
80341 10
80342 6
80343 10
80344 7
80345 9
80346 9
80347 10
80348 7
80349 7
80350 4
80351 2
80352 2
80353 6
80354 7
80355 8
80356 1
80357 4
80358 6
80359 7
80360 7
80361 2
80362 5
80363 5
80364 5
80365 5
80366 5
80367 8
80368 8
80369 1
80370 9
80371 8
80372 8
80373 2
80374 0
80375 11
80376 5
80377 10
80378 9
80379 4
80380 5
80381 5
80382 4
80383 4
80384 4
80385 1
80386 10
80387 9
80388 8
80389 11
80390 7
80391 10
80392 8
80393 1
80394 4
80395 9
80396 7
80397 5
80398 8
80399 8
80400 11
80401 7
80402 7
80403 6
80404 8
80405 10
80406 1
80407 5
80408 4
80409 7
80410 3
80411 6
80412 6
80413 7
80414 7
80415 2
80416 10
80417 9
80418 8
80419 6
80420 4
80421 4
80422 2
80423 1
80424 10
80425 0
80426 6
80427 7
80428 4
80429 3
80430 10
80431 8
80432 9
80433 8
80434 10
80435 10
80436 9
80437 1
80438 5
80439 6
80440 6
80441 8
80442 8
80443 4
80444 9
80445 1
80446 9
80447 0
80448 2
80449 3
80450 8
80451 6
80452 7
80453 10
80454 7
80455 5
80456 1
80457 9
80458 6
80459 9
80460 9
80461 3
80462 10
80463 9
80464 4
80465 10
80466 1
80467 6
80468 4
80469 7
80470 1
80471 3
80472 3
80473 7
80474 8
80475 7
80476 2
80477 9
80478 3
80479 7
80480 8
80481 9
80482 1
80483 0
80484 5
80485 5
80486 0
80487 0
80488 5
80489 1
80490 8
80491 2
80492 6
80493 3
80494 10
80495 8
80496 7
80497 7
80498 6
80499 8
80500 10
80501 9
80502 7
80503 9
80504 0
80505 4
80506 6
80507 10
80508 8
80509 7
80510 8
80511 9
80512 5
80513 1
80514 4
80515 8
80516 8
80517 11
80518 2
80519 8
80520 8
80521 0
80522 11
80523 3
80524 8
80525 7
80526 5
80527 9
80528 3
80529 7
80530 10
80531 8
80532 7
80533 1
80534 10
80535 10
80536 6
80537 9
80538 5
80539 6
80540 3
80541 8
80542 5
80543 8
80544 3
80545 2
80546 1
80547 9
80548 0
80549 2
80550 5
80551 7
80552 5
80553 11
80554 3
80555 7
80556 6
80557 8
80558 9
80559 8
80560 9
80561 4
80562 7
80563 8
80564 9
80565 3
80566 9
80567 1
80568 7
80569 0
80570 1
80571 10
80572 8
80573 3
80574 9
80575 9
80576 5
80577 7
80578 10
80579 1
80580 5
80581 3
80582 1
80583 8
80584 5
80585 5
80586 10
80587 6
80588 1
80589 10
80590 10
80591 7
80592 9
80593 2
80594 5
80595 9
80596 7
80597 2
80598 6
80599 9
80600 9
80601 8
80602 8
80603 8
80604 10
80605 8
80606 5
80607 7
80608 7
80609 7
80610 8
80611 3
80612 4
80613 7
80614 10
80615 8
80616 10
80617 9
80618 11
80619 5
80620 3
80621 10
80622 0
80623 8
80624 9
80625 10
80626 2
80627 9
80628 7
80629 3
80630 7
80631 2
80632 5
80633 6
80634 4
80635 2
80636 9
80637 11
80638 4
80639 10
80640 1
80641 1
80642 3
80643 7
80644 8
80645 8
80646 11
80647 10
80648 9
80649 9
80650 9
80651 4
80652 2
80653 10
80654 5
80655 10
80656 5
80657 7
80658 10
80659 6
80660 3
80661 7
80662 10
80663 10
80664 8
80665 6
80666 0
80667 4
80668 8
80669 4
80670 9
80671 6
80672 9
80673 7
80674 7
80675 10
80676 3
80677 1
80678 7
80679 10
80680 8
80681 10
80682 9
80683 6
80684 9
80685 10
80686 5
80687 0
80688 9
80689 2
80690 4
80691 5
80692 9
80693 8
80694 5
80695 8
80696 2
80697 8
80698 3
80699 9
80700 2
80701 8
80702 3
80703 3
80704 6
80705 1
80706 9
80707 7
80708 11
80709 10
80710 1
80711 10
80712 1
80713 1
80714 5
80715 9
80716 2
80717 6
80718 7
80719 9
80720 10
80721 4
80722 4
80723 8
80724 10
80725 6
80726 9
80727 9
80728 7
80729 5
80730 6
80731 1
80732 2
80733 5
80734 9
80735 11
80736 8
80737 6
80738 9
80739 5
80740 6
80741 6
80742 5
80743 9
80744 9
80745 10
80746 4
80747 10
80748 9
80749 2
80750 6
80751 5
80752 10
80753 8
80754 6
80755 7
80756 7
80757 3
80758 2
80759 8
80760 7
80761 9
80762 4
80763 9
80764 0
80765 6
80766 1
80767 10
80768 4
80769 8
80770 7
80771 6
80772 10
80773 8
80774 10
80775 0
80776 8
80777 11
80778 8
80779 5
80780 11
80781 8
80782 9
80783 4
80784 8
80785 1
80786 3
80787 9
80788 7
80789 9
80790 9
80791 4
80792 8
80793 10
80794 4
80795 7
80796 9
80797 4
80798 7
80799 2
80800 10
80801 8
80802 10
80803 8
80804 1
80805 4
80806 11
80807 4
80808 2
80809 1
80810 9
80811 2
80812 5
80813 8
80814 8
80815 7
80816 2
80817 9
80818 6
80819 5
80820 5
80821 8
80822 3
80823 4
80824 6
80825 4
80826 7
80827 7
80828 10
80829 5
80830 6
80831 8
80832 6
80833 1
80834 3
80835 3
80836 9
80837 5
80838 11
80839 4
80840 1
80841 4
80842 8
80843 7
80844 7
80845 9
80846 7
80847 7
80848 7
80849 6
80850 8
80851 4
80852 11
80853 9
80854 7
80855 2
80856 9
80857 2
80858 4
80859 4
80860 10
80861 11
80862 9
80863 6
80864 7
80865 8
80866 9
80867 8
80868 5
80869 10
80870 5
80871 8
80872 2
80873 5
80874 8
80875 9
80876 5
80877 10
80878 5
80879 8
80880 10
80881 8
80882 9
80883 5
80884 7
80885 7
80886 10
80887 6
80888 4
80889 9
80890 6
80891 9
80892 6
80893 8
80894 0
80895 9
80896 8
80897 5
80898 1
80899 6
80900 9
80901 9
80902 7
80903 9
80904 6
80905 11
80906 11
80907 9
80908 5
80909 3
80910 3
80911 8
80912 6
80913 11
80914 10
80915 1
80916 7
80917 10
80918 0
80919 2
80920 6
80921 9
80922 6
80923 10
80924 11
80925 11
80926 8
80927 3
80928 9
80929 7
80930 7
80931 9
80932 7
80933 9
80934 8
80935 6
80936 6
80937 4
80938 8
80939 6
80940 10
80941 8
80942 1
80943 9
80944 10
80945 8
80946 6
80947 7
80948 0
80949 11
80950 3
80951 11
80952 9
80953 6
80954 5
80955 7
80956 10
80957 9
80958 6
80959 10
80960 10
80961 7
80962 2
80963 9
80964 10
80965 4
80966 9
80967 9
80968 0
80969 3
80970 7
80971 5
80972 6
80973 7
80974 9
80975 9
80976 7
80977 7
80978 5
80979 8
80980 3
80981 7
80982 10
80983 9
80984 10
80985 8
80986 9
80987 8
80988 0
80989 7
80990 4
80991 7
80992 7
80993 3
80994 11
80995 8
80996 9
80997 10
80998 11
80999 9
81000 1
81001 2
81002 5
81003 11
81004 8
81005 4
81006 9
81007 10
81008 8
81009 5
81010 5
81011 9
81012 7
81013 7
81014 9
81015 6
81016 6
81017 6
81018 6
81019 10
81020 0
81021 6
81022 8
81023 9
81024 11
81025 8
81026 10
81027 7
81028 1
81029 2
81030 9
81031 6
81032 6
81033 10
81034 9
81035 11
81036 0
81037 6
81038 6
81039 2
81040 9
81041 5
81042 7
81043 5
81044 1
81045 4
81046 3
81047 10
81048 1
81049 11
81050 9
81051 10
81052 7
81053 10
81054 4
81055 10
81056 9
81057 4
81058 3
81059 4
81060 9
81061 2
81062 5
81063 10
81064 7
81065 10
81066 6
81067 9
81068 3
81069 1
81070 9
81071 9
81072 6
81073 5
81074 7
81075 2
81076 7
81077 10
81078 0
81079 2
81080 9
81081 4
81082 11
81083 9
81084 6
81085 10
81086 9
81087 8
81088 9
81089 0
81090 8
81091 3
81092 7
81093 8
81094 1
81095 2
81096 9
81097 4
81098 5
81099 0
81100 8
81101 4
81102 6
81103 7
81104 8
81105 9
81106 10
81107 8
81108 9
81109 10
81110 6
81111 7
81112 6
81113 3
81114 5
81115 8
81116 8
81117 10
81118 8
81119 8
81120 7
81121 10
81122 2
81123 4
81124 6
81125 7
81126 9
81127 6
81128 10
81129 2
81130 9
81131 10
81132 9
81133 9
81134 2
81135 8
81136 1
81137 8
81138 5
81139 10
81140 8
81141 10
81142 2
81143 8
81144 10
81145 8
81146 6
81147 9
81148 6
81149 6
81150 9
81151 0
81152 6
81153 10
81154 5
81155 8
81156 8
81157 7
81158 8
81159 8
81160 4
81161 6
81162 3
81163 7
81164 9
81165 9
81166 2
81167 9
81168 6
81169 7
81170 1
81171 10
81172 7
81173 6
81174 8
81175 7
81176 3
81177 11
81178 1
81179 9
81180 4
81181 2
81182 9
81183 10
81184 8
81185 6
81186 9
81187 0
81188 9
81189 10
81190 9
81191 5
81192 10
81193 9
81194 1
81195 4
81196 6
81197 8
81198 5
81199 8
81200 6
81201 6
81202 9
81203 4
81204 10
81205 10
81206 8
81207 10
81208 10
81209 7
81210 6
81211 5
81212 6
81213 11
81214 5
81215 7
81216 7
81217 6
81218 6
81219 10
81220 9
81221 2
81222 8
81223 2
81224 5
81225 1
81226 6
81227 10
81228 10
81229 6
81230 2
81231 11
81232 6
81233 7
81234 0
81235 5
81236 8
81237 7
81238 4
81239 7
81240 11
81241 7
81242 9
81243 7
81244 7
81245 8
81246 4
81247 7
81248 1
81249 9
81250 10
81251 5
81252 3
81253 9
81254 8
81255 4
81256 0
81257 6
81258 4
81259 8
81260 9
81261 0
81262 1
81263 3
81264 10
81265 3
81266 10
81267 4
81268 10
81269 9
81270 6
81271 4
81272 8
81273 9
81274 5
81275 7
81276 9
81277 1
81278 11
81279 10
81280 1
81281 10
81282 9
81283 6
81284 4
81285 9
81286 8
81287 10
81288 5
81289 9
81290 1
81291 8
81292 5
81293 5
81294 11
81295 6
81296 0
81297 0
81298 3
81299 6
81300 8
81301 9
81302 1
81303 10
81304 3
81305 2
81306 8
81307 8
81308 4
81309 7
81310 5
81311 6
81312 10
81313 4
81314 9
81315 8
81316 8
81317 1
81318 4
81319 8
81320 9
81321 0
81322 9
81323 10
81324 4
81325 7
81326 10
81327 9
81328 9
81329 9
81330 9
81331 10
81332 7
81333 8
81334 2
81335 5
81336 1
81337 10
81338 9
81339 7
81340 4
81341 10
81342 8
81343 4
81344 8
81345 1
81346 9
81347 9
81348 10
81349 4
81350 8
81351 2
81352 6
81353 4
81354 5
81355 9
81356 10
81357 10
81358 5
81359 8
81360 8
81361 9
81362 7
81363 3
81364 2
81365 4
81366 3
81367 11
81368 9
81369 3
81370 10
81371 2
81372 1
81373 7
81374 5
81375 8
81376 7
81377 4
81378 4
81379 5
81380 9
81381 8
81382 5
81383 4
81384 8
81385 7
81386 10
81387 2
81388 7
81389 8
81390 9
81391 7
81392 9
81393 8
81394 3
81395 10
81396 1
81397 9
81398 8
81399 6
81400 3
81401 4
81402 9
81403 6
81404 9
81405 9
81406 4
81407 0
81408 10
81409 3
81410 6
81411 9
81412 9
81413 4
81414 7
81415 1
81416 9
81417 6
81418 10
81419 4
81420 1
81421 4
81422 9
81423 10
81424 8
81425 11
81426 7
81427 10
81428 4
81429 4
81430 8
81431 7
81432 10
81433 8
81434 7
81435 8
81436 11
81437 5
81438 4
81439 10
81440 8
81441 9
81442 11
81443 9
81444 6
81445 9
81446 8
81447 9
81448 10
81449 1
81450 10
81451 5
81452 4
81453 4
81454 7
81455 7
81456 8
81457 5
81458 4
81459 9
81460 9
81461 10
81462 8
81463 10
81464 7
81465 4
81466 8
81467 3
81468 0
81469 8
81470 1
81471 6
81472 7
81473 0
81474 10
81475 11
81476 2
81477 2
81478 5
81479 1
81480 8
81481 4
81482 9
81483 5
81484 8
81485 8
81486 7
81487 8
81488 3
81489 8
81490 8
81491 8
81492 3
81493 9
81494 7
81495 9
81496 7
81497 5
81498 7
81499 7
81500 10
81501 8
81502 3
81503 11
81504 6
81505 11
81506 4
81507 9
81508 6
81509 2
81510 1
81511 0
81512 10
81513 2
81514 9
81515 1
81516 5
81517 4
81518 11
81519 1
81520 3
81521 8
81522 7
81523 6
81524 9
81525 8
81526 0
81527 0
81528 9
81529 6
81530 1
81531 9
81532 3
81533 10
81534 5
81535 5
81536 9
81537 8
81538 8
81539 6
81540 1
81541 0
81542 10
81543 10
81544 8
81545 7
81546 8
81547 7
81548 3
81549 1
81550 7
81551 9
81552 2
81553 8
81554 2
81555 9
81556 7
81557 7
81558 8
81559 10
81560 1
81561 5
81562 8
81563 10
81564 3
81565 8
81566 10
81567 7
81568 8
81569 7
81570 7
81571 8
81572 1
81573 6
81574 5
81575 6
81576 6
81577 7
81578 6
81579 6
81580 4
81581 9
81582 10
81583 7
81584 8
81585 3
81586 1
81587 9
81588 0
81589 10
81590 1
81591 9
81592 9
81593 10
81594 10
81595 0
81596 10
81597 9
81598 7
81599 8
81600 8
81601 1
81602 6
81603 1
81604 8
81605 9
81606 5
81607 10
81608 0
81609 9
81610 8
81611 0
81612 6
81613 6
81614 2
81615 7
81616 4
81617 9
81618 8
81619 5
81620 7
81621 9
81622 9
81623 6
81624 5
81625 9
81626 7
81627 10
81628 6
81629 8
81630 4
81631 8
81632 5
81633 5
81634 9
81635 2
81636 8
81637 6
81638 10
81639 7
81640 2
81641 8
81642 9
81643 4
81644 9
81645 5
81646 1
81647 11
81648 2
81649 3
81650 2
81651 9
81652 2
81653 5
81654 9
81655 6
81656 3
81657 9
81658 10
81659 9
81660 9
81661 6
81662 9
81663 3
81664 6
81665 8
81666 7
81667 4
81668 11
81669 6
81670 5
81671 8
81672 9
81673 0
81674 6
81675 6
81676 8
81677 9
81678 3
81679 10
81680 2
81681 6
81682 1
81683 7
81684 10
81685 10
81686 7
81687 9
81688 6
81689 7
81690 11
81691 10
81692 9
81693 7
81694 5
81695 4
81696 4
81697 11
81698 3
81699 9
81700 6
81701 8
81702 9
81703 10
81704 5
81705 6
81706 8
81707 7
81708 2
81709 9
81710 9
81711 8
81712 8
81713 2
81714 8
81715 9
81716 10
81717 9
81718 10
81719 4
81720 4
81721 2
81722 3
81723 9
81724 3
81725 10
81726 5
81727 7
81728 5
81729 9
81730 9
81731 0
81732 3
81733 5
81734 7
81735 11
81736 7
81737 2
81738 1
81739 9
81740 9
81741 9
81742 7
81743 8
81744 8
81745 5
81746 8
81747 9
81748 11
81749 0
81750 6
81751 5
81752 10
81753 2
81754 5
81755 5
81756 2
81757 5
81758 5
81759 8
81760 10
81761 6
81762 5
81763 9
81764 10
81765 1
81766 9
81767 8
81768 7
81769 0
81770 7
81771 4
81772 2
81773 9
81774 5
81775 5
81776 11
81777 9
81778 9
81779 7
81780 9
81781 5
81782 10
81783 0
81784 2
81785 3
81786 9
81787 9
81788 2
81789 3
81790 8
81791 2
81792 5
81793 11
81794 6
81795 3
81796 7
81797 10
81798 10
81799 1
81800 6
81801 8
81802 4
81803 1
81804 3
81805 4
81806 4
81807 8
81808 0
81809 4
81810 4
81811 10
81812 9
81813 8
81814 1
81815 9
81816 2
81817 10
81818 4
81819 9
81820 3
81821 7
81822 9
81823 0
81824 7
81825 6
81826 11
81827 8
81828 7
81829 2
81830 9
81831 8
81832 4
81833 6
81834 10
81835 0
81836 8
81837 7
81838 4
81839 11
81840 0
81841 6
81842 10
81843 5
81844 8
81845 10
81846 10
81847 0
81848 7
81849 10
81850 9
81851 9
81852 10
81853 10
81854 0
81855 7
81856 7
81857 4
81858 1
81859 9
81860 2
81861 10
81862 8
81863 2
81864 4
81865 5
81866 7
81867 9
81868 1
81869 7
81870 0
81871 5
81872 8
81873 6
81874 4
81875 8
81876 10
81877 4
81878 8
81879 7
81880 7
81881 10
81882 9
81883 8
81884 7
81885 7
81886 10
81887 7
81888 1
81889 6
81890 2
81891 8
81892 10
81893 5
81894 10
81895 8
81896 2
81897 7
81898 2
81899 10
81900 7
81901 11
81902 6
81903 11
81904 0
81905 6
81906 5
81907 7
81908 9
81909 8
81910 7
81911 8
81912 10
81913 8
81914 9
81915 3
81916 6
81917 9
81918 10
81919 5
81920 5
81921 7
81922 7
81923 10
81924 7
81925 9
81926 6
81927 7
81928 0
81929 10
81930 10
81931 11
81932 3
81933 1
81934 1
81935 6
81936 8
81937 11
81938 10
81939 9
81940 10
81941 3
81942 10
81943 1
81944 6
81945 6
81946 10
81947 11
81948 6
81949 8
81950 10
81951 6
81952 4
81953 1
81954 9
81955 8
81956 11
81957 4
81958 10
81959 7
81960 10
81961 2
81962 8
81963 7
81964 7
81965 11
81966 9
81967 5
81968 10
81969 10
81970 10
81971 6
81972 6
81973 0
81974 2
81975 6
81976 3
81977 8
81978 8
81979 6
81980 10
81981 5
81982 3
81983 7
81984 9
81985 8
81986 6
81987 9
81988 8
81989 7
81990 3
81991 6
81992 9
81993 3
81994 5
81995 5
81996 2
81997 7
81998 7
81999 7
82000 9
82001 5
82002 0
82003 8
82004 6
82005 4
82006 10
82007 4
82008 4
82009 1
82010 6
82011 6
82012 4
82013 0
82014 8
82015 4
82016 7
82017 4
82018 9
82019 8
82020 4
82021 8
82022 6
82023 8
82024 0
82025 1
82026 8
82027 9
82028 4
82029 8
82030 9
82031 6
82032 6
82033 8
82034 5
82035 6
82036 11
82037 3
82038 4
82039 10
82040 11
82041 8
82042 7
82043 6
82044 7
82045 9
82046 1
82047 7
82048 2
82049 4
82050 11
82051 10
82052 5
82053 6
82054 10
82055 11
82056 5
82057 0
82058 8
82059 0
82060 10
82061 10
82062 1
82063 8
82064 10
82065 10
82066 10
82067 10
82068 10
82069 10
82070 6
82071 8
82072 8
82073 9
82074 8
82075 2
82076 10
82077 6
82078 10
82079 8
82080 9
82081 10
82082 10
82083 7
82084 9
82085 3
82086 11
82087 5
82088 5
82089 8
82090 6
82091 3
82092 8
82093 5
82094 7
82095 6
82096 11
82097 3
82098 10
82099 4
82100 7
82101 7
82102 6
82103 9
82104 3
82105 4
82106 0
82107 10
82108 10
82109 9
82110 10
82111 7
82112 3
82113 10
82114 11
82115 2
82116 6
82117 10
82118 10
82119 6
82120 10
82121 8
82122 8
82123 8
82124 2
82125 6
82126 3
82127 8
82128 1
82129 1
82130 10
82131 11
82132 8
82133 5
82134 9
82135 9
82136 2
82137 6
82138 9
82139 6
82140 10
82141 6
82142 1
82143 4
82144 6
82145 1
82146 7
82147 7
82148 4
82149 9
82150 9
82151 9
82152 7
82153 10
82154 1
82155 6
82156 4
82157 8
82158 9
82159 9
82160 6
82161 9
82162 2
82163 9
82164 1
82165 10
82166 5
82167 10
82168 3
82169 10
82170 11
82171 10
82172 4
82173 10
82174 2
82175 9
82176 11
82177 5
82178 8
82179 7
82180 8
82181 3
82182 5
82183 1
82184 9
82185 5
82186 2
82187 8
82188 8
82189 10
82190 12
82191 8
82192 1
82193 9
82194 1
82195 10
82196 6
82197 11
82198 5
82199 8
82200 7
82201 10
82202 0
82203 10
82204 8
82205 9
82206 4
82207 10
82208 3
82209 8
82210 10
82211 7
82212 9
82213 9
82214 0
82215 9
82216 9
82217 8
82218 6
82219 10
82220 6
82221 8
82222 11
82223 8
82224 4
82225 9
82226 8
82227 1
82228 9
82229 1
82230 9
82231 6
82232 6
82233 0
82234 5
82235 7
82236 5
82237 7
82238 7
82239 9
82240 6
82241 8
82242 5
82243 10
82244 2
82245 4
82246 10
82247 7
82248 9
82249 11
82250 2
82251 11
82252 9
82253 3
82254 10
82255 8
82256 3
82257 7
82258 5
82259 6
82260 4
82261 1
82262 9
82263 10
82264 10
82265 8
82266 7
82267 9
82268 3
82269 8
82270 9
82271 5
82272 8
82273 8
82274 6
82275 8
82276 5
82277 10
82278 9
82279 10
82280 10
82281 9
82282 8
82283 4
82284 7
82285 6
82286 9
82287 2
82288 11
82289 9
82290 5
82291 4
82292 9
82293 10
82294 10
82295 7
82296 8
82297 4
82298 3
82299 1
82300 9
82301 9
82302 9
82303 10
82304 5
82305 1
82306 8
82307 9
82308 10
82309 9
82310 10
82311 11
82312 3
82313 5
82314 4
82315 8
82316 5
82317 0
82318 2
82319 8
82320 8
82321 8
82322 9
82323 10
82324 1
82325 6
82326 7
82327 10
82328 3
82329 5
82330 7
82331 5
82332 7
82333 2
82334 9
82335 4
82336 7
82337 11
82338 9
82339 3
82340 4
82341 8
82342 10
82343 5
82344 5
82345 6
82346 9
82347 8
82348 7
82349 9
82350 10
82351 5
82352 9
82353 10
82354 5
82355 1
82356 8
82357 11
82358 8
82359 6
82360 8
82361 6
82362 3
82363 10
82364 3
82365 10
82366 4
82367 11
82368 7
82369 4
82370 4
82371 4
82372 3
82373 10
82374 8
82375 9
82376 9
82377 4
82378 5
82379 6
82380 4
82381 6
82382 5
82383 9
82384 7
82385 10
82386 5
82387 10
82388 4
82389 3
82390 7
82391 1
82392 10
82393 7
82394 6
82395 10
82396 10
82397 3
82398 7
82399 9
82400 6
82401 2
82402 6
82403 9
82404 8
82405 7
82406 10
82407 8
82408 7
82409 4
82410 1
82411 5
82412 9
82413 8
82414 8
82415 8
82416 9
82417 6
82418 4
82419 0
82420 5
82421 4
82422 3
82423 1
82424 3
82425 6
82426 8
82427 7
82428 6
82429 2
82430 8
82431 7
82432 5
82433 6
82434 9
82435 4
82436 8
82437 9
82438 9
82439 8
82440 3
82441 9
82442 0
82443 3
82444 10
82445 5
82446 3
82447 0
82448 11
82449 1
82450 7
82451 2
82452 4
82453 1
82454 4
82455 5
82456 1
82457 4
82458 8
82459 4
82460 7
82461 5
82462 3
82463 7
82464 3
82465 10
82466 3
82467 7
82468 4
82469 7
82470 6
82471 7
82472 7
82473 4
82474 8
82475 4
82476 9
82477 11
82478 8
82479 6
82480 8
82481 8
82482 0
82483 5
82484 10
82485 9
82486 5
82487 10
82488 11
82489 4
82490 4
82491 1
82492 8
82493 3
82494 6
82495 1
82496 10
82497 10
82498 1
82499 9
82500 6
82501 10
82502 7
82503 2
82504 0
82505 6
82506 9
82507 5
82508 7
82509 10
82510 4
82511 6
82512 2
82513 3
82514 5
82515 3
82516 3
82517 10
82518 9
82519 10
82520 9
82521 11
82522 0
82523 7
82524 1
82525 10
82526 9
82527 9
82528 10
82529 8
82530 2
82531 4
82532 10
82533 6
82534 8
82535 8
82536 7
82537 6
82538 10
82539 7
82540 9
82541 2
82542 8
82543 10
82544 8
82545 11
82546 10
82547 7
82548 9
82549 7
82550 10
82551 6
82552 9
82553 5
82554 9
82555 6
82556 10
82557 7
82558 7
82559 0
82560 6
82561 3
82562 6
82563 8
82564 2
82565 10
82566 3
82567 8
82568 8
82569 2
82570 6
82571 7
82572 10
82573 8
82574 7
82575 7
82576 4
82577 2
82578 6
82579 2
82580 2
82581 1
82582 3
82583 6
82584 10
82585 7
82586 11
82587 8
82588 4
82589 7
82590 7
82591 8
82592 5
82593 6
82594 7
82595 9
82596 9
82597 10
82598 6
82599 1
82600 7
82601 6
82602 8
82603 4
82604 11
82605 2
82606 3
82607 7
82608 9
82609 9
82610 2
82611 5
82612 6
82613 10
82614 7
82615 6
82616 7
82617 7
82618 6
82619 0
82620 4
82621 8
82622 7
82623 1
82624 11
82625 6
82626 9
82627 6
82628 6
82629 6
82630 7
82631 10
82632 9
82633 1
82634 11
82635 9
82636 10
82637 8
82638 7
82639 9
82640 11
82641 6
82642 7
82643 9
82644 8
82645 8
82646 8
82647 3
82648 8
82649 10
82650 6
82651 11
82652 5
82653 9
82654 5
82655 10
82656 8
82657 5
82658 5
82659 10
82660 4
82661 8
82662 3
82663 0
82664 10
82665 1
82666 8
82667 8
82668 5
82669 4
82670 5
82671 7
82672 9
82673 7
82674 6
82675 4
82676 4
82677 9
82678 2
82679 5
82680 7
82681 9
82682 0
82683 2
82684 0
82685 8
82686 8
82687 10
82688 7
82689 2
82690 10
82691 10
82692 6
82693 4
82694 3
82695 8
82696 7
82697 6
82698 8
82699 7
82700 8
82701 8
82702 10
82703 3
82704 10
82705 2
82706 3
82707 9
82708 5
82709 3
82710 5
82711 10
82712 5
82713 4
82714 9
82715 10
82716 8
82717 5
82718 5
82719 5
82720 9
82721 6
82722 8
82723 6
82724 10
82725 4
82726 8
82727 9
82728 7
82729 4
82730 6
82731 6
82732 9
82733 11
82734 9
82735 2
82736 6
82737 8
82738 3
82739 10
82740 4
82741 9
82742 8
82743 7
82744 0
82745 8
82746 6
82747 9
82748 9
82749 10
82750 10
82751 7
82752 7
82753 9
82754 1
82755 9
82756 9
82757 9
82758 9
82759 5
82760 6
82761 8
82762 9
82763 10
82764 8
82765 2
82766 5
82767 8
82768 9
82769 0
82770 7
82771 9
82772 5
82773 3
82774 3
82775 9
82776 8
82777 4
82778 1
82779 11
82780 7
82781 5
82782 2
82783 0
82784 10
82785 0
82786 9
82787 6
82788 10
82789 4
82790 4
82791 5
82792 10
82793 7
82794 10
82795 6
82796 11
82797 8
82798 8
82799 6
82800 0
82801 5
82802 7
82803 9
82804 8
82805 4
82806 0
82807 6
82808 7
82809 8
82810 6
82811 4
82812 2
82813 8
82814 10
82815 3
82816 5
82817 6
82818 10
82819 6
82820 9
82821 9
82822 5
82823 7
82824 9
82825 11
82826 6
82827 10
82828 10
82829 7
82830 9
82831 3
82832 0
82833 7
82834 9
82835 6
82836 9
82837 10
82838 10
82839 4
82840 10
82841 4
82842 8
82843 5
82844 9
82845 9
82846 11
82847 10
82848 1
82849 8
82850 6
82851 4
82852 11
82853 0
82854 7
82855 10
82856 11
82857 3
82858 8
82859 2
82860 7
82861 9
82862 5
82863 5
82864 5
82865 5
82866 9
82867 10
82868 6
82869 9
82870 7
82871 4
82872 4
82873 1
82874 8
82875 12
82876 9
82877 7
82878 7
82879 8
82880 2
82881 7
82882 5
82883 6
82884 6
82885 2
82886 7
82887 6
82888 5
82889 1
82890 7
82891 6
82892 8
82893 10
82894 0
82895 10
82896 8
82897 3
82898 2
82899 6
82900 0
82901 10
82902 10
82903 6
82904 7
82905 8
82906 10
82907 10
82908 6
82909 7
82910 0
82911 10
82912 2
82913 10
82914 5
82915 6
82916 7
82917 9
82918 1
82919 9
82920 7
82921 10
82922 11
82923 4
82924 9
82925 1
82926 2
82927 3
82928 9
82929 11
82930 11
82931 8
82932 8
82933 10
82934 11
82935 8
82936 7
82937 0
82938 5
82939 7
82940 10
82941 4
82942 6
82943 8
82944 10
82945 2
82946 10
82947 10
82948 2
82949 6
82950 9
82951 7
82952 8
82953 10
82954 7
82955 11
82956 6
82957 10
82958 8
82959 8
82960 11
82961 10
82962 8
82963 10
82964 7
82965 8
82966 6
82967 0
82968 7
82969 10
82970 10
82971 1
82972 9
82973 3
82974 5
82975 9
82976 7
82977 8
82978 0
82979 5
82980 6
82981 7
82982 3
82983 1
82984 8
82985 10
82986 10
82987 8
82988 2
82989 7
82990 7
82991 10
82992 10
82993 6
82994 9
82995 3
82996 9
82997 9
82998 2
82999 10
83000 7
83001 9
83002 10
83003 2
83004 4
83005 7
83006 9
83007 7
83008 8
83009 9
83010 11
83011 11
83012 4
83013 8
83014 9
83015 8
83016 7
83017 6
83018 2
83019 6
83020 5
83021 6
83022 10
83023 5
83024 8
83025 8
83026 11
83027 3
83028 8
83029 9
83030 10
83031 2
83032 10
83033 6
83034 3
83035 10
83036 10
83037 9
83038 9
83039 8
83040 5
83041 8
83042 1
83043 7
83044 0
83045 8
83046 0
83047 10
83048 9
83049 1
83050 9
83051 8
83052 8
83053 11
83054 10
83055 1
83056 10
83057 0
83058 3
83059 5
83060 5
83061 7
83062 8
83063 3
83064 8
83065 7
83066 7
83067 8
83068 3
83069 10
83070 6
83071 6
83072 6
83073 9
83074 11
83075 7
83076 1
83077 10
83078 11
83079 7
83080 0
83081 6
83082 10
83083 6
83084 8
83085 5
83086 10
83087 7
83088 8
83089 9
83090 6
83091 11
83092 9
83093 9
83094 9
83095 8
83096 3
83097 6
83098 9
83099 9
83100 9
83101 4
83102 6
83103 10
83104 3
83105 9
83106 8
83107 7
83108 9
83109 8
83110 7
83111 6
83112 9
83113 7
83114 9
83115 8
83116 4
83117 5
83118 8
83119 9
83120 6
83121 4
83122 8
83123 4
83124 5
83125 6
83126 2
83127 8
83128 4
83129 10
83130 1
83131 6
83132 8
83133 6
83134 2
83135 9
83136 7
83137 5
83138 1
83139 10
83140 1
83141 6
83142 9
83143 10
83144 5
83145 10
83146 9
83147 4
83148 1
83149 6
83150 7
83151 1
83152 7
83153 7
83154 6
83155 7
83156 8
83157 2
83158 1
83159 3
83160 9
83161 9
83162 6
83163 12
83164 7
83165 10
83166 4
83167 9
83168 8
83169 0
83170 8
83171 2
83172 4
83173 6
83174 9
83175 9
83176 6
83177 7
83178 9
83179 9
83180 6
83181 8
83182 8
83183 1
83184 9
83185 9
83186 3
83187 4
83188 6
83189 8
83190 8
83191 10
83192 3
83193 5
83194 9
83195 7
83196 9
83197 9
83198 9
83199 9
83200 9
83201 3
83202 9
83203 9
83204 9
83205 10
83206 11
83207 5
83208 9
83209 6
83210 2
83211 5
83212 9
83213 9
83214 10
83215 6
83216 10
83217 3
83218 11
83219 7
83220 5
83221 3
83222 4
83223 5
83224 9
83225 8
83226 3
83227 8
83228 7
83229 11
83230 3
83231 10
83232 11
83233 6
83234 5
83235 7
83236 6
83237 2
83238 0
83239 2
83240 8
83241 6
83242 11
83243 8
83244 10
83245 7
83246 9
83247 11
83248 8
83249 6
83250 5
83251 5
83252 6
83253 8
83254 9
83255 11
83256 2
83257 7
83258 7
83259 10
83260 8
83261 10
83262 5
83263 11
83264 1
83265 9
83266 10
83267 11
83268 3
83269 6
83270 6
83271 10
83272 7
83273 3
83274 9
83275 0
83276 8
83277 1
83278 4
83279 7
83280 7
83281 10
83282 8
83283 3
83284 4
83285 8
83286 10
83287 3
83288 7
83289 9
83290 9
83291 7
83292 9
83293 9
83294 10
83295 6
83296 8
83297 2
83298 7
83299 3
83300 10
83301 2
83302 9
83303 2
83304 3
83305 8
83306 6
83307 0
83308 9
83309 5
83310 10
83311 5
83312 4
83313 8
83314 7
83315 2
83316 1
83317 3
83318 9
83319 10
83320 7
83321 6
83322 9
83323 3
83324 8
83325 5
83326 10
83327 3
83328 9
83329 9
83330 9
83331 5
83332 10
83333 7
83334 10
83335 7
83336 9
83337 9
83338 11
83339 10
83340 6
83341 9
83342 9
83343 3
83344 6
83345 9
83346 9
83347 4
83348 3
83349 9
83350 6
83351 7
83352 8
83353 6
83354 9
83355 11
83356 7
83357 10
83358 3
83359 5
83360 0
83361 8
83362 3
83363 9
83364 10
83365 5
83366 7
83367 7
83368 1
83369 4
83370 5
83371 7
83372 7
83373 9
83374 5
83375 9
83376 0
83377 2
83378 9
83379 9
83380 7
83381 7
83382 9
83383 8
83384 11
83385 10
83386 10
83387 10
83388 2
83389 10
83390 11
83391 8
83392 5
83393 2
83394 8
83395 2
83396 6
83397 7
83398 6
83399 9
83400 10
83401 6
83402 8
83403 6
83404 6
83405 7
83406 9
83407 11
83408 11
83409 3
83410 11
83411 6
83412 7
83413 8
83414 9
83415 8
83416 2
83417 10
83418 10
83419 8
83420 0
83421 3
83422 9
83423 7
83424 0
83425 4
83426 6
83427 10
83428 8
83429 5
83430 10
83431 7
83432 3
83433 8
83434 10
83435 9
83436 7
83437 0
83438 4
83439 11
83440 10
83441 2
83442 7
83443 7
83444 9
83445 8
83446 2
83447 4
83448 7
83449 9
83450 3
83451 9
83452 2
83453 9
83454 1
83455 10
83456 5
83457 2
83458 4
83459 8
83460 9
83461 11
83462 0
83463 8
83464 10
83465 2
83466 8
83467 8
83468 3
83469 11
83470 3
83471 4
83472 9
83473 10
83474 9
83475 0
83476 6
83477 6
83478 10
83479 3
83480 9
83481 9
83482 3
83483 7
83484 3
83485 5
83486 3
83487 7
83488 9
83489 6
83490 0
83491 9
83492 8
83493 8
83494 7
83495 9
83496 6
83497 9
83498 9
83499 6
83500 9
83501 9
83502 8
83503 3
83504 11
83505 4
83506 1
83507 7
83508 6
83509 9
83510 4
83511 6
83512 9
83513 9
83514 3
83515 8
83516 10
83517 10
83518 11
83519 8
83520 5
83521 6
83522 3
83523 8
83524 9
83525 10
83526 6
83527 6
83528 9
83529 8
83530 8
83531 6
83532 0
83533 8
83534 8
83535 8
83536 4
83537 5
83538 2
83539 9
83540 4
83541 11
83542 5
83543 8
83544 10
83545 6
83546 5
83547 9
83548 9
83549 8
83550 8
83551 8
83552 7
83553 8
83554 9
83555 5
83556 6
83557 9
83558 9
83559 8
83560 9
83561 5
83562 4
83563 6
83564 5
83565 2
83566 7
83567 1
83568 3
83569 8
83570 7
83571 8
83572 7
83573 7
83574 9
83575 5
83576 8
83577 7
83578 1
83579 10
83580 6
83581 10
83582 3
83583 8
83584 5
83585 7
83586 0
83587 6
83588 5
83589 6
83590 10
83591 1
83592 5
83593 2
83594 8
83595 8
83596 8
83597 8
83598 9
83599 9
83600 3
83601 9
83602 8
83603 9
83604 1
83605 10
83606 10
83607 7
83608 1
83609 7
83610 1
83611 8
83612 9
83613 1
83614 10
83615 4
83616 7
83617 7
83618 10
83619 0
83620 10
83621 9
83622 9
83623 9
83624 6
83625 2
83626 10
83627 7
83628 10
83629 11
83630 8
83631 7
83632 6
83633 8
83634 10
83635 3
83636 7
83637 10
83638 9
83639 7
83640 10
83641 9
83642 2
83643 11
83644 7
83645 4
83646 10
83647 7
83648 6
83649 9
83650 3
83651 8
83652 11
83653 8
83654 3
83655 9
83656 1
83657 9
83658 11
83659 8
83660 10
83661 0
83662 7
83663 8
83664 9
83665 8
83666 2
83667 6
83668 10
83669 10
83670 5
83671 2
83672 6
83673 5
83674 6
83675 0
83676 5
83677 5
83678 2
83679 7
83680 10
83681 7
83682 5
83683 10
83684 10
83685 10
83686 7
83687 10
83688 1
83689 10
83690 6
83691 9
83692 9
83693 6
83694 8
83695 5
83696 10
83697 7
83698 7
83699 7
83700 6
83701 10
83702 12
83703 10
83704 9
83705 9
83706 7
83707 5
83708 0
83709 10
83710 3
83711 11
83712 7
83713 4
83714 9
83715 5
83716 6
83717 4
83718 9
83719 8
83720 4
83721 2
83722 9
83723 9
83724 10
83725 6
83726 3
83727 2
83728 5
83729 9
83730 7
83731 9
83732 7
83733 7
83734 7
83735 3
83736 9
83737 9
83738 9
83739 4
83740 5
83741 10
83742 7
83743 4
83744 5
83745 11
83746 9
83747 7
83748 8
83749 3
83750 7
83751 8
83752 9
83753 9
83754 10
83755 10
83756 4
83757 1
83758 10
83759 7
83760 10
83761 9
83762 11
83763 2
83764 7
83765 5
83766 10
83767 8
83768 10
83769 1
83770 2
83771 10
83772 10
83773 7
83774 9
83775 6
83776 8
83777 0
83778 7
83779 10
83780 10
83781 9
83782 10
83783 11
83784 10
83785 2
83786 4
83787 5
83788 6
83789 7
83790 6
83791 3
83792 10
83793 2
83794 3
83795 9
83796 2
83797 9
83798 8
83799 7
83800 5
83801 11
83802 1
83803 9
83804 9
83805 7
83806 0
83807 9
83808 1
83809 9
83810 9
83811 8
83812 10
83813 5
83814 2
83815 5
83816 11
83817 9
83818 8
83819 9
83820 6
83821 3
83822 10
83823 10
83824 11
83825 9
83826 6
83827 1
83828 7
83829 10
83830 11
83831 7
83832 9
83833 8
83834 3
83835 7
83836 10
83837 6
83838 3
83839 7
83840 6
83841 0
83842 9
83843 4
83844 8
83845 8
83846 6
83847 2
83848 6
83849 8
83850 9
83851 10
83852 6
83853 2
83854 10
83855 9
83856 11
83857 10
83858 9
83859 9
83860 6
83861 6
83862 8
83863 4
83864 4
83865 9
83866 8
83867 0
83868 9
83869 8
83870 9
83871 9
83872 0
83873 10
83874 11
83875 3
83876 5
83877 2
83878 11
83879 5
83880 8
83881 0
83882 4
83883 6
83884 9
83885 9
83886 7
83887 0
83888 6
83889 0
83890 1
83891 0
83892 8
83893 9
83894 4
83895 5
83896 8
83897 9
83898 10
83899 7
83900 5
83901 9
83902 5
83903 10
83904 10
83905 7
83906 9
83907 10
83908 10
83909 9
83910 9
83911 8
83912 5
83913 7
83914 6
83915 10
83916 9
83917 11
83918 10
83919 10
83920 6
83921 7
83922 3
83923 4
83924 4
83925 10
83926 10
83927 11
83928 7
83929 10
83930 8
83931 10
83932 11
83933 5
83934 6
83935 9
83936 8
83937 6
83938 3
83939 9
83940 9
83941 6
83942 4
83943 10
83944 5
83945 8
83946 10
83947 1
83948 9
83949 8
83950 4
83951 6
83952 5
83953 9
83954 3
83955 7
83956 3
83957 8
83958 4
83959 6
83960 3
83961 3
83962 8
83963 3
83964 9
83965 4
83966 10
83967 0
83968 8
83969 4
83970 3
83971 4
83972 10
83973 6
83974 10
83975 7
83976 9
83977 8
83978 1
83979 9
83980 6
83981 10
83982 6
83983 10
83984 8
83985 7
83986 7
83987 8
83988 7
83989 6
83990 11
83991 1
83992 10
83993 8
83994 10
83995 8
83996 4
83997 9
83998 10
83999 11
84000 10
84001 1
84002 5
84003 7
84004 7
84005 10
84006 7
84007 4
84008 7
84009 9
84010 8
84011 7
84012 7
84013 1
84014 8
84015 1
84016 4
84017 11
84018 8
84019 5
84020 6
84021 5
84022 10
84023 1
84024 6
84025 9
84026 5
84027 6
84028 9
84029 10
84030 10
84031 9
84032 9
84033 5
84034 9
84035 3
84036 8
84037 9
84038 11
84039 3
84040 5
84041 1
84042 7
84043 5
84044 4
84045 5
84046 10
84047 0
84048 7
84049 9
84050 12
84051 0
84052 1
84053 5
84054 6
84055 10
84056 9
84057 3
84058 10
84059 6
84060 9
84061 9
84062 8
84063 10
84064 11
84065 7
84066 6
84067 9
84068 9
84069 3
84070 11
84071 8
84072 11
84073 9
84074 10
84075 0
84076 11
84077 7
84078 8
84079 9
84080 7
84081 3
84082 8
84083 9
84084 4
84085 8
84086 3
84087 9
84088 10
84089 8
84090 4
84091 9
84092 7
84093 3
84094 11
84095 3
84096 9
84097 11
84098 4
84099 7
84100 8
84101 9
84102 9
84103 9
84104 4
84105 8
84106 4
84107 2
84108 11
84109 2
84110 11
84111 2
84112 8
84113 10
84114 4
84115 5
84116 10
84117 9
84118 9
84119 8
84120 10
84121 9
84122 10
84123 11
84124 8
84125 8
84126 6
84127 6
84128 8
84129 9
84130 9
84131 9
84132 10
84133 10
84134 7
84135 6
84136 10
84137 2
84138 11
84139 9
84140 11
84141 11
84142 5
84143 8
84144 11
84145 10
84146 8
84147 7
84148 5
84149 8
84150 10
84151 6
84152 9
84153 9
84154 4
84155 3
84156 11
84157 8
84158 9
84159 6
84160 9
84161 3
84162 10
84163 8
84164 7
84165 11
84166 2
84167 10
84168 9
84169 10
84170 10
84171 1
84172 7
84173 3
84174 10
84175 10
84176 8
84177 0
84178 2
84179 9
84180 12
84181 7
84182 10
84183 4
84184 11
84185 2
84186 2
84187 9
84188 8
84189 4
84190 1
84191 9
84192 3
84193 7
84194 6
84195 9
84196 6
84197 3
84198 9
84199 3
84200 10
84201 10
84202 8
84203 5
84204 8
84205 7
84206 11
84207 8
84208 7
84209 7
84210 7
84211 7
84212 11
84213 7
84214 4
84215 9
84216 10
84217 8
84218 3
84219 9
84220 0
84221 10
84222 7
84223 9
84224 11
84225 11
84226 11
84227 9
84228 10
84229 0
84230 11
84231 10
84232 9
84233 8
84234 10
84235 11
84236 3
84237 10
84238 4
84239 8
84240 7
84241 3
84242 1
84243 8
84244 8
84245 5
84246 10
84247 4
84248 8
84249 7
84250 3
84251 2
84252 5
84253 4
84254 4
84255 9
84256 9
84257 8
84258 10
84259 1
84260 4
84261 9
84262 7
84263 1
84264 9
84265 7
84266 1
84267 11
84268 7
84269 9
84270 9
84271 9
84272 7
84273 7
84274 0
84275 11
84276 11
84277 5
84278 7
84279 10
84280 8
84281 4
84282 9
84283 11
84284 10
84285 8
84286 10
84287 9
84288 7
84289 1
84290 5
84291 5
84292 1
84293 10
84294 10
84295 8
84296 9
84297 8
84298 7
84299 9
84300 8
84301 8
84302 9
84303 10
84304 8
84305 0
84306 8
84307 8
84308 7
84309 9
84310 11
84311 7
84312 6
84313 10
84314 4
84315 6
84316 5
84317 3
84318 4
84319 11
84320 2
84321 10
84322 7
84323 8
84324 10
84325 8
84326 10
84327 10
84328 7
84329 3
84330 6
84331 5
84332 1
84333 8
84334 8
84335 11
84336 8
84337 3
84338 7
84339 9
84340 2
84341 4
84342 5
84343 4
84344 0
84345 7
84346 10
84347 8
84348 8
84349 7
84350 6
84351 10
84352 3
84353 10
84354 6
84355 11
84356 1
84357 9
84358 11
84359 5
84360 2
84361 9
84362 8
84363 5
84364 5
84365 5
84366 11
84367 4
84368 6
84369 7
84370 7
84371 5
84372 6
84373 8
84374 8
84375 1
84376 10
84377 10
84378 9
84379 10
84380 10
84381 8
84382 5
84383 2
84384 8
84385 9
84386 4
84387 11
84388 5
84389 11
84390 7
84391 7
84392 6
84393 11
84394 11
84395 7
84396 6
84397 7
84398 7
84399 6
84400 7
84401 5
84402 9
84403 1
84404 9
84405 6
84406 7
84407 6
84408 9
84409 3
84410 8
84411 3
84412 3
84413 8
84414 1
84415 11
84416 9
84417 10
84418 7
84419 6
84420 9
84421 7
84422 9
84423 4
84424 10
84425 6
84426 7
84427 3
84428 5
84429 9
84430 10
84431 9
84432 1
84433 4
84434 5
84435 7
84436 1
84437 6
84438 4
84439 5
84440 10
84441 6
84442 6
84443 8
84444 5
84445 10
84446 1
84447 4
84448 9
84449 9
84450 9
84451 10
84452 9
84453 8
84454 10
84455 10
84456 9
84457 5
84458 3
84459 9
84460 7
84461 6
84462 9
84463 10
84464 7
84465 10
84466 6
84467 4
84468 11
84469 1
84470 4
84471 10
84472 7
84473 7
84474 8
84475 5
84476 2
84477 0
84478 8
84479 7
84480 9
84481 8
84482 8
84483 9
84484 5
84485 6
84486 4
84487 4
84488 5
84489 8
84490 7
84491 4
84492 1
84493 0
84494 9
84495 2
84496 0
84497 2
84498 5
84499 3
84500 9
84501 5
84502 0
84503 1
84504 5
84505 6
84506 11
84507 4
84508 10
84509 9
84510 6
84511 4
84512 2
84513 8
84514 10
84515 8
84516 8
84517 9
84518 8
84519 9
84520 3
84521 9
84522 9
84523 7
84524 4
84525 6
84526 10
84527 5
84528 11
84529 5
84530 6
84531 2
84532 3
84533 8
84534 0
84535 7
84536 10
84537 0
84538 9
84539 6
84540 5
84541 5
84542 8
84543 3
84544 4
84545 10
84546 9
84547 2
84548 9
84549 9
84550 7
84551 10
84552 5
84553 8
84554 10
84555 6
84556 5
84557 11
84558 8
84559 7
84560 4
84561 9
84562 8
84563 7
84564 6
84565 10
84566 8
84567 8
84568 9
84569 8
84570 9
84571 10
84572 2
84573 7
84574 11
84575 6
84576 5
84577 9
84578 6
84579 6
84580 10
84581 9
84582 5
84583 7
84584 7
84585 3
84586 0
84587 3
84588 0
84589 2
84590 9
84591 2
84592 2
84593 9
84594 9
84595 8
84596 8
84597 8
84598 11
84599 9
84600 7
84601 4
84602 4
84603 11
84604 2
84605 5
84606 1
84607 6
84608 5
84609 11
84610 2
84611 11
84612 9
84613 11
84614 0
84615 10
84616 2
84617 11
84618 9
84619 8
84620 2
84621 10
84622 6
84623 8
84624 11
84625 9
84626 9
84627 2
84628 10
84629 4
84630 8
84631 8
84632 6
84633 7
84634 3
84635 0
84636 4
84637 6
84638 7
84639 7
84640 0
84641 11
84642 0
84643 0
84644 4
84645 9
84646 9
84647 6
84648 10
84649 5
84650 8
84651 12
84652 11
84653 5
84654 0
84655 10
84656 5
84657 6
84658 8
84659 7
84660 9
84661 7
84662 7
84663 6
84664 7
84665 2
84666 11
84667 7
84668 8
84669 8
84670 8
84671 8
84672 5
84673 1
84674 1
84675 8
84676 3
84677 6
84678 11
84679 10
84680 9
84681 10
84682 10
84683 8
84684 9
84685 8
84686 11
84687 6
84688 1
84689 10
84690 6
84691 8
84692 10
84693 6
84694 8
84695 8
84696 8
84697 7
84698 2
84699 8
84700 5
84701 9
84702 2
84703 4
84704 7
84705 8
84706 6
84707 9
84708 2
84709 10
84710 2
84711 7
84712 8
84713 6
84714 4
84715 10
84716 10
84717 10
84718 10
84719 8
84720 5
84721 5
84722 2
84723 2
84724 9
84725 10
84726 10
84727 11
84728 3
84729 10
84730 9
84731 7
84732 4
84733 6
84734 7
84735 8
84736 9
84737 2
84738 1
84739 6
84740 6
84741 2
84742 5
84743 9
84744 3
84745 9
84746 1
84747 0
84748 9
84749 10
84750 11
84751 10
84752 9
84753 2
84754 9
84755 8
84756 4
84757 7
84758 2
84759 6
84760 3
84761 3
84762 7
84763 6
84764 6
84765 10
84766 9
84767 10
84768 6
84769 9
84770 4
84771 8
84772 10
84773 2
84774 1
84775 10
84776 7
84777 5
84778 3
84779 9
84780 9
84781 4
84782 7
84783 10
84784 3
84785 9
84786 10
84787 1
84788 7
84789 3
84790 6
84791 7
84792 10
84793 8
84794 0
84795 10
84796 6
84797 9
84798 6
84799 6
84800 2
84801 7
84802 5
84803 11
84804 0
84805 11
84806 10
84807 8
84808 1
84809 2
84810 7
84811 8
84812 7
84813 8
84814 11
84815 8
84816 10
84817 7
84818 2
84819 10
84820 7
84821 7
84822 2
84823 3
84824 7
84825 0
84826 3
84827 3
84828 10
84829 9
84830 6
84831 6
84832 1
84833 9
84834 10
84835 5
84836 5
84837 7
84838 7
84839 11
84840 0
84841 5
84842 10
84843 9
84844 11
84845 4
84846 5
84847 1
84848 8
84849 7
84850 8
84851 6
84852 4
84853 10
84854 10
84855 6
84856 8
84857 1
84858 5
84859 10
84860 8
84861 10
84862 9
84863 7
84864 11
84865 1
84866 9
84867 6
84868 10
84869 6
84870 5
84871 9
84872 2
84873 5
84874 5
84875 3
84876 6
84877 10
84878 6
84879 10
84880 5
84881 1
84882 1
84883 8
84884 10
84885 6
84886 10
84887 2
84888 4
84889 7
84890 3
84891 1
84892 11
84893 10
84894 6
84895 0
84896 7
84897 10
84898 6
84899 11
84900 1
84901 9
84902 1
84903 11
84904 11
84905 9
84906 4
84907 3
84908 6
84909 11
84910 8
84911 9
84912 0
84913 6
84914 5
84915 11
84916 9
84917 3
84918 10
84919 2
84920 2
84921 10
84922 7
84923 3
84924 8
84925 6
84926 8
84927 6
84928 6
84929 9
84930 1
84931 9
84932 9
84933 7
84934 9
84935 11
84936 8
84937 0
84938 8
84939 8
84940 1
84941 8
84942 7
84943 8
84944 10
84945 1
84946 10
84947 4
84948 5
84949 6
84950 5
84951 7
84952 8
84953 9
84954 5
84955 7
84956 11
84957 4
84958 10
84959 5
84960 8
84961 6
84962 7
84963 8
84964 8
84965 8
84966 6
84967 9
84968 11
84969 8
84970 5
84971 9
84972 10
84973 7
84974 5
84975 1
84976 4
84977 10
84978 8
84979 10
84980 9
84981 7
84982 8
84983 1
84984 1
84985 3
84986 3
84987 9
84988 5
84989 7
84990 5
84991 0
84992 0
84993 4
84994 8
84995 4
84996 8
84997 9
84998 9
84999 10
85000 8
85001 10
85002 9
85003 6
85004 7
85005 2
85006 10
85007 10
85008 8
85009 6
85010 9
85011 1
85012 5
85013 0
85014 6
85015 11
85016 7
85017 6
85018 8
85019 0
85020 9
85021 6
85022 5
85023 1
85024 4
85025 9
85026 11
85027 9
85028 7
85029 7
85030 8
85031 4
85032 10
85033 10
85034 0
85035 6
85036 10
85037 2
85038 3
85039 11
85040 1
85041 6
85042 8
85043 9
85044 9
85045 1
85046 10
85047 10
85048 4
85049 9
85050 5
85051 8
85052 7
85053 5
85054 6
85055 9
85056 9
85057 3
85058 11
85059 5
85060 8
85061 11
85062 2
85063 6
85064 9
85065 5
85066 5
85067 9
85068 10
85069 7
85070 11
85071 10
85072 11
85073 4
85074 5
85075 3
85076 9
85077 6
85078 11
85079 9
85080 4
85081 9
85082 9
85083 4
85084 9
85085 10
85086 1
85087 4
85088 5
85089 8
85090 8
85091 8
85092 0
85093 9
85094 1
85095 3
85096 7
85097 10
85098 8
85099 10
85100 3
85101 9
85102 6
85103 3
85104 9
85105 2
85106 2
85107 2
85108 3
85109 2
85110 10
85111 8
85112 5
85113 9
85114 6
85115 7
85116 7
85117 3
85118 6
85119 10
85120 0
85121 2
85122 10
85123 0
85124 7
85125 8
85126 10
85127 3
85128 3
85129 8
85130 4
85131 9
85132 10
85133 10
85134 10
85135 9
85136 1
85137 1
85138 1
85139 9
85140 10
85141 10
85142 7
85143 0
85144 4
85145 10
85146 8
85147 7
85148 10
85149 3
85150 8
85151 5
85152 11
85153 6
85154 9
85155 6
85156 7
85157 10
85158 10
85159 9
85160 9
85161 7
85162 2
85163 9
85164 6
85165 1
85166 10
85167 8
85168 7
85169 10
85170 4
85171 8
85172 5
85173 9
85174 5
85175 9
85176 10
85177 11
85178 11
85179 4
85180 9
85181 11
85182 8
85183 6
85184 3
85185 9
85186 4
85187 2
85188 7
85189 0
85190 10
85191 3
85192 7
85193 7
85194 5
85195 2
85196 7
85197 10
85198 5
85199 3
85200 7
85201 9
85202 11
85203 9
85204 8
85205 8
85206 6
85207 8
85208 0
85209 3
85210 4
85211 6
85212 8
85213 4
85214 7
85215 10
85216 5
85217 10
85218 9
85219 6
85220 10
85221 0
85222 3
85223 2
85224 5
85225 9
85226 7
85227 11
85228 1
85229 4
85230 10
85231 5
85232 9
85233 2
85234 8
85235 4
85236 10
85237 9
85238 5
85239 1
85240 9
85241 8
85242 10
85243 10
85244 1
85245 8
85246 10
85247 6
85248 6
85249 8
85250 11
85251 10
85252 2
85253 2
85254 10
85255 9
85256 8
85257 9
85258 2
85259 8
85260 1
85261 10
85262 9
85263 7
85264 3
85265 11
85266 5
85267 7
85268 7
85269 2
85270 8
85271 8
85272 7
85273 6
85274 6
85275 8
85276 5
85277 1
85278 5
85279 11
85280 1
85281 11
85282 5
85283 7
85284 11
85285 9
85286 6
85287 10
85288 8
85289 2
85290 7
85291 3
85292 9
85293 9
85294 10
85295 8
85296 9
85297 0
85298 11
85299 10
85300 6
85301 9
85302 8
85303 8
85304 2
85305 5
85306 8
85307 9
85308 2
85309 8
85310 10
85311 6
85312 11
85313 7
85314 9
85315 8
85316 1
85317 0
85318 8
85319 9
85320 6
85321 10
85322 7
85323 8
85324 4
85325 6
85326 4
85327 10
85328 8
85329 11
85330 8
85331 1
85332 9
85333 7
85334 2
85335 9
85336 8
85337 7
85338 6
85339 4
85340 10
85341 10
85342 8
85343 10
85344 1
85345 3
85346 5
85347 9
85348 8
85349 8
85350 8
85351 3
85352 8
85353 6
85354 6
85355 3
85356 6
85357 11
85358 5
85359 8
85360 8
85361 6
85362 5
85363 8
85364 6
85365 7
85366 9
85367 6
85368 8
85369 9
85370 10
85371 9
85372 6
85373 8
85374 8
85375 9
85376 7
85377 2
85378 10
85379 9
85380 2
85381 5
85382 8
85383 10
85384 9
85385 11
85386 7
85387 6
85388 10
85389 3
85390 10
85391 8
85392 8
85393 4
85394 0
85395 2
85396 9
85397 11
85398 8
85399 10
85400 9
85401 9
85402 5
85403 9
85404 11
85405 7
85406 11
85407 7
85408 3
85409 3
85410 0
85411 7
85412 10
85413 7
85414 10
85415 5
85416 10
85417 2
85418 8
85419 4
85420 7
85421 10
85422 8
85423 9
85424 9
85425 11
85426 1
85427 10
85428 0
85429 1
85430 7
85431 5
85432 8
85433 6
85434 7
85435 1
85436 5
85437 10
85438 0
85439 9
85440 11
85441 4
85442 2
85443 7
85444 10
85445 3
85446 9
85447 2
85448 9
85449 3
85450 11
85451 12
85452 9
85453 6
85454 5
85455 6
85456 8
85457 2
85458 9
85459 4
85460 9
85461 1
85462 8
85463 11
85464 8
85465 11
85466 1
85467 10
85468 11
85469 7
85470 9
85471 8
85472 9
85473 7
85474 9
85475 9
85476 8
85477 5
85478 7
85479 10
85480 11
85481 11
85482 4
85483 8
85484 3
85485 1
85486 9
85487 10
85488 5
85489 10
85490 9
85491 0
85492 10
85493 3
85494 6
85495 10
85496 8
85497 0
85498 10
85499 7
85500 7
85501 10
85502 3
85503 1
85504 7
85505 8
85506 6
85507 0
85508 2
85509 4
85510 6
85511 0
85512 2
85513 10
85514 3
85515 6
85516 6
85517 5
85518 9
85519 4
85520 8
85521 10
85522 9
85523 11
85524 1
85525 6
85526 3
85527 5
85528 7
85529 10
85530 4
85531 9
85532 7
85533 3
85534 10
85535 11
85536 8
85537 10
85538 6
85539 8
85540 2
85541 6
85542 8
85543 8
85544 10
85545 8
85546 8
85547 9
85548 10
85549 5
85550 6
85551 8
85552 8
85553 10
85554 10
85555 10
85556 8
85557 3
85558 6
85559 8
85560 4
85561 2
85562 3
85563 6
85564 3
85565 1
85566 7
85567 10
85568 11
85569 1
85570 4
85571 11
85572 8
85573 7
85574 7
85575 7
85576 9
85577 7
85578 6
85579 10
85580 5
85581 9
85582 10
85583 6
85584 5
85585 10
85586 9
85587 2
85588 6
85589 4
85590 11
85591 8
85592 6
85593 7
85594 8
85595 9
85596 5
85597 7
85598 8
85599 11
85600 6
85601 9
85602 4
85603 10
85604 9
85605 8
85606 8
85607 7
85608 2
85609 5
85610 9
85611 6
85612 10
85613 3
85614 4
85615 11
85616 10
85617 11
85618 7
85619 10
85620 7
85621 6
85622 9
85623 11
85624 9
85625 6
85626 7
85627 0
85628 9
85629 10
85630 8
85631 5
85632 9
85633 11
85634 8
85635 10
85636 5
85637 4
85638 3
85639 8
85640 3
85641 10
85642 8
85643 9
85644 10
85645 0
85646 10
85647 0
85648 9
85649 3
85650 7
85651 9
85652 8
85653 3
85654 10
85655 4
85656 7
85657 9
85658 8
85659 5
85660 7
85661 9
85662 6
85663 8
85664 9
85665 7
85666 10
85667 1
85668 9
85669 10
85670 5
85671 10
85672 8
85673 9
85674 7
85675 8
85676 3
85677 9
85678 8
85679 4
85680 6
85681 11
85682 4
85683 9
85684 9
85685 9
85686 3
85687 7
85688 4
85689 0
85690 9
85691 10
85692 10
85693 9
85694 6
85695 8
85696 8
85697 5
85698 5
85699 4
85700 6
85701 6
85702 11
85703 7
85704 6
85705 6
85706 11
85707 4
85708 10
85709 10
85710 5
85711 6
85712 7
85713 7
85714 7
85715 6
85716 3
85717 2
85718 5
85719 9
85720 7
85721 2
85722 5
85723 4
85724 8
85725 10
85726 8
85727 2
85728 6
85729 9
85730 10
85731 7
85732 4
85733 5
85734 3
85735 9
85736 9
85737 11
85738 9
85739 3
85740 6
85741 10
85742 10
85743 5
85744 10
85745 0
85746 7
85747 9
85748 9
85749 10
85750 2
85751 7
85752 7
85753 10
85754 0
85755 1
85756 10
85757 10
85758 8
85759 2
85760 4
85761 5
85762 2
85763 7
85764 4
85765 3
85766 9
85767 0
85768 8
85769 5
85770 11
85771 2
85772 0
85773 2
85774 8
85775 3
85776 8
85777 5
85778 5
85779 10
85780 0
85781 10
85782 6
85783 5
85784 1
85785 2
85786 4
85787 4
85788 10
85789 1
85790 11
85791 10
85792 10
85793 9
85794 2
85795 8
85796 10
85797 3
85798 10
85799 9
85800 9
85801 2
85802 3
85803 3
85804 3
85805 1
85806 11
85807 10
85808 8
85809 9
85810 7
85811 8
85812 6
85813 10
85814 7
85815 4
85816 10
85817 7
85818 7
85819 11
85820 6
85821 7
85822 8
85823 9
85824 10
85825 9
85826 8
85827 6
85828 10
85829 8
85830 6
85831 9
85832 9
85833 10
85834 8
85835 8
85836 3
85837 5
85838 8
85839 10
85840 5
85841 8
85842 10
85843 7
85844 1
85845 2
85846 0
85847 6
85848 3
85849 9
85850 9
85851 5
85852 6
85853 7
85854 4
85855 3
85856 9
85857 9
85858 4
85859 8
85860 11
85861 9
85862 8
85863 5
85864 8
85865 10
85866 4
85867 9
85868 11
85869 8
85870 9
85871 2
85872 1
85873 5
85874 11
85875 0
85876 2
85877 10
85878 6
85879 4
85880 7
85881 9
85882 1
85883 10
85884 4
85885 2
85886 10
85887 8
85888 8
85889 9
85890 10
85891 6
85892 8
85893 1
85894 5
85895 5
85896 3
85897 2
85898 6
85899 10
85900 3
85901 3
85902 10
85903 10
85904 0
85905 8
85906 10
85907 9
85908 4
85909 5
85910 8
85911 3
85912 0
85913 3
85914 10
85915 5
85916 7
85917 5
85918 2
85919 4
85920 11
85921 6
85922 8
85923 9
85924 9
85925 5
85926 7
85927 2
85928 9
85929 8
85930 8
85931 11
85932 11
85933 7
85934 9
85935 1
85936 8
85937 2
85938 8
85939 8
85940 1
85941 1
85942 6
85943 4
85944 6
85945 2
85946 9
85947 1
85948 6
85949 7
85950 9
85951 4
85952 10
85953 11
85954 8
85955 4
85956 4
85957 1
85958 3
85959 9
85960 7
85961 2
85962 10
85963 9
85964 11
85965 7
85966 4
85967 11
85968 10
85969 2
85970 3
85971 2
85972 1
85973 1
85974 3
85975 8
85976 11
85977 11
85978 10
85979 10
85980 6
85981 8
85982 4
85983 6
85984 0
85985 8
85986 10
85987 8
85988 10
85989 2
85990 7
85991 5
85992 6
85993 9
85994 9
85995 9
85996 11
85997 11
85998 8
85999 6
86000 9
86001 1
86002 6
86003 2
86004 7
86005 9
86006 3
86007 7
86008 11
86009 6
86010 6
86011 7
86012 9
86013 3
86014 0
86015 8
86016 8
86017 6
86018 7
86019 8
86020 5
86021 10
86022 4
86023 11
86024 7
86025 5
86026 6
86027 10
86028 10
86029 0
86030 11
86031 2
86032 7
86033 11
86034 5
86035 3
86036 8
86037 11
86038 8
86039 8
86040 10
86041 9
86042 10
86043 8
86044 9
86045 0
86046 9
86047 10
86048 8
86049 10
86050 11
86051 12
86052 0
86053 1
86054 4
86055 3
86056 10
86057 3
86058 8
86059 2
86060 8
86061 11
86062 1
86063 10
86064 5
86065 8
86066 10
86067 6
86068 9
86069 0
86070 10
86071 10
86072 8
86073 6
86074 4
86075 11
86076 0
86077 9
86078 2
86079 8
86080 8
86081 1
86082 2
86083 11
86084 9
86085 0
86086 9
86087 6
86088 8
86089 2
86090 5
86091 10
86092 9
86093 7
86094 6
86095 5
86096 6
86097 11
86098 11
86099 2
86100 9
86101 1
86102 11
86103 10
86104 8
86105 10
86106 1
86107 8
86108 10
86109 6
86110 8
86111 7
86112 6
86113 4
86114 6
86115 4
86116 7
86117 11
86118 5
86119 3
86120 8
86121 3
86122 1
86123 6
86124 10
86125 4
86126 5
86127 9
86128 6
86129 7
86130 5
86131 9
86132 5
86133 12
86134 1
86135 10
86136 8
86137 3
86138 5
86139 9
86140 9
86141 6
86142 2
86143 8
86144 1
86145 9
86146 3
86147 5
86148 8
86149 6
86150 9
86151 10
86152 5
86153 8
86154 9
86155 7
86156 6
86157 6
86158 8
86159 6
86160 11
86161 3
86162 9
86163 6
86164 0
86165 8
86166 8
86167 10
86168 4
86169 9
86170 10
86171 8
86172 8
86173 8
86174 1
86175 3
86176 6
86177 8
86178 4
86179 8
86180 10
86181 8
86182 12
86183 4
86184 8
86185 10
86186 5
86187 8
86188 3
86189 3
86190 7
86191 8
86192 6
86193 8
86194 8
86195 10
86196 2
86197 3
86198 11
86199 2
86200 9
86201 9
86202 3
86203 11
86204 7
86205 11
86206 10
86207 9
86208 7
86209 1
86210 11
86211 5
86212 1
86213 3
86214 8
86215 1
86216 8
86217 11
86218 0
86219 11
86220 9
86221 0
86222 10
86223 2
86224 0
86225 5
86226 8
86227 9
86228 5
86229 9
86230 10
86231 3
86232 6
86233 10
86234 10
86235 2
86236 10
86237 3
86238 5
86239 9
86240 11
86241 8
86242 4
86243 5
86244 0
86245 10
86246 7
86247 10
86248 12
86249 7
86250 7
86251 9
86252 8
86253 9
86254 10
86255 11
86256 2
86257 10
86258 10
86259 1
86260 8
86261 9
86262 6
86263 0
86264 4
86265 1
86266 10
86267 10
86268 5
86269 10
86270 6
86271 2
86272 9
86273 9
86274 6
86275 9
86276 8
86277 3
86278 7
86279 8
86280 8
86281 9
86282 6
86283 2
86284 7
86285 7
86286 11
86287 2
86288 1
86289 8
86290 10
86291 1
86292 0
86293 9
86294 8
86295 9
86296 9
86297 3
86298 7
86299 7
86300 8
86301 9
86302 6
86303 11
86304 11
86305 9
86306 2
86307 9
86308 7
86309 10
86310 8
86311 10
86312 10
86313 3
86314 9
86315 6
86316 10
86317 5
86318 10
86319 8
86320 5
86321 2
86322 6
86323 8
86324 9
86325 9
86326 7
86327 9
86328 7
86329 5
86330 3
86331 8
86332 3
86333 10
86334 6
86335 8
86336 11
86337 6
86338 10
86339 10
86340 11
86341 1
86342 8
86343 8
86344 3
86345 1
86346 10
86347 7
86348 9
86349 10
86350 7
86351 11
86352 9
86353 6
86354 8
86355 3
86356 9
86357 10
86358 11
86359 6
86360 6
86361 3
86362 4
86363 10
86364 0
86365 0
86366 2
86367 9
86368 9
86369 8
86370 11
86371 6
86372 4
86373 11
86374 6
86375 0
86376 7
86377 9
86378 9
86379 8
86380 8
86381 10
86382 6
86383 6
86384 10
86385 9
86386 8
86387 7
86388 2
86389 3
86390 11
86391 5
86392 9
86393 9
86394 9
86395 10
86396 6
86397 8
86398 4
86399 11
86400 9
86401 4
86402 1
86403 9
86404 7
86405 7
86406 5
86407 5
86408 9
86409 11
86410 9
86411 7
86412 1
86413 9
86414 5
86415 11
86416 11
86417 4
86418 6
86419 0
86420 6
86421 11
86422 6
86423 1
86424 4
86425 7
86426 10
86427 7
86428 8
86429 9
86430 11
86431 1
86432 9
86433 9
86434 9
86435 10
86436 5
86437 5
86438 0
86439 2
86440 9
86441 11
86442 9
86443 10
86444 5
86445 6
86446 3
86447 4
86448 11
86449 10
86450 5
86451 3
86452 7
86453 7
86454 8
86455 3
86456 7
86457 4
86458 9
86459 7
86460 1
86461 7
86462 7
86463 8
86464 9
86465 10
86466 6
86467 9
86468 9
86469 3
86470 7
86471 7
86472 3
86473 2
86474 1
86475 6
86476 11
86477 4
86478 4
86479 3
86480 4
86481 9
86482 6
86483 10
86484 3
86485 8
86486 2
86487 6
86488 6
86489 10
86490 10
86491 4
86492 1
86493 7
86494 6
86495 7
86496 10
86497 11
86498 10
86499 4
86500 9
86501 0
86502 11
86503 7
86504 6
86505 2
86506 9
86507 9
86508 6
86509 7
86510 5
86511 8
86512 11
86513 4
86514 1
86515 8
86516 5
86517 9
86518 5
86519 4
86520 0
86521 2
86522 11
86523 7
86524 1
86525 5
86526 5
86527 7
86528 8
86529 0
86530 10
86531 9
86532 6
86533 8
86534 0
86535 9
86536 9
86537 1
86538 9
86539 11
86540 11
86541 10
86542 10
86543 6
86544 9
86545 9
86546 11
86547 2
86548 4
86549 2
86550 5
86551 11
86552 9
86553 8
86554 8
86555 8
86556 4
86557 10
86558 9
86559 8
86560 9
86561 6
86562 2
86563 5
86564 7
86565 2
86566 10
86567 0
86568 10
86569 6
86570 6
86571 11
86572 0
86573 9
86574 6
86575 10
86576 11
86577 5
86578 0
86579 8
86580 8
86581 11
86582 3
86583 3
86584 7
86585 8
86586 9
86587 11
86588 0
86589 10
86590 5
86591 7
86592 8
86593 8
86594 11
86595 4
86596 9
86597 1
86598 9
86599 9
86600 3
86601 4
86602 6
86603 10
86604 7
86605 11
86606 2
86607 9
86608 8
86609 8
86610 9
86611 6
86612 9
86613 2
86614 10
86615 6
86616 7
86617 7
86618 10
86619 8
86620 3
86621 6
86622 3
86623 9
86624 8
86625 4
86626 5
86627 9
86628 6
86629 7
86630 8
86631 4
86632 2
86633 9
86634 12
86635 10
86636 4
86637 11
86638 7
86639 4
86640 7
86641 8
86642 6
86643 1
86644 6
86645 10
86646 8
86647 0
86648 6
86649 1
86650 6
86651 10
86652 5
86653 4
86654 5
86655 7
86656 10
86657 7
86658 7
86659 10
86660 2
86661 7
86662 10
86663 9
86664 2
86665 7
86666 9
86667 11
86668 9
86669 2
86670 5
86671 8
86672 3
86673 10
86674 6
86675 10
86676 9
86677 3
86678 10
86679 9
86680 8
86681 5
86682 7
86683 8
86684 4
86685 9
86686 4
86687 10
86688 9
86689 11
86690 0
86691 3
86692 9
86693 5
86694 2
86695 7
86696 2
86697 6
86698 7
86699 9
86700 8
86701 8
86702 7
86703 1
86704 9
86705 10
86706 11
86707 4
86708 8
86709 9
86710 8
86711 5
86712 7
86713 2
86714 10
86715 11
86716 9
86717 9
86718 6
86719 8
86720 11
86721 6
86722 8
86723 11
86724 8
86725 4
86726 7
86727 8
86728 7
86729 1
86730 6
86731 8
86732 7
86733 11
86734 11
86735 0
86736 4
86737 10
86738 0
86739 7
86740 5
86741 9
86742 10
86743 4
86744 7
86745 3
86746 6
86747 5
86748 10
86749 10
86750 11
86751 8
86752 9
86753 9
86754 9
86755 7
86756 9
86757 10
86758 10
86759 2
86760 10
86761 8
86762 9
86763 8
86764 3
86765 10
86766 8
86767 11
86768 6
86769 1
86770 1
86771 1
86772 6
86773 9
86774 8
86775 9
86776 8
86777 11
86778 9
86779 9
86780 10
86781 4
86782 9
86783 6
86784 9
86785 5
86786 10
86787 1
86788 6
86789 7
86790 0
86791 7
86792 5
86793 3
86794 7
86795 3
86796 6
86797 8
86798 5
86799 7
86800 10
86801 4
86802 9
86803 6
86804 8
86805 7
86806 10
86807 5
86808 9
86809 9
86810 10
86811 7
86812 8
86813 8
86814 1
86815 4
86816 10
86817 5
86818 2
86819 1
86820 1
86821 10
86822 11
86823 10
86824 7
86825 7
86826 11
86827 9
86828 11
86829 4
86830 4
86831 1
86832 5
86833 10
86834 11
86835 7
86836 8
86837 6
86838 8
86839 9
86840 6
86841 11
86842 9
86843 7
86844 9
86845 9
86846 8
86847 6
86848 3
86849 4
86850 4
86851 10
86852 9
86853 1
86854 10
86855 4
86856 8
86857 11
86858 5
86859 4
86860 11
86861 9
86862 10
86863 6
86864 5
86865 4
86866 3
86867 11
86868 4
86869 9
86870 9
86871 5
86872 11
86873 10
86874 5
86875 12
86876 5
86877 9
86878 7
86879 4
86880 7
86881 6
86882 10
86883 11
86884 4
86885 9
86886 8
86887 9
86888 2
86889 3
86890 11
86891 11
86892 10
86893 2
86894 8
86895 5
86896 10
86897 2
86898 7
86899 2
86900 7
86901 10
86902 3
86903 2
86904 10
86905 6
86906 8
86907 1
86908 8
86909 10
86910 3
86911 9
86912 10
86913 5
86914 5
86915 8
86916 9
86917 5
86918 3
86919 2
86920 9
86921 11
86922 5
86923 4
86924 3
86925 8
86926 6
86927 9
86928 8
86929 5
86930 8
86931 9
86932 9
86933 5
86934 9
86935 11
86936 8
86937 9
86938 5
86939 5
86940 10
86941 8
86942 9
86943 1
86944 1
86945 11
86946 8
86947 10
86948 9
86949 2
86950 11
86951 4
86952 5
86953 6
86954 8
86955 9
86956 10
86957 4
86958 8
86959 10
86960 1
86961 10
86962 7
86963 5
86964 8
86965 6
86966 3
86967 9
86968 11
86969 2
86970 8
86971 6
86972 5
86973 11
86974 7
86975 9
86976 10
86977 8
86978 0
86979 9
86980 5
86981 8
86982 9
86983 11
86984 11
86985 2
86986 7
86987 6
86988 9
86989 9
86990 5
86991 11
86992 11
86993 4
86994 9
86995 9
86996 11
86997 8
86998 8
86999 9
87000 10
87001 3
87002 8
87003 4
87004 3
87005 9
87006 1
87007 12
87008 8
87009 11
87010 10
87011 9
87012 9
87013 8
87014 12
87015 6
87016 9
87017 8
87018 9
87019 3
87020 2
87021 4
87022 11
87023 1
87024 10
87025 11
87026 9
87027 10
87028 11
87029 4
87030 1
87031 7
87032 11
87033 3
87034 7
87035 5
87036 9
87037 4
87038 9
87039 6
87040 4
87041 10
87042 0
87043 3
87044 9
87045 9
87046 8
87047 9
87048 7
87049 11
87050 10
87051 3
87052 11
87053 3
87054 10
87055 5
87056 5
87057 10
87058 8
87059 8
87060 7
87061 4
87062 3
87063 2
87064 6
87065 10
87066 3
87067 9
87068 0
87069 9
87070 2
87071 10
87072 8
87073 1
87074 11
87075 3
87076 8
87077 5
87078 4
87079 10
87080 10
87081 4
87082 7
87083 1
87084 8
87085 5
87086 10
87087 8
87088 8
87089 9
87090 11
87091 9
87092 7
87093 6
87094 10
87095 10
87096 7
87097 8
87098 7
87099 10
87100 10
87101 10
87102 10
87103 2
87104 1
87105 8
87106 8
87107 8
87108 9
87109 10
87110 3
87111 11
87112 8
87113 6
87114 7
87115 5
87116 7
87117 6
87118 8
87119 8
87120 8
87121 9
87122 8
87123 9
87124 4
87125 3
87126 0
87127 4
87128 10
87129 9
87130 10
87131 9
87132 4
87133 8
87134 3
87135 2
87136 11
87137 8
87138 10
87139 9
87140 9
87141 12
87142 1
87143 1
87144 6
87145 7
87146 8
87147 1
87148 11
87149 9
87150 10
87151 10
87152 6
87153 1
87154 3
87155 11
87156 10
87157 10
87158 0
87159 4
87160 6
87161 10
87162 9
87163 8
87164 0
87165 0
87166 7
87167 11
87168 1
87169 2
87170 7
87171 11
87172 11
87173 6
87174 1
87175 12
87176 10
87177 9
87178 10
87179 8
87180 3
87181 8
87182 1
87183 6
87184 8
87185 6
87186 10
87187 2
87188 11
87189 3
87190 5
87191 5
87192 10
87193 8
87194 8
87195 11
87196 10
87197 10
87198 4
87199 9
87200 1
87201 10
87202 7
87203 6
87204 9
87205 12
87206 2
87207 9
87208 4
87209 10
87210 5
87211 3
87212 10
87213 3
87214 6
87215 5
87216 9
87217 10
87218 5
87219 3
87220 11
87221 8
87222 6
87223 10
87224 9
87225 9
87226 2
87227 8
87228 6
87229 3
87230 4
87231 8
87232 11
87233 4
87234 5
87235 5
87236 2
87237 8
87238 6
87239 7
87240 9
87241 3
87242 11
87243 3
87244 3
87245 2
87246 8
87247 8
87248 8
87249 10
87250 7
87251 3
87252 8
87253 9
87254 2
87255 5
87256 5
87257 10
87258 4
87259 6
87260 7
87261 0
87262 12
87263 7
87264 11
87265 7
87266 9
87267 4
87268 0
87269 7
87270 11
87271 5
87272 1
87273 11
87274 9
87275 6
87276 11
87277 7
87278 4
87279 10
87280 7
87281 3
87282 0
87283 4
87284 10
87285 10
87286 6
87287 11
87288 8
87289 5
87290 10
87291 6
87292 11
87293 4
87294 11
87295 7
87296 7
87297 5
87298 4
87299 11
87300 6
87301 7
87302 9
87303 6
87304 10
87305 5
87306 1
87307 5
87308 10
87309 11
87310 4
87311 7
87312 9
87313 11
87314 5
87315 3
87316 2
87317 8
87318 8
87319 8
87320 8
87321 3
87322 4
87323 4
87324 9
87325 9
87326 9
87327 8
87328 9
87329 10
87330 5
87331 9
87332 10
87333 8
87334 11
87335 11
87336 11
87337 4
87338 11
87339 3
87340 5
87341 10
87342 7
87343 8
87344 1
87345 5
87346 12
87347 6
87348 9
87349 8
87350 4
87351 3
87352 6
87353 8
87354 9
87355 3
87356 0
87357 9
87358 4
87359 10
87360 7
87361 0
87362 9
87363 5
87364 9
87365 4
87366 8
87367 10
87368 5
87369 6
87370 4
87371 9
87372 6
87373 4
87374 7
87375 4
87376 11
87377 10
87378 5
87379 6
87380 12
87381 11
87382 6
87383 8
87384 8
87385 3
87386 3
87387 11
87388 9
87389 4
87390 9
87391 9
87392 0
87393 6
87394 10
87395 4
87396 6
87397 5
87398 10
87399 5
87400 4
87401 9
87402 9
87403 0
87404 6
87405 7
87406 10
87407 7
87408 0
87409 5
87410 10
87411 7
87412 7
87413 1
87414 8
87415 11
87416 4
87417 8
87418 4
87419 11
87420 9
87421 9
87422 5
87423 10
87424 10
87425 10
87426 9
87427 3
87428 11
87429 8
87430 9
87431 12
87432 10
87433 10
87434 11
87435 7
87436 3
87437 9
87438 10
87439 8
87440 9
87441 9
87442 0
87443 3
87444 7
87445 6
87446 10
87447 12
87448 8
87449 11
87450 0
87451 8
87452 7
87453 10
87454 10
87455 7
87456 8
87457 5
87458 9
87459 8
87460 0
87461 11
87462 10
87463 6
87464 3
87465 6
87466 2
87467 8
87468 7
87469 2
87470 10
87471 7
87472 1
87473 4
87474 10
87475 8
87476 9
87477 11
87478 10
87479 0
87480 8
87481 7
87482 5
87483 2
87484 11
87485 9
87486 7
87487 8
87488 7
87489 0
87490 3
87491 3
87492 9
87493 5
87494 4
87495 9
87496 6
87497 10
87498 3
87499 11
87500 10
87501 9
87502 2
87503 4
87504 5
87505 9
87506 10
87507 10
87508 10
87509 9
87510 7
87511 10
87512 8
87513 10
87514 8
87515 10
87516 6
87517 0
87518 10
87519 9
87520 9
87521 3
87522 9
87523 1
87524 4
87525 8
87526 3
87527 10
87528 6
87529 10
87530 12
87531 10
87532 1
87533 2
87534 8
87535 4
87536 8
87537 11
87538 11
87539 5
87540 7
87541 10
87542 8
87543 8
87544 0
87545 6
87546 9
87547 10
87548 11
87549 2
87550 8
87551 2
87552 9
87553 10
87554 10
87555 11
87556 9
87557 7
87558 5
87559 6
87560 10
87561 11
87562 6
87563 10
87564 2
87565 9
87566 10
87567 7
87568 9
87569 5
87570 5
87571 10
87572 9
87573 4
87574 8
87575 8
87576 0
87577 7
87578 3
87579 2
87580 4
87581 9
87582 9
87583 5
87584 7
87585 9
87586 3
87587 5
87588 10
87589 11
87590 7
87591 2
87592 0
87593 3
87594 10
87595 11
87596 10
87597 11
87598 8
87599 9
87600 11
87601 8
87602 6
87603 6
87604 10
87605 5
87606 7
87607 11
87608 5
87609 11
87610 8
87611 10
87612 3
87613 5
87614 11
87615 10
87616 3
87617 7
87618 2
87619 7
87620 11
87621 4
87622 7
87623 6
87624 11
87625 6
87626 9
87627 2
87628 11
87629 3
87630 7
87631 5
87632 11
87633 5
87634 11
87635 6
87636 11
87637 3
87638 10
87639 7
87640 10
87641 6
87642 4
87643 0
87644 9
87645 6
87646 6
87647 5
87648 10
87649 9
87650 0
87651 9
87652 6
87653 10
87654 8
87655 2
87656 8
87657 12
87658 6
87659 2
87660 6
87661 7
87662 6
87663 7
87664 10
87665 7
87666 10
87667 2
87668 8
87669 7
87670 10
87671 7
87672 11
87673 7
87674 5
87675 3
87676 8
87677 6
87678 11
87679 4
87680 4
87681 10
87682 8
87683 8
87684 9
87685 5
87686 5
87687 9
87688 6
87689 9
87690 11
87691 3
87692 4
87693 11
87694 2
87695 4
87696 9
87697 10
87698 7
87699 10
87700 2
87701 11
87702 3
87703 6
87704 0
87705 7
87706 0
87707 9
87708 3
87709 3
87710 9
87711 2
87712 8
87713 8
87714 8
87715 4
87716 7
87717 9
87718 6
87719 7
87720 5
87721 11
87722 7
87723 10
87724 10
87725 4
87726 3
87727 4
87728 2
87729 8
87730 10
87731 10
87732 7
87733 2
87734 3
87735 6
87736 11
87737 8
87738 0
87739 10
87740 10
87741 6
87742 6
87743 7
87744 10
87745 5
87746 8
87747 1
87748 11
87749 3
87750 6
87751 9
87752 11
87753 9
87754 9
87755 7
87756 9
87757 2
87758 2
87759 6
87760 7
87761 8
87762 12
87763 4
87764 9
87765 7
87766 10
87767 8
87768 0
87769 10
87770 11
87771 6
87772 4
87773 10
87774 8
87775 3
87776 2
87777 10
87778 8
87779 6
87780 1
87781 7
87782 10
87783 5
87784 10
87785 2
87786 4
87787 5
87788 0
87789 7
87790 10
87791 9
87792 9
87793 11
87794 11
87795 11
87796 5
87797 7
87798 9
87799 10
87800 6
87801 9
87802 2
87803 12
87804 2
87805 9
87806 0
87807 3
87808 0
87809 10
87810 9
87811 0
87812 9
87813 9
87814 8
87815 2
87816 9
87817 1
87818 7
87819 10
87820 6
87821 10
87822 10
87823 6
87824 6
87825 8
87826 4
87827 6
87828 4
87829 5
87830 9
87831 9
87832 0
87833 8
87834 3
87835 10
87836 2
87837 9
87838 8
87839 11
87840 10
87841 8
87842 1
87843 9
87844 9
87845 10
87846 7
87847 5
87848 10
87849 9
87850 9
87851 5
87852 4
87853 0
87854 11
87855 6
87856 4
87857 3
87858 9
87859 5
87860 8
87861 9
87862 6
87863 9
87864 4
87865 10
87866 8
87867 8
87868 11
87869 6
87870 0
87871 10
87872 11
87873 8
87874 11
87875 9
87876 10
87877 10
87878 1
87879 10
87880 0
87881 9
87882 9
87883 4
87884 1
87885 9
87886 11
87887 7
87888 2
87889 5
87890 10
87891 8
87892 10
87893 8
87894 4
87895 9
87896 2
87897 9
87898 10
87899 9
87900 10
87901 2
87902 7
87903 0
87904 8
87905 5
87906 8
87907 10
87908 4
87909 1
87910 5
87911 10
87912 1
87913 6
87914 10
87915 10
87916 9
87917 11
87918 10
87919 7
87920 11
87921 10
87922 10
87923 9
87924 9
87925 6
87926 7
87927 10
87928 9
87929 7
87930 10
87931 8
87932 11
87933 5
87934 7
87935 8
87936 11
87937 8
87938 10
87939 11
87940 7
87941 5
87942 7
87943 7
87944 9
87945 1
87946 5
87947 9
87948 8
87949 8
87950 0
87951 8
87952 1
87953 7
87954 10
87955 8
87956 10
87957 1
87958 10
87959 7
87960 0
87961 10
87962 10
87963 12
87964 9
87965 7
87966 2
87967 8
87968 7
87969 5
87970 6
87971 1
87972 10
87973 5
87974 11
87975 7
87976 9
87977 9
87978 4
87979 3
87980 8
87981 6
87982 8
87983 10
87984 10
87985 7
87986 12
87987 10
87988 8
87989 10
87990 8
87991 5
87992 7
87993 8
87994 3
87995 10
87996 8
87997 5
87998 9
87999 11
88000 9
88001 6
88002 9
88003 9
88004 7
88005 7
88006 9
88007 8
88008 0
88009 11
88010 5
88011 7
88012 7
88013 3
88014 4
88015 6
88016 7
88017 3
88018 10
88019 9
88020 3
88021 4
88022 5
88023 12
88024 11
88025 10
88026 4
88027 5
88028 11
88029 9
88030 3
88031 11
88032 9
88033 10
88034 9
88035 10
88036 11
88037 5
88038 8
88039 8
88040 8
88041 9
88042 10
88043 7
88044 7
88045 9
88046 3
88047 8
88048 8
88049 10
88050 8
88051 6
88052 7
88053 11
88054 8
88055 10
88056 9
88057 8
88058 6
88059 7
88060 4
88061 11
88062 9
88063 11
88064 5
88065 10
88066 1
88067 5
88068 5
88069 6
88070 4
88071 8
88072 9
88073 9
88074 9
88075 1
88076 9
88077 8
88078 9
88079 9
88080 11
88081 6
88082 6
88083 0
88084 8
88085 4
88086 7
88087 11
88088 10
88089 2
88090 7
88091 3
88092 7
88093 3
88094 4
88095 3
88096 5
88097 4
88098 1
88099 5
88100 9
88101 5
88102 10
88103 9
88104 10
88105 4
88106 5
88107 6
88108 6
88109 10
88110 11
88111 3
88112 1
88113 4
88114 11
88115 11
88116 8
88117 8
88118 10
88119 7
88120 10
88121 2
88122 8
88123 8
88124 5
88125 2
88126 11
88127 5
88128 3
88129 10
88130 5
88131 9
88132 8
88133 9
88134 4
88135 12
88136 11
88137 9
88138 10
88139 9
88140 10
88141 7
88142 1
88143 9
88144 9
88145 5
88146 11
88147 11
88148 8
88149 10
88150 5
88151 9
88152 9
88153 4
88154 10
88155 10
88156 6
88157 3
88158 0
88159 1
88160 7
88161 9
88162 3
88163 2
88164 8
88165 1
88166 1
88167 11
88168 10
88169 6
88170 11
88171 9
88172 9
88173 6
88174 7
88175 8
88176 9
88177 9
88178 5
88179 1
88180 9
88181 0
88182 9
88183 11
88184 5
88185 10
88186 4
88187 9
88188 7
88189 9
88190 8
88191 11
88192 10
88193 8
88194 9
88195 1
88196 5
88197 2
88198 9
88199 3
88200 10
88201 1
88202 9
88203 0
88204 9
88205 11
88206 8
88207 9
88208 0
88209 7
88210 6
88211 8
88212 8
88213 7
88214 5
88215 3
88216 9
88217 8
88218 11
88219 8
88220 8
88221 10
88222 6
88223 3
88224 8
88225 11
88226 8
88227 10
88228 11
88229 5
88230 9
88231 5
88232 7
88233 10
88234 11
88235 4
88236 11
88237 3
88238 3
88239 10
88240 10
88241 10
88242 2
88243 7
88244 9
88245 0
88246 9
88247 6
88248 11
88249 0
88250 1
88251 10
88252 6
88253 8
88254 7
88255 10
88256 1
88257 5
88258 6
88259 7
88260 11
88261 2
88262 3
88263 9
88264 3
88265 10
88266 4
88267 9
88268 0
88269 11
88270 0
88271 2
88272 7
88273 7
88274 4
88275 10
88276 3
88277 8
88278 9
88279 4
88280 8
88281 10
88282 8
88283 7
88284 0
88285 9
88286 9
88287 4
88288 9
88289 3
88290 11
88291 0
88292 5
88293 1
88294 3
88295 7
88296 8
88297 10
88298 8
88299 4
88300 6
88301 5
88302 2
88303 11
88304 11
88305 0
88306 10
88307 8
88308 6
88309 4
88310 9
88311 10
88312 7
88313 10
88314 8
88315 9
88316 10
88317 3
88318 6
88319 4
88320 1
88321 11
88322 10
88323 1
88324 2
88325 7
88326 10
88327 9
88328 11
88329 7
88330 12
88331 9
88332 6
88333 9
88334 6
88335 10
88336 8
88337 3
88338 3
88339 5
88340 9
88341 10
88342 9
88343 3
88344 9
88345 11
88346 12
88347 5
88348 6
88349 11
88350 2
88351 5
88352 8
88353 10
88354 5
88355 2
88356 10
88357 9
88358 10
88359 11
88360 7
88361 1
88362 5
88363 1
88364 10
88365 2
88366 11
88367 5
88368 6
88369 10
88370 6
88371 10
88372 10
88373 6
88374 4
88375 2
88376 8
88377 11
88378 3
88379 7
88380 2
88381 3
88382 0
88383 10
88384 10
88385 10
88386 3
88387 9
88388 7
88389 8
88390 7
88391 8
88392 3
88393 4
88394 8
88395 8
88396 2
88397 8
88398 11
88399 11
88400 8
88401 10
88402 7
88403 7
88404 9
88405 7
88406 9
88407 2
88408 10
88409 5
88410 5
88411 0
88412 9
88413 10
88414 5
88415 11
88416 6
88417 9
88418 9
88419 8
88420 9
88421 8
88422 10
88423 11
88424 6
88425 9
88426 10
88427 5
88428 7
88429 4
88430 8
88431 2
88432 8
88433 12
88434 5
88435 9
88436 8
88437 2
88438 11
88439 3
88440 2
88441 11
88442 9
88443 9
88444 7
88445 9
88446 11
88447 2
88448 5
88449 11
88450 8
88451 4
88452 8
88453 10
88454 7
88455 12
88456 8
88457 10
88458 4
88459 2
88460 8
88461 6
88462 10
88463 9
88464 9
88465 6
88466 8
88467 6
88468 3
88469 10
88470 11
88471 10
88472 9
88473 10
88474 10
88475 1
88476 2
88477 9
88478 8
88479 9
88480 8
88481 5
88482 2
88483 2
88484 6
88485 3
88486 7
88487 10
88488 9
88489 9
88490 9
88491 9
88492 9
88493 12
88494 8
88495 11
88496 8
88497 0
88498 4
88499 0
88500 9
88501 1
88502 7
88503 9
88504 7
88505 11
88506 10
88507 9
88508 10
88509 9
88510 4
88511 10
88512 6
88513 7
88514 11
88515 8
88516 11
88517 5
88518 5
88519 10
88520 2
88521 4
88522 9
88523 10
88524 6
88525 5
88526 11
88527 4
88528 10
88529 6
88530 8
88531 9
88532 10
88533 6
88534 3
88535 7
88536 7
88537 8
88538 7
88539 10
88540 8
88541 4
88542 2
88543 8
88544 0
88545 11
88546 10
88547 10
88548 10
88549 8
88550 2
88551 8
88552 12
88553 5
88554 10
88555 7
88556 9
88557 11
88558 11
88559 9
88560 4
88561 7
88562 9
88563 2
88564 8
88565 10
88566 11
88567 11
88568 10
88569 11
88570 3
88571 4
88572 1
88573 3
88574 5
88575 4
88576 10
88577 9
88578 1
88579 6
88580 7
88581 11
88582 10
88583 8
88584 9
88585 9
88586 7
88587 5
88588 1
88589 10
88590 8
88591 9
88592 10
88593 2
88594 9
88595 9
88596 5
88597 10
88598 7
88599 11
88600 10
88601 6
88602 3
88603 9
88604 9
88605 4
88606 8
88607 8
88608 4
88609 9
88610 5
88611 6
88612 7
88613 2
88614 4
88615 9
88616 8
88617 9
88618 5
88619 10
88620 3
88621 10
88622 3
88623 8
88624 8
88625 1
88626 0
88627 0
88628 6
88629 6
88630 4
88631 7
88632 5
88633 9
88634 8
88635 9
88636 9
88637 1
88638 8
88639 10
88640 8
88641 13
88642 3
88643 6
88644 7
88645 11
88646 10
88647 5
88648 9
88649 1
88650 9
88651 12
88652 9
88653 7
88654 11
88655 5
88656 9
88657 9
88658 10
88659 11
88660 9
88661 12
88662 11
88663 11
88664 3
88665 9
88666 0
88667 5
88668 10
88669 9
88670 11
88671 2
88672 5
88673 2
88674 9
88675 11
88676 10
88677 3
88678 3
88679 8
88680 7
88681 2
88682 8
88683 5
88684 10
88685 3
88686 10
88687 9
88688 3
88689 11
88690 9
88691 8
88692 8
88693 8
88694 5
88695 7
88696 10
88697 5
88698 10
88699 6
88700 8
88701 11
88702 9
88703 4
88704 11
88705 10
88706 4
88707 8
88708 10
88709 6
88710 8
88711 7
88712 8
88713 11
88714 7
88715 5
88716 2
88717 7
88718 12
88719 10
88720 10
88721 9
88722 0
88723 10
88724 1
88725 8
88726 10
88727 10
88728 0
88729 5
88730 2
88731 8
88732 2
88733 0
88734 11
88735 10
88736 11
88737 10
88738 11
88739 8
88740 10
88741 10
88742 0
88743 7
88744 10
88745 0
88746 5
88747 2
88748 10
88749 2
88750 11
88751 2
88752 5
88753 9
88754 8
88755 2
88756 10
88757 7
88758 8
88759 6
88760 1
88761 4
88762 10
88763 8
88764 10
88765 9
88766 6
88767 2
88768 9
88769 1
88770 8
88771 10
88772 4
88773 11
88774 7
88775 0
88776 7
88777 10
88778 9
88779 11
88780 4
88781 10
88782 9
88783 5
88784 9
88785 3
88786 10
88787 10
88788 8
88789 3
88790 0
88791 7
88792 3
88793 9
88794 11
88795 6
88796 9
88797 9
88798 7
88799 3
88800 0
88801 8
88802 11
88803 12
88804 1
88805 0
88806 9
88807 11
88808 9
88809 7
88810 10
88811 9
88812 3
88813 8
88814 6
88815 2
88816 8
88817 10
88818 6
88819 7
88820 6
88821 11
88822 1
88823 8
88824 9
88825 8
88826 4
88827 0
88828 0
88829 11
88830 5
88831 6
88832 9
88833 11
88834 11
88835 7
88836 8
88837 10
88838 9
88839 8
88840 1
88841 10
88842 1
88843 9
88844 2
88845 9
88846 11
88847 6
88848 8
88849 8
88850 8
88851 10
88852 8
88853 11
88854 3
88855 4
88856 9
88857 10
88858 3
88859 8
88860 2
88861 7
88862 10
88863 8
88864 4
88865 9
88866 6
88867 3
88868 4
88869 8
88870 3
88871 9
88872 7
88873 7
88874 9
88875 6
88876 6
88877 9
88878 8
88879 10
88880 10
88881 4
88882 12
88883 9
88884 2
88885 9
88886 10
88887 10
88888 9
88889 9
88890 9
88891 2
88892 11
88893 6
88894 1
88895 8
88896 4
88897 8
88898 8
88899 7
88900 4
88901 9
88902 0
88903 11
88904 1
88905 2
88906 11
88907 10
88908 8
88909 5
88910 10
88911 11
88912 10
88913 7
88914 3
88915 3
88916 8
88917 10
88918 6
88919 9
88920 5
88921 5
88922 11
88923 6
88924 8
88925 9
88926 8
88927 8
88928 0
88929 3
88930 11
88931 10
88932 7
88933 10
88934 10
88935 9
88936 3
88937 7
88938 5
88939 6
88940 0
88941 7
88942 2
88943 6
88944 11
88945 7
88946 6
88947 10
88948 5
88949 10
88950 10
88951 8
88952 11
88953 10
88954 10
88955 6
88956 8
88957 10
88958 10
88959 8
88960 5
88961 8
88962 9
88963 9
88964 10
88965 7
88966 4
88967 5
88968 5
88969 8
88970 6
88971 10
88972 7
88973 4
88974 8
88975 5
88976 10
88977 1
88978 4
88979 6
88980 0
88981 10
88982 10
88983 7
88984 10
88985 5
88986 1
88987 9
88988 7
88989 11
88990 9
88991 6
88992 6
88993 0
88994 5
88995 10
88996 7
88997 4
88998 0
88999 9
89000 4
89001 1
89002 3
89003 11
89004 1
89005 0
89006 4
89007 11
89008 9
89009 7
89010 2
89011 5
89012 7
89013 5
89014 10
89015 7
89016 8
89017 13
89018 2
89019 7
89020 8
89021 8
89022 4
89023 2
89024 0
89025 9
89026 11
89027 5
89028 9
89029 10
89030 12
89031 10
89032 4
89033 7
89034 5
89035 10
89036 9
89037 2
89038 10
89039 10
89040 2
89041 11
89042 10
89043 11
89044 9
89045 2
89046 9
89047 9
89048 10
89049 3
89050 9
89051 3
89052 6
89053 12
89054 10
89055 9
89056 10
89057 8
89058 10
89059 10
89060 3
89061 10
89062 11
89063 9
89064 6
89065 3
89066 11
89067 9
89068 11
89069 10
89070 4
89071 5
89072 9
89073 10
89074 9
89075 6
89076 7
89077 0
89078 10
89079 7
89080 2
89081 7
89082 11
89083 3
89084 9
89085 8
89086 6
89087 8
89088 9
89089 12
89090 5
89091 3
89092 4
89093 11
89094 11
89095 9
89096 9
89097 11
89098 11
89099 9
89100 5
89101 4
89102 0
89103 3
89104 8
89105 9
89106 7
89107 11
89108 2
89109 6
89110 7
89111 3
89112 1
89113 11
89114 6
89115 0
89116 3
89117 8
89118 7
89119 11
89120 3
89121 5
89122 8
89123 10
89124 5
89125 4
89126 8
89127 12
89128 12
89129 10
89130 4
89131 6
89132 11
89133 10
89134 7
89135 4
89136 8
89137 8
89138 9
89139 7
89140 11
89141 3
89142 8
89143 6
89144 10
89145 2
89146 5
89147 9
89148 11
89149 4
89150 4
89151 7
89152 7
89153 8
89154 10
89155 3
89156 1
89157 11
89158 10
89159 7
89160 2
89161 1
89162 11
89163 10
89164 4
89165 2
89166 8
89167 11
89168 11
89169 0
89170 1
89171 5
89172 7
89173 11
89174 11
89175 11
89176 2
89177 9
89178 9
89179 5
89180 6
89181 7
89182 8
89183 7
89184 10
89185 12
89186 9
89187 8
89188 5
89189 6
89190 6
89191 4
89192 1
89193 7
89194 12
89195 9
89196 8
89197 12
89198 8
89199 9
89200 7
89201 9
89202 11
89203 5
89204 12
89205 11
89206 6
89207 7
89208 10
89209 8
89210 11
89211 9
89212 8
89213 9
89214 10
89215 4
89216 9
89217 1
89218 9
89219 9
89220 10
89221 11
89222 11
89223 9
89224 10
89225 9
89226 5
89227 10
89228 9
89229 11
89230 8
89231 6
89232 0
89233 4
89234 7
89235 10
89236 4
89237 3
89238 3
89239 10
89240 9
89241 5
89242 6
89243 7
89244 4
89245 8
89246 11
89247 8
89248 10
89249 8
89250 9
89251 10
89252 9
89253 5
89254 9
89255 7
89256 6
89257 10
89258 6
89259 7
89260 5
89261 8
89262 9
89263 6
89264 10
89265 5
89266 3
89267 10
89268 6
89269 3
89270 10
89271 7
89272 10
89273 10
89274 4
89275 8
89276 10
89277 5
89278 3
89279 5
89280 4
89281 10
89282 9
89283 12
89284 11
89285 9
89286 7
89287 11
89288 4
89289 4
89290 10
89291 6
89292 8
89293 7
89294 8
89295 1
89296 8
89297 8
89298 10
89299 10
89300 11
89301 11
89302 7
89303 8
89304 0
89305 10
89306 7
89307 3
89308 1
89309 5
89310 11
89311 9
89312 9
89313 0
89314 4
89315 6
89316 0
89317 9
89318 1
89319 7
89320 6
89321 12
89322 10
89323 11
89324 4
89325 12
89326 8
89327 11
89328 10
89329 10
89330 3
89331 7
89332 7
89333 8
89334 9
89335 11
89336 7
89337 8
89338 2
89339 5
89340 9
89341 2
89342 0
89343 10
89344 5
89345 5
89346 8
89347 8
89348 8
89349 10
89350 8
89351 10
89352 4
89353 10
89354 9
89355 9
89356 3
89357 7
89358 9
89359 8
89360 5
89361 8
89362 7
89363 5
89364 6
89365 9
89366 8
89367 4
89368 9
89369 10
89370 10
89371 3
89372 10
89373 3
89374 11
89375 11
89376 10
89377 7
89378 10
89379 6
89380 4
89381 10
89382 0
89383 10
89384 1
89385 11
89386 10
89387 7
89388 11
89389 4
89390 10
89391 10
89392 3
89393 12
89394 5
89395 10
89396 6
89397 11
89398 10
89399 4
89400 2
89401 5
89402 8
89403 6
89404 11
89405 7
89406 10
89407 10
89408 2
89409 10
89410 4
89411 11
89412 4
89413 12
89414 10
89415 4
89416 10
89417 8
89418 3
89419 0
89420 8
89421 11
89422 1
89423 5
89424 3
89425 7
89426 9
89427 9
89428 9
89429 12
89430 8
89431 8
89432 5
89433 10
89434 8
89435 1
89436 11
89437 10
89438 8
89439 7
89440 1
89441 8
89442 11
89443 11
89444 6
89445 7
89446 2
89447 9
89448 3
89449 0
89450 2
89451 11
89452 10
89453 8
89454 12
89455 1
89456 0
89457 8
89458 5
89459 6
89460 9
89461 4
89462 10
89463 5
89464 3
89465 9
89466 8
89467 10
89468 6
89469 7
89470 3
89471 3
89472 8
89473 0
89474 10
89475 1
89476 9
89477 5
89478 3
89479 9
89480 8
89481 2
89482 9
89483 10
89484 7
89485 1
89486 12
89487 10
89488 9
89489 3
89490 1
89491 2
89492 7
89493 5
89494 9
89495 11
89496 6
89497 7
89498 5
89499 4
89500 2
89501 7
89502 10
89503 10
89504 10
89505 8
89506 6
89507 7
89508 10
89509 11
89510 8
89511 7
89512 8
89513 5
89514 6
89515 6
89516 10
89517 4
89518 5
89519 8
89520 7
89521 11
89522 6
89523 9
89524 6
89525 9
89526 11
89527 8
89528 10
89529 3
89530 6
89531 5
89532 7
89533 10
89534 8
89535 4
89536 9
89537 10
89538 1
89539 9
89540 9
89541 10
89542 11
89543 4
89544 11
89545 10
89546 4
89547 4
89548 9
89549 8
89550 5
89551 11
89552 7
89553 9
89554 5
89555 9
89556 6
89557 4
89558 10
89559 0
89560 2
89561 6
89562 9
89563 11
89564 9
89565 11
89566 11
89567 5
89568 9
89569 6
89570 9
89571 5
89572 12
89573 4
89574 1
89575 1
89576 8
89577 1
89578 11
89579 9
89580 9
89581 10
89582 2
89583 7
89584 9
89585 11
89586 9
89587 1
89588 8
89589 9
89590 6
89591 3
89592 3
89593 11
89594 2
89595 11
89596 7
89597 5
89598 8
89599 6
89600 8
89601 9
89602 5
89603 9
89604 10
89605 11
89606 9
89607 9
89608 9
89609 11
89610 1
89611 10
89612 6
89613 6
89614 10
89615 5
89616 7
89617 10
89618 5
89619 5
89620 7
89621 9
89622 7
89623 10
89624 8
89625 8
89626 11
89627 6
89628 10
89629 6
89630 5
89631 10
89632 6
89633 11
89634 1
89635 0
89636 10
89637 8
89638 8
89639 10
89640 11
89641 6
89642 11
89643 7
89644 10
89645 8
89646 0
89647 9
89648 4
89649 7
89650 6
89651 9
89652 7
89653 10
89654 4
89655 11
89656 2
89657 9
89658 10
89659 3
89660 10
89661 8
89662 8
89663 10
89664 11
89665 9
89666 6
89667 4
89668 3
89669 7
89670 4
89671 2
89672 4
89673 12
89674 10
89675 9
89676 11
89677 9
89678 8
89679 5
89680 1
89681 8
89682 0
89683 6
89684 11
89685 9
89686 6
89687 9
89688 6
89689 6
89690 9
89691 2
89692 11
89693 8
89694 9
89695 3
89696 8
89697 9
89698 5
89699 10
89700 2
89701 10
89702 8
89703 9
89704 1
89705 3
89706 9
89707 1
89708 4
89709 4
89710 9
89711 10
89712 0
89713 4
89714 8
89715 5
89716 2
89717 10
89718 2
89719 8
89720 3
89721 9
89722 10
89723 0
89724 7
89725 7
89726 8
89727 0
89728 9
89729 2
89730 7
89731 7
89732 10
89733 10
89734 6
89735 3
89736 4
89737 7
89738 8
89739 7
89740 11
89741 7
89742 11
89743 10
89744 5
89745 12
89746 11
89747 10
89748 11
89749 6
89750 11
89751 9
89752 7
89753 7
89754 1
89755 1
89756 10
89757 7
89758 7
89759 8
89760 10
89761 5
89762 8
89763 8
89764 0
89765 3
89766 4
89767 9
89768 9
89769 11
89770 8
89771 0
89772 9
89773 9
89774 0
89775 10
89776 3
89777 5
89778 10
89779 12
89780 5
89781 10
89782 10
89783 12
89784 2
89785 1
89786 6
89787 3
89788 9
89789 3
89790 6
89791 2
89792 11
89793 3
89794 7
89795 10
89796 10
89797 10
89798 0
89799 2
89800 8
89801 8
89802 11
89803 9
89804 7
89805 11
89806 8
89807 7
89808 5
89809 3
89810 8
89811 1
89812 6
89813 4
89814 7
89815 5
89816 8
89817 10
89818 1
89819 11
89820 5
89821 8
89822 11
89823 2
89824 12
89825 1
89826 2
89827 7
89828 7
89829 9
89830 9
89831 1
89832 7
89833 4
89834 11
89835 3
89836 10
89837 11
89838 10
89839 11
89840 9
89841 9
89842 3
89843 2
89844 7
89845 9
89846 1
89847 6
89848 6
89849 10
89850 7
89851 8
89852 11
89853 11
89854 10
89855 8
89856 5
89857 9
89858 3
89859 9
89860 7
89861 8
89862 9
89863 2
89864 5
89865 8
89866 7
89867 5
89868 8
89869 6
89870 10
89871 0
89872 7
89873 10
89874 10
89875 9
89876 8
89877 6
89878 4
89879 2
89880 3
89881 6
89882 12
89883 11
89884 10
89885 4
89886 10
89887 9
89888 8
89889 9
89890 10
89891 9
89892 8
89893 6
89894 5
89895 9
89896 9
89897 10
89898 0
89899 1
89900 9
89901 10
89902 7
89903 11
89904 4
89905 7
89906 6
89907 10
89908 3
89909 11
89910 12
89911 8
89912 11
89913 10
89914 10
89915 11
89916 10
89917 11
89918 9
89919 11
89920 10
89921 0
89922 3
89923 9
89924 7
89925 5
89926 9
89927 7
89928 9
89929 1
89930 11
89931 7
89932 7
89933 8
89934 11
89935 10
89936 11
89937 2
89938 6
89939 10
89940 11
89941 11
89942 3
89943 0
89944 4
89945 3
89946 8
89947 5
89948 6
89949 3
89950 3
89951 3
89952 10
89953 11
89954 9
89955 11
89956 7
89957 10
89958 4
89959 9
89960 9
89961 7
89962 6
89963 10
89964 10
89965 2
89966 10
89967 8
89968 0
89969 10
89970 0
89971 7
89972 11
89973 8
89974 5
89975 6
89976 5
89977 9
89978 5
89979 10
89980 10
89981 0
89982 10
89983 0
89984 2
89985 8
89986 10
89987 6
89988 10
89989 7
89990 5
89991 2
89992 4
89993 2
89994 2
89995 9
89996 7
89997 6
89998 7
89999 2
90000 0
90001 10
90002 10
90003 5
90004 8
90005 9
90006 10
90007 10
90008 7
90009 2
90010 4
90011 2
90012 10
90013 9
90014 9
90015 2
90016 10
90017 9
90018 5
90019 1
90020 10
90021 8
90022 6
90023 10
90024 8
90025 4
90026 3
90027 11
90028 6
90029 10
90030 11
90031 10
90032 10
90033 10
90034 3
90035 4
90036 8
90037 7
90038 9
90039 8
90040 4
90041 9
90042 1
90043 1
90044 2
90045 6
90046 9
90047 4
90048 9
90049 10
90050 10
90051 3
90052 2
90053 0
90054 11
90055 7
90056 9
90057 6
90058 7
90059 9
90060 8
90061 12
90062 8
90063 11
90064 9
90065 10
90066 3
90067 11
90068 7
90069 3
90070 0
90071 3
90072 10
90073 0
90074 9
90075 10
90076 11
90077 6
90078 3
90079 7
90080 1
90081 10
90082 8
90083 7
90084 9
90085 10
90086 7
90087 10
90088 5
90089 1
90090 10
90091 1
90092 10
90093 3
90094 6
90095 12
90096 10
90097 9
90098 5
90099 5
90100 1
90101 10
90102 11
90103 11
90104 8
90105 5
90106 8
90107 11
90108 6
90109 9
90110 8
90111 10
90112 8
90113 10
90114 7
90115 6
90116 6
90117 10
90118 5
90119 8
90120 9
90121 7
90122 9
90123 9
90124 5
90125 8
90126 0
90127 10
90128 10
90129 4
90130 9
90131 10
90132 10
90133 3
90134 9
90135 7
90136 6
90137 11
90138 2
90139 8
90140 4
90141 8
90142 0
90143 1
90144 10
90145 10
90146 1
90147 11
90148 3
90149 7
90150 9
90151 9
90152 9
90153 10
90154 7
90155 12
90156 5
90157 9
90158 12
90159 8
90160 9
90161 7
90162 7
90163 1
90164 7
90165 7
90166 9
90167 9
90168 10
90169 5
90170 10
90171 8
90172 0
90173 10
90174 9
90175 9
90176 9
90177 2
90178 11
90179 3
90180 6
90181 8
90182 11
90183 1
90184 0
90185 6
90186 7
90187 9
90188 11
90189 5
90190 8
90191 11
90192 7
90193 9
90194 10
90195 8
90196 11
90197 5
90198 11
90199 2
90200 7
90201 1
90202 8
90203 9
90204 10
90205 8
90206 5
90207 10
90208 6
90209 12
90210 9
90211 0
90212 7
90213 4
90214 8
90215 4
90216 4
90217 11
90218 8
90219 8
90220 6
90221 11
90222 5
90223 11
90224 10
90225 4
90226 9
90227 10
90228 5
90229 10
90230 3
90231 11
90232 9
90233 11
90234 7
90235 0
90236 7
90237 6
90238 10
90239 3
90240 8
90241 3
90242 7
90243 8
90244 7
90245 7
90246 8
90247 9
90248 1
90249 4
90250 5
90251 11
90252 5
90253 3
90254 8
90255 1
90256 9
90257 2
90258 6
90259 8
90260 3
90261 12
90262 5
90263 9
90264 3
90265 7
90266 5
90267 11
90268 5
90269 12
90270 10
90271 1
90272 10
90273 10
90274 1
90275 6
90276 0
90277 6
90278 3
90279 5
90280 4
90281 9
90282 0
90283 9
90284 9
90285 9
90286 2
90287 11
90288 10
90289 8
90290 4
90291 6
90292 9
90293 4
90294 12
90295 4
90296 3
90297 8
90298 1
90299 11
90300 8
90301 0
90302 7
90303 1
90304 10
90305 5
90306 8
90307 9
90308 9
90309 7
90310 10
90311 5
90312 10
90313 11
90314 10
90315 2
90316 7
90317 9
90318 10
90319 9
90320 5
90321 9
90322 1
90323 7
90324 3
90325 6
90326 11
90327 11
90328 3
90329 10
90330 9
90331 12
90332 7
90333 7
90334 0
90335 6
90336 8
90337 4
90338 9
90339 3
90340 11
90341 10
90342 6
90343 5
90344 8
90345 11
90346 2
90347 0
90348 12
90349 7
90350 5
90351 8
90352 10
90353 1
90354 8
90355 6
90356 7
90357 10
90358 8
90359 11
90360 6
90361 9
90362 5
90363 3
90364 6
90365 9
90366 11
90367 4
90368 4
90369 10
90370 6
90371 5
90372 9
90373 8
90374 8
90375 10
90376 6
90377 9
90378 6
90379 7
90380 0
90381 11
90382 9
90383 8
90384 5
90385 6
90386 11
90387 11
90388 11
90389 7
90390 11
90391 9
90392 11
90393 5
90394 2
90395 1
90396 8
90397 11
90398 8
90399 6
90400 8
90401 10
90402 4
90403 10
90404 5
90405 9
90406 3
90407 10
90408 1
90409 7
90410 10
90411 1
90412 9
90413 3
90414 9
90415 5
90416 8
90417 9
90418 1
90419 11
90420 11
90421 12
90422 10
90423 7
90424 11
90425 10
90426 0
90427 6
90428 9
90429 10
90430 6
90431 7
90432 9
90433 4
90434 8
90435 5
90436 11
90437 11
90438 8
90439 6
90440 11
90441 9
90442 11
90443 5
90444 5
90445 4
90446 7
90447 9
90448 10
90449 8
90450 5
90451 8
90452 6
90453 1
90454 8
90455 7
90456 9
90457 5
90458 10
90459 3
90460 1
90461 8
90462 2
90463 8
90464 6
90465 0
90466 11
90467 7
90468 5
90469 6
90470 10
90471 4
90472 12
90473 9
90474 4
90475 4
90476 11
90477 9
90478 9
90479 5
90480 1
90481 11
90482 7
90483 8
90484 3
90485 8
90486 8
90487 4
90488 6
90489 9
90490 9
90491 10
90492 7
90493 3
90494 10
90495 9
90496 7
90497 9
90498 11
90499 7
90500 9
90501 7
90502 8
90503 1
90504 0
90505 10
90506 10
90507 11
90508 9
90509 9
90510 9
90511 4
90512 6
90513 1
90514 6
90515 3
90516 11
90517 11
90518 10
90519 6
90520 9
90521 9
90522 5
90523 9
90524 10
90525 8
90526 10
90527 3
90528 11
90529 9
90530 8
90531 8
90532 11
90533 9
90534 1
90535 5
90536 2
90537 6
90538 11
90539 13
90540 9
90541 4
90542 6
90543 5
90544 8
90545 7
90546 10
90547 10
90548 8
90549 9
90550 11
90551 9
90552 11
90553 4
90554 8
90555 8
90556 8
90557 5
90558 10
90559 1
90560 0
90561 3
90562 8
90563 8
90564 0
90565 10
90566 8
90567 7
90568 5
90569 8
90570 7
90571 11
90572 7
90573 11
90574 9
90575 7
90576 10
90577 9
90578 3
90579 9
90580 3
90581 11
90582 11
90583 5
90584 2
90585 8
90586 12
90587 9
90588 8
90589 11
90590 10
90591 9
90592 1
90593 1
90594 11
90595 2
90596 6
90597 11
90598 8
90599 10
90600 6
90601 9
90602 7
90603 6
90604 10
90605 7
90606 10
90607 6
90608 10
90609 11
90610 8
90611 11
90612 6
90613 9
90614 7
90615 4
90616 6
90617 11
90618 8
90619 8
90620 10
90621 8
90622 7
90623 3
90624 5
90625 7
90626 9
90627 2
90628 5
90629 6
90630 9
90631 10
90632 3
90633 5
90634 8
90635 10
90636 10
90637 9
90638 8
90639 10
90640 9
90641 11
90642 10
90643 5
90644 6
90645 7
90646 1
90647 7
90648 7
90649 7
90650 1
90651 4
90652 6
90653 9
90654 2
90655 6
90656 8
90657 3
90658 8
90659 11
90660 8
90661 11
90662 7
90663 3
90664 11
90665 9
90666 9
90667 10
90668 1
90669 9
90670 7
90671 3
90672 8
90673 9
90674 3
90675 11
90676 0
90677 1
90678 5
90679 11
90680 11
90681 1
90682 6
90683 1
90684 9
90685 11
90686 7
90687 5
90688 10
90689 2
90690 8
90691 3
90692 5
90693 12
90694 9
90695 7
90696 11
90697 12
90698 11
90699 11
90700 4
90701 7
90702 11
90703 10
90704 6
90705 4
90706 7
90707 11
90708 4
90709 10
90710 3
90711 1
90712 7
90713 7
90714 11
90715 6
90716 9
90717 11
90718 9
90719 10
90720 10
90721 8
90722 8
90723 9
90724 5
90725 7
90726 9
90727 10
90728 5
90729 11
90730 5
90731 10
90732 11
90733 6
90734 5
90735 10
90736 10
90737 8
90738 5
90739 4
90740 9
90741 4
90742 7
90743 4
90744 12
90745 4
90746 4
90747 9
90748 6
90749 10
90750 4
90751 11
90752 8
90753 9
90754 11
90755 10
90756 10
90757 6
90758 10
90759 7
90760 6
90761 11
90762 10
90763 9
90764 9
90765 2
90766 5
90767 3
90768 10
90769 7
90770 10
90771 12
90772 6
90773 9
90774 2
90775 3
90776 11
90777 10
90778 7
90779 7
90780 2
90781 5
90782 9
90783 11
90784 7
90785 9
90786 11
90787 8
90788 7
90789 4
90790 6
90791 7
90792 11
90793 7
90794 10
90795 12
90796 8
90797 9
90798 9
90799 10
90800 8
90801 1
90802 9
90803 8
90804 3
90805 8
90806 6
90807 10
90808 8
90809 1
90810 3
90811 6
90812 8
90813 6
90814 12
90815 5
90816 3
90817 10
90818 11
90819 10
90820 12
90821 7
90822 11
90823 7
90824 7
90825 5
90826 7
90827 9
90828 10
90829 10
90830 5
90831 9
90832 5
90833 10
90834 10
90835 5
90836 7
90837 8
90838 4
90839 4
90840 3
90841 9
90842 6
90843 5
90844 8
90845 10
90846 3
90847 9
90848 10
90849 10
90850 3
90851 9
90852 9
90853 2
90854 10
90855 6
90856 8
90857 7
90858 10
90859 10
90860 11
90861 9
90862 8
90863 6
90864 10
90865 2
90866 4
90867 7
90868 10
90869 9
90870 11
90871 5
90872 11
90873 7
90874 6
90875 9
90876 11
90877 4
90878 9
90879 6
90880 3
90881 10
90882 8
90883 10
90884 9
90885 7
90886 6
90887 10
90888 10
90889 10
90890 10
90891 11
90892 9
90893 11
90894 10
90895 4
90896 9
90897 3
90898 10
90899 5
90900 6
90901 10
90902 6
90903 9
90904 0
90905 6
90906 10
90907 11
90908 10
90909 10
90910 8
90911 6
90912 10
90913 8
90914 0
90915 10
90916 6
90917 9
90918 11
90919 2
90920 9
90921 9
90922 6
90923 10
90924 10
90925 7
90926 6
90927 9
90928 2
90929 9
90930 5
90931 3
90932 9
90933 10
90934 8
90935 9
90936 7
90937 9
90938 8
90939 7
90940 3
90941 4
90942 8
90943 10
90944 6
90945 9
90946 10
90947 10
90948 11
90949 6
90950 7
90951 11
90952 9
90953 1
90954 11
90955 11
90956 9
90957 10
90958 9
90959 8
90960 10
90961 5
90962 10
90963 9
90964 2
90965 6
90966 6
90967 9
90968 11
90969 5
90970 8
90971 7
90972 5
90973 10
90974 2
90975 3
90976 11
90977 8
90978 10
90979 9
90980 6
90981 9
90982 10
90983 2
90984 0
90985 10
90986 11
90987 6
90988 10
90989 3
90990 2
90991 8
90992 6
90993 11
90994 10
90995 10
90996 10
90997 7
90998 5
90999 10
91000 0
91001 7
91002 10
91003 9
91004 9
91005 12
91006 10
91007 10
91008 8
91009 11
91010 10
91011 10
91012 7
91013 3
91014 8
91015 6
91016 4
91017 10
91018 10
91019 11
91020 5
91021 2
91022 9
91023 11
91024 2
91025 8
91026 9
91027 4
91028 7
91029 4
91030 1
91031 8
91032 8
91033 7
91034 0
91035 10
91036 4
91037 8
91038 7
91039 8
91040 9
91041 10
91042 8
91043 3
91044 9
91045 10
91046 11
91047 8
91048 7
91049 2
91050 8
91051 8
91052 11
91053 7
91054 1
91055 5
91056 10
91057 7
91058 7
91059 7
91060 7
91061 8
91062 11
91063 9
91064 7
91065 8
91066 10
91067 5
91068 10
91069 0
91070 10
91071 5
91072 11
91073 5
91074 0
91075 4
91076 10
91077 1
91078 8
91079 10
91080 4
91081 6
91082 3
91083 8
91084 9
91085 8
91086 3
91087 10
91088 7
91089 11
91090 3
91091 12
91092 9
91093 6
91094 11
91095 9
91096 0
91097 10
91098 8
91099 11
91100 10
91101 9
91102 11
91103 11
91104 3
91105 10
91106 10
91107 9
91108 8
91109 8
91110 8
91111 7
91112 5
91113 7
91114 7
91115 9
91116 10
91117 11
91118 7
91119 6
91120 9
91121 4
91122 10
91123 8
91124 8
91125 9
91126 3
91127 0
91128 11
91129 11
91130 9
91131 10
91132 3
91133 9
91134 1
91135 8
91136 12
91137 10
91138 5
91139 8
91140 12
91141 5
91142 10
91143 10
91144 9
91145 10
91146 9
91147 10
91148 12
91149 6
91150 9
91151 10
91152 10
91153 8
91154 7
91155 1
91156 0
91157 9
91158 11
91159 10
91160 5
91161 9
91162 2
91163 10
91164 5
91165 2
91166 9
91167 11
91168 7
91169 3
91170 9
91171 9
91172 8
91173 6
91174 11
91175 1
91176 10
91177 10
91178 10
91179 1
91180 8
91181 9
91182 0
91183 10
91184 11
91185 9
91186 9
91187 9
91188 5
91189 10
91190 10
91191 5
91192 5
91193 3
91194 10
91195 7
91196 12
91197 5
91198 11
91199 11
91200 9
91201 11
91202 10
91203 12
91204 12
91205 4
91206 7
91207 10
91208 5
91209 11
91210 8
91211 0
91212 2
91213 0
91214 1
91215 7
91216 4
91217 8
91218 6
91219 11
91220 7
91221 11
91222 9
91223 12
91224 7
91225 7
91226 10
91227 10
91228 7
91229 7
91230 10
91231 9
91232 6
91233 4
91234 10
91235 4
91236 9
91237 9
91238 10
91239 5
91240 8
91241 9
91242 8
91243 10
91244 7
91245 10
91246 9
91247 10
91248 10
91249 8
91250 11
91251 10
91252 9
91253 9
91254 10
91255 9
91256 7
91257 9
91258 11
91259 8
91260 10
91261 4
91262 7
91263 9
91264 2
91265 9
91266 11
91267 8
91268 8
91269 9
91270 12
91271 9
91272 8
91273 6
91274 1
91275 1
91276 8
91277 10
91278 9
91279 1
91280 4
91281 10
91282 9
91283 8
91284 0
91285 11
91286 8
91287 5
91288 8
91289 11
91290 3
91291 7
91292 1
91293 7
91294 9
91295 8
91296 5
91297 8
91298 11
91299 9
91300 4
91301 11
91302 8
91303 2
91304 7
91305 10
91306 11
91307 2
91308 5
91309 4
91310 9
91311 10
91312 0
91313 10
91314 8
91315 9
91316 11
91317 8
91318 4
91319 8
91320 1
91321 1
91322 8
91323 8
91324 7
91325 9
91326 7
91327 8
91328 11
91329 7
91330 8
91331 8
91332 8
91333 6
91334 2
91335 6
91336 11
91337 11
91338 9
91339 5
91340 6
91341 9
91342 5
91343 2
91344 8
91345 9
91346 9
91347 10
91348 6
91349 10
91350 9
91351 9
91352 7
91353 8
91354 11
91355 2
91356 10
91357 9
91358 8
91359 3
91360 4
91361 8
91362 1
91363 10
91364 2
91365 10
91366 6
91367 7
91368 2
91369 9
91370 4
91371 3
91372 9
91373 4
91374 9
91375 5
91376 3
91377 6
91378 9
91379 9
91380 7
91381 6
91382 9
91383 4
91384 7
91385 10
91386 9
91387 9
91388 8
91389 10
91390 4
91391 7
91392 11
91393 10
91394 9
91395 8
91396 6
91397 9
91398 4
91399 4
91400 6
91401 6
91402 10
91403 6
91404 1
91405 6
91406 0
91407 5
91408 7
91409 0
91410 10
91411 0
91412 5
91413 8
91414 11
91415 8
91416 3
91417 10
91418 8
91419 10
91420 5
91421 8
91422 4
91423 10
91424 11
91425 9
91426 5
91427 4
91428 10
91429 11
91430 7
91431 2
91432 7
91433 3
91434 6
91435 10
91436 7
91437 3
91438 8
91439 8
91440 7
91441 3
91442 9
91443 1
91444 12
91445 8
91446 8
91447 12
91448 6
91449 10
91450 9
91451 7
91452 5
91453 10
91454 6
91455 9
91456 1
91457 12
91458 12
91459 7
91460 7
91461 3
91462 4
91463 7
91464 1
91465 7
91466 10
91467 11
91468 9
91469 10
91470 7
91471 9
91472 10
91473 5
91474 9
91475 5
91476 8
91477 11
91478 3
91479 9
91480 6
91481 1
91482 5
91483 10
91484 10
91485 11
91486 11
91487 4
91488 3
91489 10
91490 0
91491 7
91492 4
91493 9
91494 6
91495 9
91496 12
91497 9
91498 5
91499 3
91500 9
91501 8
91502 10
91503 8
91504 5
91505 0
91506 11
91507 5
91508 3
91509 11
91510 8
91511 9
91512 10
91513 9
91514 9
91515 9
91516 6
91517 10
91518 9
91519 8
91520 9
91521 11
91522 10
91523 9
91524 8
91525 5
91526 11
91527 6
91528 10
91529 9
91530 9
91531 7
91532 8
91533 10
91534 8
91535 0
91536 9
91537 2
91538 2
91539 7
91540 10
91541 1
91542 7
91543 12
91544 4
91545 10
91546 3
91547 7
91548 0
91549 6
91550 3
91551 10
91552 9
91553 7
91554 7
91555 8
91556 7
91557 7
91558 10
91559 11
91560 9
91561 7
91562 4
91563 9
91564 9
91565 5
91566 4
91567 10
91568 0
91569 6
91570 10
91571 9
91572 8
91573 10
91574 9
91575 9
91576 4
91577 10
91578 2
91579 8
91580 8
91581 11
91582 10
91583 5
91584 7
91585 7
91586 10
91587 11
91588 10
91589 8
91590 6
91591 11
91592 8
91593 11
91594 5
91595 8
91596 10
91597 4
91598 9
91599 9
91600 10
91601 5
91602 8
91603 5
91604 11
91605 10
91606 9
91607 0
91608 5
91609 5
91610 6
91611 7
91612 10
91613 9
91614 9
91615 9
91616 8
91617 9
91618 6
91619 1
91620 8
91621 6
91622 1
91623 10
91624 2
91625 8
91626 3
91627 11
91628 9
91629 8
91630 5
91631 12
91632 8
91633 2
91634 6
91635 8
91636 12
91637 0
91638 10
91639 5
91640 9
91641 5
91642 5
91643 10
91644 2
91645 9
91646 6
91647 9
91648 8
91649 2
91650 7
91651 4
91652 6
91653 3
91654 11
91655 6
91656 7
91657 7
91658 7
91659 5
91660 9
91661 10
91662 7
91663 12
91664 8
91665 2
91666 9
91667 7
91668 11
91669 8
91670 2
91671 9
91672 10
91673 6
91674 8
91675 10
91676 9
91677 8
91678 9
91679 10
91680 10
91681 10
91682 5
91683 7
91684 8
91685 5
91686 2
91687 9
91688 6
91689 10
91690 10
91691 8
91692 4
91693 7
91694 2
91695 3
91696 9
91697 3
91698 10
91699 4
91700 8
91701 8
91702 8
91703 9
91704 7
91705 9
91706 5
91707 11
91708 9
91709 12
91710 9
91711 9
91712 6
91713 8
91714 9
91715 5
91716 8
91717 11
91718 11
91719 3
91720 10
91721 6
91722 2
91723 11
91724 7
91725 11
91726 3
91727 0
91728 10
91729 9
91730 11
91731 8
91732 6
91733 9
91734 0
91735 6
91736 6
91737 10
91738 2
91739 11
91740 9
91741 10
91742 7
91743 10
91744 2
91745 9
91746 2
91747 2
91748 7
91749 8
91750 4
91751 10
91752 5
91753 6
91754 6
91755 1
91756 7
91757 9
91758 2
91759 10
91760 8
91761 10
91762 11
91763 4
91764 11
91765 10
91766 8
91767 11
91768 9
91769 9
91770 4
91771 8
91772 11
91773 10
91774 10
91775 9
91776 6
91777 2
91778 0
91779 7
91780 5
91781 11
91782 11
91783 3
91784 8
91785 6
91786 12
91787 9
91788 11
91789 2
91790 7
91791 3
91792 12
91793 5
91794 2
91795 9
91796 9
91797 8
91798 8
91799 8
91800 7
91801 8
91802 1
91803 6
91804 6
91805 2
91806 4
91807 10
91808 10
91809 1
91810 4
91811 8
91812 2
91813 10
91814 2
91815 5
91816 11
91817 6
91818 9
91819 11
91820 12
91821 10
91822 8
91823 6
91824 10
91825 5
91826 10
91827 9
91828 10
91829 9
91830 7
91831 9
91832 3
91833 8
91834 8
91835 11
91836 3
91837 8
91838 7
91839 10
91840 10
91841 6
91842 6
91843 5
91844 10
91845 6
91846 8
91847 11
91848 8
91849 7
91850 8
91851 9
91852 9
91853 11
91854 11
91855 9
91856 10
91857 6
91858 3
91859 11
91860 1
91861 2
91862 3
91863 11
91864 3
91865 12
91866 3
91867 1
91868 9
91869 9
91870 8
91871 8
91872 9
91873 9
91874 3
91875 10
91876 9
91877 8
91878 6
91879 8
91880 7
91881 11
91882 8
91883 11
91884 6
91885 5
91886 6
91887 3
91888 10
91889 10
91890 11
91891 8
91892 10
91893 10
91894 7
91895 9
91896 11
91897 11
91898 10
91899 8
91900 7
91901 6
91902 0
91903 9
91904 6
91905 5
91906 4
91907 7
91908 10
91909 9
91910 12
91911 9
91912 6
91913 0
91914 3
91915 6
91916 12
91917 9
91918 9
91919 9
91920 10
91921 10
91922 9
91923 0
91924 9
91925 12
91926 3
91927 7
91928 11
91929 7
91930 4
91931 5
91932 10
91933 11
91934 1
91935 7
91936 9
91937 4
91938 10
91939 6
91940 9
91941 3
91942 10
91943 8
91944 9
91945 9
91946 4
91947 9
91948 0
91949 4
91950 11
91951 8
91952 9
91953 10
91954 4
91955 10
91956 10
91957 4
91958 3
91959 0
91960 11
91961 7
91962 9
91963 8
91964 8
91965 8
91966 5
91967 8
91968 11
91969 7
91970 8
91971 10
91972 4
91973 11
91974 11
91975 9
91976 1
91977 6
91978 0
91979 1
91980 11
91981 3
91982 4
91983 8
91984 7
91985 9
91986 11
91987 8
91988 5
91989 10
91990 8
91991 9
91992 0
91993 9
91994 1
91995 5
91996 11
91997 10
91998 11
91999 8
92000 10
92001 7
92002 2
92003 0
92004 0
92005 5
92006 10
92007 11
92008 10
92009 2
92010 4
92011 10
92012 12
92013 7
92014 11
92015 10
92016 7
92017 10
92018 6
92019 8
92020 11
92021 9
92022 10
92023 11
92024 7
92025 2
92026 10
92027 10
92028 1
92029 6
92030 5
92031 11
92032 8
92033 7
92034 8
92035 7
92036 6
92037 10
92038 10
92039 11
92040 11
92041 9
92042 10
92043 9
92044 2
92045 11
92046 4
92047 9
92048 4
92049 6
92050 9
92051 2
92052 6
92053 3
92054 8
92055 9
92056 5
92057 0
92058 11
92059 6
92060 6
92061 11
92062 10
92063 11
92064 10
92065 12
92066 4
92067 11
92068 8
92069 0
92070 7
92071 7
92072 5
92073 8
92074 6
92075 3
92076 12
92077 11
92078 0
92079 9
92080 11
92081 10
92082 12
92083 12
92084 8
92085 10
92086 9
92087 9
92088 8
92089 12
92090 11
92091 9
92092 9
92093 7
92094 7
92095 1
92096 7
92097 8
92098 8
92099 7
92100 1
92101 0
92102 11
92103 8
92104 11
92105 9
92106 8
92107 3
92108 5
92109 11
92110 10
92111 7
92112 9
92113 6
92114 8
92115 10
92116 12
92117 2
92118 11
92119 2
92120 5
92121 8
92122 9
92123 8
92124 7
92125 12
92126 9
92127 2
92128 13
92129 10
92130 7
92131 11
92132 8
92133 7
92134 12
92135 8
92136 10
92137 10
92138 9
92139 10
92140 1
92141 2
92142 10
92143 4
92144 9
92145 3
92146 10
92147 9
92148 7
92149 12
92150 9
92151 8
92152 6
92153 9
92154 7
92155 5
92156 8
92157 9
92158 9
92159 7
92160 8
92161 9
92162 12
92163 9
92164 1
92165 7
92166 7
92167 8
92168 4
92169 7
92170 2
92171 9
92172 7
92173 6
92174 3
92175 11
92176 9
92177 8
92178 1
92179 9
92180 5
92181 9
92182 1
92183 0
92184 10
92185 10
92186 10
92187 11
92188 8
92189 11
92190 11
92191 10
92192 12
92193 5
92194 4
92195 9
92196 8
92197 8
92198 9
92199 9
92200 11
92201 2
92202 3
92203 1
92204 10
92205 2
92206 6
92207 5
92208 5
92209 11
92210 4
92211 6
92212 9
92213 8
92214 6
92215 8
92216 11
92217 5
92218 10
92219 8
92220 1
92221 9
92222 8
92223 11
92224 8
92225 3
92226 3
92227 9
92228 4
92229 10
92230 9
92231 3
92232 8
92233 10
92234 9
92235 5
92236 3
92237 10
92238 6
92239 8
92240 10
92241 9
92242 8
92243 7
92244 3
92245 10
92246 9
92247 11
92248 10
92249 3
92250 11
92251 10
92252 7
92253 5
92254 9
92255 3
92256 7
92257 7
92258 2
92259 11
92260 4
92261 4
92262 8
92263 6
92264 11
92265 2
92266 0
92267 5
92268 9
92269 1
92270 10
92271 11
92272 6
92273 6
92274 5
92275 8
92276 6
92277 9
92278 7
92279 10
92280 8
92281 2
92282 5
92283 10
92284 3
92285 11
92286 1
92287 8
92288 4
92289 7
92290 1
92291 10
92292 9
92293 11
92294 7
92295 4
92296 11
92297 5
92298 3
92299 8
92300 10
92301 6
92302 7
92303 7
92304 9
92305 11
92306 9
92307 6
92308 10
92309 11
92310 6
92311 6
92312 8
92313 7
92314 1
92315 0
92316 6
92317 8
92318 1
92319 10
92320 10
92321 8
92322 10
92323 11
92324 10
92325 1
92326 8
92327 3
92328 9
92329 6
92330 7
92331 4
92332 6
92333 5
92334 6
92335 10
92336 10
92337 9
92338 5
92339 4
92340 7
92341 10
92342 2
92343 11
92344 8
92345 9
92346 9
92347 9
92348 8
92349 1
92350 1
92351 2
92352 7
92353 5
92354 4
92355 9
92356 2
92357 7
92358 9
92359 8
92360 3
92361 9
92362 2
92363 11
92364 10
92365 4
92366 11
92367 4
92368 9
92369 8
92370 5
92371 8
92372 8
92373 11
92374 10
92375 8
92376 6
92377 3
92378 0
92379 6
92380 10
92381 10
92382 4
92383 10
92384 5
92385 10
92386 10
92387 6
92388 2
92389 1
92390 2
92391 6
92392 10
92393 10
92394 8
92395 10
92396 8
92397 8
92398 6
92399 5
92400 4
92401 5
92402 9
92403 4
92404 2
92405 6
92406 2
92407 10
92408 5
92409 11
92410 11
92411 4
92412 9
92413 10
92414 1
92415 7
92416 10
92417 11
92418 11
92419 8
92420 5
92421 10
92422 6
92423 8
92424 5
92425 11
92426 3
92427 10
92428 7
92429 7
92430 5
92431 10
92432 12
92433 0
92434 11
92435 7
92436 11
92437 12
92438 8
92439 5
92440 4
92441 2
92442 9
92443 4
92444 5
92445 5
92446 8
92447 10
92448 8
92449 9
92450 10
92451 11
92452 0
92453 5
92454 4
92455 12
92456 2
92457 8
92458 4
92459 11
92460 6
92461 5
92462 7
92463 7
92464 7
92465 10
92466 11
92467 11
92468 10
92469 9
92470 9
92471 4
92472 11
92473 6
92474 6
92475 11
92476 4
92477 9
92478 3
92479 7
92480 7
92481 10
92482 5
92483 9
92484 3
92485 8
92486 11
92487 10
92488 8
92489 1
92490 12
92491 6
92492 11
92493 2
92494 9
92495 9
92496 0
92497 10
92498 9
92499 7
92500 4
92501 8
92502 3
92503 10
92504 11
92505 9
92506 2
92507 9
92508 7
92509 11
92510 10
92511 9
92512 10
92513 7
92514 6
92515 5
92516 5
92517 10
92518 11
92519 4
92520 6
92521 2
92522 3
92523 8
92524 11
92525 10
92526 10
92527 4
92528 8
92529 9
92530 9
92531 2
92532 10
92533 11
92534 8
92535 6
92536 6
92537 5
92538 9
92539 8
92540 9
92541 8
92542 5
92543 3
92544 3
92545 9
92546 9
92547 2
92548 2
92549 5
92550 6
92551 10
92552 11
92553 8
92554 9
92555 9
92556 10
92557 3
92558 10
92559 3
92560 9
92561 11
92562 13
92563 10
92564 11
92565 10
92566 8
92567 11
92568 10
92569 9
92570 6
92571 10
92572 10
92573 4
92574 1
92575 8
92576 7
92577 11
92578 7
92579 9
92580 10
92581 9
92582 10
92583 11
92584 9
92585 10
92586 8
92587 6
92588 7
92589 10
92590 10
92591 6
92592 11
92593 9
92594 3
92595 5
92596 8
92597 3
92598 9
92599 11
92600 11
92601 8
92602 9
92603 4
92604 10
92605 9
92606 11
92607 6
92608 10
92609 12
92610 10
92611 12
92612 9
92613 10
92614 6
92615 6
92616 0
92617 12
92618 11
92619 11
92620 10
92621 9
92622 1
92623 5
92624 9
92625 7
92626 6
92627 10
92628 6
92629 2
92630 11
92631 11
92632 8
92633 10
92634 12
92635 8
92636 9
92637 11
92638 3
92639 6
92640 4
92641 2
92642 8
92643 6
92644 10
92645 12
92646 10
92647 9
92648 9
92649 6
92650 6
92651 12
92652 7
92653 10
92654 10
92655 8
92656 1
92657 1
92658 6
92659 8
92660 2
92661 9
92662 9
92663 9
92664 11
92665 1
92666 9
92667 9
92668 11
92669 7
92670 4
92671 7
92672 8
92673 8
92674 4
92675 10
92676 12
92677 4
92678 9
92679 11
92680 4
92681 6
92682 9
92683 11
92684 7
92685 11
92686 2
92687 11
92688 2
92689 7
92690 9
92691 9
92692 10
92693 10
92694 7
92695 12
92696 7
92697 3
92698 2
92699 4
92700 8
92701 3
92702 11
92703 2
92704 7
92705 8
92706 2
92707 6
92708 3
92709 11
92710 12
92711 4
92712 2
92713 10
92714 2
92715 7
92716 8
92717 4
92718 9
92719 7
92720 8
92721 12
92722 0
92723 11
92724 11
92725 9
92726 10
92727 4
92728 10
92729 10
92730 11
92731 7
92732 7
92733 10
92734 8
92735 1
92736 11
92737 11
92738 10
92739 11
92740 9
92741 10
92742 9
92743 8
92744 1
92745 4
92746 11
92747 6
92748 11
92749 7
92750 7
92751 4
92752 5
92753 3
92754 7
92755 9
92756 2
92757 5
92758 9
92759 5
92760 6
92761 1
92762 7
92763 11
92764 12
92765 10
92766 5
92767 5
92768 1
92769 11
92770 11
92771 10
92772 5
92773 7
92774 8
92775 3
92776 2
92777 8
92778 0
92779 10
92780 0
92781 2
92782 8
92783 7
92784 8
92785 7
92786 10
92787 10
92788 10
92789 11
92790 8
92791 4
92792 9
92793 11
92794 12
92795 0
92796 4
92797 11
92798 10
92799 12
92800 10
92801 7
92802 8
92803 0
92804 1
92805 7
92806 11
92807 9
92808 2
92809 5
92810 10
92811 10
92812 10
92813 9
92814 8
92815 6
92816 12
92817 11
92818 6
92819 7
92820 3
92821 8
92822 7
92823 8
92824 10
92825 11
92826 8
92827 11
92828 4
92829 9
92830 6
92831 11
92832 6
92833 8
92834 10
92835 11
92836 8
92837 9
92838 11
92839 10
92840 9
92841 12
92842 8
92843 11
92844 9
92845 9
92846 7
92847 5
92848 2
92849 9
92850 11
92851 6
92852 7
92853 5
92854 8
92855 3
92856 0
92857 2
92858 10
92859 9
92860 6
92861 3
92862 9
92863 8
92864 10
92865 8
92866 11
92867 5
92868 11
92869 8
92870 8
92871 4
92872 5
92873 11
92874 6
92875 10
92876 8
92877 5
92878 9
92879 9
92880 6
92881 7
92882 9
92883 5
92884 7
92885 12
92886 8
92887 9
92888 10
92889 10
92890 8
92891 10
92892 8
92893 11
92894 2
92895 4
92896 9
92897 10
92898 10
92899 11
92900 9
92901 4
92902 11
92903 8
92904 5
92905 8
92906 10
92907 6
92908 11
92909 11
92910 9
92911 6
92912 4
92913 1
92914 1
92915 8
92916 11
92917 10
92918 9
92919 11
92920 3
92921 10
92922 9
92923 4
92924 9
92925 8
92926 7
92927 11
92928 10
92929 2
92930 11
92931 7
92932 9
92933 5
92934 11
92935 1
92936 8
92937 11
92938 11
92939 0
92940 6
92941 10
92942 8
92943 11
92944 9
92945 6
92946 8
92947 10
92948 11
92949 5
92950 9
92951 7
92952 11
92953 10
92954 3
92955 10
92956 2
92957 10
92958 10
92959 10
92960 8
92961 1
92962 10
92963 8
92964 3
92965 9
92966 2
92967 10
92968 7
92969 4
92970 6
92971 9
92972 9
92973 2
92974 7
92975 0
92976 10
92977 6
92978 10
92979 8
92980 8
92981 7
92982 6
92983 4
92984 2
92985 6
92986 8
92987 10
92988 1
92989 8
92990 11
92991 9
92992 1
92993 4
92994 9
92995 3
92996 5
92997 7
92998 12
92999 7
93000 12
93001 10
93002 10
93003 4
93004 11
93005 7
93006 9
93007 10
93008 5
93009 7
93010 5
93011 10
93012 2
93013 8
93014 7
93015 1
93016 4
93017 2
93018 10
93019 9
93020 10
93021 1
93022 9
93023 8
93024 10
93025 11
93026 11
93027 9
93028 10
93029 11
93030 6
93031 6
93032 4
93033 2
93034 5
93035 5
93036 9
93037 9
93038 12
93039 1
93040 1
93041 4
93042 7
93043 9
93044 8
93045 10
93046 5
93047 2
93048 10
93049 2
93050 11
93051 5
93052 8
93053 3
93054 9
93055 10
93056 10
93057 3
93058 5
93059 3
93060 10
93061 8
93062 10
93063 4
93064 5
93065 3
93066 1
93067 2
93068 11
93069 11
93070 5
93071 4
93072 9
93073 4
93074 7
93075 3
93076 8
93077 10
93078 11
93079 3
93080 7
93081 8
93082 9
93083 4
93084 10
93085 1
93086 8
93087 6
93088 7
93089 6
93090 6
93091 8
93092 10
93093 10
93094 10
93095 11
93096 4
93097 9
93098 5
93099 9
93100 2
93101 9
93102 12
93103 10
93104 8
93105 9
93106 5
93107 2
93108 10
93109 3
93110 0
93111 4
93112 4
93113 9
93114 11
93115 4
93116 11
93117 1
93118 2
93119 2
93120 8
93121 8
93122 6
93123 11
93124 4
93125 8
93126 10
93127 9
93128 7
93129 8
93130 8
93131 10
93132 7
93133 9
93134 9
93135 8
93136 3
93137 3
93138 10
93139 5
93140 0
93141 1
93142 4
93143 7
93144 3
93145 3
93146 9
93147 7
93148 0
93149 10
93150 4
93151 5
93152 4
93153 3
93154 1
93155 5
93156 1
93157 9
93158 4
93159 5
93160 9
93161 1
93162 6
93163 8
93164 10
93165 7
93166 3
93167 10
93168 10
93169 3
93170 9
93171 4
93172 4
93173 6
93174 9
93175 9
93176 8
93177 6
93178 10
93179 10
93180 8
93181 5
93182 6
93183 2
93184 10
93185 9
93186 0
93187 8
93188 12
93189 4
93190 10
93191 3
93192 6
93193 2
93194 8
93195 9
93196 10
93197 11
93198 9
93199 8
93200 8
93201 8
93202 0
93203 10
93204 11
93205 10
93206 11
93207 5
93208 6
93209 0
93210 10
93211 6
93212 3
93213 9
93214 9
93215 8
93216 11
93217 6
93218 10
93219 1
93220 11
93221 11
93222 6
93223 7
93224 10
93225 8
93226 8
93227 6
93228 1
93229 9
93230 10
93231 2
93232 6
93233 8
93234 10
93235 2
93236 7
93237 12
93238 10
93239 7
93240 10
93241 8
93242 11
93243 10
93244 12
93245 0
93246 7
93247 7
93248 12
93249 11
93250 3
93251 10
93252 10
93253 8
93254 0
93255 1
93256 7
93257 9
93258 8
93259 11
93260 7
93261 9
93262 10
93263 8
93264 11
93265 9
93266 7
93267 9
93268 10
93269 7
93270 11
93271 8
93272 9
93273 11
93274 4
93275 4
93276 9
93277 10
93278 10
93279 6
93280 10
93281 7
93282 7
93283 4
93284 10
93285 1
93286 10
93287 10
93288 1
93289 10
93290 6
93291 11
93292 8
93293 12
93294 8
93295 11
93296 6
93297 10
93298 11
93299 8
93300 11
93301 4
93302 9
93303 8
93304 9
93305 6
93306 9
93307 3
93308 9
93309 8
93310 6
93311 0
93312 4
93313 6
93314 11
93315 8
93316 2
93317 12
93318 8
93319 0
93320 11
93321 7
93322 7
93323 10
93324 9
93325 5
93326 11
93327 7
93328 5
93329 7
93330 3
93331 7
93332 0
93333 7
93334 2
93335 3
93336 11
93337 6
93338 4
93339 10
93340 11
93341 0
93342 10
93343 3
93344 2
93345 11
93346 8
93347 8
93348 6
93349 12
93350 7
93351 10
93352 10
93353 6
93354 10
93355 6
93356 4
93357 6
93358 7
93359 7
93360 5
93361 3
93362 11
93363 8
93364 12
93365 7
93366 9
93367 10
93368 11
93369 10
93370 10
93371 10
93372 11
93373 4
93374 6
93375 7
93376 9
93377 10
93378 7
93379 9
93380 10
93381 9
93382 1
93383 8
93384 7
93385 4
93386 0
93387 3
93388 8
93389 8
93390 8
93391 11
93392 5
93393 8
93394 5
93395 11
93396 1
93397 8
93398 5
93399 7
93400 7
93401 2
93402 10
93403 9
93404 0
93405 3
93406 6
93407 12
93408 8
93409 8
93410 6
93411 8
93412 9
93413 5
93414 10
93415 4
93416 6
93417 8
93418 1
93419 11
93420 10
93421 11
93422 11
93423 8
93424 12
93425 2
93426 6
93427 8
93428 9
93429 9
93430 10
93431 9
93432 11
93433 0
93434 8
93435 10
93436 0
93437 8
93438 1
93439 7
93440 1
93441 11
93442 9
93443 4
93444 4
93445 10
93446 1
93447 9
93448 10
93449 6
93450 6
93451 9
93452 4
93453 7
93454 9
93455 5
93456 10
93457 11
93458 8
93459 3
93460 12
93461 9
93462 6
93463 6
93464 10
93465 7
93466 11
93467 10
93468 11
93469 10
93470 8
93471 10
93472 4
93473 10
93474 5
93475 10
93476 4
93477 6
93478 10
93479 11
93480 8
93481 9
93482 10
93483 12
93484 0
93485 12
93486 11
93487 11
93488 4
93489 6
93490 9
93491 3
93492 11
93493 10
93494 10
93495 0
93496 10
93497 2
93498 2
93499 10
93500 11
93501 10
93502 9
93503 11
93504 2
93505 11
93506 7
93507 12
93508 10
93509 11
93510 3
93511 6
93512 5
93513 6
93514 10
93515 8
93516 2
93517 11
93518 8
93519 7
93520 9
93521 6
93522 8
93523 5
93524 7
93525 2
93526 11
93527 7
93528 8
93529 7
93530 6
93531 10
93532 9
93533 11
93534 9
93535 5
93536 9
93537 9
93538 11
93539 6
93540 6
93541 10
93542 8
93543 11
93544 7
93545 5
93546 9
93547 4
93548 9
93549 2
93550 7
93551 8
93552 11
93553 10
93554 10
93555 10
93556 11
93557 8
93558 8
93559 5
93560 8
93561 11
93562 8
93563 11
93564 12
93565 10
93566 6
93567 9
93568 10
93569 9
93570 11
93571 12
93572 10
93573 9
93574 8
93575 9
93576 10
93577 9
93578 5
93579 10
93580 5
93581 9
93582 8
93583 8
93584 11
93585 2
93586 5
93587 3
93588 3
93589 7
93590 11
93591 6
93592 10
93593 5
93594 10
93595 5
93596 6
93597 12
93598 0
93599 11
93600 9
93601 6
93602 8
93603 10
93604 7
93605 8
93606 8
93607 6
93608 11
93609 5
93610 8
93611 10
93612 1
93613 10
93614 8
93615 11
93616 12
93617 10
93618 5
93619 10
93620 8
93621 12
93622 9
93623 8
93624 4
93625 12
93626 3
93627 10
93628 10
93629 13
93630 1
93631 6
93632 6
93633 3
93634 7
93635 11
93636 2
93637 11
93638 7
93639 3
93640 8
93641 12
93642 11
93643 10
93644 9
93645 3
93646 10
93647 9
93648 6
93649 8
93650 10
93651 6
93652 5
93653 2
93654 7
93655 10
93656 9
93657 7
93658 9
93659 8
93660 11
93661 2
93662 11
93663 11
93664 9
93665 4
93666 7
93667 8
93668 0
93669 11
93670 9
93671 2
93672 8
93673 8
93674 8
93675 7
93676 1
93677 0
93678 9
93679 5
93680 8
93681 11
93682 7
93683 10
93684 8
93685 7
93686 0
93687 6
93688 5
93689 7
93690 9
93691 1
93692 9
93693 6
93694 6
93695 2
93696 4
93697 9
93698 4
93699 7
93700 7
93701 11
93702 8
93703 12
93704 7
93705 4
93706 12
93707 10
93708 10
93709 8
93710 10
93711 8
93712 2
93713 1
93714 8
93715 11
93716 2
93717 6
93718 5
93719 11
93720 11
93721 3
93722 9
93723 7
93724 1
93725 9
93726 1
93727 1
93728 0
93729 6
93730 7
93731 10
93732 6
93733 11
93734 6
93735 11
93736 8
93737 10
93738 11
93739 11
93740 8
93741 4
93742 4
93743 10
93744 1
93745 3
93746 9
93747 10
93748 5
93749 2
93750 12
93751 2
93752 4
93753 3
93754 9
93755 10
93756 10
93757 11
93758 11
93759 11
93760 10
93761 8
93762 5
93763 7
93764 7
93765 12
93766 4
93767 11
93768 6
93769 10
93770 10
93771 9
93772 10
93773 10
93774 9
93775 6
93776 8
93777 11
93778 4
93779 9
93780 9
93781 3
93782 7
93783 1
93784 10
93785 11
93786 6
93787 6
93788 10
93789 12
93790 9
93791 6
93792 4
93793 9
93794 10
93795 4
93796 2
93797 9
93798 11
93799 9
93800 4
93801 8
93802 10
93803 8
93804 7
93805 11
93806 5
93807 5
93808 6
93809 0
93810 10
93811 8
93812 12
93813 0
93814 1
93815 11
93816 2
93817 8
93818 5
93819 8
93820 9
93821 6
93822 9
93823 2
93824 3
93825 11
93826 10
93827 0
93828 7
93829 12
93830 10
93831 9
93832 11
93833 3
93834 5
93835 10
93836 10
93837 10
93838 10
93839 5
93840 7
93841 7
93842 9
93843 12
93844 6
93845 6
93846 8
93847 3
93848 10
93849 9
93850 9
93851 6
93852 8
93853 8
93854 3
93855 8
93856 10
93857 10
93858 2
93859 3
93860 3
93861 9
93862 10
93863 3
93864 11
93865 10
93866 6
93867 9
93868 11
93869 0
93870 5
93871 11
93872 7
93873 11
93874 10
93875 8
93876 4
93877 11
93878 1
93879 10
93880 8
93881 10
93882 5
93883 7
93884 11
93885 11
93886 8
93887 8
93888 10
93889 8
93890 9
93891 12
93892 11
93893 5
93894 0
93895 8
93896 4
93897 5
93898 6
93899 7
93900 2
93901 9
93902 7
93903 6
93904 5
93905 2
93906 8
93907 7
93908 1
93909 4
93910 9
93911 8
93912 4
93913 6
93914 6
93915 7
93916 7
93917 1
93918 7
93919 2
93920 9
93921 6
93922 0
93923 6
93924 8
93925 11
93926 10
93927 7
93928 6
93929 0
93930 9
93931 2
93932 7
93933 7
93934 9
93935 10
93936 9
93937 5
93938 11
93939 12
93940 11
93941 5
93942 6
93943 4
93944 9
93945 5
93946 8
93947 6
93948 9
93949 10
93950 10
93951 10
93952 12
93953 8
93954 5
93955 7
93956 0
93957 2
93958 9
93959 8
93960 9
93961 8
93962 6
93963 4
93964 11
93965 2
93966 9
93967 12
93968 5
93969 6
93970 11
93971 10
93972 7
93973 9
93974 8
93975 7
93976 7
93977 9
93978 1
93979 4
93980 2
93981 12
93982 11
93983 8
93984 6
93985 7
93986 10
93987 7
93988 11
93989 8
93990 2
93991 9
93992 7
93993 1
93994 9
93995 10
93996 10
93997 10
93998 1
93999 10
94000 3
94001 1
94002 3
94003 11
94004 2
94005 0
94006 8
94007 7
94008 1
94009 7
94010 10
94011 11
94012 9
94013 3
94014 12
94015 4
94016 8
94017 10
94018 12
94019 0
94020 12
94021 9
94022 1
94023 10
94024 9
94025 11
94026 3
94027 10
94028 12
94029 7
94030 11
94031 11
94032 1
94033 5
94034 0
94035 8
94036 4
94037 6
94038 11
94039 11
94040 4
94041 6
94042 10
94043 6
94044 8
94045 5
94046 12
94047 11
94048 12
94049 7
94050 11
94051 2
94052 9
94053 2
94054 7
94055 10
94056 8
94057 11
94058 9
94059 7
94060 11
94061 0
94062 10
94063 6
94064 10
94065 6
94066 11
94067 9
94068 5
94069 7
94070 1
94071 9
94072 11
94073 5
94074 10
94075 8
94076 6
94077 8
94078 8
94079 5
94080 5
94081 7
94082 3
94083 11
94084 9
94085 10
94086 10
94087 11
94088 12
94089 10
94090 9
94091 11
94092 9
94093 5
94094 5
94095 10
94096 1
94097 3
94098 8
94099 6
94100 3
94101 11
94102 8
94103 7
94104 5
94105 6
94106 0
94107 11
94108 12
94109 6
94110 6
94111 5
94112 9
94113 9
94114 10
94115 12
94116 9
94117 10
94118 6
94119 1
94120 9
94121 10
94122 5
94123 7
94124 9
94125 2
94126 10
94127 0
94128 12
94129 2
94130 6
94131 11
94132 10
94133 11
94134 4
94135 11
94136 3
94137 4
94138 5
94139 8
94140 9
94141 11
94142 8
94143 7
94144 5
94145 3
94146 0
94147 5
94148 10
94149 6
94150 5
94151 10
94152 10
94153 10
94154 7
94155 10
94156 10
94157 7
94158 11
94159 8
94160 8
94161 12
94162 7
94163 8
94164 0
94165 1
94166 7
94167 10
94168 12
94169 2
94170 6
94171 6
94172 7
94173 5
94174 9
94175 11
94176 9
94177 9
94178 8
94179 11
94180 2
94181 10
94182 8
94183 11
94184 8
94185 1
94186 6
94187 7
94188 7
94189 10
94190 10
94191 8
94192 10
94193 7
94194 9
94195 4
94196 5
94197 11
94198 1
94199 0
94200 2
94201 9
94202 11
94203 11
94204 0
94205 7
94206 8
94207 7
94208 9
94209 7
94210 10
94211 7
94212 10
94213 7
94214 6
94215 11
94216 5
94217 4
94218 3
94219 10
94220 4
94221 7
94222 9
94223 7
94224 11
94225 2
94226 1
94227 5
94228 13
94229 8
94230 3
94231 1
94232 11
94233 12
94234 7
94235 11
94236 9
94237 8
94238 8
94239 10
94240 10
94241 0
94242 5
94243 5
94244 1
94245 7
94246 4
94247 11
94248 9
94249 10
94250 9
94251 3
94252 1
94253 11
94254 4
94255 4
94256 3
94257 12
94258 9
94259 12
94260 10
94261 4
94262 9
94263 10
94264 8
94265 9
94266 10
94267 7
94268 9
94269 7
94270 9
94271 8
94272 9
94273 7
94274 10
94275 0
94276 11
94277 7
94278 10
94279 11
94280 8
94281 5
94282 10
94283 4
94284 6
94285 1
94286 9
94287 8
94288 8
94289 12
94290 2
94291 2
94292 3
94293 8
94294 8
94295 8
94296 6
94297 2
94298 7
94299 9
94300 10
94301 8
94302 10
94303 11
94304 7
94305 5
94306 9
94307 1
94308 11
94309 5
94310 0
94311 6
94312 0
94313 9
94314 8
94315 8
94316 11
94317 9
94318 10
94319 9
94320 4
94321 5
94322 11
94323 11
94324 0
94325 8
94326 10
94327 6
94328 8
94329 8
94330 11
94331 11
94332 3
94333 9
94334 12
94335 1
94336 8
94337 11
94338 11
94339 2
94340 7
94341 6
94342 4
94343 11
94344 7
94345 8
94346 10
94347 6
94348 8
94349 11
94350 4
94351 9
94352 8
94353 1
94354 6
94355 6
94356 10
94357 1
94358 10
94359 7
94360 6
94361 0
94362 10
94363 7
94364 2
94365 11
94366 8
94367 10
94368 11
94369 6
94370 8
94371 9
94372 6
94373 7
94374 5
94375 12
94376 10
94377 10
94378 11
94379 6
94380 12
94381 11
94382 12
94383 8
94384 10
94385 6
94386 9
94387 12
94388 10
94389 4
94390 11
94391 12
94392 9
94393 10
94394 9
94395 9
94396 3
94397 7
94398 9
94399 10
94400 9
94401 8
94402 6
94403 7
94404 11
94405 9
94406 6
94407 10
94408 2
94409 7
94410 11
94411 11
94412 11
94413 7
94414 9
94415 2
94416 11
94417 2
94418 8
94419 10
94420 10
94421 11
94422 3
94423 0
94424 10
94425 8
94426 8
94427 3
94428 11
94429 8
94430 8
94431 10
94432 8
94433 11
94434 10
94435 11
94436 9
94437 6
94438 10
94439 10
94440 6
94441 7
94442 9
94443 9
94444 8
94445 10
94446 12
94447 8
94448 5
94449 8
94450 5
94451 10
94452 10
94453 9
94454 11
94455 3
94456 10
94457 0
94458 12
94459 5
94460 1
94461 11
94462 8
94463 10
94464 10
94465 4
94466 11
94467 3
94468 6
94469 11
94470 5
94471 10
94472 12
94473 11
94474 3
94475 12
94476 5
94477 9
94478 11
94479 11
94480 4
94481 12
94482 0
94483 9
94484 8
94485 10
94486 4
94487 10
94488 3
94489 3
94490 7
94491 9
94492 11
94493 10
94494 9
94495 12
94496 7
94497 11
94498 9
94499 8
94500 12
94501 0
94502 11
94503 1
94504 11
94505 6
94506 9
94507 6
94508 6
94509 11
94510 5
94511 11
94512 10
94513 10
94514 7
94515 7
94516 5
94517 2
94518 7
94519 7
94520 8
94521 11
94522 12
94523 11
94524 13
94525 10
94526 6
94527 8
94528 10
94529 5
94530 12
94531 6
94532 8
94533 11
94534 11
94535 10
94536 9
94537 0
94538 8
94539 1
94540 8
94541 9
94542 11
94543 12
94544 3
94545 5
94546 10
94547 10
94548 2
94549 10
94550 5
94551 7
94552 6
94553 8
94554 9
94555 9
94556 8
94557 6
94558 11
94559 9
94560 3
94561 8
94562 3
94563 11
94564 9
94565 6
94566 6
94567 10
94568 7
94569 9
94570 10
94571 11
94572 7
94573 7
94574 0
94575 3
94576 11
94577 3
94578 0
94579 6
94580 12
94581 9
94582 8
94583 0
94584 9
94585 10
94586 7
94587 11
94588 10
94589 0
94590 4
94591 9
94592 10
94593 6
94594 5
94595 3
94596 10
94597 1
94598 3
94599 8
94600 10
94601 0
94602 8
94603 2
94604 2
94605 12
94606 9
94607 9
94608 0
94609 10
94610 10
94611 11
94612 10
94613 5
94614 7
94615 7
94616 6
94617 7
94618 8
94619 6
94620 8
94621 2
94622 9
94623 6
94624 8
94625 1
94626 9
94627 7
94628 9
94629 5
94630 11
94631 8
94632 10
94633 2
94634 10
94635 9
94636 12
94637 4
94638 9
94639 10
94640 5
94641 6
94642 2
94643 7
94644 5
94645 9
94646 8
94647 8
94648 3
94649 8
94650 11
94651 7
94652 4
94653 10
94654 10
94655 10
94656 0
94657 5
94658 7
94659 10
94660 11
94661 7
94662 3
94663 9
94664 7
94665 9
94666 9
94667 6
94668 6
94669 8
94670 3
94671 6
94672 11
94673 7
94674 12
94675 6
94676 2
94677 7
94678 11
94679 3
94680 10
94681 11
94682 5
94683 12
94684 10
94685 8
94686 4
94687 1
94688 3
94689 9
94690 7
94691 8
94692 10
94693 10
94694 9
94695 5
94696 4
94697 10
94698 7
94699 6
94700 8
94701 5
94702 8
94703 0
94704 9
94705 7
94706 9
94707 3
94708 8
94709 7
94710 0
94711 5
94712 11
94713 10
94714 1
94715 9
94716 11
94717 4
94718 10
94719 6
94720 1
94721 10
94722 5
94723 9
94724 12
94725 10
94726 10
94727 6
94728 2
94729 1
94730 12
94731 3
94732 6
94733 9
94734 5
94735 10
94736 11
94737 11
94738 10
94739 8
94740 8
94741 12
94742 11
94743 0
94744 9
94745 11
94746 12
94747 9
94748 10
94749 9
94750 11
94751 9
94752 9
94753 4
94754 6
94755 6
94756 10
94757 9
94758 3
94759 10
94760 7
94761 9
94762 10
94763 11
94764 8
94765 10
94766 7
94767 8
94768 8
94769 13
94770 0
94771 7
94772 10
94773 11
94774 9
94775 7
94776 10
94777 4
94778 1
94779 12
94780 10
94781 4
94782 6
94783 4
94784 9
94785 6
94786 9
94787 4
94788 8
94789 1
94790 9
94791 11
94792 3
94793 9
94794 6
94795 3
94796 8
94797 7
94798 10
94799 12
94800 9
94801 7
94802 9
94803 10
94804 0
94805 9
94806 9
94807 10
94808 7
94809 8
94810 11
94811 7
94812 8
94813 0
94814 8
94815 10
94816 7
94817 10
94818 5
94819 10
94820 4
94821 7
94822 6
94823 2
94824 3
94825 8
94826 9
94827 2
94828 2
94829 11
94830 11
94831 5
94832 8
94833 11
94834 5
94835 3
94836 10
94837 8
94838 11
94839 8
94840 5
94841 11
94842 8
94843 10
94844 7
94845 10
94846 12
94847 10
94848 7
94849 8
94850 5
94851 11
94852 11
94853 11
94854 5
94855 8
94856 8
94857 6
94858 6
94859 9
94860 7
94861 11
94862 8
94863 9
94864 5
94865 9
94866 11
94867 11
94868 8
94869 13
94870 10
94871 9
94872 9
94873 7
94874 8
94875 4
94876 5
94877 9
94878 8
94879 8
94880 7
94881 6
94882 7
94883 4
94884 9
94885 1
94886 2
94887 5
94888 10
94889 9
94890 3
94891 5
94892 12
94893 10
94894 7
94895 9
94896 10
94897 8
94898 4
94899 3
94900 4
94901 8
94902 10
94903 10
94904 8
94905 9
94906 10
94907 2
94908 4
94909 0
94910 5
94911 3
94912 5
94913 8
94914 8
94915 4
94916 12
94917 11
94918 10
94919 11
94920 4
94921 5
94922 11
94923 8
94924 9
94925 11
94926 0
94927 11
94928 8
94929 8
94930 10
94931 10
94932 5
94933 11
94934 11
94935 3
94936 10
94937 11
94938 10
94939 10
94940 9
94941 7
94942 10
94943 9
94944 10
94945 10
94946 4
94947 0
94948 11
94949 10
94950 7
94951 9
94952 11
94953 6
94954 0
94955 9
94956 7
94957 4
94958 8
94959 7
94960 8
94961 6
94962 7
94963 8
94964 11
94965 1
94966 9
94967 8
94968 3
94969 10
94970 10
94971 12
94972 10
94973 10
94974 6
94975 8
94976 5
94977 10
94978 0
94979 9
94980 8
94981 8
94982 11
94983 1
94984 12
94985 10
94986 3
94987 9
94988 6
94989 12
94990 4
94991 3
94992 4
94993 8
94994 9
94995 4
94996 3
94997 6
94998 8
94999 9
95000 1
95001 6
95002 7
95003 8
95004 1
95005 7
95006 11
95007 11
95008 7
95009 8
95010 11
95011 7
95012 7
95013 3
95014 10
95015 9
95016 11
95017 6
95018 11
95019 4
95020 10
95021 0
95022 11
95023 6
95024 12
95025 12
95026 9
95027 8
95028 7
95029 3
95030 1
95031 10
95032 4
95033 2
95034 9
95035 0
95036 11
95037 9
95038 9
95039 9
95040 7
95041 10
95042 10
95043 10
95044 10
95045 10
95046 11
95047 8
95048 3
95049 10
95050 11
95051 8
95052 8
95053 3
95054 11
95055 9
95056 9
95057 0
95058 10
95059 7
95060 4
95061 10
95062 11
95063 7
95064 12
95065 6
95066 12
95067 12
95068 11
95069 2
95070 11
95071 11
95072 3
95073 0
95074 8
95075 7
95076 8
95077 7
95078 1
95079 10
95080 9
95081 9
95082 11
95083 7
95084 9
95085 4
95086 3
95087 11
95088 8
95089 4
95090 8
95091 7
95092 3
95093 5
95094 5
95095 9
95096 11
95097 11
95098 10
95099 3
95100 6
95101 12
95102 12
95103 10
95104 3
95105 8
95106 11
95107 7
95108 4
95109 1
95110 9
95111 9
95112 11
95113 11
95114 9
95115 6
95116 8
95117 6
95118 7
95119 10
95120 1
95121 11
95122 3
95123 7
95124 8
95125 9
95126 9
95127 9
95128 2
95129 7
95130 2
95131 11
95132 6
95133 0
95134 11
95135 10
95136 5
95137 8
95138 0
95139 8
95140 8
95141 11
95142 6
95143 6
95144 9
95145 10
95146 11
95147 1
95148 4
95149 5
95150 10
95151 7
95152 8
95153 4
95154 1
95155 8
95156 11
95157 11
95158 3
95159 5
95160 1
95161 3
95162 10
95163 7
95164 12
95165 1
95166 6
95167 8
95168 8
95169 7
95170 8
95171 8
95172 3
95173 7
95174 8
95175 10
95176 8
95177 10
95178 12
95179 6
95180 9
95181 6
95182 10
95183 10
95184 10
95185 8
95186 6
95187 4
95188 2
95189 13
95190 10
95191 3
95192 2
95193 1
95194 8
95195 2
95196 12
95197 4
95198 3
95199 11
95200 8
95201 7
95202 11
95203 9
95204 5
95205 6
95206 5
95207 3
95208 7
95209 9
95210 5
95211 9
95212 7
95213 4
95214 4
95215 3
95216 8
95217 6
95218 10
95219 12
95220 6
95221 9
95222 2
95223 7
95224 7
95225 11
95226 2
95227 11
95228 10
95229 10
95230 3
95231 10
95232 5
95233 6
95234 7
95235 11
95236 8
95237 9
95238 11
95239 11
95240 5
95241 9
95242 5
95243 9
95244 12
95245 4
95246 11
95247 1
95248 11
95249 11
95250 10
95251 2
95252 11
95253 10
95254 8
95255 8
95256 11
95257 5
95258 9
95259 6
95260 12
95261 5
95262 8
95263 9
95264 11
95265 2
95266 10
95267 11
95268 8
95269 3
95270 10
95271 11
95272 8
95273 7
95274 6
95275 7
95276 10
95277 3
95278 10
95279 10
95280 10
95281 4
95282 11
95283 7
95284 8
95285 10
95286 7
95287 8
95288 6
95289 5
95290 12
95291 11
95292 3
95293 9
95294 4
95295 5
95296 10
95297 8
95298 6
95299 9
95300 10
95301 9
95302 3
95303 9
95304 7
95305 12
95306 1
95307 11
95308 9
95309 2
95310 5
95311 5
95312 11
95313 10
95314 12
95315 10
95316 7
95317 8
95318 7
95319 8
95320 7
95321 11
95322 10
95323 10
95324 0
95325 12
95326 11
95327 2
95328 4
95329 10
95330 10
95331 2
95332 10
95333 8
95334 11
95335 7
95336 10
95337 8
95338 1
95339 10
95340 11
95341 12
95342 11
95343 8
95344 1
95345 10
95346 3
95347 6
95348 0
95349 0
95350 6
95351 7
95352 2
95353 7
95354 8
95355 4
95356 5
95357 10
95358 10
95359 6
95360 9
95361 7
95362 6
95363 10
95364 8
95365 6
95366 9
95367 0
95368 7
95369 9
95370 11
95371 11
95372 5
95373 4
95374 12
95375 10
95376 8
95377 9
95378 11
95379 7
95380 0
95381 11
95382 11
95383 4
95384 6
95385 8
95386 6
95387 10
95388 10
95389 10
95390 4
95391 4
95392 5
95393 3
95394 9
95395 6
95396 9
95397 10
95398 8
95399 10
95400 9
95401 6
95402 11
95403 8
95404 11
95405 5
95406 6
95407 0
95408 8
95409 8
95410 11
95411 11
95412 13
95413 6
95414 12
95415 10
95416 6
95417 7
95418 0
95419 6
95420 8
95421 11
95422 7
95423 1
95424 8
95425 9
95426 11
95427 5
95428 4
95429 2
95430 8
95431 10
95432 12
95433 7
95434 5
95435 9
95436 8
95437 5
95438 12
95439 9
95440 8
95441 0
95442 1
95443 9
95444 11
95445 5
95446 8
95447 10
95448 11
95449 3
95450 11
95451 3
95452 5
95453 7
95454 11
95455 7
95456 12
95457 7
95458 8
95459 2
95460 9
95461 4
95462 7
95463 0
95464 6
95465 11
95466 2
95467 8
95468 10
95469 8
95470 3
95471 3
95472 8
95473 8
95474 9
95475 3
95476 10
95477 12
95478 11
95479 6
95480 8
95481 8
95482 11
95483 6
95484 10
95485 4
95486 5
95487 8
95488 10
95489 3
95490 11
95491 8
95492 10
95493 4
95494 7
95495 12
95496 3
95497 10
95498 6
95499 5
95500 11
95501 11
95502 10
95503 8
95504 5
95505 12
95506 10
95507 10
95508 0
95509 2
95510 10
95511 9
95512 9
95513 4
95514 8
95515 8
95516 13
95517 8
95518 6
95519 9
95520 11
95521 8
95522 11
95523 12
95524 12
95525 9
95526 10
95527 8
95528 6
95529 10
95530 0
95531 8
95532 1
95533 5
95534 9
95535 8
95536 8
95537 9
95538 6
95539 7
95540 7
95541 10
95542 7
95543 7
95544 3
95545 9
95546 6
95547 9
95548 7
95549 6
95550 10
95551 10
95552 2
95553 8
95554 10
95555 8
95556 12
95557 6
95558 9
95559 4
95560 9
95561 7
95562 10
95563 5
95564 11
95565 2
95566 11
95567 6
95568 7
95569 0
95570 10
95571 9
95572 0
95573 9
95574 6
95575 7
95576 11
95577 9
95578 6
95579 9
95580 7
95581 12
95582 5
95583 9
95584 5
95585 10
95586 10
95587 4
95588 4
95589 6
95590 12
95591 7
95592 4
95593 1
95594 8
95595 5
95596 2
95597 7
95598 12
95599 8
95600 6
95601 7
95602 8
95603 10
95604 3
95605 9
95606 4
95607 11
95608 10
95609 1
95610 5
95611 10
95612 10
95613 9
95614 11
95615 2
95616 8
95617 3
95618 11
95619 7
95620 7
95621 9
95622 11
95623 1
95624 9
95625 8
95626 10
95627 7
95628 4
95629 7
95630 8
95631 8
95632 4
95633 6
95634 4
95635 9
95636 9
95637 4
95638 11
95639 10
95640 0
95641 9
95642 10
95643 6
95644 0
95645 10
95646 2
95647 12
95648 9
95649 12
95650 8
95651 8
95652 2
95653 11
95654 12
95655 12
95656 10
95657 3
95658 6
95659 5
95660 12
95661 11
95662 3
95663 9
95664 3
95665 8
95666 2
95667 11
95668 0
95669 5
95670 12
95671 10
95672 0
95673 10
95674 8
95675 6
95676 9
95677 12
95678 10
95679 3
95680 8
95681 10
95682 3
95683 11
95684 12
95685 9
95686 12
95687 10
95688 5
95689 11
95690 6
95691 11
95692 0
95693 11
95694 2
95695 11
95696 10
95697 5
95698 8
95699 1
95700 7
95701 6
95702 10
95703 12
95704 8
95705 10
95706 8
95707 4
95708 11
95709 11
95710 9
95711 1
95712 4
95713 7
95714 9
95715 4
95716 12
95717 10
95718 10
95719 10
95720 7
95721 6
95722 7
95723 9
95724 9
95725 6
95726 0
95727 10
95728 6
95729 7
95730 4
95731 9
95732 10
95733 11
95734 9
95735 11
95736 10
95737 11
95738 2
95739 6
95740 11
95741 2
95742 5
95743 8
95744 4
95745 10
95746 5
95747 0
95748 0
95749 8
95750 10
95751 11
95752 8
95753 8
95754 9
95755 0
95756 11
95757 5
95758 11
95759 11
95760 9
95761 9
95762 11
95763 7
95764 5
95765 6
95766 7
95767 5
95768 12
95769 11
95770 5
95771 10
95772 10
95773 8
95774 7
95775 9
95776 4
95777 10
95778 10
95779 11
95780 1
95781 7
95782 4
95783 7
95784 3
95785 7
95786 6
95787 4
95788 11
95789 0
95790 6
95791 4
95792 10
95793 12
95794 11
95795 12
95796 11
95797 5
95798 11
95799 0
95800 5
95801 8
95802 4
95803 11
95804 5
95805 11
95806 10
95807 9
95808 9
95809 6
95810 5
95811 8
95812 11
95813 10
95814 10
95815 8
95816 7
95817 10
95818 11
95819 3
95820 8
95821 12
95822 10
95823 5
95824 11
95825 8
95826 12
95827 7
95828 8
95829 4
95830 10
95831 9
95832 3
95833 7
95834 5
95835 6
95836 12
95837 1
95838 4
95839 8
95840 13
95841 10
95842 7
95843 8
95844 1
95845 7
95846 10
95847 11
95848 6
95849 3
95850 6
95851 10
95852 3
95853 2
95854 6
95855 10
95856 5
95857 0
95858 1
95859 5
95860 1
95861 2
95862 5
95863 1
95864 5
95865 4
95866 0
95867 6
95868 11
95869 10
95870 7
95871 8
95872 10
95873 12
95874 2
95875 11
95876 9
95877 11
95878 9
95879 8
95880 10
95881 4
95882 3
95883 12
95884 6
95885 9
95886 6
95887 11
95888 11
95889 13
95890 11
95891 8
95892 7
95893 12
95894 1
95895 12
95896 5
95897 8
95898 10
95899 7
95900 5
95901 11
95902 3
95903 2
95904 10
95905 7
95906 6
95907 12
95908 10
95909 4
95910 6
95911 10
95912 12
95913 0
95914 2
95915 8
95916 4
95917 7
95918 9
95919 10
95920 11
95921 11
95922 11
95923 4
95924 9
95925 10
95926 3
95927 1
95928 8
95929 12
95930 7
95931 6
95932 5
95933 6
95934 11
95935 6
95936 8
95937 4
95938 7
95939 8
95940 9
95941 10
95942 11
95943 9
95944 6
95945 2
95946 10
95947 8
95948 7
95949 0
95950 9
95951 6
95952 11
95953 6
95954 10
95955 0
95956 10
95957 10
95958 5
95959 10
95960 4
95961 8
95962 3
95963 11
95964 8
95965 10
95966 10
95967 11
95968 4
95969 5
95970 11
95971 8
95972 11
95973 11
95974 11
95975 11
95976 7
95977 12
95978 7
95979 9
95980 9
95981 1
95982 10
95983 11
95984 7
95985 1
95986 10
95987 10
95988 5
95989 9
95990 9
95991 10
95992 11
95993 1
95994 4
95995 2
95996 12
95997 8
95998 8
95999 7
96000 1
96001 10
96002 12
96003 5
96004 11
96005 11
96006 9
96007 9
96008 5
96009 8
96010 4
96011 9
96012 10
96013 0
96014 3
96015 2
96016 10
96017 6
96018 6
96019 9
96020 8
96021 5
96022 10
96023 10
96024 4
96025 6
96026 11
96027 10
96028 0
96029 11
96030 7
96031 8
96032 1
96033 0
96034 8
96035 1
96036 10
96037 11
96038 6
96039 3
96040 10
96041 7
96042 5
96043 4
96044 5
96045 7
96046 11
96047 10
96048 8
96049 2
96050 8
96051 11
96052 7
96053 12
96054 11
96055 8
96056 9
96057 11
96058 4
96059 10
96060 5
96061 6
96062 3
96063 12
96064 10
96065 10
96066 10
96067 5
96068 2
96069 10
96070 6
96071 5
96072 10
96073 11
96074 9
96075 10
96076 9
96077 10
96078 9
96079 9
96080 10
96081 10
96082 9
96083 9
96084 12
96085 2
96086 11
96087 12
96088 2
96089 3
96090 9
96091 5
96092 8
96093 10
96094 11
96095 6
96096 10
96097 8
96098 11
96099 3
96100 9
96101 11
96102 11
96103 0
96104 6
96105 4
96106 9
96107 9
96108 8
96109 7
96110 8
96111 6
96112 8
96113 10
96114 7
96115 6
96116 8
96117 2
96118 3
96119 11
96120 7
96121 2
96122 11
96123 9
96124 5
96125 11
96126 5
96127 1
96128 11
96129 8
96130 4
96131 8
96132 8
96133 10
96134 9
96135 10
96136 11
96137 12
96138 9
96139 3
96140 11
96141 10
96142 12
96143 10
96144 9
96145 10
96146 6
96147 5
96148 11
96149 6
96150 1
96151 10
96152 10
96153 4
96154 11
96155 12
96156 10
96157 1
96158 3
96159 11
96160 9
96161 10
96162 12
96163 9
96164 8
96165 10
96166 11
96167 4
96168 10
96169 10
96170 10
96171 4
96172 10
96173 2
96174 3
96175 4
96176 11
96177 11
96178 4
96179 11
96180 11
96181 10
96182 10
96183 4
96184 3
96185 11
96186 12
96187 3
96188 11
96189 12
96190 1
96191 10
96192 10
96193 6
96194 8
96195 9
96196 6
96197 1
96198 8
96199 8
96200 11
96201 12
96202 9
96203 11
96204 7
96205 10
96206 9
96207 4
96208 10
96209 1
96210 12
96211 5
96212 11
96213 10
96214 8
96215 11
96216 9
96217 5
96218 5
96219 11
96220 11
96221 9
96222 9
96223 9
96224 7
96225 4
96226 5
96227 10
96228 8
96229 6
96230 11
96231 11
96232 10
96233 10
96234 5
96235 10
96236 12
96237 8
96238 0
96239 10
96240 1
96241 9
96242 8
96243 1
96244 1
96245 10
96246 11
96247 3
96248 6
96249 7
96250 9
96251 5
96252 11
96253 6
96254 7
96255 7
96256 10
96257 6
96258 9
96259 9
96260 1
96261 8
96262 5
96263 6
96264 10
96265 1
96266 4
96267 11
96268 11
96269 5
96270 6
96271 6
96272 1
96273 10
96274 11
96275 6
96276 10
96277 4
96278 10
96279 3
96280 8
96281 7
96282 11
96283 8
96284 4
96285 8
96286 10
96287 10
96288 6
96289 4
96290 10
96291 8
96292 10
96293 9
96294 10
96295 8
96296 12
96297 10
96298 6
96299 12
96300 9
96301 8
96302 11
96303 3
96304 8
96305 9
96306 10
96307 8
96308 12
96309 6
96310 8
96311 9
96312 5
96313 9
96314 5
96315 11
96316 0
96317 5
96318 8
96319 11
96320 11
96321 3
96322 7
96323 6
96324 7
96325 6
96326 9
96327 1
96328 3
96329 1
96330 10
96331 1
96332 2
96333 5
96334 11
96335 4
96336 11
96337 11
96338 0
96339 9
96340 7
96341 9
96342 10
96343 11
96344 0
96345 9
96346 5
96347 4
96348 8
96349 11
96350 11
96351 6
96352 9
96353 11
96354 12
96355 10
96356 8
96357 10
96358 1
96359 5
96360 12
96361 0
96362 1
96363 9
96364 6
96365 4
96366 11
96367 10
96368 6
96369 5
96370 10
96371 10
96372 7
96373 1
96374 9
96375 6
96376 4
96377 6
96378 9
96379 10
96380 6
96381 8
96382 10
96383 10
96384 9
96385 12
96386 4
96387 11
96388 12
96389 9
96390 6
96391 11
96392 12
96393 6
96394 7
96395 10
96396 4
96397 6
96398 13
96399 8
96400 10
96401 10
96402 3
96403 7
96404 10
96405 9
96406 6
96407 9
96408 4
96409 4
96410 12
96411 10
96412 4
96413 5
96414 3
96415 12
96416 7
96417 9
96418 10
96419 4
96420 5
96421 11
96422 12
96423 8
96424 10
96425 1
96426 9
96427 8
96428 11
96429 10
96430 8
96431 7
96432 11
96433 9
96434 11
96435 0
96436 9
96437 1
96438 2
96439 10
96440 7
96441 0
96442 11
96443 7
96444 12
96445 2
96446 9
96447 9
96448 3
96449 3
96450 9
96451 12
96452 7
96453 1
96454 3
96455 10
96456 7
96457 4
96458 8
96459 3
96460 11
96461 8
96462 3
96463 11
96464 9
96465 11
96466 11
96467 4
96468 8
96469 12
96470 8
96471 4
96472 10
96473 6
96474 3
96475 9
96476 10
96477 12
96478 11
96479 2
96480 7
96481 10
96482 7
96483 8
96484 11
96485 5
96486 1
96487 6
96488 8
96489 8
96490 3
96491 9
96492 12
96493 5
96494 7
96495 0
96496 11
96497 11
96498 11
96499 8
96500 2
96501 8
96502 5
96503 10
96504 10
96505 11
96506 10
96507 12
96508 5
96509 8
96510 11
96511 7
96512 11
96513 10
96514 1
96515 10
96516 5
96517 10
96518 0
96519 8
96520 6
96521 11
96522 9
96523 5
96524 3
96525 9
96526 10
96527 3
96528 11
96529 3
96530 8
96531 7
96532 8
96533 6
96534 10
96535 2
96536 2
96537 8
96538 7
96539 8
96540 8
96541 4
96542 6
96543 11
96544 8
96545 9
96546 0
96547 8
96548 10
96549 10
96550 4
96551 11
96552 7
96553 7
96554 9
96555 3
96556 10
96557 12
96558 6
96559 9
96560 10
96561 2
96562 8
96563 0
96564 11
96565 12
96566 9
96567 3
96568 5
96569 9
96570 0
96571 10
96572 11
96573 6
96574 11
96575 8
96576 0
96577 6
96578 3
96579 8
96580 9
96581 7
96582 7
96583 4
96584 8
96585 7
96586 11
96587 8
96588 11
96589 10
96590 9
96591 6
96592 9
96593 10
96594 5
96595 13
96596 11
96597 8
96598 4
96599 8
96600 0
96601 11
96602 12
96603 10
96604 12
96605 1
96606 10
96607 4
96608 6
96609 5
96610 7
96611 10
96612 8
96613 3
96614 11
96615 8
96616 4
96617 9
96618 6
96619 5
96620 2
96621 7
96622 4
96623 11
96624 8
96625 12
96626 10
96627 9
96628 11
96629 6
96630 8
96631 6
96632 9
96633 6
96634 6
96635 0
96636 7
96637 9
96638 3
96639 9
96640 3
96641 6
96642 6
96643 3
96644 12
96645 11
96646 10
96647 4
96648 5
96649 0
96650 9
96651 12
96652 8
96653 10
96654 7
96655 8
96656 9
96657 11
96658 10
96659 0
96660 7
96661 10
96662 9
96663 10
96664 0
96665 12
96666 12
96667 12
96668 2
96669 10
96670 6
96671 3
96672 11
96673 8
96674 11
96675 11
96676 10
96677 9
96678 8
96679 12
96680 3
96681 4
96682 9
96683 11
96684 12
96685 1
96686 9
96687 11
96688 7
96689 1
96690 10
96691 12
96692 11
96693 3
96694 10
96695 7
96696 10
96697 1
96698 11
96699 9
96700 7
96701 5
96702 4
96703 2
96704 2
96705 8
96706 6
96707 8
96708 6
96709 4
96710 3
96711 12
96712 11
96713 10
96714 8
96715 8
96716 7
96717 11
96718 8
96719 6
96720 11
96721 8
96722 8
96723 7
96724 8
96725 9
96726 9
96727 11
96728 3
96729 11
96730 10
96731 9
96732 10
96733 9
96734 11
96735 7
96736 2
96737 7
96738 9
96739 2
96740 10
96741 10
96742 10
96743 11
96744 11
96745 11
96746 9
96747 3
96748 10
96749 6
96750 9
96751 10
96752 4
96753 12
96754 9
96755 8
96756 10
96757 9
96758 8
96759 3
96760 5
96761 6
96762 10
96763 6
96764 10
96765 9
96766 7
96767 1
96768 8
96769 11
96770 6
96771 11
96772 10
96773 10
96774 12
96775 1
96776 9
96777 12
96778 10
96779 7
96780 10
96781 9
96782 10
96783 10
96784 3
96785 2
96786 10
96787 11
96788 10
96789 9
96790 6
96791 5
96792 13
96793 10
96794 7
96795 10
96796 10
96797 9
96798 2
96799 5
96800 9
96801 10
96802 11
96803 8
96804 4
96805 8
96806 8
96807 9
96808 8
96809 6
96810 8
96811 12
96812 0
96813 11
96814 11
96815 4
96816 6
96817 10
96818 9
96819 11
96820 1
96821 5
96822 0
96823 5
96824 2
96825 1
96826 7
96827 12
96828 13
96829 0
96830 4
96831 10
96832 11
96833 10
96834 1
96835 2
96836 8
96837 6
96838 11
96839 8
96840 3
96841 8
96842 3
96843 6
96844 10
96845 11
96846 8
96847 10
96848 11
96849 7
96850 12
96851 9
96852 6
96853 9
96854 10
96855 11
96856 7
96857 0
96858 6
96859 0
96860 0
96861 7
96862 13
96863 2
96864 0
96865 10
96866 8
96867 6
96868 5
96869 10
96870 7
96871 5
96872 4
96873 10
96874 6
96875 9
96876 5
96877 11
96878 11
96879 6
96880 10
96881 1
96882 11
96883 4
96884 3
96885 10
96886 10
96887 8
96888 9
96889 5
96890 3
96891 12
96892 9
96893 7
96894 6
96895 4
96896 6
96897 11
96898 0
96899 9
96900 0
96901 9
96902 0
96903 9
96904 12
96905 10
96906 6
96907 5
96908 4
96909 8
96910 10
96911 5
96912 12
96913 12
96914 6
96915 6
96916 10
96917 4
96918 12
96919 5
96920 10
96921 9
96922 9
96923 4
96924 11
96925 5
96926 5
96927 0
96928 8
96929 8
96930 10
96931 4
96932 10
96933 10
96934 8
96935 12
96936 4
96937 8
96938 5
96939 11
96940 11
96941 7
96942 4
96943 8
96944 8
96945 11
96946 6
96947 2
96948 8
96949 5
96950 7
96951 10
96952 7
96953 7
96954 9
96955 10
96956 10
96957 5
96958 7
96959 12
96960 10
96961 7
96962 7
96963 7
96964 8
96965 12
96966 11
96967 3
96968 0
96969 1
96970 8
96971 1
96972 12
96973 2
96974 11
96975 1
96976 10
96977 6
96978 10
96979 4
96980 10
96981 7
96982 10
96983 7
96984 11
96985 9
96986 1
96987 10
96988 11
96989 1
96990 10
96991 4
96992 8
96993 2
96994 6
96995 7
96996 4
96997 6
96998 12
96999 9
97000 2
97001 5
97002 11
97003 4
97004 10
97005 8
97006 11
97007 10
97008 8
97009 11
97010 2
97011 7
97012 1
97013 8
97014 10
97015 1
97016 6
97017 9
97018 0
97019 7
97020 3
97021 9
97022 0
97023 7
97024 9
97025 11
97026 10
97027 10
97028 6
97029 3
97030 12
97031 7
97032 6
97033 1
97034 1
97035 11
97036 7
97037 0
97038 11
97039 12
97040 11
97041 9
97042 3
97043 6
97044 1
97045 11
97046 13
97047 10
97048 9
97049 10
97050 0
97051 3
97052 11
97053 5
97054 11
97055 4
97056 10
97057 0
97058 10
97059 8
97060 3
97061 3
97062 10
97063 9
97064 4
97065 1
97066 1
97067 2
97068 5
97069 9
97070 7
97071 9
97072 12
97073 9
97074 12
97075 8
97076 11
97077 11
97078 2
97079 9
97080 9
97081 10
97082 7
97083 6
97084 11
97085 9
97086 11
97087 2
97088 8
97089 8
97090 1
97091 0
97092 9
97093 5
97094 3
97095 9
97096 2
97097 10
97098 0
97099 6
97100 6
97101 8
97102 2
97103 12
97104 0
97105 10
97106 11
97107 10
97108 9
97109 12
97110 8
97111 0
97112 3
97113 10
97114 5
97115 13
97116 9
97117 4
97118 8
97119 8
97120 10
97121 1
97122 11
97123 5
97124 10
97125 9
97126 9
97127 12
97128 12
97129 10
97130 13
97131 10
97132 7
97133 11
97134 7
97135 10
97136 7
97137 6
97138 8
97139 11
97140 9
97141 7
97142 9
97143 10
97144 7
97145 8
97146 1
97147 11
97148 11
97149 6
97150 0
97151 12
97152 8
97153 10
97154 6
97155 10
97156 11
97157 7
97158 4
97159 10
97160 5
97161 3
97162 10
97163 8
97164 12
97165 4
97166 10
97167 11
97168 9
97169 12
97170 7
97171 4
97172 11
97173 6
97174 10
97175 10
97176 0
97177 4
97178 8
97179 9
97180 8
97181 12
97182 6
97183 12
97184 11
97185 2
97186 10
97187 8
97188 3
97189 1
97190 9
97191 10
97192 11
97193 0
97194 6
97195 11
97196 6
97197 10
97198 9
97199 10
97200 10
97201 11
97202 5
97203 5
97204 9
97205 8
97206 8
97207 12
97208 5
97209 9
97210 10
97211 3
97212 9
97213 9
97214 7
97215 12
97216 3
97217 9
97218 10
97219 9
97220 0
97221 9
97222 1
97223 5
97224 6
97225 3
97226 7
97227 9
97228 0
97229 8
97230 7
97231 12
97232 8
97233 11
97234 7
97235 10
97236 11
97237 5
97238 10
97239 3
97240 8
97241 10
97242 9
97243 2
97244 6
97245 0
97246 9
97247 0
97248 13
97249 10
97250 8
97251 9
97252 13
97253 3
97254 10
97255 11
97256 8
97257 8
97258 7
97259 3
97260 6
97261 3
97262 11
97263 7
97264 0
97265 10
97266 11
97267 11
97268 0
97269 8
97270 8
97271 12
97272 12
97273 4
97274 4
97275 9
97276 11
97277 10
97278 1
97279 5
97280 11
97281 10
97282 9
97283 11
97284 0
97285 8
97286 9
97287 11
97288 9
97289 10
97290 8
97291 11
97292 9
97293 11
97294 10
97295 8
97296 4
97297 10
97298 4
97299 7
97300 3
97301 4
97302 11
97303 8
97304 5
97305 2
97306 10
97307 11
97308 6
97309 12
97310 1
97311 8
97312 10
97313 9
97314 4
97315 4
97316 11
97317 4
97318 10
97319 11
97320 11
97321 9
97322 11
97323 11
97324 6
97325 8
97326 11
97327 12
97328 10
97329 10
97330 1
97331 7
97332 5
97333 3
97334 12
97335 8
97336 9
97337 11
97338 10
97339 10
97340 11
97341 7
97342 5
97343 7
97344 10
97345 11
97346 12
97347 11
97348 6
97349 3
97350 0
97351 5
97352 11
97353 6
97354 10
97355 9
97356 5
97357 9
97358 1
97359 8
97360 7
97361 3
97362 9
97363 10
97364 11
97365 9
97366 10
97367 9
97368 4
97369 5
97370 10
97371 0
97372 10
97373 11
97374 1
97375 6
97376 10
97377 10
97378 6
97379 7
97380 4
97381 1
97382 9
97383 3
97384 7
97385 11
97386 9
97387 6
97388 9
97389 8
97390 7
97391 11
97392 9
97393 4
97394 5
97395 1
97396 10
97397 8
97398 8
97399 7
97400 3
97401 0
97402 6
97403 9
97404 1
97405 6
97406 8
97407 10
97408 3
97409 4
97410 8
97411 9
97412 4
97413 12
97414 11
97415 4
97416 8
97417 10
97418 1
97419 10
97420 2
97421 7
97422 8
97423 10
97424 4
97425 3
97426 11
97427 9
97428 1
97429 3
97430 8
97431 9
97432 0
97433 1
97434 5
97435 11
97436 12
97437 9
97438 7
97439 7
97440 1
97441 6
97442 6
97443 2
97444 8
97445 8
97446 10
97447 1
97448 8
97449 6
97450 9
97451 10
97452 4
97453 12
97454 8
97455 7
97456 7
97457 11
97458 8
97459 0
97460 9
97461 4
97462 5
97463 12
97464 11
97465 11
97466 6
97467 5
97468 11
97469 11
97470 12
97471 7
97472 2
97473 13
97474 5
97475 7
97476 8
97477 2
97478 12
97479 11
97480 5
97481 7
97482 5
97483 11
97484 9
97485 6
97486 7
97487 11
97488 5
97489 2
97490 10
97491 3
97492 7
97493 9
97494 9
97495 10
97496 10
97497 9
97498 10
97499 10
97500 8
97501 8
97502 12
97503 0
97504 12
97505 7
97506 11
97507 8
97508 8
97509 10
97510 11
97511 11
97512 9
97513 8
97514 10
97515 9
97516 8
97517 10
97518 12
97519 7
97520 10
97521 5
97522 10
97523 4
97524 10
97525 12
97526 3
97527 9
97528 6
97529 9
97530 7
97531 8
97532 1
97533 6
97534 0
97535 9
97536 6
97537 4
97538 10
97539 10
97540 10
97541 11
97542 2
97543 10
97544 11
97545 2
97546 10
97547 7
97548 6
97549 11
97550 10
97551 8
97552 1
97553 10
97554 13
97555 12
97556 1
97557 10
97558 0
97559 10
97560 2
97561 12
97562 11
97563 0
97564 12
97565 7
97566 5
97567 0
97568 8
97569 4
97570 12
97571 7
97572 10
97573 0
97574 10
97575 2
97576 9
97577 3
97578 12
97579 6
97580 11
97581 4
97582 11
97583 6
97584 12
97585 10
97586 12
97587 10
97588 10
97589 8
97590 11
97591 8
97592 11
97593 8
97594 12
97595 9
97596 11
97597 9
97598 7
97599 9
97600 6
97601 8
97602 2
97603 8
97604 8
97605 12
97606 6
97607 11
97608 4
97609 10
97610 1
97611 1
97612 11
97613 5
97614 10
97615 4
97616 9
97617 9
97618 5
97619 6
97620 1
97621 0
97622 0
97623 11
97624 7
97625 11
97626 8
97627 7
97628 10
97629 3
97630 8
97631 4
97632 10
97633 11
97634 5
97635 6
97636 7
97637 7
97638 11
97639 9
97640 11
97641 1
97642 2
97643 8
97644 0
97645 11
97646 11
97647 12
97648 11
97649 1
97650 10
97651 8
97652 8
97653 10
97654 10
97655 5
97656 5
97657 10
97658 8
97659 11
97660 7
97661 4
97662 10
97663 8
97664 11
97665 13
97666 10
97667 11
97668 10
97669 9
97670 6
97671 9
97672 3
97673 0
97674 1
97675 11
97676 4
97677 6
97678 7
97679 2
97680 9
97681 0
97682 10
97683 3
97684 9
97685 0
97686 9
97687 4
97688 6
97689 0
97690 7
97691 6
97692 4
97693 5
97694 6
97695 9
97696 8
97697 0
97698 9
97699 6
97700 3
97701 11
97702 8
97703 11
97704 4
97705 6
97706 7
97707 12
97708 5
97709 12
97710 5
97711 7
97712 10
97713 5
97714 1
97715 8
97716 9
97717 10
97718 10
97719 10
97720 2
97721 9
97722 8
97723 9
97724 10
97725 11
97726 7
97727 8
97728 4
97729 7
97730 7
97731 8
97732 10
97733 5
97734 6
97735 8
97736 10
97737 11
97738 10
97739 3
97740 1
97741 11
97742 3
97743 11
97744 10
97745 8
97746 7
97747 12
97748 10
97749 11
97750 5
97751 2
97752 10
97753 8
97754 7
97755 9
97756 1
97757 5
97758 7
97759 6
97760 10
97761 7
97762 8
97763 7
97764 10
97765 3
97766 11
97767 10
97768 11
97769 5
97770 10
97771 8
97772 10
97773 10
97774 11
97775 11
97776 11
97777 3
97778 9
97779 11
97780 5
97781 7
97782 12
97783 1
97784 4
97785 9
97786 10
97787 11
97788 4
97789 10
97790 0
97791 6
97792 10
97793 4
97794 5
97795 8
97796 5
97797 10
97798 12
97799 11
97800 1
97801 10
97802 1
97803 7
97804 9
97805 9
97806 10
97807 8
97808 10
97809 2
97810 4
97811 12
97812 7
97813 6
97814 12
97815 6
97816 7
97817 9
97818 9
97819 6
97820 7
97821 4
97822 11
97823 4
97824 12
97825 8
97826 7
97827 1
97828 8
97829 10
97830 0
97831 11
97832 8
97833 11
97834 12
97835 11
97836 11
97837 11
97838 10
97839 9
97840 10
97841 5
97842 12
97843 10
97844 11
97845 7
97846 11
97847 9
97848 8
97849 7
97850 3
97851 10
97852 12
97853 9
97854 9
97855 3
97856 7
97857 9
97858 10
97859 10
97860 6
97861 7
97862 12
97863 6
97864 0
97865 4
97866 0
97867 7
97868 10
97869 8
97870 1
97871 2
97872 9
97873 6
97874 12
97875 4
97876 11
97877 12
97878 12
97879 5
97880 0
97881 5
97882 8
97883 4
97884 9
97885 1
97886 11
97887 9
97888 12
97889 12
97890 5
97891 8
97892 12
97893 10
97894 5
97895 2
97896 8
97897 7
97898 4
97899 7
97900 9
97901 12
97902 9
97903 9
97904 4
97905 9
97906 2
97907 10
97908 1
97909 1
97910 4
97911 2
97912 10
97913 10
97914 7
97915 5
97916 1
97917 11
97918 8
97919 1
97920 4
97921 1
97922 10
97923 3
97924 13
97925 2
97926 0
97927 11
97928 10
97929 11
97930 9
97931 7
97932 12
97933 11
97934 10
97935 0
97936 7
97937 11
97938 6
97939 9
97940 0
97941 11
97942 11
97943 4
97944 12
97945 10
97946 12
97947 8
97948 10
97949 7
97950 7
97951 12
97952 11
97953 10
97954 3
97955 7
97956 11
97957 11
97958 1
97959 0
97960 7
97961 8
97962 9
97963 11
97964 3
97965 8
97966 6
97967 9
97968 4
97969 0
97970 5
97971 12
97972 6
97973 11
97974 1
97975 3
97976 12
97977 6
97978 9
97979 12
97980 12
97981 4
97982 2
97983 5
97984 10
97985 7
97986 6
97987 2
97988 7
97989 7
97990 3
97991 7
97992 9
97993 2
97994 3
97995 8
97996 4
97997 6
97998 11
97999 1
98000 8
98001 12
98002 9
98003 5
98004 10
98005 0
98006 2
98007 11
98008 7
98009 11
98010 4
98011 12
98012 1
98013 8
98014 7
98015 3
98016 10
98017 6
98018 11
98019 4
98020 11
98021 6
98022 1
98023 7
98024 9
98025 6
98026 11
98027 9
98028 9
98029 4
98030 9
98031 10
98032 1
98033 8
98034 9
98035 4
98036 1
98037 5
98038 5
98039 7
98040 9
98041 6
98042 12
98043 8
98044 9
98045 11
98046 9
98047 10
98048 9
98049 9
98050 9
98051 10
98052 3
98053 2
98054 10
98055 11
98056 12
98057 6
98058 3
98059 5
98060 11
98061 0
98062 4
98063 11
98064 10
98065 6
98066 11
98067 3
98068 2
98069 11
98070 6
98071 1
98072 8
98073 6
98074 8
98075 7
98076 10
98077 6
98078 4
98079 12
98080 8
98081 9
98082 10
98083 11
98084 1
98085 0
98086 3
98087 3
98088 9
98089 11
98090 4
98091 9
98092 10
98093 11
98094 9
98095 7
98096 1
98097 5
98098 8
98099 6
98100 7
98101 5
98102 3
98103 12
98104 7
98105 11
98106 3
98107 11
98108 9
98109 12
98110 8
98111 9
98112 11
98113 3
98114 9
98115 10
98116 4
98117 10
98118 8
98119 7
98120 7
98121 3
98122 11
98123 8
98124 4
98125 6
98126 3
98127 5
98128 11
98129 5
98130 10
98131 11
98132 8
98133 7
98134 8
98135 10
98136 5
98137 11
98138 4
98139 8
98140 3
98141 3
98142 8
98143 2
98144 5
98145 2
98146 11
98147 4
98148 11
98149 9
98150 10
98151 11
98152 6
98153 5
98154 2
98155 10
98156 9
98157 12
98158 10
98159 3
98160 5
98161 13
98162 9
98163 3
98164 7
98165 7
98166 10
98167 5
98168 2
98169 4
98170 12
98171 6
98172 12
98173 12
98174 3
98175 4
98176 9
98177 10
98178 8
98179 4
98180 4
98181 10
98182 8
98183 11
98184 4
98185 10
98186 12
98187 3
98188 8
98189 8
98190 3
98191 8
98192 1
98193 9
98194 11
98195 1
98196 2
98197 3
98198 11
98199 7
98200 10
98201 7
98202 3
98203 12
98204 4
98205 11
98206 7
98207 1
98208 11
98209 8
98210 11
98211 10
98212 9
98213 3
98214 8
98215 9
98216 7
98217 10
98218 11
98219 8
98220 12
98221 11
98222 2
98223 10
98224 5
98225 7
98226 5
98227 10
98228 8
98229 12
98230 7
98231 10
98232 11
98233 10
98234 2
98235 0
98236 2
98237 7
98238 9
98239 10
98240 10
98241 10
98242 13
98243 8
98244 9
98245 7
98246 11
98247 11
98248 12
98249 8
98250 7
98251 2
98252 12
98253 6
98254 5
98255 11
98256 11
98257 6
98258 2
98259 11
98260 9
98261 3
98262 10
98263 12
98264 8
98265 6
98266 10
98267 4
98268 6
98269 3
98270 6
98271 10
98272 9
98273 11
98274 7
98275 2
98276 1
98277 5
98278 0
98279 7
98280 10
98281 5
98282 10
98283 9
98284 2
98285 11
98286 12
98287 8
98288 13
98289 0
98290 9
98291 8
98292 2
98293 10
98294 10
98295 4
98296 10
98297 11
98298 9
98299 11
98300 2
98301 4
98302 11
98303 3
98304 4
98305 12
98306 5
98307 0
98308 8
98309 7
98310 11
98311 3
98312 12
98313 7
98314 1
98315 10
98316 4
98317 3
98318 8
98319 11
98320 11
98321 10
98322 9
98323 7
98324 9
98325 4
98326 11
98327 11
98328 8
98329 10
98330 10
98331 5
98332 8
98333 7
98334 2
98335 9
98336 0
98337 11
98338 11
98339 7
98340 9
98341 9
98342 5
98343 12
98344 10
98345 10
98346 8
98347 9
98348 11
98349 9
98350 9
98351 8
98352 11
98353 10
98354 4
98355 9
98356 12
98357 1
98358 12
98359 8
98360 4
98361 11
98362 6
98363 6
98364 10
98365 4
98366 3
98367 2
98368 9
98369 1
98370 5
98371 4
98372 6
98373 10
98374 13
98375 6
98376 3
98377 1
98378 1
98379 9
98380 9
98381 10
98382 2
98383 9
98384 6
98385 11
98386 11
98387 2
98388 7
98389 12
98390 12
98391 9
98392 2
98393 6
98394 2
98395 3
98396 4
98397 11
98398 10
98399 1
98400 5
98401 8
98402 4
98403 8
98404 11
98405 11
98406 9
98407 11
98408 12
98409 4
98410 5
98411 2
98412 11
98413 11
98414 0
98415 6
98416 2
98417 8
98418 7
98419 9
98420 7
98421 10
98422 11
98423 12
98424 9
98425 9
98426 8
98427 11
98428 9
98429 11
98430 12
98431 10
98432 1
98433 2
98434 2
98435 11
98436 2
98437 6
98438 10
98439 7
98440 1
98441 10
98442 10
98443 8
98444 5
98445 2
98446 8
98447 10
98448 11
98449 10
98450 11
98451 7
98452 9
98453 9
98454 7
98455 10
98456 11
98457 2
98458 1
98459 8
98460 4
98461 11
98462 11
98463 8
98464 11
98465 11
98466 3
98467 9
98468 11
98469 9
98470 9
98471 2
98472 9
98473 5
98474 6
98475 2
98476 11
98477 6
98478 9
98479 6
98480 3
98481 2
98482 11
98483 11
98484 11
98485 6
98486 12
98487 11
98488 11
98489 1
98490 12
98491 11
98492 0
98493 3
98494 8
98495 9
98496 2
98497 9
98498 11
98499 7
98500 7
98501 7
98502 5
98503 8
98504 7
98505 10
98506 3
98507 11
98508 9
98509 9
98510 9
98511 6
98512 12
98513 8
98514 11
98515 11
98516 10
98517 4
98518 6
98519 5
98520 11
98521 8
98522 11
98523 0
98524 8
98525 8
98526 11
98527 6
98528 12
98529 1
98530 12
98531 0
98532 6
98533 1
98534 11
98535 10
98536 11
98537 8
98538 11
98539 10
98540 11
98541 11
98542 11
98543 13
98544 1
98545 11
98546 11
98547 11
98548 7
98549 5
98550 9
98551 9
98552 12
98553 5
98554 11
98555 12
98556 9
98557 11
98558 7
98559 7
98560 8
98561 12
98562 11
98563 7
98564 7
98565 0
98566 7
98567 9
98568 10
98569 10
98570 9
98571 9
98572 11
98573 12
98574 6
98575 6
98576 0
98577 2
98578 12
98579 12
98580 4
98581 2
98582 11
98583 6
98584 5
98585 11
98586 9
98587 4
98588 10
98589 4
98590 9
98591 8
98592 10
98593 9
98594 2
98595 7
98596 4
98597 11
98598 12
98599 12
98600 10
98601 9
98602 6
98603 0
98604 5
98605 7
98606 7
98607 4
98608 5
98609 10
98610 2
98611 10
98612 5
98613 3
98614 8
98615 7
98616 8
98617 12
98618 9
98619 9
98620 11
98621 10
98622 11
98623 9
98624 10
98625 11
98626 5
98627 8
98628 7
98629 10
98630 10
98631 12
98632 11
98633 12
98634 6
98635 10
98636 5
98637 11
98638 6
98639 6
98640 9
98641 4
98642 10
98643 9
98644 7
98645 11
98646 8
98647 11
98648 9
98649 6
98650 3
98651 9
98652 1
98653 10
98654 9
98655 4
98656 11
98657 5
98658 8
98659 5
98660 6
98661 1
98662 4
98663 6
98664 12
98665 0
98666 12
98667 12
98668 7
98669 4
98670 3
98671 1
98672 10
98673 11
98674 4
98675 4
98676 8
98677 1
98678 7
98679 11
98680 7
98681 11
98682 12
98683 6
98684 11
98685 4
98686 12
98687 9
98688 7
98689 5
98690 9
98691 2
98692 0
98693 6
98694 11
98695 10
98696 11
98697 3
98698 7
98699 10
98700 11
98701 11
98702 2
98703 5
98704 8
98705 6
98706 7
98707 4
98708 12
98709 7
98710 8
98711 1
98712 12
98713 12
98714 3
98715 2
98716 8
98717 5
98718 2
98719 7
98720 10
98721 11
98722 2
98723 3
98724 9
98725 0
98726 10
98727 13
98728 7
98729 11
98730 9
98731 5
98732 4
98733 10
98734 11
98735 2
98736 7
98737 4
98738 11
98739 2
98740 8
98741 10
98742 11
98743 11
98744 11
98745 10
98746 9
98747 12
98748 4
98749 4
98750 6
98751 7
98752 11
98753 1
98754 11
98755 7
98756 2
98757 10
98758 9
98759 9
98760 9
98761 10
98762 5
98763 12
98764 0
98765 5
98766 6
98767 5
98768 11
98769 6
98770 6
98771 0
98772 11
98773 9
98774 0
98775 4
98776 9
98777 4
98778 2
98779 6
98780 11
98781 3
98782 4
98783 6
98784 5
98785 5
98786 5
98787 7
98788 8
98789 4
98790 10
98791 9
98792 3
98793 11
98794 10
98795 4
98796 2
98797 0
98798 10
98799 9
98800 10
98801 8
98802 8
98803 8
98804 9
98805 6
98806 9
98807 6
98808 1
98809 8
98810 9
98811 6
98812 9
98813 10
98814 5
98815 9
98816 12
98817 2
98818 1
98819 0
98820 1
98821 9
98822 5
98823 2
98824 7
98825 11
98826 11
98827 10
98828 9
98829 1
98830 10
98831 9
98832 4
98833 8
98834 4
98835 3
98836 8
98837 0
98838 9
98839 12
98840 10
98841 8
98842 9
98843 9
98844 1
98845 12
98846 7
98847 11
98848 6
98849 2
98850 1
98851 2
98852 5
98853 0
98854 8
98855 4
98856 10
98857 3
98858 10
98859 8
98860 0
98861 11
98862 7
98863 6
98864 9
98865 5
98866 12
98867 3
98868 11
98869 10
98870 2
98871 7
98872 8
98873 9
98874 7
98875 10
98876 12
98877 9
98878 2
98879 11
98880 7
98881 9
98882 4
98883 9
98884 4
98885 7
98886 6
98887 10
98888 9
98889 1
98890 3
98891 9
98892 10
98893 4
98894 11
98895 4
98896 7
98897 7
98898 6
98899 10
98900 5
98901 9
98902 5
98903 9
98904 12
98905 10
98906 1
98907 10
98908 13
98909 10
98910 8
98911 10
98912 3
98913 8
98914 3
98915 10
98916 8
98917 11
98918 11
98919 0
98920 6
98921 2
98922 3
98923 12
98924 5
98925 12
98926 9
98927 8
98928 12
98929 12
98930 10
98931 4
98932 12
98933 4
98934 8
98935 9
98936 0
98937 12
98938 7
98939 7
98940 9
98941 12
98942 11
98943 4
98944 7
98945 11
98946 7
98947 5
98948 8
98949 6
98950 7
98951 10
98952 12
98953 10
98954 8
98955 12
98956 1
98957 5
98958 10
98959 3
98960 12
98961 11
98962 10
98963 1
98964 8
98965 10
98966 6
98967 13
98968 11
98969 11
98970 10
98971 9
98972 9
98973 9
98974 5
98975 1
98976 2
98977 1
98978 11
98979 3
98980 9
98981 11
98982 9
98983 12
98984 10
98985 10
98986 4
98987 4
98988 9
98989 6
98990 7
98991 1
98992 7
98993 11
98994 12
98995 12
98996 3
98997 7
98998 7
98999 8
99000 0
99001 0
99002 9
99003 8
99004 2
99005 2
99006 7
99007 4
99008 10
99009 9
99010 9
99011 11
99012 4
99013 7
99014 10
99015 12
99016 5
99017 0
99018 9
99019 3
99020 11
99021 9
99022 6
99023 2
99024 2
99025 8
99026 10
99027 0
99028 9
99029 9
99030 7
99031 10
99032 11
99033 8
99034 12
99035 7
99036 10
99037 1
99038 5
99039 4
99040 3
99041 8
99042 4
99043 10
99044 8
99045 10
99046 9
99047 9
99048 10
99049 6
99050 9
99051 11
99052 1
99053 2
99054 11
99055 9
99056 1
99057 2
99058 0
99059 10
99060 9
99061 6
99062 9
99063 11
99064 11
99065 10
99066 12
99067 11
99068 6
99069 9
99070 9
99071 8
99072 9
99073 9
99074 0
99075 9
99076 6
99077 8
99078 12
99079 8
99080 8
99081 11
99082 9
99083 10
99084 5
99085 10
99086 7
99087 12
99088 11
99089 6
99090 5
99091 10
99092 8
99093 8
99094 9
99095 9
99096 8
99097 1
99098 10
99099 1
99100 10
99101 11
99102 12
99103 2
99104 9
99105 9
99106 11
99107 9
99108 9
99109 10
99110 10
99111 3
99112 11
99113 12
99114 8
99115 11
99116 11
99117 0
99118 11
99119 6
99120 1
99121 1
99122 9
99123 5
99124 11
99125 5
99126 12
99127 5
99128 10
99129 14
99130 5
99131 12
99132 6
99133 11
99134 8
99135 9
99136 8
99137 11
99138 10
99139 5
99140 11
99141 2
99142 7
99143 12
99144 1
99145 11
99146 6
99147 2
99148 6
99149 12
99150 1
99151 11
99152 11
99153 2
99154 10
99155 8
99156 8
99157 9
99158 8
99159 12
99160 4
99161 5
99162 12
99163 9
99164 10
99165 6
99166 1
99167 9
99168 11
99169 0
99170 9
99171 7
99172 5
99173 10
99174 0
99175 9
99176 10
99177 10
99178 9
99179 9
99180 7
99181 5
99182 6
99183 3
99184 13
99185 10
99186 11
99187 10
99188 8
99189 12
99190 10
99191 10
99192 10
99193 9
99194 9
99195 3
99196 2
99197 12
99198 11
99199 6
99200 10
99201 5
99202 9
99203 12
99204 11
99205 8
99206 10
99207 10
99208 9
99209 10
99210 7
99211 12
99212 0
99213 12
99214 4
99215 12
99216 10
99217 10
99218 5
99219 5
99220 4
99221 12
99222 11
99223 6
99224 5
99225 2
99226 9
99227 11
99228 4
99229 2
99230 8
99231 10
99232 4
99233 0
99234 11
99235 11
99236 3
99237 8
99238 11
99239 10
99240 4
99241 10
99242 9
99243 11
99244 11
99245 7
99246 11
99247 10
99248 4
99249 11
99250 9
99251 9
99252 5
99253 7
99254 7
99255 5
99256 9
99257 10
99258 12
99259 10
99260 9
99261 4
99262 3
99263 2
99264 6
99265 9
99266 4
99267 6
99268 11
99269 11
99270 10
99271 10
99272 5
99273 8
99274 8
99275 7
99276 6
99277 8
99278 3
99279 11
99280 12
99281 11
99282 9
99283 7
99284 10
99285 9
99286 0
99287 0
99288 9
99289 12
99290 11
99291 9
99292 3
99293 10
99294 7
99295 3
99296 4
99297 11
99298 9
99299 13
99300 11
99301 12
99302 11
99303 8
99304 10
99305 2
99306 10
99307 6
99308 3
99309 5
99310 11
99311 9
99312 6
99313 11
99314 6
99315 10
99316 1
99317 13
99318 4
99319 8
99320 8
99321 9
99322 0
99323 3
99324 10
99325 10
99326 12
99327 2
99328 10
99329 2
99330 10
99331 11
99332 10
99333 6
99334 11
99335 12
99336 6
99337 4
99338 10
99339 11
99340 1
99341 10
99342 9
99343 11
99344 8
99345 5
99346 10
99347 6
99348 6
99349 10
99350 8
99351 6
99352 9
99353 1
99354 0
99355 6
99356 12
99357 7
99358 10
99359 11
99360 12
99361 8
99362 11
99363 3
99364 5
99365 7
99366 7
99367 8
99368 6
99369 8
99370 9
99371 12
99372 12
99373 5
99374 1
99375 6
99376 10
99377 7
99378 0
99379 13
99380 11
99381 11
99382 12
99383 7
99384 11
99385 7
99386 7
99387 10
99388 4
99389 1
99390 2
99391 0
99392 10
99393 3
99394 11
99395 8
99396 8
99397 10
99398 3
99399 5
99400 3
99401 9
99402 10
99403 10
99404 10
99405 12
99406 5
99407 6
99408 6
99409 0
99410 7
99411 0
99412 8
99413 6
99414 6
99415 4
99416 5
99417 3
99418 7
99419 4
99420 11
99421 5
99422 12
99423 3
99424 9
99425 8
99426 10
99427 7
99428 2
99429 7
99430 11
99431 3
99432 13
99433 10
99434 7
99435 11
99436 8
99437 4
99438 9
99439 10
99440 10
99441 10
99442 2
99443 10
99444 1
99445 9
99446 10
99447 7
99448 0
99449 10
99450 10
99451 10
99452 9
99453 11
99454 11
99455 1
99456 12
99457 10
99458 5
99459 9
99460 5
99461 8
99462 6
99463 10
99464 10
99465 12
99466 9
99467 11
99468 8
99469 11
99470 2
99471 10
99472 9
99473 3
99474 9
99475 10
99476 11
99477 9
99478 6
99479 12
99480 2
99481 10
99482 7
99483 11
99484 10
99485 8
99486 9
99487 12
99488 9
99489 10
99490 2
99491 10
99492 5
99493 11
99494 12
99495 11
99496 8
99497 11
99498 8
99499 6
99500 11
99501 5
99502 9
99503 10
99504 0
99505 10
99506 11
99507 10
99508 10
99509 9
99510 11
99511 10
99512 10
99513 12
99514 12
99515 4
99516 11
99517 11
99518 11
99519 10
99520 8
99521 7
99522 9
99523 4
99524 10
99525 11
99526 5
99527 11
99528 9
99529 12
99530 12
99531 2
99532 9
99533 6
99534 8
99535 6
99536 10
99537 7
99538 6
99539 10
99540 6
99541 4
99542 1
99543 12
99544 8
99545 1
99546 13
99547 12
99548 9
99549 11
99550 7
99551 7
99552 11
99553 5
99554 2
99555 12
99556 10
99557 3
99558 9
99559 4
99560 8
99561 1
99562 3
99563 11
99564 10
99565 10
99566 10
99567 9
99568 11
99569 0
99570 2
99571 10
99572 12
99573 1
99574 5
99575 4
99576 7
99577 7
99578 3
99579 12
99580 7
99581 5
99582 11
99583 7
99584 11
99585 9
99586 0
99587 9
99588 12
99589 11
99590 8
99591 10
99592 4
99593 9
99594 11
99595 12
99596 8
99597 3
99598 10
99599 11
99600 7
99601 12
99602 10
99603 11
99604 3
99605 6
99606 6
99607 10
99608 6
99609 4
99610 7
99611 11
99612 1
99613 11
99614 12
99615 13
99616 6
99617 13
99618 9
99619 7
99620 0
99621 6
99622 13
99623 3
99624 4
99625 4
99626 10
99627 7
99628 5
99629 6
99630 9
99631 5
99632 8
99633 8
99634 9
99635 6
99636 7
99637 12
99638 7
99639 12
99640 5
99641 10
99642 12
99643 5
99644 6
99645 4
99646 3
99647 6
99648 7
99649 0
99650 4
99651 11
99652 6
99653 9
99654 11
99655 10
99656 12
99657 11
99658 0
99659 2
99660 9
99661 12
99662 2
99663 6
99664 6
99665 3
99666 10
99667 0
99668 1
99669 11
99670 10
99671 5
99672 9
99673 9
99674 12
99675 10
99676 10
99677 9
99678 4
99679 9
99680 9
99681 0
99682 5
99683 8
99684 7
99685 11
99686 11
99687 7
99688 10
99689 3
99690 11
99691 7
99692 11
99693 11
99694 7
99695 9
99696 9
99697 0
99698 1
99699 10
99700 11
99701 10
99702 11
99703 4
99704 10
99705 10
99706 8
99707 11
99708 11
99709 10
99710 9
99711 11
99712 9
99713 8
99714 2
99715 10
99716 11
99717 7
99718 10
99719 12
99720 10
99721 2
99722 10
99723 0
99724 7
99725 1
99726 1
99727 5
99728 12
99729 4
99730 10
99731 11
99732 7
99733 6
99734 12
99735 9
99736 2
99737 11
99738 2
99739 4
99740 10
99741 3
99742 1
99743 3
99744 11
99745 3
99746 9
99747 11
99748 3
99749 4
99750 11
99751 12
99752 10
99753 10
99754 4
99755 7
99756 9
99757 11
99758 8
99759 1
99760 11
99761 9
99762 9
99763 8
99764 8
99765 11
99766 0
99767 2
99768 12
99769 9
99770 3
99771 11
99772 11
99773 11
99774 11
99775 5
99776 10
99777 6
99778 9
99779 10
99780 6
99781 5
99782 5
99783 7
99784 7
99785 11
99786 8
99787 8
99788 9
99789 11
99790 7
99791 11
99792 9
99793 5
99794 8
99795 10
99796 7
99797 4
99798 2
99799 4
99800 10
99801 1
99802 2
99803 0
99804 11
99805 11
99806 10
99807 11
99808 3
99809 10
99810 11
99811 5
99812 10
99813 7
99814 13
99815 10
99816 12
99817 8
99818 11
99819 3
99820 4
99821 7
99822 12
99823 11
99824 4
99825 10
99826 5
99827 10
99828 11
99829 5
99830 4
99831 11
99832 9
99833 3
99834 11
99835 11
99836 5
99837 9
99838 9
99839 2
99840 10
99841 5
99842 7
99843 11
99844 5
99845 12
99846 3
99847 11
99848 8
99849 10
99850 13
99851 4
99852 10
99853 0
99854 11
99855 7
99856 11
99857 9
99858 10
99859 5
99860 9
99861 11
99862 9
99863 8
99864 11
99865 5
99866 9
99867 11
99868 3
99869 11
99870 7
99871 9
99872 12
99873 1
99874 8
99875 11
99876 9
99877 0
99878 8
99879 7
99880 6
99881 10
99882 4
99883 12
99884 5
99885 10
99886 12
99887 10
99888 10
99889 4
99890 11
99891 4
99892 8
99893 12
99894 3
99895 12
99896 6
99897 12
99898 10
99899 9
99900 10
99901 3
99902 8
99903 9
99904 9
99905 3
99906 0
99907 12
99908 10
99909 10
99910 5
99911 8
99912 9
99913 11
99914 11
99915 3
99916 3
99917 12
99918 6
99919 10
99920 5
99921 6
99922 1
99923 12
99924 6
99925 10
99926 9
99927 10
99928 6
99929 2
99930 3
99931 11
99932 6
99933 11
99934 8
99935 2
99936 6
99937 7
99938 7
99939 13
99940 8
99941 3
99942 5
99943 5
99944 9
99945 7
99946 11
99947 4
99948 2
99949 11
99950 10
99951 11
99952 4
99953 4
99954 9
99955 9
99956 5
99957 10
99958 11
99959 9
99960 4
99961 8
99962 11
99963 4
99964 9
99965 10
99966 4
99967 10
99968 8
99969 4
99970 10
99971 10
99972 3
99973 12
99974 12
99975 5
99976 12
99977 8
99978 7
99979 11
99980 8
99981 10
99982 7
99983 9
99984 9
99985 10
99986 10
99987 9
99988 1
99989 5
99990 6
99991 5
99992 9
99993 7
99994 12
99995 12
99996 12
99997 9
99998 9
99999 9
Colors used: 15
Execution time: 64.5574 ms
